solid OpenSCAD_Model
  facet normal 0.995183 0.0980343 0
    outer loop
      vertex 95.5 6 8
      vertex 95.3943 7.073 4
      vertex 95.3943 7.073 8
    endloop
  endfacet
  facet normal 0.995183 0.0980343 0
    outer loop
      vertex 95.3943 7.073 4
      vertex 95.5 6 8
      vertex 95.5 6 4
    endloop
  endfacet
  facet normal -0.0980343 0.995183 0
    outer loop
      vertex 90 11.5 4
      vertex 88.927 11.3943 8
      vertex 90 11.5 8
    endloop
  endfacet
  facet normal -0.0980343 0.995183 0
    outer loop
      vertex 88.927 11.3943 8
      vertex 90 11.5 4
      vertex 88.927 11.3943 4
    endloop
  endfacet
  facet normal 0.634379 0.773022 -0
    outer loop
      vertex 93.8891 9.88909 4
      vertex 93.0556 10.5731 8
      vertex 93.8891 9.88909 8
    endloop
  endfacet
  facet normal 0.634379 0.773022 0
    outer loop
      vertex 93.0556 10.5731 8
      vertex 93.8891 9.88909 4
      vertex 93.0556 10.5731 4
    endloop
  endfacet
  facet normal -0.773008 0.634396 0
    outer loop
      vertex 85.4269 9.05564 4
      vertex 86.1109 9.88909 8
      vertex 86.1109 9.88909 4
    endloop
  endfacet
  facet normal -0.773008 0.634396 0
    outer loop
      vertex 86.1109 9.88909 8
      vertex 85.4269 9.05564 4
      vertex 85.4269 9.05564 8
    endloop
  endfacet
  facet normal -0.471387 0.881926 0
    outer loop
      vertex 87.8952 11.0813 4
      vertex 86.9444 10.5731 8
      vertex 87.8952 11.0813 8
    endloop
  endfacet
  facet normal -0.471387 0.881926 0
    outer loop
      vertex 86.9444 10.5731 8
      vertex 87.8952 11.0813 4
      vertex 86.9444 10.5731 4
    endloop
  endfacet
  facet normal 0.881943 0.471356 0
    outer loop
      vertex 95.0813 8.10476 8
      vertex 94.5731 9.05564 4
      vertex 94.5731 9.05564 8
    endloop
  endfacet
  facet normal 0.881943 0.471356 0
    outer loop
      vertex 94.5731 9.05564 4
      vertex 95.0813 8.10476 8
      vertex 95.0813 8.10476 4
    endloop
  endfacet
  facet normal 0.956935 0.290301 0
    outer loop
      vertex 95.3943 7.073 8
      vertex 95.0813 8.10476 4
      vertex 95.0813 8.10476 8
    endloop
  endfacet
  facet normal 0.956935 0.290301 0
    outer loop
      vertex 95.0813 8.10476 4
      vertex 95.3943 7.073 8
      vertex 95.3943 7.073 4
    endloop
  endfacet
  facet normal 0.773008 0.634396 0
    outer loop
      vertex 94.5731 9.05564 8
      vertex 93.8891 9.88909 4
      vertex 93.8891 9.88909 8
    endloop
  endfacet
  facet normal 0.773008 0.634396 0
    outer loop
      vertex 93.8891 9.88909 4
      vertex 94.5731 9.05564 8
      vertex 94.5731 9.05564 4
    endloop
  endfacet
  facet normal 0.290291 0.956939 -0
    outer loop
      vertex 92.1048 11.0813 4
      vertex 91.073 11.3943 8
      vertex 92.1048 11.0813 8
    endloop
  endfacet
  facet normal 0.290291 0.956939 0
    outer loop
      vertex 91.073 11.3943 8
      vertex 92.1048 11.0813 4
      vertex 91.073 11.3943 4
    endloop
  endfacet
  facet normal 0.0980343 0.995183 -0
    outer loop
      vertex 91.073 11.3943 4
      vertex 90 11.5 8
      vertex 91.073 11.3943 8
    endloop
  endfacet
  facet normal 0.0980343 0.995183 0
    outer loop
      vertex 90 11.5 8
      vertex 91.073 11.3943 4
      vertex 90 11.5 4
    endloop
  endfacet
  facet normal 0.471387 0.881926 -0
    outer loop
      vertex 93.0556 10.5731 4
      vertex 92.1048 11.0813 8
      vertex 93.0556 10.5731 8
    endloop
  endfacet
  facet normal 0.471387 0.881926 0
    outer loop
      vertex 92.1048 11.0813 8
      vertex 93.0556 10.5731 4
      vertex 92.1048 11.0813 4
    endloop
  endfacet
  facet normal -0.956935 0.290301 0
    outer loop
      vertex 84.6057 7.073 4
      vertex 84.9187 8.10476 8
      vertex 84.9187 8.10476 4
    endloop
  endfacet
  facet normal -0.956935 0.290301 0
    outer loop
      vertex 84.9187 8.10476 8
      vertex 84.6057 7.073 4
      vertex 84.6057 7.073 8
    endloop
  endfacet
  facet normal 0 0 -1
    outer loop
      vertex 6.54625 88.7462 0
      vertex 7 100 0
      vertex 7.07151 88.5869 0
    endloop
  endfacet
  facet normal 0 0 -1
    outer loop
      vertex 6 88.8 0
      vertex 7 100 0
      vertex 6.54625 88.7462 0
    endloop
  endfacet
  facet normal 0 0 -1
    outer loop
      vertex 4 100 0
      vertex 6 88.8 0
      vertex 5.45375 88.7462 0
    endloop
  endfacet
  facet normal 0 0 -1
    outer loop
      vertex 4 100 0
      vertex 5.45375 88.7462 0
      vertex 4.92849 88.5869 0
    endloop
  endfacet
  facet normal 0 0 -1
    outer loop
      vertex 4 100 0
      vertex 4.92849 88.5869 0
      vertex 4.4444 88.3281 0
    endloop
  endfacet
  facet normal 0 0 -1
    outer loop
      vertex 4 100 0
      vertex 4.4444 88.3281 0
      vertex 4.0201 87.9799 0
    endloop
  endfacet
  facet normal 0 0 -1
    outer loop
      vertex 6 88.8 0
      vertex 4 100 0
      vertex 7 100 0
    endloop
  endfacet
  facet normal 0 0 -1
    outer loop
      vertex 0 126 0
      vertex 4 106 0
      vertex 4 100 0
    endloop
  endfacet
  facet normal 0 0 -1
    outer loop
      vertex 3.67188 87.5556 0
      vertex 4 100 0
      vertex 4.0201 87.9799 0
    endloop
  endfacet
  facet normal 0 0 -1
    outer loop
      vertex 3.41314 87.0715 0
      vertex 4 100 0
      vertex 3.67188 87.5556 0
    endloop
  endfacet
  facet normal 0 0 -1
    outer loop
      vertex 3.2538 86.5462 0
      vertex 4 100 0
      vertex 3.41314 87.0715 0
    endloop
  endfacet
  facet normal -0 0 -1
    outer loop
      vertex 4 100 0
      vertex 3.2538 86.5462 0
      vertex 0 126 0
    endloop
  endfacet
  facet normal 0 0 -1
    outer loop
      vertex 4 106 0
      vertex 0 126 0
      vertex 4 130 0
    endloop
  endfacet
  facet normal 0 0 -1
    outer loop
      vertex 0 126 0
      vertex 3.2538 86.5462 0
      vertex 3.2 86 0
    endloop
  endfacet
  facet normal -0 0 -1
    outer loop
      vertex 3.2538 85.4538 0
      vertex 0 4 0
      vertex 3.2 86 0
    endloop
  endfacet
  facet normal 0 0 -1
    outer loop
      vertex 0 126 0
      vertex 3.2 86 0
      vertex 0 4 0
    endloop
  endfacet
  facet normal 0 0 -1
    outer loop
      vertex 0 4 0
      vertex 2.46927 0.304489 0
      vertex 1.77773 0.674118 0
    endloop
  endfacet
  facet normal 0 0 -1
    outer loop
      vertex 4 130 0
      vertex 0 126 0
      vertex 3.21964 129.923 0
    endloop
  endfacet
  facet normal 0 0 -1
    outer loop
      vertex 0 4 0
      vertex 1.77773 0.674118 0
      vertex 1.17157 1.17157 0
    endloop
  endfacet
  facet normal 0 0 -1
    outer loop
      vertex 3.21964 129.923 0
      vertex 0 126 0
      vertex 2.46927 129.696 0
    endloop
  endfacet
  facet normal 0 0 -1
    outer loop
      vertex 0 4 0
      vertex 1.17157 1.17157 0
      vertex 0.674118 1.77773 0
    endloop
  endfacet
  facet normal 0 0 -1
    outer loop
      vertex 2.46927 129.696 0
      vertex 0 126 0
      vertex 1.77773 129.326 0
    endloop
  endfacet
  facet normal 0 0 -1
    outer loop
      vertex 0 4 0
      vertex 0.674118 1.77773 0
      vertex 0.304489 2.46927 0
    endloop
  endfacet
  facet normal 0 0 -1
    outer loop
      vertex 1.77773 129.326 0
      vertex 0 126 0
      vertex 1.17157 128.828 0
    endloop
  endfacet
  facet normal 0 0 -1
    outer loop
      vertex 0 4 0
      vertex 0.304489 2.46927 0
      vertex 0.0768585 3.21964 0
    endloop
  endfacet
  facet normal 0 0 -1
    outer loop
      vertex 1.17157 128.828 0
      vertex 0 126 0
      vertex 0.674118 128.222 0
    endloop
  endfacet
  facet normal 0 0 -1
    outer loop
      vertex 0.674118 128.222 0
      vertex 0 126 0
      vertex 0.304489 127.531 0
    endloop
  endfacet
  facet normal 0 0 -1
    outer loop
      vertex 0.304489 127.531 0
      vertex 0 126 0
      vertex 0.0768585 126.78 0
    endloop
  endfacet
  facet normal 0 0 -1
    outer loop
      vertex 136 100 0
      vertex 92.7462 69.4538 0
      vertex 92.8 70 0
    endloop
  endfacet
  facet normal 0 0 -1
    outer loop
      vertex 94 56 0
      vertex 92.5869 68.9285 0
      vertex 92.7462 69.4538 0
    endloop
  endfacet
  facet normal 0 0 -1
    outer loop
      vertex 94 56 0
      vertex 92.3281 68.4444 0
      vertex 92.5869 68.9285 0
    endloop
  endfacet
  facet normal 0 0 -1
    outer loop
      vertex 94 56 0
      vertex 91.9799 68.0201 0
      vertex 92.3281 68.4444 0
    endloop
  endfacet
  facet normal 0 0 -1
    outer loop
      vertex 94 56 0
      vertex 91.5556 67.6719 0
      vertex 91.9799 68.0201 0
    endloop
  endfacet
  facet normal 0 0 -1
    outer loop
      vertex 94 56 0
      vertex 91.0715 67.4131 0
      vertex 91.5556 67.6719 0
    endloop
  endfacet
  facet normal 0 0 -1
    outer loop
      vertex 91 56 0
      vertex 91.0715 67.4131 0
      vertex 94 56 0
    endloop
  endfacet
  facet normal 0 0 -1
    outer loop
      vertex 88.4444 8.32811 0
      vertex 91 20 0
      vertex 88.9285 8.58686 0
    endloop
  endfacet
  facet normal 0 0 -1
    outer loop
      vertex 91 56 0
      vertex 90.5462 67.2538 0
      vertex 91.0715 67.4131 0
    endloop
  endfacet
  facet normal 0 0 -1
    outer loop
      vertex 88.0201 7.9799 0
      vertex 91 20 0
      vertex 88.4444 8.32811 0
    endloop
  endfacet
  facet normal 0 0 -1
    outer loop
      vertex 91 56 0
      vertex 90 67.2 0
      vertex 90.5462 67.2538 0
    endloop
  endfacet
  facet normal 0 0 -1
    outer loop
      vertex 87.6719 7.5556 0
      vertex 91 20 0
      vertex 88.0201 7.9799 0
    endloop
  endfacet
  facet normal 0 0 -1
    outer loop
      vertex 91 56 0
      vertex 89.4538 67.2538 0
      vertex 90 67.2 0
    endloop
  endfacet
  facet normal 0 0 -1
    outer loop
      vertex 87.4131 7.07151 0
      vertex 91 20 0
      vertex 87.6719 7.5556 0
    endloop
  endfacet
  facet normal 0 0 -1
    outer loop
      vertex 91 56 0
      vertex 88.9285 67.4131 0
      vertex 89.4538 67.2538 0
    endloop
  endfacet
  facet normal -0 0 -1
    outer loop
      vertex 91 20 0
      vertex 87.4131 7.07151 0
      vertex 91 26 0
    endloop
  endfacet
  facet normal 0 0 -1
    outer loop
      vertex 91 56 0
      vertex 88.4444 67.6719 0
      vertex 88.9285 67.4131 0
    endloop
  endfacet
  facet normal -0 0 -1
    outer loop
      vertex 91 26 0
      vertex 4 0 0
      vertex 91 50 0
    endloop
  endfacet
  facet normal 0 0 -1
    outer loop
      vertex 91 56 0
      vertex 88.0201 68.0201 0
      vertex 88.4444 67.6719 0
    endloop
  endfacet
  facet normal 0 0 -1
    outer loop
      vertex 0 4 0
      vertex 91 50 0
      vertex 4 0 0
    endloop
  endfacet
  facet normal 0 0 -1
    outer loop
      vertex 91 56 0
      vertex 87.6719 68.4444 0
      vertex 88.0201 68.0201 0
    endloop
  endfacet
  facet normal 0 0 -1
    outer loop
      vertex 91 26 0
      vertex 87.4131 7.07151 0
      vertex 4 0 0
    endloop
  endfacet
  facet normal 0 -0 -1
    outer loop
      vertex 7.9799 84.0201 0
      vertex 91 50 0
      vertex 7.5556 83.6719 0
    endloop
  endfacet
  facet normal 0 0 -1
    outer loop
      vertex 4 0 0
      vertex 87.4131 7.07151 0
      vertex 87.2538 6.54625 0
    endloop
  endfacet
  facet normal -0 -0 -1
    outer loop
      vertex 87.4131 68.9285 0
      vertex 91 50 0
      vertex 7.9799 84.0201 0
    endloop
  endfacet
  facet normal 0 0 -1
    outer loop
      vertex 4 0 0
      vertex 87.2538 6.54625 0
      vertex 87.2 6 0
    endloop
  endfacet
  facet normal 0 0 -1
    outer loop
      vertex 91 50 0
      vertex 87.4131 68.9285 0
      vertex 91 56 0
    endloop
  endfacet
  facet normal 0 0 -1
    outer loop
      vertex 91 26 0
      vertex 94 50 0
      vertex 94 26 0
    endloop
  endfacet
  facet normal -0 0 -1
    outer loop
      vertex 94 50 0
      vertex 91 26 0
      vertex 91 50 0
    endloop
  endfacet
  facet normal 0 0 -1
    outer loop
      vertex 92.7462 6.54625 0
      vertex 94 20 0
      vertex 92.8 6 0
    endloop
  endfacet
  facet normal 0 0 -1
    outer loop
      vertex 92.5869 7.07151 0
      vertex 94 20 0
      vertex 92.7462 6.54625 0
    endloop
  endfacet
  facet normal 0 0 -1
    outer loop
      vertex 92.3281 7.5556 0
      vertex 94 20 0
      vertex 92.5869 7.07151 0
    endloop
  endfacet
  facet normal 0 0 -1
    outer loop
      vertex 91.9799 7.9799 0
      vertex 94 20 0
      vertex 92.3281 7.5556 0
    endloop
  endfacet
  facet normal 0 0 -1
    outer loop
      vertex 91.5556 8.32811 0
      vertex 94 20 0
      vertex 91.9799 7.9799 0
    endloop
  endfacet
  facet normal 0 0 -1
    outer loop
      vertex 91.0715 8.58686 0
      vertex 94 20 0
      vertex 91.5556 8.32811 0
    endloop
  endfacet
  facet normal 0 0 -1
    outer loop
      vertex 91.0715 8.58686 0
      vertex 91 20 0
      vertex 94 20 0
    endloop
  endfacet
  facet normal 0 0 -1
    outer loop
      vertex 90 8.8 0
      vertex 91 20 0
      vertex 90.5462 8.7462 0
    endloop
  endfacet
  facet normal 0 0 -1
    outer loop
      vertex 89.4538 8.7462 0
      vertex 91 20 0
      vertex 90 8.8 0
    endloop
  endfacet
  facet normal 0 0 -1
    outer loop
      vertex 88.9285 8.58686 0
      vertex 91 20 0
      vertex 89.4538 8.7462 0
    endloop
  endfacet
  facet normal 0 0 -1
    outer loop
      vertex 90.5462 8.7462 0
      vertex 91 20 0
      vertex 91.0715 8.58686 0
    endloop
  endfacet
  facet normal 0 0 -1
    outer loop
      vertex 204.546 88.7462 0
      vertex 205 100 0
      vertex 205.072 88.5869 0
    endloop
  endfacet
  facet normal 0 0 -1
    outer loop
      vertex 204 88.8 0
      vertex 205 100 0
      vertex 204.546 88.7462 0
    endloop
  endfacet
  facet normal 0 0 -1
    outer loop
      vertex 202 100 0
      vertex 204 88.8 0
      vertex 203.454 88.7462 0
    endloop
  endfacet
  facet normal 0 0 -1
    outer loop
      vertex 202 100 0
      vertex 203.454 88.7462 0
      vertex 202.928 88.5869 0
    endloop
  endfacet
  facet normal 0 0 -1
    outer loop
      vertex 202 100 0
      vertex 202.928 88.5869 0
      vertex 202.444 88.3281 0
    endloop
  endfacet
  facet normal 0 0 -1
    outer loop
      vertex 202 100 0
      vertex 202.444 88.3281 0
      vertex 202.02 87.9799 0
    endloop
  endfacet
  facet normal 0 0 -1
    outer loop
      vertex 204 88.8 0
      vertex 202 100 0
      vertex 205 100 0
    endloop
  endfacet
  facet normal 0 0 -1
    outer loop
      vertex 201.413 87.0715 0
      vertex 202 100 0
      vertex 201.672 87.5556 0
    endloop
  endfacet
  facet normal 0 0 -1
    outer loop
      vertex 201.672 87.5556 0
      vertex 202 100 0
      vertex 202.02 87.9799 0
    endloop
  endfacet
  facet normal 0 0 -1
    outer loop
      vertex 206 0 0
      vertex 210 4 0
      vertex 209.923 3.21964 0
    endloop
  endfacet
  facet normal 0 0 -1
    outer loop
      vertex 210 4 0
      vertex 206.8 86 0
      vertex 210 126 0
    endloop
  endfacet
  facet normal 0 0 -1
    outer loop
      vertex 206 0 0
      vertex 209.923 3.21964 0
      vertex 209.696 2.46927 0
    endloop
  endfacet
  facet normal 0 0 -1
    outer loop
      vertex 206.746 86.5462 0
      vertex 210 126 0
      vertex 206.8 86 0
    endloop
  endfacet
  facet normal 0 0 -1
    outer loop
      vertex 206 0 0
      vertex 209.696 2.46927 0
      vertex 209.326 1.77773 0
    endloop
  endfacet
  facet normal 0 0 -1
    outer loop
      vertex 205 100 0
      vertex 210 126 0
      vertex 206.746 86.5462 0
    endloop
  endfacet
  facet normal 0 0 -1
    outer loop
      vertex 206 0 0
      vertex 209.326 1.77773 0
      vertex 208.828 1.17157 0
    endloop
  endfacet
  facet normal 0 0 -1
    outer loop
      vertex 205 106 0
      vertex 210 126 0
      vertex 205 100 0
    endloop
  endfacet
  facet normal 0 0 -1
    outer loop
      vertex 206 0 0
      vertex 208.828 1.17157 0
      vertex 208.222 0.674118 0
    endloop
  endfacet
  facet normal 0 0 -1
    outer loop
      vertex 202 106 0
      vertex 210 126 0
      vertex 205 106 0
    endloop
  endfacet
  facet normal 0 0 -1
    outer loop
      vertex 206 0 0
      vertex 208.222 0.674118 0
      vertex 207.531 0.304489 0
    endloop
  endfacet
  facet normal 0 0 -1
    outer loop
      vertex 210 126 0
      vertex 206 130 0
      vertex 209.923 126.78 0
    endloop
  endfacet
  facet normal 0 0 -1
    outer loop
      vertex 209.923 126.78 0
      vertex 206 130 0
      vertex 209.696 127.531 0
    endloop
  endfacet
  facet normal 0 0 -1
    outer loop
      vertex 206 0 0
      vertex 207.531 0.304489 0
      vertex 206.78 0.0768585 0
    endloop
  endfacet
  facet normal 0 0 -1
    outer loop
      vertex 210 4 0
      vertex 206.746 85.4538 0
      vertex 206.8 86 0
    endloop
  endfacet
  facet normal 0 0 -1
    outer loop
      vertex 210 4 0
      vertex 206.587 84.9285 0
      vertex 206.746 85.4538 0
    endloop
  endfacet
  facet normal 0 0 -1
    outer loop
      vertex 210 4 0
      vertex 206.328 84.4444 0
      vertex 206.587 84.9285 0
    endloop
  endfacet
  facet normal -0 0 -1
    outer loop
      vertex 210 4 0
      vertex 206 0 0
      vertex 202.444 83.6719 0
    endloop
  endfacet
  facet normal 0 0 -1
    outer loop
      vertex 210 4 0
      vertex 205.98 84.0201 0
      vertex 206.328 84.4444 0
    endloop
  endfacet
  facet normal 0 0 -1
    outer loop
      vertex 210 4 0
      vertex 205.556 83.6719 0
      vertex 205.98 84.0201 0
    endloop
  endfacet
  facet normal 0 0 -1
    outer loop
      vertex 210 4 0
      vertex 205.072 83.4131 0
      vertex 205.556 83.6719 0
    endloop
  endfacet
  facet normal 0 0 -1
    outer loop
      vertex 210 4 0
      vertex 204.546 83.2538 0
      vertex 205.072 83.4131 0
    endloop
  endfacet
  facet normal 0 0 -1
    outer loop
      vertex 210 4 0
      vertex 204 83.2 0
      vertex 204.546 83.2538 0
    endloop
  endfacet
  facet normal 0 0 -1
    outer loop
      vertex 210 4 0
      vertex 203.454 83.2538 0
      vertex 204 83.2 0
    endloop
  endfacet
  facet normal 0 0 -1
    outer loop
      vertex 210 4 0
      vertex 202.928 83.4131 0
      vertex 203.454 83.2538 0
    endloop
  endfacet
  facet normal 0 0 -1
    outer loop
      vertex 210 4 0
      vertex 202.444 83.6719 0
      vertex 202.928 83.4131 0
    endloop
  endfacet
  facet normal 0 0 -1
    outer loop
      vertex 206 0 0
      vertex 202.02 84.0201 0
      vertex 202.444 83.6719 0
    endloop
  endfacet
  facet normal 0 0 -1
    outer loop
      vertex 169 100 0
      vertex 202.02 84.0201 0
      vertex 206 0 0
    endloop
  endfacet
  facet normal 0 0 -1
    outer loop
      vertex 202.02 84.0201 0
      vertex 169 100 0
      vertex 201.672 84.4444 0
    endloop
  endfacet
  facet normal -0 -0 -1
    outer loop
      vertex 172 100 0
      vertex 201.672 84.4444 0
      vertex 169 100 0
    endloop
  endfacet
  facet normal 0 0 -1
    outer loop
      vertex 201.672 84.4444 0
      vertex 172 100 0
      vertex 201.413 84.9285 0
    endloop
  endfacet
  facet normal 0 0 -1
    outer loop
      vertex 201.413 84.9285 0
      vertex 172 100 0
      vertex 201.254 85.4538 0
    endloop
  endfacet
  facet normal 0 0 -1
    outer loop
      vertex 201.254 85.4538 0
      vertex 172 100 0
      vertex 201.2 86 0
    endloop
  endfacet
  facet normal 0 0 -1
    outer loop
      vertex 169 100 0
      vertex 139 100 0
      vertex 169 106 0
    endloop
  endfacet
  facet normal 0 0 -1
    outer loop
      vertex 94 50 0
      vertex 169 100 0
      vertex 206 0 0
    endloop
  endfacet
  facet normal -0 0 -1
    outer loop
      vertex 169 100 0
      vertex 94 50 0
      vertex 139 100 0
    endloop
  endfacet
  facet normal 0 0 -1
    outer loop
      vertex 136 100 0
      vertex 106 100 0
      vertex 136 106 0
    endloop
  endfacet
  facet normal 0 0 -1
    outer loop
      vertex 94 56 0
      vertex 139 100 0
      vertex 94 50 0
    endloop
  endfacet
  facet normal 0 0 -1
    outer loop
      vertex 92.7462 69.4538 0
      vertex 136 100 0
      vertex 94 56 0
    endloop
  endfacet
  facet normal 0 0 -1
    outer loop
      vertex 94 50 0
      vertex 206 0 0
      vertex 94 26 0
    endloop
  endfacet
  facet normal 0 0 -1
    outer loop
      vertex 94 26 0
      vertex 206 0 0
      vertex 94 20 0
    endloop
  endfacet
  facet normal 0 0 -1
    outer loop
      vertex 206 0 0
      vertex 92.8 6 0
      vertex 94 20 0
    endloop
  endfacet
  facet normal 0 0 -1
    outer loop
      vertex 206 0 0
      vertex 92.7462 5.45375 0
      vertex 92.8 6 0
    endloop
  endfacet
  facet normal 0 0 -1
    outer loop
      vertex 206 0 0
      vertex 92.5869 4.92849 0
      vertex 92.7462 5.45375 0
    endloop
  endfacet
  facet normal 0 0 -1
    outer loop
      vertex 206 0 0
      vertex 92.3281 4.4444 0
      vertex 92.5869 4.92849 0
    endloop
  endfacet
  facet normal 0 0 -1
    outer loop
      vertex 206 0 0
      vertex 91.9799 4.0201 0
      vertex 92.3281 4.4444 0
    endloop
  endfacet
  facet normal 0 0 -1
    outer loop
      vertex 206 0 0
      vertex 91.5556 3.67188 0
      vertex 91.9799 4.0201 0
    endloop
  endfacet
  facet normal 0 0 -1
    outer loop
      vertex 206 0 0
      vertex 91.0715 3.41314 0
      vertex 91.5556 3.67188 0
    endloop
  endfacet
  facet normal 0 0 -1
    outer loop
      vertex 206 0 0
      vertex 90.5462 3.2538 0
      vertex 91.0715 3.41314 0
    endloop
  endfacet
  facet normal 0 0 -1
    outer loop
      vertex 206 0 0
      vertex 90 3.2 0
      vertex 90.5462 3.2538 0
    endloop
  endfacet
  facet normal 0 0 -1
    outer loop
      vertex 91 56 0
      vertex 87.4131 68.9285 0
      vertex 87.6719 68.4444 0
    endloop
  endfacet
  facet normal 0 0 -1
    outer loop
      vertex 4 0 0
      vertex 87.2 6 0
      vertex 87.2538 5.45375 0
    endloop
  endfacet
  facet normal 0 0 -1
    outer loop
      vertex 87.2 70 0
      vertex 70 100 0
      vertex 73 100 0
    endloop
  endfacet
  facet normal 0 0 -1
    outer loop
      vertex 70 100 0
      vertex 40 100 0
      vertex 70 106 0
    endloop
  endfacet
  facet normal 0 0 -1
    outer loop
      vertex 87.2 70 0
      vertex 40 100 0
      vertex 70 100 0
    endloop
  endfacet
  facet normal 0 0 -1
    outer loop
      vertex 4 0 0
      vertex 87.2538 5.45375 0
      vertex 87.4131 4.92849 0
    endloop
  endfacet
  facet normal 0 0 -1
    outer loop
      vertex 87.2538 69.4538 0
      vertex 40 100 0
      vertex 87.2 70 0
    endloop
  endfacet
  facet normal 0 0 -1
    outer loop
      vertex 8.7462 86.5462 0
      vertex 37 100 0
      vertex 8.8 86 0
    endloop
  endfacet
  facet normal 0 -0 -1
    outer loop
      vertex 8.32811 84.4444 0
      vertex 40 100 0
      vertex 7.9799 84.0201 0
    endloop
  endfacet
  facet normal 0 0 -1
    outer loop
      vertex 4 0 0
      vertex 87.4131 4.92849 0
      vertex 87.6719 4.4444 0
    endloop
  endfacet
  facet normal 0 0 -1
    outer loop
      vertex 4 0 0
      vertex 87.6719 4.4444 0
      vertex 88.0201 4.0201 0
    endloop
  endfacet
  facet normal 0 0 -1
    outer loop
      vertex 37 100 0
      vertex 8.7462 85.4538 0
      vertex 8.8 86 0
    endloop
  endfacet
  facet normal 0 0 -1
    outer loop
      vertex 37 100 0
      vertex 8.58686 84.9285 0
      vertex 8.7462 85.4538 0
    endloop
  endfacet
  facet normal 0 0 -1
    outer loop
      vertex 37 100 0
      vertex 8.32811 84.4444 0
      vertex 8.58686 84.9285 0
    endloop
  endfacet
  facet normal -0 0 -1
    outer loop
      vertex 40 100 0
      vertex 8.32811 84.4444 0
      vertex 37 100 0
    endloop
  endfacet
  facet normal 0 0 -1
    outer loop
      vertex 87.4131 68.9285 0
      vertex 40 100 0
      vertex 87.2538 69.4538 0
    endloop
  endfacet
  facet normal 0 -0 -1
    outer loop
      vertex 40 100 0
      vertex 87.4131 68.9285 0
      vertex 7.9799 84.0201 0
    endloop
  endfacet
  facet normal -0 0 -1
    outer loop
      vertex 91 50 0
      vertex 0 4 0
      vertex 7.5556 83.6719 0
    endloop
  endfacet
  facet normal 0 0 -1
    outer loop
      vertex 7.5556 83.6719 0
      vertex 0 4 0
      vertex 7.07151 83.4131 0
    endloop
  endfacet
  facet normal 0 0 -1
    outer loop
      vertex 0 4 0
      vertex 4 0 0
      vertex 2.46927 0.304489 0
    endloop
  endfacet
  facet normal 0 0 -1
    outer loop
      vertex 7.07151 83.4131 0
      vertex 0 4 0
      vertex 6.54625 83.2538 0
    endloop
  endfacet
  facet normal 0 0 -1
    outer loop
      vertex 6.54625 83.2538 0
      vertex 0 4 0
      vertex 6 83.2 0
    endloop
  endfacet
  facet normal -0 0 -1
    outer loop
      vertex 6 83.2 0
      vertex 0 4 0
      vertex 5.45375 83.2538 0
    endloop
  endfacet
  facet normal 0 0 -1
    outer loop
      vertex 4 0 0
      vertex 90 3.2 0
      vertex 206 0 0
    endloop
  endfacet
  facet normal 0 0 -1
    outer loop
      vertex 4 0 0
      vertex 89.4538 3.2538 0
      vertex 90 3.2 0
    endloop
  endfacet
  facet normal 0 0 -1
    outer loop
      vertex 4 0 0
      vertex 88.9285 3.41314 0
      vertex 89.4538 3.2538 0
    endloop
  endfacet
  facet normal 0 0 -1
    outer loop
      vertex 4 0 0
      vertex 88.4444 3.67188 0
      vertex 88.9285 3.41314 0
    endloop
  endfacet
  facet normal 0 0 -1
    outer loop
      vertex 4 0 0
      vertex 88.0201 4.0201 0
      vertex 88.4444 3.67188 0
    endloop
  endfacet
  facet normal -0 0 -1
    outer loop
      vertex 5.45375 83.2538 0
      vertex 0 4 0
      vertex 4.92849 83.4131 0
    endloop
  endfacet
  facet normal -0 0 -1
    outer loop
      vertex 4.92849 83.4131 0
      vertex 0 4 0
      vertex 4.4444 83.6719 0
    endloop
  endfacet
  facet normal -0 0 -1
    outer loop
      vertex 4.4444 83.6719 0
      vertex 0 4 0
      vertex 4.0201 84.0201 0
    endloop
  endfacet
  facet normal -0 0 -1
    outer loop
      vertex 4.0201 84.0201 0
      vertex 0 4 0
      vertex 3.67188 84.4444 0
    endloop
  endfacet
  facet normal 0 0 -1
    outer loop
      vertex 2.46927 0.304489 0
      vertex 4 0 0
      vertex 3.21964 0.0768585 0
    endloop
  endfacet
  facet normal -0 0 -1
    outer loop
      vertex 3.67188 84.4444 0
      vertex 0 4 0
      vertex 3.41314 84.9285 0
    endloop
  endfacet
  facet normal -0 0 -1
    outer loop
      vertex 3.41314 84.9285 0
      vertex 0 4 0
      vertex 3.2538 85.4538 0
    endloop
  endfacet
  facet normal 0 0 -1
    outer loop
      vertex 209.696 127.531 0
      vertex 206 130 0
      vertex 209.326 128.222 0
    endloop
  endfacet
  facet normal 0 0 -1
    outer loop
      vertex 208.828 128.828 0
      vertex 206 130 0
      vertex 208.222 129.326 0
    endloop
  endfacet
  facet normal 0 0 -1
    outer loop
      vertex 205 100 0
      vertex 206.746 86.5462 0
      vertex 206.587 87.0715 0
    endloop
  endfacet
  facet normal 0 0 -1
    outer loop
      vertex 205 100 0
      vertex 206.587 87.0715 0
      vertex 206.328 87.5556 0
    endloop
  endfacet
  facet normal 0 0 -1
    outer loop
      vertex 208.222 129.326 0
      vertex 206 130 0
      vertex 207.531 129.696 0
    endloop
  endfacet
  facet normal 0 0 -1
    outer loop
      vertex 205 100 0
      vertex 206.328 87.5556 0
      vertex 205.98 87.9799 0
    endloop
  endfacet
  facet normal 0 0 -1
    outer loop
      vertex 205 100 0
      vertex 205.98 87.9799 0
      vertex 205.556 88.3281 0
    endloop
  endfacet
  facet normal 0 0 -1
    outer loop
      vertex 205 100 0
      vertex 205.556 88.3281 0
      vertex 205.072 88.5869 0
    endloop
  endfacet
  facet normal 0 -0 -1
    outer loop
      vertex 206 130 0
      vertex 210 126 0
      vertex 202 106 0
    endloop
  endfacet
  facet normal 0 0 -1
    outer loop
      vertex 207.531 129.696 0
      vertex 206 130 0
      vertex 206.78 129.923 0
    endloop
  endfacet
  facet normal 0 0 -1
    outer loop
      vertex 209.326 128.222 0
      vertex 206 130 0
      vertex 208.828 128.828 0
    endloop
  endfacet
  facet normal -0 0 -1
    outer loop
      vertex 202 100 0
      vertex 201.413 87.0715 0
      vertex 172 100 0
    endloop
  endfacet
  facet normal 0 0 -1
    outer loop
      vertex 172 100 0
      vertex 201.413 87.0715 0
      vertex 201.254 86.5462 0
    endloop
  endfacet
  facet normal 0 0 -1
    outer loop
      vertex 172 100 0
      vertex 201.254 86.5462 0
      vertex 201.2 86 0
    endloop
  endfacet
  facet normal 0 0 -1
    outer loop
      vertex 202 100 0
      vertex 172 100 0
      vertex 202 106 0
    endloop
  endfacet
  facet normal 0 0 -1
    outer loop
      vertex 172 106 0
      vertex 202 106 0
      vertex 172 100 0
    endloop
  endfacet
  facet normal 0 0 -1
    outer loop
      vertex 202 106 0
      vertex 172 106 0
      vertex 206 130 0
    endloop
  endfacet
  facet normal 0 0 -1
    outer loop
      vertex 169 106 0
      vertex 206 130 0
      vertex 172 106 0
    endloop
  endfacet
  facet normal 0 0 -1
    outer loop
      vertex 139 106 0
      vertex 169 106 0
      vertex 139 100 0
    endloop
  endfacet
  facet normal 0 0 -1
    outer loop
      vertex 169 106 0
      vertex 139 106 0
      vertex 206 130 0
    endloop
  endfacet
  facet normal 0 0 -1
    outer loop
      vertex 136 106 0
      vertex 206 130 0
      vertex 139 106 0
    endloop
  endfacet
  facet normal 0 0 -1
    outer loop
      vertex 106 106 0
      vertex 136 106 0
      vertex 106 100 0
    endloop
  endfacet
  facet normal 0 0 -1
    outer loop
      vertex 136 106 0
      vertex 106 106 0
      vertex 206 130 0
    endloop
  endfacet
  facet normal 0 0 -1
    outer loop
      vertex 103 106 0
      vertex 206 130 0
      vertex 106 106 0
    endloop
  endfacet
  facet normal -0 0 -1
    outer loop
      vertex 139 100 0
      vertex 94 56 0
      vertex 136 100 0
    endloop
  endfacet
  facet normal 0 0 -1
    outer loop
      vertex 92.7462 70.5462 0
      vertex 136 100 0
      vertex 92.8 70 0
    endloop
  endfacet
  facet normal -0 0 -1
    outer loop
      vertex 136 100 0
      vertex 92.7462 70.5462 0
      vertex 106 100 0
    endloop
  endfacet
  facet normal 0 0 -1
    outer loop
      vertex 92.5869 71.0715 0
      vertex 106 100 0
      vertex 92.7462 70.5462 0
    endloop
  endfacet
  facet normal 0 0 -1
    outer loop
      vertex 92.3281 71.5556 0
      vertex 106 100 0
      vertex 92.5869 71.0715 0
    endloop
  endfacet
  facet normal 0 0 -1
    outer loop
      vertex 91.9799 71.9799 0
      vertex 106 100 0
      vertex 92.3281 71.5556 0
    endloop
  endfacet
  facet normal -0 0 -1
    outer loop
      vertex 106 100 0
      vertex 91.9799 71.9799 0
      vertex 103 100 0
    endloop
  endfacet
  facet normal 0 0 -1
    outer loop
      vertex 91.5556 72.3281 0
      vertex 103 100 0
      vertex 91.9799 71.9799 0
    endloop
  endfacet
  facet normal 0 0 -1
    outer loop
      vertex 91.0715 72.5869 0
      vertex 103 100 0
      vertex 91.5556 72.3281 0
    endloop
  endfacet
  facet normal 0 0 -1
    outer loop
      vertex 90.5462 72.7462 0
      vertex 103 100 0
      vertex 91.0715 72.5869 0
    endloop
  endfacet
  facet normal 0 0 -1
    outer loop
      vertex 90 72.8 0
      vertex 103 100 0
      vertex 90.5462 72.7462 0
    endloop
  endfacet
  facet normal 0 0 -1
    outer loop
      vertex 73 100 0
      vertex 103 100 0
      vertex 90 72.8 0
    endloop
  endfacet
  facet normal 0 0 -1
    outer loop
      vertex 73 100 0
      vertex 90 72.8 0
      vertex 89.4538 72.7462 0
    endloop
  endfacet
  facet normal 0 0 -1
    outer loop
      vertex 73 100 0
      vertex 89.4538 72.7462 0
      vertex 88.9285 72.5869 0
    endloop
  endfacet
  facet normal 0 0 -1
    outer loop
      vertex 73 100 0
      vertex 88.9285 72.5869 0
      vertex 88.4444 72.3281 0
    endloop
  endfacet
  facet normal 0 0 -1
    outer loop
      vertex 73 100 0
      vertex 88.4444 72.3281 0
      vertex 88.0201 71.9799 0
    endloop
  endfacet
  facet normal 0 0 -1
    outer loop
      vertex 73 100 0
      vertex 88.0201 71.9799 0
      vertex 87.6719 71.5556 0
    endloop
  endfacet
  facet normal 0 0 -1
    outer loop
      vertex 73 100 0
      vertex 87.6719 71.5556 0
      vertex 87.4131 71.0715 0
    endloop
  endfacet
  facet normal 0 0 -1
    outer loop
      vertex 73 100 0
      vertex 87.2538 70.5462 0
      vertex 87.2 70 0
    endloop
  endfacet
  facet normal 0 0 -1
    outer loop
      vertex 73 100 0
      vertex 87.4131 71.0715 0
      vertex 87.2538 70.5462 0
    endloop
  endfacet
  facet normal 0 0 -1
    outer loop
      vertex 103 100 0
      vertex 73 100 0
      vertex 103 106 0
    endloop
  endfacet
  facet normal 0 0 -1
    outer loop
      vertex 73 106 0
      vertex 103 106 0
      vertex 73 100 0
    endloop
  endfacet
  facet normal 0 0 -1
    outer loop
      vertex 4 130 0
      vertex 103 106 0
      vertex 73 106 0
    endloop
  endfacet
  facet normal 0 0 -1
    outer loop
      vertex 4 130 0
      vertex 73 106 0
      vertex 70 106 0
    endloop
  endfacet
  facet normal 0 0 -1
    outer loop
      vertex 40 106 0
      vertex 70 106 0
      vertex 40 100 0
    endloop
  endfacet
  facet normal 0 0 -1
    outer loop
      vertex 4 130 0
      vertex 70 106 0
      vertex 40 106 0
    endloop
  endfacet
  facet normal 0 0 -1
    outer loop
      vertex 4 130 0
      vertex 40 106 0
      vertex 37 106 0
    endloop
  endfacet
  facet normal 0 0 -1
    outer loop
      vertex 8.58686 87.0715 0
      vertex 37 100 0
      vertex 8.7462 86.5462 0
    endloop
  endfacet
  facet normal 0 0 -1
    outer loop
      vertex 8.32811 87.5556 0
      vertex 37 100 0
      vertex 8.58686 87.0715 0
    endloop
  endfacet
  facet normal 0 0 -1
    outer loop
      vertex 7 100 0
      vertex 37 100 0
      vertex 8.32811 87.5556 0
    endloop
  endfacet
  facet normal 0 0 -1
    outer loop
      vertex 7 100 0
      vertex 8.32811 87.5556 0
      vertex 7.9799 87.9799 0
    endloop
  endfacet
  facet normal 0 0 -1
    outer loop
      vertex 7 100 0
      vertex 7.9799 87.9799 0
      vertex 7.5556 88.3281 0
    endloop
  endfacet
  facet normal 0 0 -1
    outer loop
      vertex 7 100 0
      vertex 7.5556 88.3281 0
      vertex 7.07151 88.5869 0
    endloop
  endfacet
  facet normal 0 0 -1
    outer loop
      vertex 37 100 0
      vertex 7 100 0
      vertex 37 106 0
    endloop
  endfacet
  facet normal 0 0 -1
    outer loop
      vertex 7 106 0
      vertex 37 106 0
      vertex 7 100 0
    endloop
  endfacet
  facet normal 0 0 -1
    outer loop
      vertex 4 130 0
      vertex 37 106 0
      vertex 7 106 0
    endloop
  endfacet
  facet normal 0 0 -1
    outer loop
      vertex 4 130 0
      vertex 7 106 0
      vertex 4 106 0
    endloop
  endfacet
  facet normal 0 0 -1
    outer loop
      vertex 103 106 0
      vertex 4 130 0
      vertex 206 130 0
    endloop
  endfacet
  facet normal -0.881943 0.471356 0
    outer loop
      vertex 84.9187 8.10476 4
      vertex 85.4269 9.05564 8
      vertex 85.4269 9.05564 4
    endloop
  endfacet
  facet normal -0.881943 0.471356 0
    outer loop
      vertex 85.4269 9.05564 8
      vertex 84.9187 8.10476 4
      vertex 84.9187 8.10476 8
    endloop
  endfacet
  facet normal -0.995183 0.0980343 0
    outer loop
      vertex 84.5 6 4
      vertex 84.6057 7.073 8
      vertex 84.6057 7.073 4
    endloop
  endfacet
  facet normal -0.995183 0.0980343 0
    outer loop
      vertex 84.6057 7.073 8
      vertex 84.5 6 4
      vertex 84.5 6 8
    endloop
  endfacet
  facet normal 0 0 1
    outer loop
      vertex 92.8 6 8
      vertex 95.5 6 8
      vertex 95.3943 7.073 8
    endloop
  endfacet
  facet normal 0 0 1
    outer loop
      vertex 92.7462 6.54625 8
      vertex 95.3943 7.073 8
      vertex 95.0813 8.10476 8
    endloop
  endfacet
  facet normal 0 0 1
    outer loop
      vertex 95.5 6 8
      vertex 92.8 6 8
      vertex 95.3943 4.927 8
    endloop
  endfacet
  facet normal 0 0 1
    outer loop
      vertex 92.5869 7.07151 8
      vertex 95.0813 8.10476 8
      vertex 94.5731 9.05564 8
    endloop
  endfacet
  facet normal -0 0 1
    outer loop
      vertex 92.7462 5.45375 8
      vertex 95.3943 4.927 8
      vertex 92.8 6 8
    endloop
  endfacet
  facet normal 0 0 1
    outer loop
      vertex 92.3281 7.5556 8
      vertex 94.5731 9.05564 8
      vertex 93.8891 9.88909 8
    endloop
  endfacet
  facet normal 0 0 1
    outer loop
      vertex 95.3943 4.927 8
      vertex 92.7462 5.45375 8
      vertex 95.0813 3.89524 8
    endloop
  endfacet
  facet normal 0 0 1
    outer loop
      vertex 91.9799 7.9799 8
      vertex 93.8891 9.88909 8
      vertex 93.0556 10.5731 8
    endloop
  endfacet
  facet normal -0 0 1
    outer loop
      vertex 92.5869 4.92849 8
      vertex 95.0813 3.89524 8
      vertex 92.7462 5.45375 8
    endloop
  endfacet
  facet normal 0 0 1
    outer loop
      vertex 95.0813 3.89524 8
      vertex 92.5869 4.92849 8
      vertex 94.5731 2.94436 8
    endloop
  endfacet
  facet normal 0 0 1
    outer loop
      vertex 95.3943 7.073 8
      vertex 92.7462 6.54625 8
      vertex 92.8 6 8
    endloop
  endfacet
  facet normal 0 0 1
    outer loop
      vertex 95.0813 8.10476 8
      vertex 92.5869 7.07151 8
      vertex 92.7462 6.54625 8
    endloop
  endfacet
  facet normal 0 0 1
    outer loop
      vertex 94.5731 9.05564 8
      vertex 92.3281 7.5556 8
      vertex 92.5869 7.07151 8
    endloop
  endfacet
  facet normal 0 0 1
    outer loop
      vertex 91.5556 8.32811 8
      vertex 93.0556 10.5731 8
      vertex 92.1048 11.0813 8
    endloop
  endfacet
  facet normal 0 0 1
    outer loop
      vertex 93.8891 9.88909 8
      vertex 91.9799 7.9799 8
      vertex 92.3281 7.5556 8
    endloop
  endfacet
  facet normal 0 0 1
    outer loop
      vertex 93.0556 10.5731 8
      vertex 91.5556 8.32811 8
      vertex 91.9799 7.9799 8
    endloop
  endfacet
  facet normal 0 0 1
    outer loop
      vertex 91.0715 8.58686 8
      vertex 92.1048 11.0813 8
      vertex 91.073 11.3943 8
    endloop
  endfacet
  facet normal 0 0 1
    outer loop
      vertex 92.1048 11.0813 8
      vertex 91.0715 8.58686 8
      vertex 91.5556 8.32811 8
    endloop
  endfacet
  facet normal 0 0 1
    outer loop
      vertex 91.073 11.3943 8
      vertex 90.5462 8.7462 8
      vertex 91.0715 8.58686 8
    endloop
  endfacet
  facet normal 0 0 1
    outer loop
      vertex 90 11.5 8
      vertex 90.5462 8.7462 8
      vertex 91.073 11.3943 8
    endloop
  endfacet
  facet normal 0 0 1
    outer loop
      vertex 90 11.5 8
      vertex 90 8.8 8
      vertex 90.5462 8.7462 8
    endloop
  endfacet
  facet normal 0 0 1
    outer loop
      vertex 90 11.5 8
      vertex 89.4538 8.7462 8
      vertex 90 8.8 8
    endloop
  endfacet
  facet normal -0 0 1
    outer loop
      vertex 88.927 11.3943 8
      vertex 89.4538 8.7462 8
      vertex 90 11.5 8
    endloop
  endfacet
  facet normal 0 0 1
    outer loop
      vertex 89.4538 8.7462 8
      vertex 88.927 11.3943 8
      vertex 88.9285 8.58686 8
    endloop
  endfacet
  facet normal -0 0 1
    outer loop
      vertex 87.8952 11.0813 8
      vertex 88.9285 8.58686 8
      vertex 88.927 11.3943 8
    endloop
  endfacet
  facet normal 0 0 1
    outer loop
      vertex 88.9285 8.58686 8
      vertex 87.8952 11.0813 8
      vertex 88.4444 8.32811 8
    endloop
  endfacet
  facet normal -0 0 1
    outer loop
      vertex 86.9444 10.5731 8
      vertex 88.4444 8.32811 8
      vertex 87.8952 11.0813 8
    endloop
  endfacet
  facet normal 0 0 1
    outer loop
      vertex 88.4444 8.32811 8
      vertex 86.9444 10.5731 8
      vertex 88.0201 7.9799 8
    endloop
  endfacet
  facet normal -0 0 1
    outer loop
      vertex 86.1109 9.88909 8
      vertex 88.0201 7.9799 8
      vertex 86.9444 10.5731 8
    endloop
  endfacet
  facet normal 0 0 1
    outer loop
      vertex 88.0201 7.9799 8
      vertex 86.1109 9.88909 8
      vertex 87.6719 7.5556 8
    endloop
  endfacet
  facet normal 0 0 1
    outer loop
      vertex 87.6719 7.5556 8
      vertex 85.4269 9.05564 8
      vertex 87.4131 7.07151 8
    endloop
  endfacet
  facet normal -0 0 1
    outer loop
      vertex 85.4269 9.05564 8
      vertex 87.6719 7.5556 8
      vertex 86.1109 9.88909 8
    endloop
  endfacet
  facet normal -0 0 1
    outer loop
      vertex 92.3281 4.4444 8
      vertex 94.5731 2.94436 8
      vertex 92.5869 4.92849 8
    endloop
  endfacet
  facet normal 0 0 1
    outer loop
      vertex 94.5731 2.94436 8
      vertex 92.3281 4.4444 8
      vertex 93.8891 2.11091 8
    endloop
  endfacet
  facet normal -0 0 1
    outer loop
      vertex 91.9799 4.0201 8
      vertex 93.8891 2.11091 8
      vertex 92.3281 4.4444 8
    endloop
  endfacet
  facet normal 0 0 1
    outer loop
      vertex 93.8891 2.11091 8
      vertex 91.9799 4.0201 8
      vertex 93.0556 1.42692 8
    endloop
  endfacet
  facet normal -0 0 1
    outer loop
      vertex 91.5556 3.67188 8
      vertex 93.0556 1.42692 8
      vertex 91.9799 4.0201 8
    endloop
  endfacet
  facet normal 0 0 1
    outer loop
      vertex 93.0556 1.42692 8
      vertex 91.5556 3.67188 8
      vertex 92.1048 0.918662 8
    endloop
  endfacet
  facet normal -0 0 1
    outer loop
      vertex 91.0715 3.41314 8
      vertex 92.1048 0.918662 8
      vertex 91.5556 3.67188 8
    endloop
  endfacet
  facet normal 0 0 1
    outer loop
      vertex 92.1048 0.918662 8
      vertex 91.0715 3.41314 8
      vertex 91.073 0.60568 8
    endloop
  endfacet
  facet normal -0 0 1
    outer loop
      vertex 90.5462 3.2538 8
      vertex 91.073 0.60568 8
      vertex 91.0715 3.41314 8
    endloop
  endfacet
  facet normal -0 0 1
    outer loop
      vertex 90 3.2 8
      vertex 91.073 0.60568 8
      vertex 90.5462 3.2538 8
    endloop
  endfacet
  facet normal 0 0 1
    outer loop
      vertex 90 3.2 8
      vertex 90 0.5 8
      vertex 91.073 0.60568 8
    endloop
  endfacet
  facet normal 0 0 1
    outer loop
      vertex 89.4538 3.2538 8
      vertex 90 0.5 8
      vertex 90 3.2 8
    endloop
  endfacet
  facet normal 0 0 1
    outer loop
      vertex 88.927 0.60568 8
      vertex 89.4538 3.2538 8
      vertex 88.9285 3.41314 8
    endloop
  endfacet
  facet normal 0 0 1
    outer loop
      vertex 89.4538 3.2538 8
      vertex 88.927 0.60568 8
      vertex 90 0.5 8
    endloop
  endfacet
  facet normal 0 0 1
    outer loop
      vertex 87.8952 0.918662 8
      vertex 88.9285 3.41314 8
      vertex 88.4444 3.67188 8
    endloop
  endfacet
  facet normal 0 0 1
    outer loop
      vertex 86.9444 1.42692 8
      vertex 88.4444 3.67188 8
      vertex 88.0201 4.0201 8
    endloop
  endfacet
  facet normal 0 0 1
    outer loop
      vertex 88.9285 3.41314 8
      vertex 87.8952 0.918662 8
      vertex 88.927 0.60568 8
    endloop
  endfacet
  facet normal 0 0 1
    outer loop
      vertex 86.1109 2.11091 8
      vertex 88.0201 4.0201 8
      vertex 87.6719 4.4444 8
    endloop
  endfacet
  facet normal 0 0 1
    outer loop
      vertex 85.4269 2.94436 8
      vertex 87.6719 4.4444 8
      vertex 87.4131 4.92849 8
    endloop
  endfacet
  facet normal 0 0 1
    outer loop
      vertex 84.9187 3.89524 8
      vertex 87.4131 4.92849 8
      vertex 87.2538 5.45375 8
    endloop
  endfacet
  facet normal 0 0 1
    outer loop
      vertex 88.4444 3.67188 8
      vertex 86.9444 1.42692 8
      vertex 87.8952 0.918662 8
    endloop
  endfacet
  facet normal 0 0 1
    outer loop
      vertex 84.6057 4.927 8
      vertex 87.2538 5.45375 8
      vertex 87.2 6 8
    endloop
  endfacet
  facet normal -0 0 1
    outer loop
      vertex 84.9187 8.10476 8
      vertex 87.4131 7.07151 8
      vertex 85.4269 9.05564 8
    endloop
  endfacet
  facet normal 0 0 1
    outer loop
      vertex 87.4131 7.07151 8
      vertex 84.9187 8.10476 8
      vertex 87.2538 6.54625 8
    endloop
  endfacet
  facet normal 0 0 1
    outer loop
      vertex 88.0201 4.0201 8
      vertex 86.1109 2.11091 8
      vertex 86.9444 1.42692 8
    endloop
  endfacet
  facet normal -0 0 1
    outer loop
      vertex 84.6057 7.073 8
      vertex 87.2538 6.54625 8
      vertex 84.9187 8.10476 8
    endloop
  endfacet
  facet normal 0 0 1
    outer loop
      vertex 87.6719 4.4444 8
      vertex 85.4269 2.94436 8
      vertex 86.1109 2.11091 8
    endloop
  endfacet
  facet normal 0 0 1
    outer loop
      vertex 87.2538 6.54625 8
      vertex 84.6057 7.073 8
      vertex 87.2 6 8
    endloop
  endfacet
  facet normal 0 0 1
    outer loop
      vertex 87.4131 4.92849 8
      vertex 84.9187 3.89524 8
      vertex 85.4269 2.94436 8
    endloop
  endfacet
  facet normal 0 0 1
    outer loop
      vertex 84.5 6 8
      vertex 87.2 6 8
      vertex 84.6057 7.073 8
    endloop
  endfacet
  facet normal 0 0 1
    outer loop
      vertex 87.2538 5.45375 8
      vertex 84.6057 4.927 8
      vertex 84.9187 3.89524 8
    endloop
  endfacet
  facet normal 0 0 1
    outer loop
      vertex 87.2 6 8
      vertex 84.5 6 8
      vertex 84.6057 4.927 8
    endloop
  endfacet
  facet normal -0.634379 0.773022 0
    outer loop
      vertex 86.9444 10.5731 4
      vertex 86.1109 9.88909 8
      vertex 86.9444 10.5731 8
    endloop
  endfacet
  facet normal -0.634379 0.773022 0
    outer loop
      vertex 86.1109 9.88909 8
      vertex 86.9444 10.5731 4
      vertex 86.1109 9.88909 4
    endloop
  endfacet
  facet normal -0.290291 0.956939 0
    outer loop
      vertex 88.927 11.3943 4
      vertex 87.8952 11.0813 8
      vertex 88.927 11.3943 8
    endloop
  endfacet
  facet normal -0.290291 0.956939 0
    outer loop
      vertex 87.8952 11.0813 8
      vertex 88.927 11.3943 4
      vertex 87.8952 11.0813 4
    endloop
  endfacet
  facet normal 0.995183 -0.0980343 0
    outer loop
      vertex 95.3943 4.927 8
      vertex 95.5 6 4
      vertex 95.5 6 8
    endloop
  endfacet
  facet normal 0.995183 -0.0980343 0
    outer loop
      vertex 95.5 6 4
      vertex 95.3943 4.927 8
      vertex 95.3943 4.927 4
    endloop
  endfacet
  facet normal 0.290275 -0.956943 0
    outer loop
      vertex 91.073 0.60568 4
      vertex 92.1048 0.918662 8
      vertex 91.073 0.60568 8
    endloop
  endfacet
  facet normal 0.290275 -0.956943 0
    outer loop
      vertex 92.1048 0.918662 8
      vertex 91.073 0.60568 4
      vertex 92.1048 0.918662 4
    endloop
  endfacet
  facet normal 0.634368 -0.773031 0
    outer loop
      vertex 93.0556 1.42692 4
      vertex 93.8891 2.11091 8
      vertex 93.0556 1.42692 8
    endloop
  endfacet
  facet normal 0.634368 -0.773031 0
    outer loop
      vertex 93.8891 2.11091 8
      vertex 93.0556 1.42692 4
      vertex 93.8891 2.11091 4
    endloop
  endfacet
  facet normal -0.471429 -0.881904 0
    outer loop
      vertex 86.9444 1.42692 4
      vertex 87.8952 0.918662 8
      vertex 86.9444 1.42692 8
    endloop
  endfacet
  facet normal -0.471429 -0.881904 -0
    outer loop
      vertex 87.8952 0.918662 8
      vertex 86.9444 1.42692 4
      vertex 87.8952 0.918662 4
    endloop
  endfacet
  facet normal -0.098016 -0.995185 0
    outer loop
      vertex 88.927 0.60568 4
      vertex 90 0.5 8
      vertex 88.927 0.60568 8
    endloop
  endfacet
  facet normal -0.098016 -0.995185 -0
    outer loop
      vertex 90 0.5 8
      vertex 88.927 0.60568 4
      vertex 90 0.5 4
    endloop
  endfacet
  facet normal -0.773008 -0.634396 0
    outer loop
      vertex 86.1109 2.11091 4
      vertex 85.4269 2.94436 8
      vertex 85.4269 2.94436 4
    endloop
  endfacet
  facet normal -0.773008 -0.634396 0
    outer loop
      vertex 85.4269 2.94436 8
      vertex 86.1109 2.11091 4
      vertex 86.1109 2.11091 8
    endloop
  endfacet
  facet normal -0.956935 -0.290301 0
    outer loop
      vertex 84.9187 3.89524 4
      vertex 84.6057 4.927 8
      vertex 84.6057 4.927 4
    endloop
  endfacet
  facet normal -0.956935 -0.290301 0
    outer loop
      vertex 84.6057 4.927 8
      vertex 84.9187 3.89524 4
      vertex 84.9187 3.89524 8
    endloop
  endfacet
  facet normal -0.995183 -0.0980343 0
    outer loop
      vertex 84.6057 4.927 4
      vertex 84.5 6 8
      vertex 84.5 6 4
    endloop
  endfacet
  facet normal -0.995183 -0.0980343 0
    outer loop
      vertex 84.5 6 8
      vertex 84.6057 4.927 4
      vertex 84.6057 4.927 8
    endloop
  endfacet
  facet normal 0.471429 -0.881904 0
    outer loop
      vertex 92.1048 0.918662 4
      vertex 93.0556 1.42692 8
      vertex 92.1048 0.918662 8
    endloop
  endfacet
  facet normal 0.471429 -0.881904 0
    outer loop
      vertex 93.0556 1.42692 8
      vertex 92.1048 0.918662 4
      vertex 93.0556 1.42692 4
    endloop
  endfacet
  facet normal 0.773008 -0.634396 0
    outer loop
      vertex 93.8891 2.11091 8
      vertex 94.5731 2.94436 4
      vertex 94.5731 2.94436 8
    endloop
  endfacet
  facet normal 0.773008 -0.634396 0
    outer loop
      vertex 94.5731 2.94436 4
      vertex 93.8891 2.11091 8
      vertex 93.8891 2.11091 4
    endloop
  endfacet
  facet normal 0.956935 -0.290301 0
    outer loop
      vertex 95.0813 3.89524 8
      vertex 95.3943 4.927 4
      vertex 95.3943 4.927 8
    endloop
  endfacet
  facet normal 0.956935 -0.290301 0
    outer loop
      vertex 95.3943 4.927 4
      vertex 95.0813 3.89524 8
      vertex 95.0813 3.89524 4
    endloop
  endfacet
  facet normal 0.881943 -0.471356 0
    outer loop
      vertex 94.5731 2.94436 8
      vertex 95.0813 3.89524 4
      vertex 95.0813 3.89524 8
    endloop
  endfacet
  facet normal 0.881943 -0.471356 0
    outer loop
      vertex 95.0813 3.89524 4
      vertex 94.5731 2.94436 8
      vertex 94.5731 2.94436 4
    endloop
  endfacet
  facet normal -0.290275 -0.956943 0
    outer loop
      vertex 87.8952 0.918662 4
      vertex 88.927 0.60568 8
      vertex 87.8952 0.918662 8
    endloop
  endfacet
  facet normal -0.290275 -0.956943 -0
    outer loop
      vertex 88.927 0.60568 8
      vertex 87.8952 0.918662 4
      vertex 88.927 0.60568 4
    endloop
  endfacet
  facet normal 0.098016 -0.995185 0
    outer loop
      vertex 90 0.5 4
      vertex 91.073 0.60568 8
      vertex 90 0.5 8
    endloop
  endfacet
  facet normal 0.098016 -0.995185 0
    outer loop
      vertex 91.073 0.60568 8
      vertex 90 0.5 4
      vertex 91.073 0.60568 4
    endloop
  endfacet
  facet normal -0.634368 -0.773031 0
    outer loop
      vertex 86.1109 2.11091 4
      vertex 86.9444 1.42692 8
      vertex 86.1109 2.11091 8
    endloop
  endfacet
  facet normal -0.634368 -0.773031 -0
    outer loop
      vertex 86.9444 1.42692 8
      vertex 86.1109 2.11091 4
      vertex 86.9444 1.42692 4
    endloop
  endfacet
  facet normal -0.881943 -0.471356 0
    outer loop
      vertex 85.4269 2.94436 4
      vertex 84.9187 3.89524 8
      vertex 84.9187 3.89524 4
    endloop
  endfacet
  facet normal -0.881943 -0.471356 0
    outer loop
      vertex 84.9187 3.89524 8
      vertex 85.4269 2.94436 4
      vertex 85.4269 2.94436 8
    endloop
  endfacet
  facet normal 0.995183 0.0980343 0
    outer loop
      vertex 95.5 70 8
      vertex 95.3943 71.073 4
      vertex 95.3943 71.073 8
    endloop
  endfacet
  facet normal 0.995183 0.0980343 0
    outer loop
      vertex 95.3943 71.073 4
      vertex 95.5 70 8
      vertex 95.5 70 4
    endloop
  endfacet
  facet normal -0.0980343 0.995183 0
    outer loop
      vertex 90 75.5 4
      vertex 88.927 75.3943 8
      vertex 90 75.5 8
    endloop
  endfacet
  facet normal -0.0980343 0.995183 0
    outer loop
      vertex 88.927 75.3943 8
      vertex 90 75.5 4
      vertex 88.927 75.3943 4
    endloop
  endfacet
  facet normal 0.634373 0.773027 -0
    outer loop
      vertex 93.8891 73.8891 4
      vertex 93.0556 74.5731 8
      vertex 93.8891 73.8891 8
    endloop
  endfacet
  facet normal 0.634373 0.773027 0
    outer loop
      vertex 93.0556 74.5731 8
      vertex 93.8891 73.8891 4
      vertex 93.0556 74.5731 4
    endloop
  endfacet
  facet normal -0.773027 0.634373 0
    outer loop
      vertex 85.4269 73.0556 4
      vertex 86.1109 73.8891 8
      vertex 86.1109 73.8891 4
    endloop
  endfacet
  facet normal -0.773027 0.634373 0
    outer loop
      vertex 86.1109 73.8891 8
      vertex 85.4269 73.0556 4
      vertex 85.4269 73.0556 8
    endloop
  endfacet
  facet normal -0.471387 0.881926 0
    outer loop
      vertex 87.8952 75.0813 4
      vertex 86.9444 74.5731 8
      vertex 87.8952 75.0813 8
    endloop
  endfacet
  facet normal -0.471387 0.881926 0
    outer loop
      vertex 86.9444 74.5731 8
      vertex 87.8952 75.0813 4
      vertex 86.9444 74.5731 4
    endloop
  endfacet
  facet normal 0.881926 0.471387 0
    outer loop
      vertex 95.0813 72.1048 8
      vertex 94.5731 73.0556 4
      vertex 94.5731 73.0556 8
    endloop
  endfacet
  facet normal 0.881926 0.471387 0
    outer loop
      vertex 94.5731 73.0556 4
      vertex 95.0813 72.1048 8
      vertex 95.0813 72.1048 4
    endloop
  endfacet
  facet normal 0.956939 0.290291 0
    outer loop
      vertex 95.3943 71.073 8
      vertex 95.0813 72.1048 4
      vertex 95.0813 72.1048 8
    endloop
  endfacet
  facet normal 0.956939 0.290291 0
    outer loop
      vertex 95.0813 72.1048 4
      vertex 95.3943 71.073 8
      vertex 95.3943 71.073 4
    endloop
  endfacet
  facet normal 0.773027 0.634373 0
    outer loop
      vertex 94.5731 73.0556 8
      vertex 93.8891 73.8891 4
      vertex 93.8891 73.8891 8
    endloop
  endfacet
  facet normal 0.773027 0.634373 0
    outer loop
      vertex 93.8891 73.8891 4
      vertex 94.5731 73.0556 8
      vertex 94.5731 73.0556 4
    endloop
  endfacet
  facet normal 0.290291 0.956939 -0
    outer loop
      vertex 92.1048 75.0813 4
      vertex 91.073 75.3943 8
      vertex 92.1048 75.0813 8
    endloop
  endfacet
  facet normal 0.290291 0.956939 0
    outer loop
      vertex 91.073 75.3943 8
      vertex 92.1048 75.0813 4
      vertex 91.073 75.3943 4
    endloop
  endfacet
  facet normal 0.0980343 0.995183 -0
    outer loop
      vertex 91.073 75.3943 4
      vertex 90 75.5 8
      vertex 91.073 75.3943 8
    endloop
  endfacet
  facet normal 0.0980343 0.995183 0
    outer loop
      vertex 90 75.5 8
      vertex 91.073 75.3943 4
      vertex 90 75.5 4
    endloop
  endfacet
  facet normal 0.471387 0.881926 -0
    outer loop
      vertex 93.0556 74.5731 4
      vertex 92.1048 75.0813 8
      vertex 93.0556 74.5731 8
    endloop
  endfacet
  facet normal 0.471387 0.881926 0
    outer loop
      vertex 92.1048 75.0813 8
      vertex 93.0556 74.5731 4
      vertex 92.1048 75.0813 4
    endloop
  endfacet
  facet normal -0.956939 0.290291 0
    outer loop
      vertex 84.6057 71.073 4
      vertex 84.9187 72.1048 8
      vertex 84.9187 72.1048 4
    endloop
  endfacet
  facet normal -0.956939 0.290291 0
    outer loop
      vertex 84.9187 72.1048 8
      vertex 84.6057 71.073 4
      vertex 84.6057 71.073 8
    endloop
  endfacet
  facet normal -0.881926 0.471387 0
    outer loop
      vertex 84.9187 72.1048 4
      vertex 85.4269 73.0556 8
      vertex 85.4269 73.0556 4
    endloop
  endfacet
  facet normal -0.881926 0.471387 0
    outer loop
      vertex 85.4269 73.0556 8
      vertex 84.9187 72.1048 4
      vertex 84.9187 72.1048 8
    endloop
  endfacet
  facet normal -0.995183 0.0980343 0
    outer loop
      vertex 84.5 70 4
      vertex 84.6057 71.073 8
      vertex 84.6057 71.073 4
    endloop
  endfacet
  facet normal -0.995183 0.0980343 0
    outer loop
      vertex 84.6057 71.073 8
      vertex 84.5 70 4
      vertex 84.5 70 8
    endloop
  endfacet
  facet normal 0 0 1
    outer loop
      vertex 92.8 70 8
      vertex 95.5 70 8
      vertex 95.3943 71.073 8
    endloop
  endfacet
  facet normal 0 0 1
    outer loop
      vertex 92.7462 70.5462 8
      vertex 95.3943 71.073 8
      vertex 95.0813 72.1048 8
    endloop
  endfacet
  facet normal 0 0 1
    outer loop
      vertex 95.5 70 8
      vertex 92.8 70 8
      vertex 95.3943 68.927 8
    endloop
  endfacet
  facet normal 0 0 1
    outer loop
      vertex 92.5869 71.0715 8
      vertex 95.0813 72.1048 8
      vertex 94.5731 73.0556 8
    endloop
  endfacet
  facet normal -0 0 1
    outer loop
      vertex 92.7462 69.4538 8
      vertex 95.3943 68.927 8
      vertex 92.8 70 8
    endloop
  endfacet
  facet normal 0 0 1
    outer loop
      vertex 92.3281 71.5556 8
      vertex 94.5731 73.0556 8
      vertex 93.8891 73.8891 8
    endloop
  endfacet
  facet normal 0 0 1
    outer loop
      vertex 95.3943 68.927 8
      vertex 92.7462 69.4538 8
      vertex 95.0813 67.8952 8
    endloop
  endfacet
  facet normal 0 0 1
    outer loop
      vertex 91.9799 71.9799 8
      vertex 93.8891 73.8891 8
      vertex 93.0556 74.5731 8
    endloop
  endfacet
  facet normal -0 0 1
    outer loop
      vertex 92.5869 68.9285 8
      vertex 95.0813 67.8952 8
      vertex 92.7462 69.4538 8
    endloop
  endfacet
  facet normal 0 0 1
    outer loop
      vertex 95.0813 67.8952 8
      vertex 92.5869 68.9285 8
      vertex 94.5731 66.9444 8
    endloop
  endfacet
  facet normal 0 0 1
    outer loop
      vertex 95.3943 71.073 8
      vertex 92.7462 70.5462 8
      vertex 92.8 70 8
    endloop
  endfacet
  facet normal 0 0 1
    outer loop
      vertex 95.0813 72.1048 8
      vertex 92.5869 71.0715 8
      vertex 92.7462 70.5462 8
    endloop
  endfacet
  facet normal 0 0 1
    outer loop
      vertex 94.5731 73.0556 8
      vertex 92.3281 71.5556 8
      vertex 92.5869 71.0715 8
    endloop
  endfacet
  facet normal 0 0 1
    outer loop
      vertex 91.5556 72.3281 8
      vertex 93.0556 74.5731 8
      vertex 92.1048 75.0813 8
    endloop
  endfacet
  facet normal 0 0 1
    outer loop
      vertex 93.8891 73.8891 8
      vertex 91.9799 71.9799 8
      vertex 92.3281 71.5556 8
    endloop
  endfacet
  facet normal 0 0 1
    outer loop
      vertex 93.0556 74.5731 8
      vertex 91.5556 72.3281 8
      vertex 91.9799 71.9799 8
    endloop
  endfacet
  facet normal 0 0 1
    outer loop
      vertex 91.0715 72.5869 8
      vertex 92.1048 75.0813 8
      vertex 91.073 75.3943 8
    endloop
  endfacet
  facet normal 0 0 1
    outer loop
      vertex 92.1048 75.0813 8
      vertex 91.0715 72.5869 8
      vertex 91.5556 72.3281 8
    endloop
  endfacet
  facet normal 0 0 1
    outer loop
      vertex 91.073 75.3943 8
      vertex 90.5462 72.7462 8
      vertex 91.0715 72.5869 8
    endloop
  endfacet
  facet normal 0 0 1
    outer loop
      vertex 90 75.5 8
      vertex 90.5462 72.7462 8
      vertex 91.073 75.3943 8
    endloop
  endfacet
  facet normal 0 0 1
    outer loop
      vertex 90 75.5 8
      vertex 90 72.8 8
      vertex 90.5462 72.7462 8
    endloop
  endfacet
  facet normal 0 0 1
    outer loop
      vertex 90 75.5 8
      vertex 89.4538 72.7462 8
      vertex 90 72.8 8
    endloop
  endfacet
  facet normal -0 0 1
    outer loop
      vertex 88.927 75.3943 8
      vertex 89.4538 72.7462 8
      vertex 90 75.5 8
    endloop
  endfacet
  facet normal 0 0 1
    outer loop
      vertex 89.4538 72.7462 8
      vertex 88.927 75.3943 8
      vertex 88.9285 72.5869 8
    endloop
  endfacet
  facet normal -0 0 1
    outer loop
      vertex 87.8952 75.0813 8
      vertex 88.9285 72.5869 8
      vertex 88.927 75.3943 8
    endloop
  endfacet
  facet normal 0 0 1
    outer loop
      vertex 88.9285 72.5869 8
      vertex 87.8952 75.0813 8
      vertex 88.4444 72.3281 8
    endloop
  endfacet
  facet normal -0 0 1
    outer loop
      vertex 86.9444 74.5731 8
      vertex 88.4444 72.3281 8
      vertex 87.8952 75.0813 8
    endloop
  endfacet
  facet normal 0 0 1
    outer loop
      vertex 88.4444 72.3281 8
      vertex 86.9444 74.5731 8
      vertex 88.0201 71.9799 8
    endloop
  endfacet
  facet normal -0 0 1
    outer loop
      vertex 86.1109 73.8891 8
      vertex 88.0201 71.9799 8
      vertex 86.9444 74.5731 8
    endloop
  endfacet
  facet normal 0 0 1
    outer loop
      vertex 88.0201 71.9799 8
      vertex 86.1109 73.8891 8
      vertex 87.6719 71.5556 8
    endloop
  endfacet
  facet normal 0 0 1
    outer loop
      vertex 87.6719 71.5556 8
      vertex 85.4269 73.0556 8
      vertex 87.4131 71.0715 8
    endloop
  endfacet
  facet normal -0 0 1
    outer loop
      vertex 85.4269 73.0556 8
      vertex 87.6719 71.5556 8
      vertex 86.1109 73.8891 8
    endloop
  endfacet
  facet normal -0 0 1
    outer loop
      vertex 92.3281 68.4444 8
      vertex 94.5731 66.9444 8
      vertex 92.5869 68.9285 8
    endloop
  endfacet
  facet normal 0 0 1
    outer loop
      vertex 94.5731 66.9444 8
      vertex 92.3281 68.4444 8
      vertex 93.8891 66.1109 8
    endloop
  endfacet
  facet normal -0 0 1
    outer loop
      vertex 91.9799 68.0201 8
      vertex 93.8891 66.1109 8
      vertex 92.3281 68.4444 8
    endloop
  endfacet
  facet normal 0 0 1
    outer loop
      vertex 93.8891 66.1109 8
      vertex 91.9799 68.0201 8
      vertex 93.0556 65.4269 8
    endloop
  endfacet
  facet normal -0 0 1
    outer loop
      vertex 91.5556 67.6719 8
      vertex 93.0556 65.4269 8
      vertex 91.9799 68.0201 8
    endloop
  endfacet
  facet normal 0 0 1
    outer loop
      vertex 93.0556 65.4269 8
      vertex 91.5556 67.6719 8
      vertex 92.1048 64.9187 8
    endloop
  endfacet
  facet normal -0 0 1
    outer loop
      vertex 91.0715 67.4131 8
      vertex 92.1048 64.9187 8
      vertex 91.5556 67.6719 8
    endloop
  endfacet
  facet normal 0 0 1
    outer loop
      vertex 92.1048 64.9187 8
      vertex 91.0715 67.4131 8
      vertex 91.073 64.6057 8
    endloop
  endfacet
  facet normal -0 0 1
    outer loop
      vertex 90.5462 67.2538 8
      vertex 91.073 64.6057 8
      vertex 91.0715 67.4131 8
    endloop
  endfacet
  facet normal -0 0 1
    outer loop
      vertex 90 67.2 8
      vertex 91.073 64.6057 8
      vertex 90.5462 67.2538 8
    endloop
  endfacet
  facet normal 0 0 1
    outer loop
      vertex 90 67.2 8
      vertex 90 64.5 8
      vertex 91.073 64.6057 8
    endloop
  endfacet
  facet normal 0 0 1
    outer loop
      vertex 89.4538 67.2538 8
      vertex 90 64.5 8
      vertex 90 67.2 8
    endloop
  endfacet
  facet normal 0 0 1
    outer loop
      vertex 88.927 64.6057 8
      vertex 89.4538 67.2538 8
      vertex 88.9285 67.4131 8
    endloop
  endfacet
  facet normal 0 0 1
    outer loop
      vertex 89.4538 67.2538 8
      vertex 88.927 64.6057 8
      vertex 90 64.5 8
    endloop
  endfacet
  facet normal 0 0 1
    outer loop
      vertex 87.8952 64.9187 8
      vertex 88.9285 67.4131 8
      vertex 88.4444 67.6719 8
    endloop
  endfacet
  facet normal 0 0 1
    outer loop
      vertex 86.9444 65.4269 8
      vertex 88.4444 67.6719 8
      vertex 88.0201 68.0201 8
    endloop
  endfacet
  facet normal 0 0 1
    outer loop
      vertex 88.9285 67.4131 8
      vertex 87.8952 64.9187 8
      vertex 88.927 64.6057 8
    endloop
  endfacet
  facet normal 0 0 1
    outer loop
      vertex 86.1109 66.1109 8
      vertex 88.0201 68.0201 8
      vertex 87.6719 68.4444 8
    endloop
  endfacet
  facet normal 0 0 1
    outer loop
      vertex 85.4269 66.9444 8
      vertex 87.6719 68.4444 8
      vertex 87.4131 68.9285 8
    endloop
  endfacet
  facet normal 0 0 1
    outer loop
      vertex 84.9187 67.8952 8
      vertex 87.4131 68.9285 8
      vertex 87.2538 69.4538 8
    endloop
  endfacet
  facet normal 0 0 1
    outer loop
      vertex 88.4444 67.6719 8
      vertex 86.9444 65.4269 8
      vertex 87.8952 64.9187 8
    endloop
  endfacet
  facet normal 0 0 1
    outer loop
      vertex 84.6057 68.927 8
      vertex 87.2538 69.4538 8
      vertex 87.2 70 8
    endloop
  endfacet
  facet normal -0 0 1
    outer loop
      vertex 84.9187 72.1048 8
      vertex 87.4131 71.0715 8
      vertex 85.4269 73.0556 8
    endloop
  endfacet
  facet normal 0 0 1
    outer loop
      vertex 87.4131 71.0715 8
      vertex 84.9187 72.1048 8
      vertex 87.2538 70.5462 8
    endloop
  endfacet
  facet normal 0 0 1
    outer loop
      vertex 88.0201 68.0201 8
      vertex 86.1109 66.1109 8
      vertex 86.9444 65.4269 8
    endloop
  endfacet
  facet normal -0 0 1
    outer loop
      vertex 84.6057 71.073 8
      vertex 87.2538 70.5462 8
      vertex 84.9187 72.1048 8
    endloop
  endfacet
  facet normal 0 0 1
    outer loop
      vertex 87.6719 68.4444 8
      vertex 85.4269 66.9444 8
      vertex 86.1109 66.1109 8
    endloop
  endfacet
  facet normal 0 0 1
    outer loop
      vertex 87.2538 70.5462 8
      vertex 84.6057 71.073 8
      vertex 87.2 70 8
    endloop
  endfacet
  facet normal 0 0 1
    outer loop
      vertex 87.4131 68.9285 8
      vertex 84.9187 67.8952 8
      vertex 85.4269 66.9444 8
    endloop
  endfacet
  facet normal 0 0 1
    outer loop
      vertex 84.5 70 8
      vertex 87.2 70 8
      vertex 84.6057 71.073 8
    endloop
  endfacet
  facet normal 0 0 1
    outer loop
      vertex 87.2538 69.4538 8
      vertex 84.6057 68.927 8
      vertex 84.9187 67.8952 8
    endloop
  endfacet
  facet normal 0 0 1
    outer loop
      vertex 87.2 70 8
      vertex 84.5 70 8
      vertex 84.6057 68.927 8
    endloop
  endfacet
  facet normal -0.634373 0.773027 0
    outer loop
      vertex 86.9444 74.5731 4
      vertex 86.1109 73.8891 8
      vertex 86.9444 74.5731 8
    endloop
  endfacet
  facet normal -0.634373 0.773027 0
    outer loop
      vertex 86.1109 73.8891 8
      vertex 86.9444 74.5731 4
      vertex 86.1109 73.8891 4
    endloop
  endfacet
  facet normal -0.290291 0.956939 0
    outer loop
      vertex 88.927 75.3943 4
      vertex 87.8952 75.0813 8
      vertex 88.927 75.3943 8
    endloop
  endfacet
  facet normal -0.290291 0.956939 0
    outer loop
      vertex 87.8952 75.0813 8
      vertex 88.927 75.3943 4
      vertex 87.8952 75.0813 4
    endloop
  endfacet
  facet normal 0.290291 -0.956939 0
    outer loop
      vertex 91.073 64.6057 4
      vertex 92.1048 64.9187 8
      vertex 91.073 64.6057 8
    endloop
  endfacet
  facet normal 0.290291 -0.956939 0
    outer loop
      vertex 92.1048 64.9187 8
      vertex 91.073 64.6057 4
      vertex 92.1048 64.9187 4
    endloop
  endfacet
  facet normal 0.634373 -0.773027 0
    outer loop
      vertex 93.0556 65.4269 4
      vertex 93.8891 66.1109 8
      vertex 93.0556 65.4269 8
    endloop
  endfacet
  facet normal 0.634373 -0.773027 0
    outer loop
      vertex 93.8891 66.1109 8
      vertex 93.0556 65.4269 4
      vertex 93.8891 66.1109 4
    endloop
  endfacet
  facet normal -0.471387 -0.881926 0
    outer loop
      vertex 86.9444 65.4269 4
      vertex 87.8952 64.9187 8
      vertex 86.9444 65.4269 8
    endloop
  endfacet
  facet normal -0.471387 -0.881926 -0
    outer loop
      vertex 87.8952 64.9187 8
      vertex 86.9444 65.4269 4
      vertex 87.8952 64.9187 4
    endloop
  endfacet
  facet normal -0.0980343 -0.995183 0
    outer loop
      vertex 88.927 64.6057 4
      vertex 90 64.5 8
      vertex 88.927 64.6057 8
    endloop
  endfacet
  facet normal -0.0980343 -0.995183 -0
    outer loop
      vertex 90 64.5 8
      vertex 88.927 64.6057 4
      vertex 90 64.5 4
    endloop
  endfacet
  facet normal -0.773027 -0.634373 0
    outer loop
      vertex 86.1109 66.1109 4
      vertex 85.4269 66.9444 8
      vertex 85.4269 66.9444 4
    endloop
  endfacet
  facet normal -0.773027 -0.634373 0
    outer loop
      vertex 85.4269 66.9444 8
      vertex 86.1109 66.1109 4
      vertex 86.1109 66.1109 8
    endloop
  endfacet
  facet normal -0.634373 -0.773027 0
    outer loop
      vertex 86.1109 66.1109 4
      vertex 86.9444 65.4269 8
      vertex 86.1109 66.1109 8
    endloop
  endfacet
  facet normal -0.634373 -0.773027 -0
    outer loop
      vertex 86.9444 65.4269 8
      vertex 86.1109 66.1109 4
      vertex 86.9444 65.4269 4
    endloop
  endfacet
  facet normal -0.956939 -0.290291 0
    outer loop
      vertex 84.9187 67.8952 4
      vertex 84.6057 68.927 8
      vertex 84.6057 68.927 4
    endloop
  endfacet
  facet normal -0.956939 -0.290291 0
    outer loop
      vertex 84.6057 68.927 8
      vertex 84.9187 67.8952 4
      vertex 84.9187 67.8952 8
    endloop
  endfacet
  facet normal -0.995183 -0.0980343 0
    outer loop
      vertex 84.6057 68.927 4
      vertex 84.5 70 8
      vertex 84.5 70 4
    endloop
  endfacet
  facet normal -0.995183 -0.0980343 0
    outer loop
      vertex 84.5 70 8
      vertex 84.6057 68.927 4
      vertex 84.6057 68.927 8
    endloop
  endfacet
  facet normal 0.471387 -0.881926 0
    outer loop
      vertex 92.1048 64.9187 4
      vertex 93.0556 65.4269 8
      vertex 92.1048 64.9187 8
    endloop
  endfacet
  facet normal 0.471387 -0.881926 0
    outer loop
      vertex 93.0556 65.4269 8
      vertex 92.1048 64.9187 4
      vertex 93.0556 65.4269 4
    endloop
  endfacet
  facet normal 0.773027 -0.634373 0
    outer loop
      vertex 93.8891 66.1109 8
      vertex 94.5731 66.9444 4
      vertex 94.5731 66.9444 8
    endloop
  endfacet
  facet normal 0.773027 -0.634373 0
    outer loop
      vertex 94.5731 66.9444 4
      vertex 93.8891 66.1109 8
      vertex 93.8891 66.1109 4
    endloop
  endfacet
  facet normal 0.956939 -0.290291 0
    outer loop
      vertex 95.0813 67.8952 8
      vertex 95.3943 68.927 4
      vertex 95.3943 68.927 8
    endloop
  endfacet
  facet normal 0.956939 -0.290291 0
    outer loop
      vertex 95.3943 68.927 4
      vertex 95.0813 67.8952 8
      vertex 95.0813 67.8952 4
    endloop
  endfacet
  facet normal 0.881926 -0.471387 0
    outer loop
      vertex 94.5731 66.9444 8
      vertex 95.0813 67.8952 4
      vertex 95.0813 67.8952 8
    endloop
  endfacet
  facet normal 0.881926 -0.471387 0
    outer loop
      vertex 95.0813 67.8952 4
      vertex 94.5731 66.9444 8
      vertex 94.5731 66.9444 4
    endloop
  endfacet
  facet normal 0.995183 -0.0980343 0
    outer loop
      vertex 95.3943 68.927 8
      vertex 95.5 70 4
      vertex 95.5 70 8
    endloop
  endfacet
  facet normal 0.995183 -0.0980343 0
    outer loop
      vertex 95.5 70 4
      vertex 95.3943 68.927 8
      vertex 95.3943 68.927 4
    endloop
  endfacet
  facet normal -0.290291 -0.956939 0
    outer loop
      vertex 87.8952 64.9187 4
      vertex 88.927 64.6057 8
      vertex 87.8952 64.9187 8
    endloop
  endfacet
  facet normal -0.290291 -0.956939 -0
    outer loop
      vertex 88.927 64.6057 8
      vertex 87.8952 64.9187 4
      vertex 88.927 64.6057 4
    endloop
  endfacet
  facet normal 0.0980343 -0.995183 0
    outer loop
      vertex 90 64.5 4
      vertex 91.073 64.6057 8
      vertex 90 64.5 8
    endloop
  endfacet
  facet normal 0.0980343 -0.995183 0
    outer loop
      vertex 91.073 64.6057 8
      vertex 90 64.5 4
      vertex 91.073 64.6057 4
    endloop
  endfacet
  facet normal -0.881926 -0.471387 0
    outer loop
      vertex 85.4269 66.9444 4
      vertex 84.9187 67.8952 8
      vertex 84.9187 67.8952 4
    endloop
  endfacet
  facet normal -0.881926 -0.471387 0
    outer loop
      vertex 84.9187 67.8952 8
      vertex 85.4269 66.9444 4
      vertex 85.4269 66.9444 8
    endloop
  endfacet
  facet normal 0.995183 0.0980343 0
    outer loop
      vertex 11.5 86 8
      vertex 11.3943 87.073 4
      vertex 11.3943 87.073 8
    endloop
  endfacet
  facet normal 0.995183 0.0980343 0
    outer loop
      vertex 11.3943 87.073 4
      vertex 11.5 86 8
      vertex 11.5 86 4
    endloop
  endfacet
  facet normal -0.0980343 0.995183 0
    outer loop
      vertex 6 91.5 4
      vertex 4.927 91.3943 8
      vertex 6 91.5 8
    endloop
  endfacet
  facet normal -0.0980343 0.995183 0
    outer loop
      vertex 4.927 91.3943 8
      vertex 6 91.5 4
      vertex 4.927 91.3943 4
    endloop
  endfacet
  facet normal 0.0980343 -0.995183 0
    outer loop
      vertex 6 80.5 4
      vertex 7.073 80.6057 8
      vertex 6 80.5 8
    endloop
  endfacet
  facet normal 0.0980343 -0.995183 0
    outer loop
      vertex 7.073 80.6057 8
      vertex 6 80.5 4
      vertex 7.073 80.6057 4
    endloop
  endfacet
  facet normal 0.634396 0.773008 -0
    outer loop
      vertex 9.88909 89.8891 4
      vertex 9.05564 90.5731 8
      vertex 9.88909 89.8891 8
    endloop
  endfacet
  facet normal 0.634396 0.773008 0
    outer loop
      vertex 9.05564 90.5731 8
      vertex 9.88909 89.8891 4
      vertex 9.05564 90.5731 4
    endloop
  endfacet
  facet normal -0.773031 0.634368 0
    outer loop
      vertex 1.42692 89.0556 4
      vertex 2.11091 89.8891 8
      vertex 2.11091 89.8891 4
    endloop
  endfacet
  facet normal -0.773031 0.634368 0
    outer loop
      vertex 2.11091 89.8891 8
      vertex 1.42692 89.0556 4
      vertex 1.42692 89.0556 8
    endloop
  endfacet
  facet normal -0.471356 0.881943 0
    outer loop
      vertex 3.89524 91.0813 4
      vertex 2.94436 90.5731 8
      vertex 3.89524 91.0813 8
    endloop
  endfacet
  facet normal -0.471356 0.881943 0
    outer loop
      vertex 2.94436 90.5731 8
      vertex 3.89524 91.0813 4
      vertex 2.94436 90.5731 4
    endloop
  endfacet
  facet normal 0.773022 -0.634379 0
    outer loop
      vertex 9.88909 82.1109 8
      vertex 10.5731 82.9444 4
      vertex 10.5731 82.9444 8
    endloop
  endfacet
  facet normal 0.773022 -0.634379 0
    outer loop
      vertex 10.5731 82.9444 4
      vertex 9.88909 82.1109 8
      vertex 9.88909 82.1109 4
    endloop
  endfacet
  facet normal 0.881926 0.471387 0
    outer loop
      vertex 11.0813 88.1048 8
      vertex 10.5731 89.0556 4
      vertex 10.5731 89.0556 8
    endloop
  endfacet
  facet normal 0.881926 0.471387 0
    outer loop
      vertex 10.5731 89.0556 4
      vertex 11.0813 88.1048 8
      vertex 11.0813 88.1048 4
    endloop
  endfacet
  facet normal 0.956939 0.290291 0
    outer loop
      vertex 11.3943 87.073 8
      vertex 11.0813 88.1048 4
      vertex 11.0813 88.1048 8
    endloop
  endfacet
  facet normal 0.956939 0.290291 0
    outer loop
      vertex 11.0813 88.1048 4
      vertex 11.3943 87.073 8
      vertex 11.3943 87.073 4
    endloop
  endfacet
  facet normal 0.773022 0.634379 0
    outer loop
      vertex 10.5731 89.0556 8
      vertex 9.88909 89.8891 4
      vertex 9.88909 89.8891 8
    endloop
  endfacet
  facet normal 0.773022 0.634379 0
    outer loop
      vertex 9.88909 89.8891 4
      vertex 10.5731 89.0556 8
      vertex 10.5731 89.0556 4
    endloop
  endfacet
  facet normal 0.290301 0.956935 -0
    outer loop
      vertex 8.10476 91.0813 4
      vertex 7.073 91.3943 8
      vertex 8.10476 91.0813 8
    endloop
  endfacet
  facet normal 0.290301 0.956935 0
    outer loop
      vertex 7.073 91.3943 8
      vertex 8.10476 91.0813 4
      vertex 7.073 91.3943 4
    endloop
  endfacet
  facet normal 0.0980343 0.995183 -0
    outer loop
      vertex 7.073 91.3943 4
      vertex 6 91.5 8
      vertex 7.073 91.3943 8
    endloop
  endfacet
  facet normal 0.0980343 0.995183 0
    outer loop
      vertex 6 91.5 8
      vertex 7.073 91.3943 4
      vertex 6 91.5 4
    endloop
  endfacet
  facet normal 0.471356 0.881943 -0
    outer loop
      vertex 9.05564 90.5731 4
      vertex 8.10476 91.0813 8
      vertex 9.05564 90.5731 8
    endloop
  endfacet
  facet normal 0.471356 0.881943 0
    outer loop
      vertex 8.10476 91.0813 8
      vertex 9.05564 90.5731 4
      vertex 8.10476 91.0813 4
    endloop
  endfacet
  facet normal -0.956943 0.290275 0
    outer loop
      vertex 0.60568 87.073 4
      vertex 0.918662 88.1048 8
      vertex 0.918662 88.1048 4
    endloop
  endfacet
  facet normal -0.956943 0.290275 0
    outer loop
      vertex 0.918662 88.1048 8
      vertex 0.60568 87.073 4
      vertex 0.60568 87.073 8
    endloop
  endfacet
  facet normal -0.881904 0.471429 0
    outer loop
      vertex 0.918662 88.1048 4
      vertex 1.42692 89.0556 8
      vertex 1.42692 89.0556 4
    endloop
  endfacet
  facet normal -0.881904 0.471429 0
    outer loop
      vertex 1.42692 89.0556 8
      vertex 0.918662 88.1048 4
      vertex 0.918662 88.1048 8
    endloop
  endfacet
  facet normal -0.995185 0.098016 0
    outer loop
      vertex 0.5 86 4
      vertex 0.60568 87.073 8
      vertex 0.60568 87.073 4
    endloop
  endfacet
  facet normal -0.995185 0.098016 0
    outer loop
      vertex 0.60568 87.073 8
      vertex 0.5 86 4
      vertex 0.5 86 8
    endloop
  endfacet
  facet normal 0 0 1
    outer loop
      vertex 8.8 86 8
      vertex 11.5 86 8
      vertex 11.3943 87.073 8
    endloop
  endfacet
  facet normal 0 0 1
    outer loop
      vertex 8.7462 86.5462 8
      vertex 11.3943 87.073 8
      vertex 11.0813 88.1048 8
    endloop
  endfacet
  facet normal 0 0 1
    outer loop
      vertex 11.5 86 8
      vertex 8.8 86 8
      vertex 11.3943 84.927 8
    endloop
  endfacet
  facet normal 0 0 1
    outer loop
      vertex 8.58686 87.0715 8
      vertex 11.0813 88.1048 8
      vertex 10.5731 89.0556 8
    endloop
  endfacet
  facet normal -0 0 1
    outer loop
      vertex 8.7462 85.4538 8
      vertex 11.3943 84.927 8
      vertex 8.8 86 8
    endloop
  endfacet
  facet normal 0 0 1
    outer loop
      vertex 8.32811 87.5556 8
      vertex 10.5731 89.0556 8
      vertex 9.88909 89.8891 8
    endloop
  endfacet
  facet normal 0 0 1
    outer loop
      vertex 11.3943 84.927 8
      vertex 8.7462 85.4538 8
      vertex 11.0813 83.8952 8
    endloop
  endfacet
  facet normal 0 0 1
    outer loop
      vertex 7.9799 87.9799 8
      vertex 9.88909 89.8891 8
      vertex 9.05564 90.5731 8
    endloop
  endfacet
  facet normal -0 0 1
    outer loop
      vertex 8.58686 84.9285 8
      vertex 11.0813 83.8952 8
      vertex 8.7462 85.4538 8
    endloop
  endfacet
  facet normal 0 0 1
    outer loop
      vertex 11.0813 83.8952 8
      vertex 8.58686 84.9285 8
      vertex 10.5731 82.9444 8
    endloop
  endfacet
  facet normal 0 0 1
    outer loop
      vertex 11.3943 87.073 8
      vertex 8.7462 86.5462 8
      vertex 8.8 86 8
    endloop
  endfacet
  facet normal 0 0 1
    outer loop
      vertex 11.0813 88.1048 8
      vertex 8.58686 87.0715 8
      vertex 8.7462 86.5462 8
    endloop
  endfacet
  facet normal 0 0 1
    outer loop
      vertex 10.5731 89.0556 8
      vertex 8.32811 87.5556 8
      vertex 8.58686 87.0715 8
    endloop
  endfacet
  facet normal 0 0 1
    outer loop
      vertex 7.5556 88.3281 8
      vertex 9.05564 90.5731 8
      vertex 8.10476 91.0813 8
    endloop
  endfacet
  facet normal 0 0 1
    outer loop
      vertex 9.88909 89.8891 8
      vertex 7.9799 87.9799 8
      vertex 8.32811 87.5556 8
    endloop
  endfacet
  facet normal 0 0 1
    outer loop
      vertex 9.05564 90.5731 8
      vertex 7.5556 88.3281 8
      vertex 7.9799 87.9799 8
    endloop
  endfacet
  facet normal 0 0 1
    outer loop
      vertex 7.07151 88.5869 8
      vertex 8.10476 91.0813 8
      vertex 7.073 91.3943 8
    endloop
  endfacet
  facet normal 0 0 1
    outer loop
      vertex 8.10476 91.0813 8
      vertex 7.07151 88.5869 8
      vertex 7.5556 88.3281 8
    endloop
  endfacet
  facet normal 0 0 1
    outer loop
      vertex 7.073 91.3943 8
      vertex 6.54625 88.7462 8
      vertex 7.07151 88.5869 8
    endloop
  endfacet
  facet normal 0 0 1
    outer loop
      vertex 6 91.5 8
      vertex 6.54625 88.7462 8
      vertex 7.073 91.3943 8
    endloop
  endfacet
  facet normal 0 0 1
    outer loop
      vertex 6 91.5 8
      vertex 6 88.8 8
      vertex 6.54625 88.7462 8
    endloop
  endfacet
  facet normal 0 0 1
    outer loop
      vertex 6 91.5 8
      vertex 5.45375 88.7462 8
      vertex 6 88.8 8
    endloop
  endfacet
  facet normal -0 0 1
    outer loop
      vertex 4.927 91.3943 8
      vertex 5.45375 88.7462 8
      vertex 6 91.5 8
    endloop
  endfacet
  facet normal 0 0 1
    outer loop
      vertex 5.45375 88.7462 8
      vertex 4.927 91.3943 8
      vertex 4.92849 88.5869 8
    endloop
  endfacet
  facet normal -0 0 1
    outer loop
      vertex 3.89524 91.0813 8
      vertex 4.92849 88.5869 8
      vertex 4.927 91.3943 8
    endloop
  endfacet
  facet normal 0 0 1
    outer loop
      vertex 4.92849 88.5869 8
      vertex 3.89524 91.0813 8
      vertex 4.4444 88.3281 8
    endloop
  endfacet
  facet normal -0 0 1
    outer loop
      vertex 2.94436 90.5731 8
      vertex 4.4444 88.3281 8
      vertex 3.89524 91.0813 8
    endloop
  endfacet
  facet normal 0 0 1
    outer loop
      vertex 4.4444 88.3281 8
      vertex 2.94436 90.5731 8
      vertex 4.0201 87.9799 8
    endloop
  endfacet
  facet normal -0 0 1
    outer loop
      vertex 2.11091 89.8891 8
      vertex 4.0201 87.9799 8
      vertex 2.94436 90.5731 8
    endloop
  endfacet
  facet normal 0 0 1
    outer loop
      vertex 4.0201 87.9799 8
      vertex 2.11091 89.8891 8
      vertex 3.67188 87.5556 8
    endloop
  endfacet
  facet normal 0 0 1
    outer loop
      vertex 3.67188 87.5556 8
      vertex 1.42692 89.0556 8
      vertex 3.41314 87.0715 8
    endloop
  endfacet
  facet normal -0 0 1
    outer loop
      vertex 1.42692 89.0556 8
      vertex 3.67188 87.5556 8
      vertex 2.11091 89.8891 8
    endloop
  endfacet
  facet normal -0 0 1
    outer loop
      vertex 8.32811 84.4444 8
      vertex 10.5731 82.9444 8
      vertex 8.58686 84.9285 8
    endloop
  endfacet
  facet normal 0 0 1
    outer loop
      vertex 10.5731 82.9444 8
      vertex 8.32811 84.4444 8
      vertex 9.88909 82.1109 8
    endloop
  endfacet
  facet normal -0 0 1
    outer loop
      vertex 7.9799 84.0201 8
      vertex 9.88909 82.1109 8
      vertex 8.32811 84.4444 8
    endloop
  endfacet
  facet normal 0 0 1
    outer loop
      vertex 9.88909 82.1109 8
      vertex 7.9799 84.0201 8
      vertex 9.05564 81.4269 8
    endloop
  endfacet
  facet normal -0 0 1
    outer loop
      vertex 7.5556 83.6719 8
      vertex 9.05564 81.4269 8
      vertex 7.9799 84.0201 8
    endloop
  endfacet
  facet normal 0 0 1
    outer loop
      vertex 9.05564 81.4269 8
      vertex 7.5556 83.6719 8
      vertex 8.10476 80.9187 8
    endloop
  endfacet
  facet normal -0 0 1
    outer loop
      vertex 7.07151 83.4131 8
      vertex 8.10476 80.9187 8
      vertex 7.5556 83.6719 8
    endloop
  endfacet
  facet normal 0 0 1
    outer loop
      vertex 8.10476 80.9187 8
      vertex 7.07151 83.4131 8
      vertex 7.073 80.6057 8
    endloop
  endfacet
  facet normal -0 0 1
    outer loop
      vertex 6.54625 83.2538 8
      vertex 7.073 80.6057 8
      vertex 7.07151 83.4131 8
    endloop
  endfacet
  facet normal -0 0 1
    outer loop
      vertex 6 83.2 8
      vertex 7.073 80.6057 8
      vertex 6.54625 83.2538 8
    endloop
  endfacet
  facet normal 0 0 1
    outer loop
      vertex 6 83.2 8
      vertex 6 80.5 8
      vertex 7.073 80.6057 8
    endloop
  endfacet
  facet normal 0 0 1
    outer loop
      vertex 5.45375 83.2538 8
      vertex 6 80.5 8
      vertex 6 83.2 8
    endloop
  endfacet
  facet normal 0 0 1
    outer loop
      vertex 4.927 80.6057 8
      vertex 5.45375 83.2538 8
      vertex 4.92849 83.4131 8
    endloop
  endfacet
  facet normal 0 0 1
    outer loop
      vertex 5.45375 83.2538 8
      vertex 4.927 80.6057 8
      vertex 6 80.5 8
    endloop
  endfacet
  facet normal 0 0 1
    outer loop
      vertex 3.89524 80.9187 8
      vertex 4.92849 83.4131 8
      vertex 4.4444 83.6719 8
    endloop
  endfacet
  facet normal 0 0 1
    outer loop
      vertex 2.94436 81.4269 8
      vertex 4.4444 83.6719 8
      vertex 4.0201 84.0201 8
    endloop
  endfacet
  facet normal 0 0 1
    outer loop
      vertex 4.92849 83.4131 8
      vertex 3.89524 80.9187 8
      vertex 4.927 80.6057 8
    endloop
  endfacet
  facet normal 0 0 1
    outer loop
      vertex 2.11091 82.1109 8
      vertex 4.0201 84.0201 8
      vertex 3.67188 84.4444 8
    endloop
  endfacet
  facet normal 0 0 1
    outer loop
      vertex 1.42692 82.9444 8
      vertex 3.67188 84.4444 8
      vertex 3.41314 84.9285 8
    endloop
  endfacet
  facet normal 0 0 1
    outer loop
      vertex 0.918662 83.8952 8
      vertex 3.41314 84.9285 8
      vertex 3.2538 85.4538 8
    endloop
  endfacet
  facet normal 0 0 1
    outer loop
      vertex 4.4444 83.6719 8
      vertex 2.94436 81.4269 8
      vertex 3.89524 80.9187 8
    endloop
  endfacet
  facet normal 0 0 1
    outer loop
      vertex 0.60568 84.927 8
      vertex 3.2538 85.4538 8
      vertex 3.2 86 8
    endloop
  endfacet
  facet normal -0 0 1
    outer loop
      vertex 0.918662 88.1048 8
      vertex 3.41314 87.0715 8
      vertex 1.42692 89.0556 8
    endloop
  endfacet
  facet normal 0 0 1
    outer loop
      vertex 3.41314 87.0715 8
      vertex 0.918662 88.1048 8
      vertex 3.2538 86.5462 8
    endloop
  endfacet
  facet normal 0 0 1
    outer loop
      vertex 4.0201 84.0201 8
      vertex 2.11091 82.1109 8
      vertex 2.94436 81.4269 8
    endloop
  endfacet
  facet normal -0 0 1
    outer loop
      vertex 0.60568 87.073 8
      vertex 3.2538 86.5462 8
      vertex 0.918662 88.1048 8
    endloop
  endfacet
  facet normal 0 0 1
    outer loop
      vertex 3.67188 84.4444 8
      vertex 1.42692 82.9444 8
      vertex 2.11091 82.1109 8
    endloop
  endfacet
  facet normal 0 0 1
    outer loop
      vertex 3.2538 86.5462 8
      vertex 0.60568 87.073 8
      vertex 3.2 86 8
    endloop
  endfacet
  facet normal 0 0 1
    outer loop
      vertex 3.41314 84.9285 8
      vertex 0.918662 83.8952 8
      vertex 1.42692 82.9444 8
    endloop
  endfacet
  facet normal 0 0 1
    outer loop
      vertex 0.5 86 8
      vertex 3.2 86 8
      vertex 0.60568 87.073 8
    endloop
  endfacet
  facet normal 0 0 1
    outer loop
      vertex 3.2538 85.4538 8
      vertex 0.60568 84.927 8
      vertex 0.918662 83.8952 8
    endloop
  endfacet
  facet normal 0 0 1
    outer loop
      vertex 3.2 86 8
      vertex 0.5 86 8
      vertex 0.60568 84.927 8
    endloop
  endfacet
  facet normal -0.634396 0.773008 0
    outer loop
      vertex 2.94436 90.5731 4
      vertex 2.11091 89.8891 8
      vertex 2.94436 90.5731 8
    endloop
  endfacet
  facet normal -0.634396 0.773008 0
    outer loop
      vertex 2.11091 89.8891 8
      vertex 2.94436 90.5731 4
      vertex 2.11091 89.8891 4
    endloop
  endfacet
  facet normal -0.290301 0.956935 0
    outer loop
      vertex 4.927 91.3943 4
      vertex 3.89524 91.0813 8
      vertex 4.927 91.3943 8
    endloop
  endfacet
  facet normal -0.290301 0.956935 0
    outer loop
      vertex 3.89524 91.0813 8
      vertex 4.927 91.3943 4
      vertex 3.89524 91.0813 4
    endloop
  endfacet
  facet normal 0.995183 -0.0980343 0
    outer loop
      vertex 11.3943 84.927 8
      vertex 11.5 86 4
      vertex 11.5 86 8
    endloop
  endfacet
  facet normal 0.995183 -0.0980343 0
    outer loop
      vertex 11.5 86 4
      vertex 11.3943 84.927 8
      vertex 11.3943 84.927 4
    endloop
  endfacet
  facet normal 0.290301 -0.956935 0
    outer loop
      vertex 7.073 80.6057 4
      vertex 8.10476 80.9187 8
      vertex 7.073 80.6057 8
    endloop
  endfacet
  facet normal 0.290301 -0.956935 0
    outer loop
      vertex 8.10476 80.9187 8
      vertex 7.073 80.6057 4
      vertex 8.10476 80.9187 4
    endloop
  endfacet
  facet normal 0.634396 -0.773008 0
    outer loop
      vertex 9.05564 81.4269 4
      vertex 9.88909 82.1109 8
      vertex 9.05564 81.4269 8
    endloop
  endfacet
  facet normal 0.634396 -0.773008 0
    outer loop
      vertex 9.88909 82.1109 8
      vertex 9.05564 81.4269 4
      vertex 9.88909 82.1109 4
    endloop
  endfacet
  facet normal -0.471356 -0.881943 0
    outer loop
      vertex 2.94436 81.4269 4
      vertex 3.89524 80.9187 8
      vertex 2.94436 81.4269 8
    endloop
  endfacet
  facet normal -0.471356 -0.881943 -0
    outer loop
      vertex 3.89524 80.9187 8
      vertex 2.94436 81.4269 4
      vertex 3.89524 80.9187 4
    endloop
  endfacet
  facet normal -0.0980343 -0.995183 0
    outer loop
      vertex 4.927 80.6057 4
      vertex 6 80.5 8
      vertex 4.927 80.6057 8
    endloop
  endfacet
  facet normal -0.0980343 -0.995183 -0
    outer loop
      vertex 6 80.5 8
      vertex 4.927 80.6057 4
      vertex 6 80.5 4
    endloop
  endfacet
  facet normal -0.773031 -0.634368 0
    outer loop
      vertex 2.11091 82.1109 4
      vertex 1.42692 82.9444 8
      vertex 1.42692 82.9444 4
    endloop
  endfacet
  facet normal -0.773031 -0.634368 0
    outer loop
      vertex 1.42692 82.9444 8
      vertex 2.11091 82.1109 4
      vertex 2.11091 82.1109 8
    endloop
  endfacet
  facet normal -0.634396 -0.773008 0
    outer loop
      vertex 2.11091 82.1109 4
      vertex 2.94436 81.4269 8
      vertex 2.11091 82.1109 8
    endloop
  endfacet
  facet normal -0.634396 -0.773008 -0
    outer loop
      vertex 2.94436 81.4269 8
      vertex 2.11091 82.1109 4
      vertex 2.94436 81.4269 4
    endloop
  endfacet
  facet normal -0.956943 -0.290275 0
    outer loop
      vertex 0.918662 83.8952 4
      vertex 0.60568 84.927 8
      vertex 0.60568 84.927 4
    endloop
  endfacet
  facet normal -0.956943 -0.290275 0
    outer loop
      vertex 0.60568 84.927 8
      vertex 0.918662 83.8952 4
      vertex 0.918662 83.8952 8
    endloop
  endfacet
  facet normal -0.995185 -0.098016 0
    outer loop
      vertex 0.60568 84.927 4
      vertex 0.5 86 8
      vertex 0.5 86 4
    endloop
  endfacet
  facet normal -0.995185 -0.098016 0
    outer loop
      vertex 0.5 86 8
      vertex 0.60568 84.927 4
      vertex 0.60568 84.927 8
    endloop
  endfacet
  facet normal 0.471356 -0.881943 0
    outer loop
      vertex 8.10476 80.9187 4
      vertex 9.05564 81.4269 8
      vertex 8.10476 80.9187 8
    endloop
  endfacet
  facet normal 0.471356 -0.881943 0
    outer loop
      vertex 9.05564 81.4269 8
      vertex 8.10476 80.9187 4
      vertex 9.05564 81.4269 4
    endloop
  endfacet
  facet normal 0.956939 -0.290291 0
    outer loop
      vertex 11.0813 83.8952 8
      vertex 11.3943 84.927 4
      vertex 11.3943 84.927 8
    endloop
  endfacet
  facet normal 0.956939 -0.290291 0
    outer loop
      vertex 11.3943 84.927 4
      vertex 11.0813 83.8952 8
      vertex 11.0813 83.8952 4
    endloop
  endfacet
  facet normal 0.881926 -0.471387 0
    outer loop
      vertex 10.5731 82.9444 8
      vertex 11.0813 83.8952 4
      vertex 11.0813 83.8952 8
    endloop
  endfacet
  facet normal 0.881926 -0.471387 0
    outer loop
      vertex 11.0813 83.8952 4
      vertex 10.5731 82.9444 8
      vertex 10.5731 82.9444 4
    endloop
  endfacet
  facet normal -0.290301 -0.956935 0
    outer loop
      vertex 3.89524 80.9187 4
      vertex 4.927 80.6057 8
      vertex 3.89524 80.9187 8
    endloop
  endfacet
  facet normal -0.290301 -0.956935 -0
    outer loop
      vertex 4.927 80.6057 8
      vertex 3.89524 80.9187 4
      vertex 4.927 80.6057 4
    endloop
  endfacet
  facet normal -0.881904 -0.471429 0
    outer loop
      vertex 1.42692 82.9444 4
      vertex 0.918662 83.8952 8
      vertex 0.918662 83.8952 4
    endloop
  endfacet
  facet normal -0.881904 -0.471429 0
    outer loop
      vertex 0.918662 83.8952 8
      vertex 1.42692 82.9444 4
      vertex 1.42692 82.9444 8
    endloop
  endfacet
  facet normal 0.995156 0.0983099 0
    outer loop
      vertex 209.5 86 8
      vertex 209.394 87.073 4
      vertex 209.394 87.073 8
    endloop
  endfacet
  facet normal 0.995156 0.0983099 0
    outer loop
      vertex 209.394 87.073 4
      vertex 209.5 86 8
      vertex 209.5 86 4
    endloop
  endfacet
  facet normal -0.0980343 0.995183 0
    outer loop
      vertex 204 91.5 4
      vertex 202.927 91.3943 8
      vertex 204 91.5 8
    endloop
  endfacet
  facet normal -0.0980343 0.995183 0
    outer loop
      vertex 202.927 91.3943 8
      vertex 204 91.5 4
      vertex 202.927 91.3943 4
    endloop
  endfacet
  facet normal 0.0980343 -0.995183 0
    outer loop
      vertex 204 80.5 4
      vertex 205.073 80.6057 8
      vertex 204 80.5 8
    endloop
  endfacet
  facet normal 0.0980343 -0.995183 0
    outer loop
      vertex 205.073 80.6057 8
      vertex 204 80.5 4
      vertex 205.073 80.6057 4
    endloop
  endfacet
  facet normal 0.634601 0.77284 -0
    outer loop
      vertex 207.889 89.8891 4
      vertex 207.056 90.5731 8
      vertex 207.889 89.8891 8
    endloop
  endfacet
  facet normal 0.634601 0.77284 0
    outer loop
      vertex 207.056 90.5731 8
      vertex 207.889 89.8891 4
      vertex 207.056 90.5731 4
    endloop
  endfacet
  facet normal -0.773027 0.634373 0
    outer loop
      vertex 199.427 89.0556 4
      vertex 200.111 89.8891 8
      vertex 200.111 89.8891 4
    endloop
  endfacet
  facet normal -0.773027 0.634373 0
    outer loop
      vertex 200.111 89.8891 8
      vertex 199.427 89.0556 4
      vertex 199.427 89.0556 8
    endloop
  endfacet
  facet normal -0.47131 0.881968 0
    outer loop
      vertex 201.895 91.0813 4
      vertex 200.944 90.5731 8
      vertex 201.895 91.0813 8
    endloop
  endfacet
  facet normal -0.47131 0.881968 0
    outer loop
      vertex 200.944 90.5731 8
      vertex 201.895 91.0813 4
      vertex 200.944 90.5731 4
    endloop
  endfacet
  facet normal 0.882003 -0.471243 0
    outer loop
      vertex 208.573 82.9444 8
      vertex 209.081 83.8952 4
      vertex 209.081 83.8952 8
    endloop
  endfacet
  facet normal 0.882003 -0.471243 0
    outer loop
      vertex 209.081 83.8952 4
      vertex 208.573 82.9444 8
      vertex 208.573 82.9444 4
    endloop
  endfacet
  facet normal 0.882003 0.471243 0
    outer loop
      vertex 209.081 88.1048 8
      vertex 208.573 89.0556 4
      vertex 208.573 89.0556 8
    endloop
  endfacet
  facet normal 0.882003 0.471243 0
    outer loop
      vertex 208.573 89.0556 4
      vertex 209.081 88.1048 8
      vertex 209.081 88.1048 4
    endloop
  endfacet
  facet normal 0.956939 0.290291 0
    outer loop
      vertex 209.394 87.073 8
      vertex 209.081 88.1048 4
      vertex 209.081 88.1048 8
    endloop
  endfacet
  facet normal 0.956939 0.290291 0
    outer loop
      vertex 209.081 88.1048 4
      vertex 209.394 87.073 8
      vertex 209.394 87.073 4
    endloop
  endfacet
  facet normal 0.773027 0.634373 0
    outer loop
      vertex 208.573 89.0556 8
      vertex 207.889 89.8891 4
      vertex 207.889 89.8891 8
    endloop
  endfacet
  facet normal 0.773027 0.634373 0
    outer loop
      vertex 207.889 89.8891 4
      vertex 208.573 89.0556 8
      vertex 208.573 89.0556 4
    endloop
  endfacet
  facet normal 0.290239 0.956954 -0
    outer loop
      vertex 206.105 91.0813 4
      vertex 205.073 91.3943 8
      vertex 206.105 91.0813 8
    endloop
  endfacet
  facet normal 0.290239 0.956954 0
    outer loop
      vertex 205.073 91.3943 8
      vertex 206.105 91.0813 4
      vertex 205.073 91.3943 4
    endloop
  endfacet
  facet normal 0.0980343 0.995183 -0
    outer loop
      vertex 205.073 91.3943 4
      vertex 204 91.5 8
      vertex 205.073 91.3943 8
    endloop
  endfacet
  facet normal 0.0980343 0.995183 0
    outer loop
      vertex 204 91.5 8
      vertex 205.073 91.3943 4
      vertex 204 91.5 4
    endloop
  endfacet
  facet normal 0.47131 0.881968 -0
    outer loop
      vertex 207.056 90.5731 4
      vertex 206.105 91.0813 8
      vertex 207.056 90.5731 8
    endloop
  endfacet
  facet normal 0.47131 0.881968 0
    outer loop
      vertex 206.105 91.0813 8
      vertex 207.056 90.5731 4
      vertex 206.105 91.0813 4
    endloop
  endfacet
  facet normal -0.956939 0.290291 0
    outer loop
      vertex 198.606 87.073 4
      vertex 198.919 88.1048 8
      vertex 198.919 88.1048 4
    endloop
  endfacet
  facet normal -0.956939 0.290291 0
    outer loop
      vertex 198.919 88.1048 8
      vertex 198.606 87.073 4
      vertex 198.606 87.073 8
    endloop
  endfacet
  facet normal -0.882003 0.471243 0
    outer loop
      vertex 198.919 88.1048 4
      vertex 199.427 89.0556 8
      vertex 199.427 89.0556 4
    endloop
  endfacet
  facet normal -0.882003 0.471243 0
    outer loop
      vertex 199.427 89.0556 8
      vertex 198.919 88.1048 4
      vertex 198.919 88.1048 8
    endloop
  endfacet
  facet normal -0.995156 0.0983099 0
    outer loop
      vertex 198.5 86 4
      vertex 198.606 87.073 8
      vertex 198.606 87.073 4
    endloop
  endfacet
  facet normal -0.995156 0.0983099 0
    outer loop
      vertex 198.606 87.073 8
      vertex 198.5 86 4
      vertex 198.5 86 8
    endloop
  endfacet
  facet normal 0 0 1
    outer loop
      vertex 206.8 86 8
      vertex 209.5 86 8
      vertex 209.394 87.073 8
    endloop
  endfacet
  facet normal 0 0 1
    outer loop
      vertex 206.746 86.5462 8
      vertex 209.394 87.073 8
      vertex 209.081 88.1048 8
    endloop
  endfacet
  facet normal 0 0 1
    outer loop
      vertex 209.5 86 8
      vertex 206.8 86 8
      vertex 209.394 84.927 8
    endloop
  endfacet
  facet normal 0 0 1
    outer loop
      vertex 206.587 87.0715 8
      vertex 209.081 88.1048 8
      vertex 208.573 89.0556 8
    endloop
  endfacet
  facet normal -0 0 1
    outer loop
      vertex 206.746 85.4538 8
      vertex 209.394 84.927 8
      vertex 206.8 86 8
    endloop
  endfacet
  facet normal 0 0 1
    outer loop
      vertex 206.328 87.5556 8
      vertex 208.573 89.0556 8
      vertex 207.889 89.8891 8
    endloop
  endfacet
  facet normal 0 0 1
    outer loop
      vertex 209.394 84.927 8
      vertex 206.746 85.4538 8
      vertex 209.081 83.8952 8
    endloop
  endfacet
  facet normal 0 0 1
    outer loop
      vertex 205.98 87.9799 8
      vertex 207.889 89.8891 8
      vertex 207.056 90.5731 8
    endloop
  endfacet
  facet normal -0 0 1
    outer loop
      vertex 206.587 84.9285 8
      vertex 209.081 83.8952 8
      vertex 206.746 85.4538 8
    endloop
  endfacet
  facet normal 0 0 1
    outer loop
      vertex 209.081 83.8952 8
      vertex 206.587 84.9285 8
      vertex 208.573 82.9444 8
    endloop
  endfacet
  facet normal 0 0 1
    outer loop
      vertex 209.394 87.073 8
      vertex 206.746 86.5462 8
      vertex 206.8 86 8
    endloop
  endfacet
  facet normal 0 0 1
    outer loop
      vertex 209.081 88.1048 8
      vertex 206.587 87.0715 8
      vertex 206.746 86.5462 8
    endloop
  endfacet
  facet normal 0 0 1
    outer loop
      vertex 208.573 89.0556 8
      vertex 206.328 87.5556 8
      vertex 206.587 87.0715 8
    endloop
  endfacet
  facet normal 0 0 1
    outer loop
      vertex 205.556 88.3281 8
      vertex 207.056 90.5731 8
      vertex 206.105 91.0813 8
    endloop
  endfacet
  facet normal 0 0 1
    outer loop
      vertex 207.889 89.8891 8
      vertex 205.98 87.9799 8
      vertex 206.328 87.5556 8
    endloop
  endfacet
  facet normal 0 0 1
    outer loop
      vertex 207.056 90.5731 8
      vertex 205.556 88.3281 8
      vertex 205.98 87.9799 8
    endloop
  endfacet
  facet normal 0 0 1
    outer loop
      vertex 205.072 88.5869 8
      vertex 206.105 91.0813 8
      vertex 205.073 91.3943 8
    endloop
  endfacet
  facet normal 0 0 1
    outer loop
      vertex 206.105 91.0813 8
      vertex 205.072 88.5869 8
      vertex 205.556 88.3281 8
    endloop
  endfacet
  facet normal 0 0 1
    outer loop
      vertex 205.073 91.3943 8
      vertex 204.546 88.7462 8
      vertex 205.072 88.5869 8
    endloop
  endfacet
  facet normal 0 0 1
    outer loop
      vertex 204 91.5 8
      vertex 204.546 88.7462 8
      vertex 205.073 91.3943 8
    endloop
  endfacet
  facet normal 0 0 1
    outer loop
      vertex 204 91.5 8
      vertex 204 88.8 8
      vertex 204.546 88.7462 8
    endloop
  endfacet
  facet normal 0 0 1
    outer loop
      vertex 204 91.5 8
      vertex 203.454 88.7462 8
      vertex 204 88.8 8
    endloop
  endfacet
  facet normal -0 0 1
    outer loop
      vertex 202.927 91.3943 8
      vertex 203.454 88.7462 8
      vertex 204 91.5 8
    endloop
  endfacet
  facet normal 0 0 1
    outer loop
      vertex 203.454 88.7462 8
      vertex 202.927 91.3943 8
      vertex 202.928 88.5869 8
    endloop
  endfacet
  facet normal -0 0 1
    outer loop
      vertex 201.895 91.0813 8
      vertex 202.928 88.5869 8
      vertex 202.927 91.3943 8
    endloop
  endfacet
  facet normal 0 0 1
    outer loop
      vertex 202.928 88.5869 8
      vertex 201.895 91.0813 8
      vertex 202.444 88.3281 8
    endloop
  endfacet
  facet normal -0 0 1
    outer loop
      vertex 200.944 90.5731 8
      vertex 202.444 88.3281 8
      vertex 201.895 91.0813 8
    endloop
  endfacet
  facet normal 0 0 1
    outer loop
      vertex 202.444 88.3281 8
      vertex 200.944 90.5731 8
      vertex 202.02 87.9799 8
    endloop
  endfacet
  facet normal -0 0 1
    outer loop
      vertex 200.111 89.8891 8
      vertex 202.02 87.9799 8
      vertex 200.944 90.5731 8
    endloop
  endfacet
  facet normal 0 0 1
    outer loop
      vertex 202.02 87.9799 8
      vertex 200.111 89.8891 8
      vertex 201.672 87.5556 8
    endloop
  endfacet
  facet normal 0 0 1
    outer loop
      vertex 201.672 87.5556 8
      vertex 199.427 89.0556 8
      vertex 201.413 87.0715 8
    endloop
  endfacet
  facet normal -0 0 1
    outer loop
      vertex 199.427 89.0556 8
      vertex 201.672 87.5556 8
      vertex 200.111 89.8891 8
    endloop
  endfacet
  facet normal -0 0 1
    outer loop
      vertex 206.328 84.4444 8
      vertex 208.573 82.9444 8
      vertex 206.587 84.9285 8
    endloop
  endfacet
  facet normal 0 0 1
    outer loop
      vertex 208.573 82.9444 8
      vertex 206.328 84.4444 8
      vertex 207.889 82.1109 8
    endloop
  endfacet
  facet normal -0 0 1
    outer loop
      vertex 205.98 84.0201 8
      vertex 207.889 82.1109 8
      vertex 206.328 84.4444 8
    endloop
  endfacet
  facet normal 0 0 1
    outer loop
      vertex 207.889 82.1109 8
      vertex 205.98 84.0201 8
      vertex 207.056 81.4269 8
    endloop
  endfacet
  facet normal -0 0 1
    outer loop
      vertex 205.556 83.6719 8
      vertex 207.056 81.4269 8
      vertex 205.98 84.0201 8
    endloop
  endfacet
  facet normal 0 0 1
    outer loop
      vertex 207.056 81.4269 8
      vertex 205.556 83.6719 8
      vertex 206.105 80.9187 8
    endloop
  endfacet
  facet normal -0 0 1
    outer loop
      vertex 205.072 83.4131 8
      vertex 206.105 80.9187 8
      vertex 205.556 83.6719 8
    endloop
  endfacet
  facet normal 0 0 1
    outer loop
      vertex 206.105 80.9187 8
      vertex 205.072 83.4131 8
      vertex 205.073 80.6057 8
    endloop
  endfacet
  facet normal -0 0 1
    outer loop
      vertex 204.546 83.2538 8
      vertex 205.073 80.6057 8
      vertex 205.072 83.4131 8
    endloop
  endfacet
  facet normal -0 0 1
    outer loop
      vertex 204 83.2 8
      vertex 205.073 80.6057 8
      vertex 204.546 83.2538 8
    endloop
  endfacet
  facet normal 0 0 1
    outer loop
      vertex 204 83.2 8
      vertex 204 80.5 8
      vertex 205.073 80.6057 8
    endloop
  endfacet
  facet normal 0 0 1
    outer loop
      vertex 203.454 83.2538 8
      vertex 204 80.5 8
      vertex 204 83.2 8
    endloop
  endfacet
  facet normal 0 0 1
    outer loop
      vertex 202.927 80.6057 8
      vertex 203.454 83.2538 8
      vertex 202.928 83.4131 8
    endloop
  endfacet
  facet normal 0 0 1
    outer loop
      vertex 203.454 83.2538 8
      vertex 202.927 80.6057 8
      vertex 204 80.5 8
    endloop
  endfacet
  facet normal 0 0 1
    outer loop
      vertex 201.895 80.9187 8
      vertex 202.928 83.4131 8
      vertex 202.444 83.6719 8
    endloop
  endfacet
  facet normal 0 0 1
    outer loop
      vertex 200.944 81.4269 8
      vertex 202.444 83.6719 8
      vertex 202.02 84.0201 8
    endloop
  endfacet
  facet normal 0 0 1
    outer loop
      vertex 202.928 83.4131 8
      vertex 201.895 80.9187 8
      vertex 202.927 80.6057 8
    endloop
  endfacet
  facet normal 0 0 1
    outer loop
      vertex 200.111 82.1109 8
      vertex 202.02 84.0201 8
      vertex 201.672 84.4444 8
    endloop
  endfacet
  facet normal 0 0 1
    outer loop
      vertex 199.427 82.9444 8
      vertex 201.672 84.4444 8
      vertex 201.413 84.9285 8
    endloop
  endfacet
  facet normal 0 0 1
    outer loop
      vertex 198.919 83.8952 8
      vertex 201.413 84.9285 8
      vertex 201.254 85.4538 8
    endloop
  endfacet
  facet normal 0 0 1
    outer loop
      vertex 202.444 83.6719 8
      vertex 200.944 81.4269 8
      vertex 201.895 80.9187 8
    endloop
  endfacet
  facet normal 0 0 1
    outer loop
      vertex 198.606 84.927 8
      vertex 201.254 85.4538 8
      vertex 201.2 86 8
    endloop
  endfacet
  facet normal -0 0 1
    outer loop
      vertex 198.919 88.1048 8
      vertex 201.413 87.0715 8
      vertex 199.427 89.0556 8
    endloop
  endfacet
  facet normal 0 0 1
    outer loop
      vertex 201.413 87.0715 8
      vertex 198.919 88.1048 8
      vertex 201.254 86.5462 8
    endloop
  endfacet
  facet normal 0 0 1
    outer loop
      vertex 202.02 84.0201 8
      vertex 200.111 82.1109 8
      vertex 200.944 81.4269 8
    endloop
  endfacet
  facet normal -0 0 1
    outer loop
      vertex 198.606 87.073 8
      vertex 201.254 86.5462 8
      vertex 198.919 88.1048 8
    endloop
  endfacet
  facet normal 0 0 1
    outer loop
      vertex 201.672 84.4444 8
      vertex 199.427 82.9444 8
      vertex 200.111 82.1109 8
    endloop
  endfacet
  facet normal 0 0 1
    outer loop
      vertex 201.254 86.5462 8
      vertex 198.606 87.073 8
      vertex 201.2 86 8
    endloop
  endfacet
  facet normal 0 0 1
    outer loop
      vertex 201.413 84.9285 8
      vertex 198.919 83.8952 8
      vertex 199.427 82.9444 8
    endloop
  endfacet
  facet normal 0 0 1
    outer loop
      vertex 198.5 86 8
      vertex 201.2 86 8
      vertex 198.606 87.073 8
    endloop
  endfacet
  facet normal 0 0 1
    outer loop
      vertex 201.254 85.4538 8
      vertex 198.606 84.927 8
      vertex 198.919 83.8952 8
    endloop
  endfacet
  facet normal 0 0 1
    outer loop
      vertex 201.2 86 8
      vertex 198.5 86 8
      vertex 198.606 84.927 8
    endloop
  endfacet
  facet normal -0.634601 0.77284 0
    outer loop
      vertex 200.944 90.5731 4
      vertex 200.111 89.8891 8
      vertex 200.944 90.5731 8
    endloop
  endfacet
  facet normal -0.634601 0.77284 0
    outer loop
      vertex 200.111 89.8891 8
      vertex 200.944 90.5731 4
      vertex 200.111 89.8891 4
    endloop
  endfacet
  facet normal -0.290239 0.956954 0
    outer loop
      vertex 202.927 91.3943 4
      vertex 201.895 91.0813 8
      vertex 202.927 91.3943 8
    endloop
  endfacet
  facet normal -0.290239 0.956954 0
    outer loop
      vertex 201.895 91.0813 8
      vertex 202.927 91.3943 4
      vertex 201.895 91.0813 4
    endloop
  endfacet
  facet normal 0.290239 -0.956954 0
    outer loop
      vertex 205.073 80.6057 4
      vertex 206.105 80.9187 8
      vertex 205.073 80.6057 8
    endloop
  endfacet
  facet normal 0.290239 -0.956954 0
    outer loop
      vertex 206.105 80.9187 8
      vertex 205.073 80.6057 4
      vertex 206.105 80.9187 4
    endloop
  endfacet
  facet normal 0.634601 -0.77284 0
    outer loop
      vertex 207.056 81.4269 4
      vertex 207.889 82.1109 8
      vertex 207.056 81.4269 8
    endloop
  endfacet
  facet normal 0.634601 -0.77284 0
    outer loop
      vertex 207.889 82.1109 8
      vertex 207.056 81.4269 4
      vertex 207.889 82.1109 4
    endloop
  endfacet
  facet normal -0.47131 -0.881968 0
    outer loop
      vertex 200.944 81.4269 4
      vertex 201.895 80.9187 8
      vertex 200.944 81.4269 8
    endloop
  endfacet
  facet normal -0.47131 -0.881968 -0
    outer loop
      vertex 201.895 80.9187 8
      vertex 200.944 81.4269 4
      vertex 201.895 80.9187 4
    endloop
  endfacet
  facet normal -0.0980343 -0.995183 0
    outer loop
      vertex 202.927 80.6057 4
      vertex 204 80.5 8
      vertex 202.927 80.6057 8
    endloop
  endfacet
  facet normal -0.0980343 -0.995183 -0
    outer loop
      vertex 204 80.5 8
      vertex 202.927 80.6057 4
      vertex 204 80.5 4
    endloop
  endfacet
  facet normal -0.773027 -0.634373 0
    outer loop
      vertex 200.111 82.1109 4
      vertex 199.427 82.9444 8
      vertex 199.427 82.9444 4
    endloop
  endfacet
  facet normal -0.773027 -0.634373 0
    outer loop
      vertex 199.427 82.9444 8
      vertex 200.111 82.1109 4
      vertex 200.111 82.1109 8
    endloop
  endfacet
  facet normal -0.634601 -0.77284 0
    outer loop
      vertex 200.111 82.1109 4
      vertex 200.944 81.4269 8
      vertex 200.111 82.1109 8
    endloop
  endfacet
  facet normal -0.634601 -0.77284 -0
    outer loop
      vertex 200.944 81.4269 8
      vertex 200.111 82.1109 4
      vertex 200.944 81.4269 4
    endloop
  endfacet
  facet normal -0.956939 -0.290291 0
    outer loop
      vertex 198.919 83.8952 4
      vertex 198.606 84.927 8
      vertex 198.606 84.927 4
    endloop
  endfacet
  facet normal -0.956939 -0.290291 0
    outer loop
      vertex 198.606 84.927 8
      vertex 198.919 83.8952 4
      vertex 198.919 83.8952 8
    endloop
  endfacet
  facet normal -0.995156 -0.0983099 0
    outer loop
      vertex 198.606 84.927 4
      vertex 198.5 86 8
      vertex 198.5 86 4
    endloop
  endfacet
  facet normal -0.995156 -0.0983099 0
    outer loop
      vertex 198.5 86 8
      vertex 198.606 84.927 4
      vertex 198.606 84.927 8
    endloop
  endfacet
  facet normal 0.47131 -0.881968 0
    outer loop
      vertex 206.105 80.9187 4
      vertex 207.056 81.4269 8
      vertex 206.105 80.9187 8
    endloop
  endfacet
  facet normal 0.47131 -0.881968 0
    outer loop
      vertex 207.056 81.4269 8
      vertex 206.105 80.9187 4
      vertex 207.056 81.4269 4
    endloop
  endfacet
  facet normal 0.773027 -0.634373 0
    outer loop
      vertex 207.889 82.1109 8
      vertex 208.573 82.9444 4
      vertex 208.573 82.9444 8
    endloop
  endfacet
  facet normal 0.773027 -0.634373 0
    outer loop
      vertex 208.573 82.9444 4
      vertex 207.889 82.1109 8
      vertex 207.889 82.1109 4
    endloop
  endfacet
  facet normal 0.956939 -0.290291 0
    outer loop
      vertex 209.081 83.8952 8
      vertex 209.394 84.927 4
      vertex 209.394 84.927 8
    endloop
  endfacet
  facet normal 0.956939 -0.290291 0
    outer loop
      vertex 209.394 84.927 4
      vertex 209.081 83.8952 8
      vertex 209.081 83.8952 4
    endloop
  endfacet
  facet normal 0.995156 -0.0983099 0
    outer loop
      vertex 209.394 84.927 8
      vertex 209.5 86 4
      vertex 209.5 86 8
    endloop
  endfacet
  facet normal 0.995156 -0.0983099 0
    outer loop
      vertex 209.5 86 4
      vertex 209.394 84.927 8
      vertex 209.394 84.927 4
    endloop
  endfacet
  facet normal -0.290239 -0.956954 0
    outer loop
      vertex 201.895 80.9187 4
      vertex 202.927 80.6057 8
      vertex 201.895 80.9187 8
    endloop
  endfacet
  facet normal -0.290239 -0.956954 -0
    outer loop
      vertex 202.927 80.6057 8
      vertex 201.895 80.9187 4
      vertex 202.927 80.6057 4
    endloop
  endfacet
  facet normal -0.882003 -0.471243 0
    outer loop
      vertex 199.427 82.9444 4
      vertex 198.919 83.8952 8
      vertex 198.919 83.8952 4
    endloop
  endfacet
  facet normal -0.882003 -0.471243 0
    outer loop
      vertex 198.919 83.8952 8
      vertex 199.427 82.9444 4
      vertex 199.427 82.9444 8
    endloop
  endfacet
  facet normal 0.0980616 -0.99518 0
    outer loop
      vertex 206 0 0
      vertex 206.78 0.0768585 4
      vertex 206 0 4
    endloop
  endfacet
  facet normal 0.0980616 -0.99518 0
    outer loop
      vertex 206.78 0.0768585 4
      vertex 206 0 0
      vertex 206.78 0.0768585 0
    endloop
  endfacet
  facet normal 0.290071 -0.957005 0
    outer loop
      vertex 206.78 0.0768585 0
      vertex 207.531 0.304489 4
      vertex 206.78 0.0768585 4
    endloop
  endfacet
  facet normal 0.290071 -0.957005 0
    outer loop
      vertex 207.531 0.304489 4
      vertex 206.78 0.0768585 0
      vertex 207.531 0.304489 0
    endloop
  endfacet
  facet normal -0.0981955 0.995167 0
    outer loop
      vertex 4 130 0
      vertex 3.21964 129.923 4
      vertex 4 130 4
    endloop
  endfacet
  facet normal -0.0981955 0.995167 0
    outer loop
      vertex 3.21964 129.923 4
      vertex 4 130 0
      vertex 3.21964 129.923 0
    endloop
  endfacet
  facet normal 1 -0 0
    outer loop
      vertex 210 4 4
      vertex 210 126 0
      vertex 210 126 4
    endloop
  endfacet
  facet normal 1 0 0
    outer loop
      vertex 210 126 0
      vertex 210 4 4
      vertex 210 4 0
    endloop
  endfacet
  facet normal -0.995185 -0.0980168 0
    outer loop
      vertex 0.0768585 3.21964 0
      vertex 0 4 4
      vertex 0 4 0
    endloop
  endfacet
  facet normal -0.995185 -0.0980168 0
    outer loop
      vertex 0 4 4
      vertex 0.0768585 3.21964 0
      vertex 0.0768585 3.21964 4
    endloop
  endfacet
  facet normal 0 0 1
    outer loop
      vertex 203.962 4.39018 4
      vertex 203.962 3.60982 4
      vertex 204 4 4
    endloop
  endfacet
  facet normal 0 0 1
    outer loop
      vertex 203.848 4.76537 4
      vertex 203.962 3.60982 4
      vertex 203.962 4.39018 4
    endloop
  endfacet
  facet normal 0 0 1
    outer loop
      vertex 203.848 4.76537 4
      vertex 203.848 3.23463 4
      vertex 203.962 3.60982 4
    endloop
  endfacet
  facet normal 0 0 1
    outer loop
      vertex 203.663 5.11114 4
      vertex 203.848 3.23463 4
      vertex 203.848 4.76537 4
    endloop
  endfacet
  facet normal 0 0 1
    outer loop
      vertex 203.663 5.11114 4
      vertex 203.663 2.88886 4
      vertex 203.848 3.23463 4
    endloop
  endfacet
  facet normal 0 0 1
    outer loop
      vertex 203.414 5.41421 4
      vertex 203.663 2.88886 4
      vertex 203.663 5.11114 4
    endloop
  endfacet
  facet normal 0 0 1
    outer loop
      vertex 203.414 5.41421 4
      vertex 203.414 2.58579 4
      vertex 203.663 2.88886 4
    endloop
  endfacet
  facet normal 0 0 1
    outer loop
      vertex 203.111 5.66294 4
      vertex 203.414 2.58579 4
      vertex 203.414 5.41421 4
    endloop
  endfacet
  facet normal 0 0 1
    outer loop
      vertex 203.111 5.66294 4
      vertex 203.111 2.33706 4
      vertex 203.414 2.58579 4
    endloop
  endfacet
  facet normal 0 0 1
    outer loop
      vertex 202.765 5.84776 4
      vertex 203.111 2.33706 4
      vertex 203.111 5.66294 4
    endloop
  endfacet
  facet normal 0 0 1
    outer loop
      vertex 202.765 5.84776 4
      vertex 202.765 2.15224 4
      vertex 203.111 2.33706 4
    endloop
  endfacet
  facet normal 0 0 1
    outer loop
      vertex 202.39 5.96157 4
      vertex 202.765 2.15224 4
      vertex 202.765 5.84776 4
    endloop
  endfacet
  facet normal 0 0 1
    outer loop
      vertex 202.39 5.96157 4
      vertex 202.39 2.03843 4
      vertex 202.765 2.15224 4
    endloop
  endfacet
  facet normal 0 0 1
    outer loop
      vertex 202 6 4
      vertex 202.39 2.03843 4
      vertex 202.39 5.96157 4
    endloop
  endfacet
  facet normal 0 0 1
    outer loop
      vertex 202 6 4
      vertex 202 2 4
      vertex 202.39 2.03843 4
    endloop
  endfacet
  facet normal -0 0 1
    outer loop
      vertex 201.61 5.96157 4
      vertex 202 2 4
      vertex 202 6 4
    endloop
  endfacet
  facet normal 0 0 1
    outer loop
      vertex 201.61 5.96157 4
      vertex 201.61 2.03843 4
      vertex 202 2 4
    endloop
  endfacet
  facet normal -0 0 1
    outer loop
      vertex 201.235 5.84776 4
      vertex 201.61 2.03843 4
      vertex 201.61 5.96157 4
    endloop
  endfacet
  facet normal 0 0 1
    outer loop
      vertex 201.235 5.84776 4
      vertex 201.235 2.15224 4
      vertex 201.61 2.03843 4
    endloop
  endfacet
  facet normal -0 0 1
    outer loop
      vertex 200.889 5.66294 4
      vertex 201.235 2.15224 4
      vertex 201.235 5.84776 4
    endloop
  endfacet
  facet normal 0 0 1
    outer loop
      vertex 200.889 5.66294 4
      vertex 200.889 2.33706 4
      vertex 201.235 2.15224 4
    endloop
  endfacet
  facet normal -0 0 1
    outer loop
      vertex 200.586 5.41421 4
      vertex 200.889 2.33706 4
      vertex 200.889 5.66294 4
    endloop
  endfacet
  facet normal 0 0 1
    outer loop
      vertex 200.586 5.41421 4
      vertex 200.586 2.58579 4
      vertex 200.889 2.33706 4
    endloop
  endfacet
  facet normal -0 0 1
    outer loop
      vertex 200.337 5.11114 4
      vertex 200.586 2.58579 4
      vertex 200.586 5.41421 4
    endloop
  endfacet
  facet normal 0 0 1
    outer loop
      vertex 200.337 5.11114 4
      vertex 200.337 2.88886 4
      vertex 200.586 2.58579 4
    endloop
  endfacet
  facet normal -0 0 1
    outer loop
      vertex 200.152 4.76537 4
      vertex 200.337 2.88886 4
      vertex 200.337 5.11114 4
    endloop
  endfacet
  facet normal 0 0 1
    outer loop
      vertex 200.152 4.76537 4
      vertex 200.152 3.23463 4
      vertex 200.337 2.88886 4
    endloop
  endfacet
  facet normal -0 0 1
    outer loop
      vertex 200.038 4.39018 4
      vertex 200.152 3.23463 4
      vertex 200.152 4.76537 4
    endloop
  endfacet
  facet normal 0 0 1
    outer loop
      vertex 200.038 4.39018 4
      vertex 200.038 3.60982 4
      vertex 200.152 3.23463 4
    endloop
  endfacet
  facet normal 0 -0 1
    outer loop
      vertex 200.038 3.60982 4
      vertex 200.038 4.39018 4
      vertex 200 4 4
    endloop
  endfacet
  facet normal 0 0 1
    outer loop
      vertex 203.962 76.3902 4
      vertex 203.962 75.6098 4
      vertex 204 76 4
    endloop
  endfacet
  facet normal 0 0 1
    outer loop
      vertex 203.848 76.7654 4
      vertex 203.962 75.6098 4
      vertex 203.962 76.3902 4
    endloop
  endfacet
  facet normal 0 0 1
    outer loop
      vertex 203.848 76.7654 4
      vertex 203.848 75.2346 4
      vertex 203.962 75.6098 4
    endloop
  endfacet
  facet normal 0 0 1
    outer loop
      vertex 203.663 77.1111 4
      vertex 203.848 75.2346 4
      vertex 203.848 76.7654 4
    endloop
  endfacet
  facet normal 0 0 1
    outer loop
      vertex 203.663 77.1111 4
      vertex 203.663 74.8889 4
      vertex 203.848 75.2346 4
    endloop
  endfacet
  facet normal 0 0 1
    outer loop
      vertex 203.414 77.4142 4
      vertex 203.663 74.8889 4
      vertex 203.663 77.1111 4
    endloop
  endfacet
  facet normal 0 0 1
    outer loop
      vertex 203.414 77.4142 4
      vertex 203.414 74.5858 4
      vertex 203.663 74.8889 4
    endloop
  endfacet
  facet normal 0 0 1
    outer loop
      vertex 203.111 77.6629 4
      vertex 203.414 74.5858 4
      vertex 203.414 77.4142 4
    endloop
  endfacet
  facet normal 0 0 1
    outer loop
      vertex 203.111 77.6629 4
      vertex 203.111 74.3371 4
      vertex 203.414 74.5858 4
    endloop
  endfacet
  facet normal 0 0 1
    outer loop
      vertex 202.765 77.8478 4
      vertex 203.111 74.3371 4
      vertex 203.111 77.6629 4
    endloop
  endfacet
  facet normal 0 0 1
    outer loop
      vertex 202.765 77.8478 4
      vertex 202.765 74.1522 4
      vertex 203.111 74.3371 4
    endloop
  endfacet
  facet normal 0 0 1
    outer loop
      vertex 202.39 77.9616 4
      vertex 202.765 74.1522 4
      vertex 202.765 77.8478 4
    endloop
  endfacet
  facet normal 0 0 1
    outer loop
      vertex 202.39 77.9616 4
      vertex 202.39 74.0384 4
      vertex 202.765 74.1522 4
    endloop
  endfacet
  facet normal 0 0 1
    outer loop
      vertex 202 78 4
      vertex 202.39 74.0384 4
      vertex 202.39 77.9616 4
    endloop
  endfacet
  facet normal 0 0 1
    outer loop
      vertex 202 78 4
      vertex 202 74 4
      vertex 202.39 74.0384 4
    endloop
  endfacet
  facet normal -0 0 1
    outer loop
      vertex 201.61 77.9616 4
      vertex 202 74 4
      vertex 202 78 4
    endloop
  endfacet
  facet normal 0 0 1
    outer loop
      vertex 201.61 77.9616 4
      vertex 201.61 74.0384 4
      vertex 202 74 4
    endloop
  endfacet
  facet normal -0 0 1
    outer loop
      vertex 201.235 77.8478 4
      vertex 201.61 74.0384 4
      vertex 201.61 77.9616 4
    endloop
  endfacet
  facet normal 0 0 1
    outer loop
      vertex 201.235 77.8478 4
      vertex 201.235 74.1522 4
      vertex 201.61 74.0384 4
    endloop
  endfacet
  facet normal -0 0 1
    outer loop
      vertex 200.889 77.6629 4
      vertex 201.235 74.1522 4
      vertex 201.235 77.8478 4
    endloop
  endfacet
  facet normal 0 0 1
    outer loop
      vertex 200.889 77.6629 4
      vertex 200.889 74.3371 4
      vertex 201.235 74.1522 4
    endloop
  endfacet
  facet normal -0 0 1
    outer loop
      vertex 200.586 77.4142 4
      vertex 200.889 74.3371 4
      vertex 200.889 77.6629 4
    endloop
  endfacet
  facet normal 0 0 1
    outer loop
      vertex 200.586 77.4142 4
      vertex 200.586 74.5858 4
      vertex 200.889 74.3371 4
    endloop
  endfacet
  facet normal -0 0 1
    outer loop
      vertex 200.337 77.1111 4
      vertex 200.586 74.5858 4
      vertex 200.586 77.4142 4
    endloop
  endfacet
  facet normal 0 0 1
    outer loop
      vertex 200.337 77.1111 4
      vertex 200.337 74.8889 4
      vertex 200.586 74.5858 4
    endloop
  endfacet
  facet normal -0 0 1
    outer loop
      vertex 200.152 76.7654 4
      vertex 200.337 74.8889 4
      vertex 200.337 77.1111 4
    endloop
  endfacet
  facet normal 0 0 1
    outer loop
      vertex 200.152 76.7654 4
      vertex 200.152 75.2346 4
      vertex 200.337 74.8889 4
    endloop
  endfacet
  facet normal -0 0 1
    outer loop
      vertex 200.038 76.3902 4
      vertex 200.152 75.2346 4
      vertex 200.152 76.7654 4
    endloop
  endfacet
  facet normal 0 0 1
    outer loop
      vertex 200.038 76.3902 4
      vertex 200.038 75.6098 4
      vertex 200.152 75.2346 4
    endloop
  endfacet
  facet normal 0 -0 1
    outer loop
      vertex 200.038 75.6098 4
      vertex 200.038 76.3902 4
      vertex 200 76 4
    endloop
  endfacet
  facet normal 0 0 1
    outer loop
      vertex 101.962 4.39018 4
      vertex 101.962 3.60982 4
      vertex 102 4 4
    endloop
  endfacet
  facet normal 0 0 1
    outer loop
      vertex 101.848 4.76537 4
      vertex 101.962 3.60982 4
      vertex 101.962 4.39018 4
    endloop
  endfacet
  facet normal 0 0 1
    outer loop
      vertex 101.848 4.76537 4
      vertex 101.848 3.23463 4
      vertex 101.962 3.60982 4
    endloop
  endfacet
  facet normal 0 0 1
    outer loop
      vertex 101.663 5.11114 4
      vertex 101.848 3.23463 4
      vertex 101.848 4.76537 4
    endloop
  endfacet
  facet normal 0 0 1
    outer loop
      vertex 101.663 5.11114 4
      vertex 101.663 2.88886 4
      vertex 101.848 3.23463 4
    endloop
  endfacet
  facet normal 0 0 1
    outer loop
      vertex 101.414 5.41421 4
      vertex 101.663 2.88886 4
      vertex 101.663 5.11114 4
    endloop
  endfacet
  facet normal 0 0 1
    outer loop
      vertex 101.414 5.41421 4
      vertex 101.414 2.58579 4
      vertex 101.663 2.88886 4
    endloop
  endfacet
  facet normal 0 0 1
    outer loop
      vertex 101.111 5.66294 4
      vertex 101.414 2.58579 4
      vertex 101.414 5.41421 4
    endloop
  endfacet
  facet normal 0 0 1
    outer loop
      vertex 101.111 5.66294 4
      vertex 101.111 2.33706 4
      vertex 101.414 2.58579 4
    endloop
  endfacet
  facet normal 0 0 1
    outer loop
      vertex 100.765 5.84776 4
      vertex 101.111 2.33706 4
      vertex 101.111 5.66294 4
    endloop
  endfacet
  facet normal 0 0 1
    outer loop
      vertex 100.765 5.84776 4
      vertex 100.765 2.15224 4
      vertex 101.111 2.33706 4
    endloop
  endfacet
  facet normal 0 0 1
    outer loop
      vertex 100.39 5.96157 4
      vertex 100.765 2.15224 4
      vertex 100.765 5.84776 4
    endloop
  endfacet
  facet normal 0 0 1
    outer loop
      vertex 100.39 5.96157 4
      vertex 100.39 2.03843 4
      vertex 100.765 2.15224 4
    endloop
  endfacet
  facet normal 0 0 1
    outer loop
      vertex 100 6 4
      vertex 100.39 2.03843 4
      vertex 100.39 5.96157 4
    endloop
  endfacet
  facet normal 0 0 1
    outer loop
      vertex 100 6 4
      vertex 100 2 4
      vertex 100.39 2.03843 4
    endloop
  endfacet
  facet normal -0 0 1
    outer loop
      vertex 99.6098 5.96157 4
      vertex 100 2 4
      vertex 100 6 4
    endloop
  endfacet
  facet normal 0 0 1
    outer loop
      vertex 99.6098 5.96157 4
      vertex 99.6098 2.03843 4
      vertex 100 2 4
    endloop
  endfacet
  facet normal -0 0 1
    outer loop
      vertex 99.2346 5.84776 4
      vertex 99.6098 2.03843 4
      vertex 99.6098 5.96157 4
    endloop
  endfacet
  facet normal 0 0 1
    outer loop
      vertex 99.2346 5.84776 4
      vertex 99.2346 2.15224 4
      vertex 99.6098 2.03843 4
    endloop
  endfacet
  facet normal -0 0 1
    outer loop
      vertex 98.8889 5.66294 4
      vertex 99.2346 2.15224 4
      vertex 99.2346 5.84776 4
    endloop
  endfacet
  facet normal 0 0 1
    outer loop
      vertex 98.8889 5.66294 4
      vertex 98.8889 2.33706 4
      vertex 99.2346 2.15224 4
    endloop
  endfacet
  facet normal -0 0 1
    outer loop
      vertex 98.5858 5.41421 4
      vertex 98.8889 2.33706 4
      vertex 98.8889 5.66294 4
    endloop
  endfacet
  facet normal 0 0 1
    outer loop
      vertex 98.5858 5.41421 4
      vertex 98.5858 2.58579 4
      vertex 98.8889 2.33706 4
    endloop
  endfacet
  facet normal -0 0 1
    outer loop
      vertex 98.3371 5.11114 4
      vertex 98.5858 2.58579 4
      vertex 98.5858 5.41421 4
    endloop
  endfacet
  facet normal 0 0 1
    outer loop
      vertex 98.3371 5.11114 4
      vertex 98.3371 2.88886 4
      vertex 98.5858 2.58579 4
    endloop
  endfacet
  facet normal -0 0 1
    outer loop
      vertex 98.1522 4.76537 4
      vertex 98.3371 2.88886 4
      vertex 98.3371 5.11114 4
    endloop
  endfacet
  facet normal 0 0 1
    outer loop
      vertex 98.1522 4.76537 4
      vertex 98.1522 3.23463 4
      vertex 98.3371 2.88886 4
    endloop
  endfacet
  facet normal -0 0 1
    outer loop
      vertex 98.0384 4.39018 4
      vertex 98.1522 3.23463 4
      vertex 98.1522 4.76537 4
    endloop
  endfacet
  facet normal 0 0 1
    outer loop
      vertex 98.0384 4.39018 4
      vertex 98.0384 3.60982 4
      vertex 98.1522 3.23463 4
    endloop
  endfacet
  facet normal 0 -0 1
    outer loop
      vertex 98.0384 3.60982 4
      vertex 98.0384 4.39018 4
      vertex 98 4 4
    endloop
  endfacet
  facet normal 0 0 1
    outer loop
      vertex 101.962 76.3902 4
      vertex 101.962 75.6098 4
      vertex 102 76 4
    endloop
  endfacet
  facet normal 0 0 1
    outer loop
      vertex 101.848 76.7654 4
      vertex 101.962 75.6098 4
      vertex 101.962 76.3902 4
    endloop
  endfacet
  facet normal 0 0 1
    outer loop
      vertex 101.848 76.7654 4
      vertex 101.848 75.2346 4
      vertex 101.962 75.6098 4
    endloop
  endfacet
  facet normal 0 0 1
    outer loop
      vertex 101.663 77.1111 4
      vertex 101.848 75.2346 4
      vertex 101.848 76.7654 4
    endloop
  endfacet
  facet normal 0 0 1
    outer loop
      vertex 101.663 77.1111 4
      vertex 101.663 74.8889 4
      vertex 101.848 75.2346 4
    endloop
  endfacet
  facet normal 0 0 1
    outer loop
      vertex 101.414 77.4142 4
      vertex 101.663 74.8889 4
      vertex 101.663 77.1111 4
    endloop
  endfacet
  facet normal 0 0 1
    outer loop
      vertex 101.414 77.4142 4
      vertex 101.414 74.5858 4
      vertex 101.663 74.8889 4
    endloop
  endfacet
  facet normal 0 0 1
    outer loop
      vertex 101.111 77.6629 4
      vertex 101.414 74.5858 4
      vertex 101.414 77.4142 4
    endloop
  endfacet
  facet normal 0 0 1
    outer loop
      vertex 101.111 77.6629 4
      vertex 101.111 74.3371 4
      vertex 101.414 74.5858 4
    endloop
  endfacet
  facet normal 0 0 1
    outer loop
      vertex 100.765 77.8478 4
      vertex 101.111 74.3371 4
      vertex 101.111 77.6629 4
    endloop
  endfacet
  facet normal 0 0 1
    outer loop
      vertex 100.765 77.8478 4
      vertex 100.765 74.1522 4
      vertex 101.111 74.3371 4
    endloop
  endfacet
  facet normal 0 0 1
    outer loop
      vertex 100.39 77.9616 4
      vertex 100.765 74.1522 4
      vertex 100.765 77.8478 4
    endloop
  endfacet
  facet normal 0 0 1
    outer loop
      vertex 100.39 77.9616 4
      vertex 100.39 74.0384 4
      vertex 100.765 74.1522 4
    endloop
  endfacet
  facet normal 0 0 1
    outer loop
      vertex 100 78 4
      vertex 100.39 74.0384 4
      vertex 100.39 77.9616 4
    endloop
  endfacet
  facet normal 0 0 1
    outer loop
      vertex 100 78 4
      vertex 100 74 4
      vertex 100.39 74.0384 4
    endloop
  endfacet
  facet normal -0 0 1
    outer loop
      vertex 99.6098 77.9616 4
      vertex 100 74 4
      vertex 100 78 4
    endloop
  endfacet
  facet normal 0 0 1
    outer loop
      vertex 99.6098 77.9616 4
      vertex 99.6098 74.0384 4
      vertex 100 74 4
    endloop
  endfacet
  facet normal -0 0 1
    outer loop
      vertex 99.2346 77.8478 4
      vertex 99.6098 74.0384 4
      vertex 99.6098 77.9616 4
    endloop
  endfacet
  facet normal 0 0 1
    outer loop
      vertex 99.2346 77.8478 4
      vertex 99.2346 74.1522 4
      vertex 99.6098 74.0384 4
    endloop
  endfacet
  facet normal -0 0 1
    outer loop
      vertex 98.8889 77.6629 4
      vertex 99.2346 74.1522 4
      vertex 99.2346 77.8478 4
    endloop
  endfacet
  facet normal 0 0 1
    outer loop
      vertex 98.8889 77.6629 4
      vertex 98.8889 74.3371 4
      vertex 99.2346 74.1522 4
    endloop
  endfacet
  facet normal -0 0 1
    outer loop
      vertex 98.5858 77.4142 4
      vertex 98.8889 74.3371 4
      vertex 98.8889 77.6629 4
    endloop
  endfacet
  facet normal 0 0 1
    outer loop
      vertex 98.5858 77.4142 4
      vertex 98.5858 74.5858 4
      vertex 98.8889 74.3371 4
    endloop
  endfacet
  facet normal -0 0 1
    outer loop
      vertex 98.3371 77.1111 4
      vertex 98.5858 74.5858 4
      vertex 98.5858 77.4142 4
    endloop
  endfacet
  facet normal 0 0 1
    outer loop
      vertex 98.3371 77.1111 4
      vertex 98.3371 74.8889 4
      vertex 98.5858 74.5858 4
    endloop
  endfacet
  facet normal -0 0 1
    outer loop
      vertex 98.1522 76.7654 4
      vertex 98.3371 74.8889 4
      vertex 98.3371 77.1111 4
    endloop
  endfacet
  facet normal 0 0 1
    outer loop
      vertex 98.1522 76.7654 4
      vertex 98.1522 75.2346 4
      vertex 98.3371 74.8889 4
    endloop
  endfacet
  facet normal -0 0 1
    outer loop
      vertex 98.0384 76.3902 4
      vertex 98.1522 75.2346 4
      vertex 98.1522 76.7654 4
    endloop
  endfacet
  facet normal 0 0 1
    outer loop
      vertex 98.0384 76.3902 4
      vertex 98.0384 75.6098 4
      vertex 98.1522 75.2346 4
    endloop
  endfacet
  facet normal 0 -0 1
    outer loop
      vertex 98.0384 75.6098 4
      vertex 98.0384 76.3902 4
      vertex 98 76 4
    endloop
  endfacet
  facet normal 0 0 1
    outer loop
      vertex 50.0899 55.0555 4
      vertex 11.9101 55.0555 4
      vertex 50.5251 54.5251 4
    endloop
  endfacet
  facet normal 0 0 1
    outer loop
      vertex 50.5251 15.4749 4
      vertex 12.4327 13.6828 4
      vertex 12.5 13 4
    endloop
  endfacet
  facet normal 0 0 1
    outer loop
      vertex 11.4749 54.5251 4
      vertex 50.5251 54.5251 4
      vertex 11.9101 55.0555 4
    endloop
  endfacet
  facet normal 0 0 1
    outer loop
      vertex 50.5251 15.4749 4
      vertex 12.2336 14.3394 4
      vertex 12.4327 13.6828 4
    endloop
  endfacet
  facet normal 0 0 1
    outer loop
      vertex 50.5251 54.5251 4
      vertex 11.4749 54.5251 4
      vertex 50.5251 15.4749 4
    endloop
  endfacet
  facet normal 0 0 1
    outer loop
      vertex 50.5251 15.4749 4
      vertex 11.9101 14.9445 4
      vertex 12.2336 14.3394 4
    endloop
  endfacet
  facet normal 0 0 1
    outer loop
      vertex 11.4749 15.4749 4
      vertex 50.5251 15.4749 4
      vertex 11.4749 54.5251 4
    endloop
  endfacet
  facet normal 0 0 1
    outer loop
      vertex 50.5251 15.4749 4
      vertex 11.4749 15.4749 4
      vertex 11.9101 14.9445 4
    endloop
  endfacet
  facet normal -0 0 1
    outer loop
      vertex 10.9445 54.0899 4
      vertex 11.4749 15.4749 4
      vertex 11.4749 54.5251 4
    endloop
  endfacet
  facet normal 0 0 1
    outer loop
      vertex 10.9445 54.0899 4
      vertex 10.9445 15.9101 4
      vertex 11.4749 15.4749 4
    endloop
  endfacet
  facet normal -0 0 1
    outer loop
      vertex 10.3394 53.7664 4
      vertex 10.9445 15.9101 4
      vertex 10.9445 54.0899 4
    endloop
  endfacet
  facet normal 0 0 1
    outer loop
      vertex 10.3394 53.7664 4
      vertex 10.3394 16.2336 4
      vertex 10.9445 15.9101 4
    endloop
  endfacet
  facet normal -0 0 1
    outer loop
      vertex 9.68282 53.5673 4
      vertex 10.3394 16.2336 4
      vertex 10.3394 53.7664 4
    endloop
  endfacet
  facet normal 0 0 1
    outer loop
      vertex 9.68282 53.5673 4
      vertex 9.68282 16.4327 4
      vertex 10.3394 16.2336 4
    endloop
  endfacet
  facet normal -0 0 1
    outer loop
      vertex 9 53.5 4
      vertex 9.68282 16.4327 4
      vertex 9.68282 53.5673 4
    endloop
  endfacet
  facet normal 0 0 1
    outer loop
      vertex 9 53.5 4
      vertex 9 16.5 4
      vertex 9.68282 16.4327 4
    endloop
  endfacet
  facet normal 0 0 1
    outer loop
      vertex 8.31718 53.5673 4
      vertex 9 16.5 4
      vertex 9 53.5 4
    endloop
  endfacet
  facet normal 0 0 1
    outer loop
      vertex 8.31718 53.5673 4
      vertex 8.31718 16.4327 4
      vertex 9 16.5 4
    endloop
  endfacet
  facet normal 0 0 1
    outer loop
      vertex 7.66061 53.7664 4
      vertex 8.31718 16.4327 4
      vertex 8.31718 53.5673 4
    endloop
  endfacet
  facet normal 0 0 1
    outer loop
      vertex 7.66061 53.7664 4
      vertex 7.66061 16.2336 4
      vertex 8.31718 16.4327 4
    endloop
  endfacet
  facet normal 0 0 1
    outer loop
      vertex 7.0555 54.0899 4
      vertex 7.66061 16.2336 4
      vertex 7.66061 53.7664 4
    endloop
  endfacet
  facet normal 0 0 1
    outer loop
      vertex 7.0555 54.0899 4
      vertex 7.0555 15.9101 4
      vertex 7.66061 16.2336 4
    endloop
  endfacet
  facet normal 0 0 1
    outer loop
      vertex 6.52513 54.5251 4
      vertex 7.0555 15.9101 4
      vertex 7.0555 54.0899 4
    endloop
  endfacet
  facet normal 0 0 1
    outer loop
      vertex 6.52513 54.5251 4
      vertex 6.52513 15.4749 4
      vertex 7.0555 15.9101 4
    endloop
  endfacet
  facet normal 0 0 1
    outer loop
      vertex 6.08986 55.0555 4
      vertex 6.52513 15.4749 4
      vertex 6.52513 54.5251 4
    endloop
  endfacet
  facet normal 0 0 1
    outer loop
      vertex 6.08986 55.0555 4
      vertex 6.08986 14.9445 4
      vertex 6.52513 15.4749 4
    endloop
  endfacet
  facet normal 0 0 1
    outer loop
      vertex 5.76642 55.6606 4
      vertex 6.08986 14.9445 4
      vertex 6.08986 55.0555 4
    endloop
  endfacet
  facet normal 0 0 1
    outer loop
      vertex 5.76642 55.6606 4
      vertex 5.76642 14.3394 4
      vertex 6.08986 14.9445 4
    endloop
  endfacet
  facet normal 0 0 1
    outer loop
      vertex 0 4 4
      vertex 5.76642 55.6606 4
      vertex 5.56725 56.3172 4
    endloop
  endfacet
  facet normal 0 0 1
    outer loop
      vertex 5.76642 55.6606 4
      vertex 0 4 4
      vertex 5.76642 14.3394 4
    endloop
  endfacet
  facet normal 0 0 1
    outer loop
      vertex 0 4 4
      vertex 5.56725 56.3172 4
      vertex 5.5 57 4
    endloop
  endfacet
  facet normal 0 0 1
    outer loop
      vertex 5.76642 14.3394 4
      vertex 0 4 4
      vertex 5.56725 13.6828 4
    endloop
  endfacet
  facet normal 0 0 1
    outer loop
      vertex 63.3333 38.9944 4
      vertex 54.3394 53.7664 4
      vertex 62.8787 38.6213 4
    endloop
  endfacet
  facet normal 0 0 1
    outer loop
      vertex 62 36.5 4
      vertex 56.4327 13.6828 4
      vertex 56.5 13 4
    endloop
  endfacet
  facet normal -0 0 1
    outer loop
      vertex 53.6828 53.5673 4
      vertex 62.8787 38.6213 4
      vertex 54.3394 53.7664 4
    endloop
  endfacet
  facet normal 0 0 1
    outer loop
      vertex 62 36.5 4
      vertex 56.2336 14.3394 4
      vertex 56.4327 13.6828 4
    endloop
  endfacet
  facet normal 0 0 1
    outer loop
      vertex 62.8787 38.6213 4
      vertex 53.6828 53.5673 4
      vertex 62.5056 38.1667 4
    endloop
  endfacet
  facet normal 0 0 1
    outer loop
      vertex 62 36.5 4
      vertex 55.9101 14.9445 4
      vertex 56.2336 14.3394 4
    endloop
  endfacet
  facet normal -0 0 1
    outer loop
      vertex 53 53.5 4
      vertex 62.5056 38.1667 4
      vertex 53.6828 53.5673 4
    endloop
  endfacet
  facet normal 0 0 1
    outer loop
      vertex 62 36.5 4
      vertex 55.4749 15.4749 4
      vertex 55.9101 14.9445 4
    endloop
  endfacet
  facet normal 0 0 1
    outer loop
      vertex 62.5056 38.1667 4
      vertex 53 53.5 4
      vertex 62.2284 37.648 4
    endloop
  endfacet
  facet normal 0 0 1
    outer loop
      vertex 62 36.5 4
      vertex 54.9445 15.9101 4
      vertex 55.4749 15.4749 4
    endloop
  endfacet
  facet normal 0 0 1
    outer loop
      vertex 52.3172 53.5673 4
      vertex 62.2284 37.648 4
      vertex 53 53.5 4
    endloop
  endfacet
  facet normal 0 0 1
    outer loop
      vertex 62 36.5 4
      vertex 54.3394 16.2336 4
      vertex 54.9445 15.9101 4
    endloop
  endfacet
  facet normal 0 0 1
    outer loop
      vertex 62.2284 37.648 4
      vertex 52.3172 53.5673 4
      vertex 62.0576 37.0853 4
    endloop
  endfacet
  facet normal 0 0 1
    outer loop
      vertex 62 36.5 4
      vertex 53.6828 16.4327 4
      vertex 54.3394 16.2336 4
    endloop
  endfacet
  facet normal 0 0 1
    outer loop
      vertex 51.6606 53.7664 4
      vertex 62.0576 37.0853 4
      vertex 52.3172 53.5673 4
    endloop
  endfacet
  facet normal 0 0 1
    outer loop
      vertex 62 36.5 4
      vertex 53 16.5 4
      vertex 53.6828 16.4327 4
    endloop
  endfacet
  facet normal 0 0 1
    outer loop
      vertex 62.0576 37.0853 4
      vertex 51.6606 53.7664 4
      vertex 62 36.5 4
    endloop
  endfacet
  facet normal 0 0 1
    outer loop
      vertex 62 36.5 4
      vertex 52.3172 16.4327 4
      vertex 53 16.5 4
    endloop
  endfacet
  facet normal 0 0 1
    outer loop
      vertex 51.0555 54.0899 4
      vertex 62 36.5 4
      vertex 51.6606 53.7664 4
    endloop
  endfacet
  facet normal 0 0 1
    outer loop
      vertex 62 36.5 4
      vertex 51.6606 16.2336 4
      vertex 52.3172 16.4327 4
    endloop
  endfacet
  facet normal 0 0 1
    outer loop
      vertex 51.0555 15.9101 4
      vertex 62 36.5 4
      vertex 51.0555 54.0899 4
    endloop
  endfacet
  facet normal 0 0 1
    outer loop
      vertex 62 36.5 4
      vertex 51.0555 15.9101 4
      vertex 51.6606 16.2336 4
    endloop
  endfacet
  facet normal 0 0 1
    outer loop
      vertex 50.5251 54.5251 4
      vertex 51.0555 15.9101 4
      vertex 51.0555 54.0899 4
    endloop
  endfacet
  facet normal 0 0 1
    outer loop
      vertex 50.5251 54.5251 4
      vertex 50.5251 15.4749 4
      vertex 51.0555 15.9101 4
    endloop
  endfacet
  facet normal 0 0 1
    outer loop
      vertex 12.2336 55.6606 4
      vertex 49.7664 55.6606 4
      vertex 12.4327 56.3172 4
    endloop
  endfacet
  facet normal 0 0 1
    outer loop
      vertex 49.7664 55.6606 4
      vertex 12.2336 55.6606 4
      vertex 50.0899 55.0555 4
    endloop
  endfacet
  facet normal 0 0 1
    outer loop
      vertex 49.5673 56.3172 4
      vertex 12.4327 56.3172 4
      vertex 49.7664 55.6606 4
    endloop
  endfacet
  facet normal 0 0 1
    outer loop
      vertex 11.9101 55.0555 4
      vertex 50.0899 55.0555 4
      vertex 12.2336 55.6606 4
    endloop
  endfacet
  facet normal 0 0 1
    outer loop
      vertex 12.4327 56.3172 4
      vertex 49.5673 56.3172 4
      vertex 12.5 57 4
    endloop
  endfacet
  facet normal 0 0 1
    outer loop
      vertex 50.5251 15.4749 4
      vertex 12.5 13 4
      vertex 50.0899 14.9445 4
    endloop
  endfacet
  facet normal -0 0 1
    outer loop
      vertex 12.5 57 4
      vertex 49.5673 56.3172 4
      vertex 49.5 57 4
    endloop
  endfacet
  facet normal 0 0 1
    outer loop
      vertex 50.0899 14.9445 4
      vertex 12.5 13 4
      vertex 49.7664 14.3394 4
    endloop
  endfacet
  facet normal 0 0 1
    outer loop
      vertex 66.6667 38.9944 4
      vertex 56.4327 57.6828 4
      vertex 56.5 57 4
    endloop
  endfacet
  facet normal 0 0 1
    outer loop
      vertex 57.7779 82.8427 4
      vertex 56.2336 58.3394 4
      vertex 56.4327 57.6828 4
    endloop
  endfacet
  facet normal 0 0 1
    outer loop
      vertex 54.3394 60.2336 4
      vertex 56.9134 82.3806 4
      vertex 55.9755 82.0961 4
    endloop
  endfacet
  facet normal 0 0 1
    outer loop
      vertex 57.7779 82.8427 4
      vertex 55.9101 58.9445 4
      vertex 56.2336 58.3394 4
    endloop
  endfacet
  facet normal 0 0 1
    outer loop
      vertex 57.7779 82.8427 4
      vertex 55.4749 59.4749 4
      vertex 55.9101 58.9445 4
    endloop
  endfacet
  facet normal 0 0 1
    outer loop
      vertex 53.6828 60.4327 4
      vertex 55.9755 82.0961 4
      vertex 55 82 4
    endloop
  endfacet
  facet normal 0 0 1
    outer loop
      vertex 57.7779 82.8427 4
      vertex 54.9445 59.9101 4
      vertex 55.4749 59.4749 4
    endloop
  endfacet
  facet normal 0 0 1
    outer loop
      vertex 56.9134 82.3806 4
      vertex 54.3394 60.2336 4
      vertex 54.9445 59.9101 4
    endloop
  endfacet
  facet normal 0 0 1
    outer loop
      vertex 53 60.5 4
      vertex 55 82 4
      vertex 54.0245 82.0961 4
    endloop
  endfacet
  facet normal 0 0 1
    outer loop
      vertex 55.9755 82.0961 4
      vertex 53.6828 60.4327 4
      vertex 54.3394 60.2336 4
    endloop
  endfacet
  facet normal 0 0 1
    outer loop
      vertex 52.3172 60.4327 4
      vertex 54.0245 82.0961 4
      vertex 53.0866 82.3806 4
    endloop
  endfacet
  facet normal 0 0 1
    outer loop
      vertex 55 82 4
      vertex 53 60.5 4
      vertex 53.6828 60.4327 4
    endloop
  endfacet
  facet normal 0 0 1
    outer loop
      vertex 54.0245 82.0961 4
      vertex 52.3172 60.4327 4
      vertex 53 60.5 4
    endloop
  endfacet
  facet normal 0 0 1
    outer loop
      vertex 51.6606 60.2336 4
      vertex 53.0866 82.3806 4
      vertex 52.2221 82.8427 4
    endloop
  endfacet
  facet normal 0 0 1
    outer loop
      vertex 53.0866 82.3806 4
      vertex 51.6606 60.2336 4
      vertex 52.3172 60.4327 4
    endloop
  endfacet
  facet normal 0 0 1
    outer loop
      vertex 51.0555 59.9101 4
      vertex 52.2221 82.8427 4
      vertex 51.4645 83.4645 4
    endloop
  endfacet
  facet normal 0 0 1
    outer loop
      vertex 52.2221 82.8427 4
      vertex 51.0555 59.9101 4
      vertex 51.6606 60.2336 4
    endloop
  endfacet
  facet normal 0 0 1
    outer loop
      vertex 25.5355 83.4645 4
      vertex 51.4645 83.4645 4
      vertex 50.8427 84.2222 4
    endloop
  endfacet
  facet normal 0 0 1
    outer loop
      vertex 51.4645 83.4645 4
      vertex 50.5251 59.4749 4
      vertex 51.0555 59.9101 4
    endloop
  endfacet
  facet normal 0 0 1
    outer loop
      vertex 26.1573 84.2222 4
      vertex 50.8427 84.2222 4
      vertex 50.3806 85.0866 4
    endloop
  endfacet
  facet normal 0 0 1
    outer loop
      vertex 26.6194 85.0866 4
      vertex 50.3806 85.0866 4
      vertex 50.0961 86.0246 4
    endloop
  endfacet
  facet normal 0 0 1
    outer loop
      vertex 51.4645 83.4645 4
      vertex 25.5355 83.4645 4
      vertex 50.5251 59.4749 4
    endloop
  endfacet
  facet normal 0 0 1
    outer loop
      vertex 26.9039 86.0246 4
      vertex 50.0961 86.0246 4
      vertex 50 87 4
    endloop
  endfacet
  facet normal 0 0 1
    outer loop
      vertex 50.8427 84.2222 4
      vertex 26.1573 84.2222 4
      vertex 25.5355 83.4645 4
    endloop
  endfacet
  facet normal 0 0 1
    outer loop
      vertex 17 87 4
      vertex 11.4749 59.4749 4
      vertex 11.9101 58.9445 4
    endloop
  endfacet
  facet normal 0 0 1
    outer loop
      vertex 11.0813 83.8952 4
      vertex 17 87 4
      vertex 11.3943 84.927 4
    endloop
  endfacet
  facet normal 0 0 1
    outer loop
      vertex 10.5731 82.9444 4
      vertex 17 87 4
      vertex 11.0813 83.8952 4
    endloop
  endfacet
  facet normal 0 0 1
    outer loop
      vertex 9.88909 82.1109 4
      vertex 17 87 4
      vertex 10.5731 82.9444 4
    endloop
  endfacet
  facet normal 0 0 1
    outer loop
      vertex 17 87 4
      vertex 9.88909 82.1109 4
      vertex 11.4749 59.4749 4
    endloop
  endfacet
  facet normal 0 0 1
    outer loop
      vertex 11.4749 59.4749 4
      vertex 9.88909 82.1109 4
      vertex 10.9445 59.9101 4
    endloop
  endfacet
  facet normal -0 0 1
    outer loop
      vertex 9.05564 81.4269 4
      vertex 10.9445 59.9101 4
      vertex 9.88909 82.1109 4
    endloop
  endfacet
  facet normal 0 0 1
    outer loop
      vertex 10.9445 59.9101 4
      vertex 9.05564 81.4269 4
      vertex 10.3394 60.2336 4
    endloop
  endfacet
  facet normal -0 0 1
    outer loop
      vertex 8.10476 80.9187 4
      vertex 10.3394 60.2336 4
      vertex 9.05564 81.4269 4
    endloop
  endfacet
  facet normal 0 0 1
    outer loop
      vertex 10.3394 60.2336 4
      vertex 8.10476 80.9187 4
      vertex 9.68282 60.4327 4
    endloop
  endfacet
  facet normal -0 0 1
    outer loop
      vertex 7.073 80.6057 4
      vertex 9.68282 60.4327 4
      vertex 8.10476 80.9187 4
    endloop
  endfacet
  facet normal 0 0 1
    outer loop
      vertex 9.68282 60.4327 4
      vertex 7.073 80.6057 4
      vertex 9 60.5 4
    endloop
  endfacet
  facet normal 0 0 1
    outer loop
      vertex 9 60.5 4
      vertex 7.073 80.6057 4
      vertex 8.31718 60.4327 4
    endloop
  endfacet
  facet normal -0 0 1
    outer loop
      vertex 6 80.5 4
      vertex 8.31718 60.4327 4
      vertex 7.073 80.6057 4
    endloop
  endfacet
  facet normal 0 0 1
    outer loop
      vertex 8.31718 60.4327 4
      vertex 6 80.5 4
      vertex 7.66061 60.2336 4
    endloop
  endfacet
  facet normal 0 0 1
    outer loop
      vertex 4.927 80.6057 4
      vertex 7.66061 60.2336 4
      vertex 6 80.5 4
    endloop
  endfacet
  facet normal 0 0 1
    outer loop
      vertex 7.66061 60.2336 4
      vertex 4.927 80.6057 4
      vertex 7.0555 59.9101 4
    endloop
  endfacet
  facet normal 0 0 1
    outer loop
      vertex 3.89524 80.9187 4
      vertex 7.0555 59.9101 4
      vertex 4.927 80.6057 4
    endloop
  endfacet
  facet normal 0 0 1
    outer loop
      vertex 7.0555 59.9101 4
      vertex 3.89524 80.9187 4
      vertex 6.52513 59.4749 4
    endloop
  endfacet
  facet normal 0 0 1
    outer loop
      vertex 2.94436 81.4269 4
      vertex 6.52513 59.4749 4
      vertex 3.89524 80.9187 4
    endloop
  endfacet
  facet normal 0 0 1
    outer loop
      vertex 6.52513 59.4749 4
      vertex 2.94436 81.4269 4
      vertex 6.08986 58.9445 4
    endloop
  endfacet
  facet normal 0 0 1
    outer loop
      vertex 6.08986 58.9445 4
      vertex 2.11091 82.1109 4
      vertex 5.76642 58.3394 4
    endloop
  endfacet
  facet normal 0 0 1
    outer loop
      vertex 2.11091 82.1109 4
      vertex 6.08986 58.9445 4
      vertex 2.94436 81.4269 4
    endloop
  endfacet
  facet normal 0 0 1
    outer loop
      vertex 8.10476 91.0813 4
      vertex 7 100 4
      vertex 7.073 91.3943 4
    endloop
  endfacet
  facet normal 0 0 1
    outer loop
      vertex 7 100 4
      vertex 6 91.5 4
      vertex 7.073 91.3943 4
    endloop
  endfacet
  facet normal -0 0 1
    outer loop
      vertex 4 100 4
      vertex 6 91.5 4
      vertex 7 100 4
    endloop
  endfacet
  facet normal 0 0 1
    outer loop
      vertex 6 91.5 4
      vertex 4 100 4
      vertex 4.927 91.3943 4
    endloop
  endfacet
  facet normal 0 0 1
    outer loop
      vertex 4.927 91.3943 4
      vertex 4 100 4
      vertex 3.89524 91.0813 4
    endloop
  endfacet
  facet normal 0 0 1
    outer loop
      vertex 121.975 82.0961 4
      vertex 93 36.5 4
      vertex 94 26 4
    endloop
  endfacet
  facet normal 0 0 1
    outer loop
      vertex 94 50 4
      vertex 92.9424 37.0853 4
      vertex 93 36.5 4
    endloop
  endfacet
  facet normal 0 0 1
    outer loop
      vertex 94 50 4
      vertex 92.7716 37.648 4
      vertex 92.9424 37.0853 4
    endloop
  endfacet
  facet normal 0 0 1
    outer loop
      vertex 94 50 4
      vertex 92.4944 38.1667 4
      vertex 92.7716 37.648 4
    endloop
  endfacet
  facet normal 0 0 1
    outer loop
      vertex 94 50 4
      vertex 92.1213 38.6213 4
      vertex 92.4944 38.1667 4
    endloop
  endfacet
  facet normal 0 0 1
    outer loop
      vertex 94 50 4
      vertex 91.6667 38.9944 4
      vertex 92.1213 38.6213 4
    endloop
  endfacet
  facet normal 0 0 1
    outer loop
      vertex 94 50 4
      vertex 91.148 39.2716 4
      vertex 91.6667 38.9944 4
    endloop
  endfacet
  facet normal -0 0 1
    outer loop
      vertex 91 50 4
      vertex 91.148 39.2716 4
      vertex 94 50 4
    endloop
  endfacet
  facet normal 0 0 1
    outer loop
      vertex 91.148 39.2716 4
      vertex 91 50 4
      vertex 90.5853 39.4424 4
    endloop
  endfacet
  facet normal 0 0 1
    outer loop
      vertex 100.683 7.43275 4
      vertex 94 20 4
      vertex 100 7.5 4
    endloop
  endfacet
  facet normal 0 0 1
    outer loop
      vertex 98.6606 7.23358 4
      vertex 95.3943 7.073 4
      vertex 95.5 6 4
    endloop
  endfacet
  facet normal 0 0 1
    outer loop
      vertex 94 56 4
      vertex 95.3943 68.927 4
      vertex 95.0813 67.8952 4
    endloop
  endfacet
  facet normal -0 0 1
    outer loop
      vertex 93.8891 9.88909 4
      vertex 100 7.5 4
      vertex 94 20 4
    endloop
  endfacet
  facet normal 0 0 1
    outer loop
      vertex 94 56 4
      vertex 95.0813 67.8952 4
      vertex 94.5731 66.9444 4
    endloop
  endfacet
  facet normal 0 0 1
    outer loop
      vertex 100 7.5 4
      vertex 93.8891 9.88909 4
      vertex 99.3172 7.43275 4
    endloop
  endfacet
  facet normal 0 0 1
    outer loop
      vertex 95.3943 68.927 4
      vertex 94 56 4
      vertex 94 50 4
    endloop
  endfacet
  facet normal -0 0 1
    outer loop
      vertex 93.8891 66.1109 4
      vertex 94 56 4
      vertex 94.5731 66.9444 4
    endloop
  endfacet
  facet normal -0 0 1
    outer loop
      vertex 93.0556 65.4269 4
      vertex 94 56 4
      vertex 93.8891 66.1109 4
    endloop
  endfacet
  facet normal -0 0 1
    outer loop
      vertex 92.1048 64.9187 4
      vertex 94 56 4
      vertex 93.0556 65.4269 4
    endloop
  endfacet
  facet normal -0 0 1
    outer loop
      vertex 91.073 64.6057 4
      vertex 94 56 4
      vertex 92.1048 64.9187 4
    endloop
  endfacet
  facet normal 0 0 1
    outer loop
      vertex 91.073 64.6057 4
      vertex 91 56 4
      vertex 94 56 4
    endloop
  endfacet
  facet normal 0 0 1
    outer loop
      vertex 86.1109 66.1109 4
      vertex 91 50 4
      vertex 91 56 4
    endloop
  endfacet
  facet normal -0 0 1
    outer loop
      vertex 90 64.5 4
      vertex 91 56 4
      vertex 91.073 64.6057 4
    endloop
  endfacet
  facet normal 0 0 1
    outer loop
      vertex 88.927 64.6057 4
      vertex 91 56 4
      vertex 90 64.5 4
    endloop
  endfacet
  facet normal 0 0 1
    outer loop
      vertex 91 50 4
      vertex 90 39.5 4
      vertex 90.5853 39.4424 4
    endloop
  endfacet
  facet normal 0 0 1
    outer loop
      vertex 91 50 4
      vertex 89.4147 39.4424 4
      vertex 90 39.5 4
    endloop
  endfacet
  facet normal 0 0 1
    outer loop
      vertex 87.8952 64.9187 4
      vertex 91 56 4
      vertex 88.927 64.6057 4
    endloop
  endfacet
  facet normal 0 0 1
    outer loop
      vertex 91 50 4
      vertex 88.852 39.2716 4
      vertex 89.4147 39.4424 4
    endloop
  endfacet
  facet normal 0 0 1
    outer loop
      vertex 86.9444 65.4269 4
      vertex 91 56 4
      vertex 87.8952 64.9187 4
    endloop
  endfacet
  facet normal 0 0 1
    outer loop
      vertex 91 50 4
      vertex 88.3333 38.9944 4
      vertex 88.852 39.2716 4
    endloop
  endfacet
  facet normal 0 0 1
    outer loop
      vertex 86.1109 66.1109 4
      vertex 91 56 4
      vertex 86.9444 65.4269 4
    endloop
  endfacet
  facet normal 0 0 1
    outer loop
      vertex 91 50 4
      vertex 87.8787 38.6213 4
      vertex 88.3333 38.9944 4
    endloop
  endfacet
  facet normal 0 0 1
    outer loop
      vertex 85.4269 66.9444 4
      vertex 91 50 4
      vertex 86.1109 66.1109 4
    endloop
  endfacet
  facet normal 0 0 1
    outer loop
      vertex 91 50 4
      vertex 87.5056 38.1667 4
      vertex 87.8787 38.6213 4
    endloop
  endfacet
  facet normal 0 0 1
    outer loop
      vertex 91 50 4
      vertex 85.4269 66.9444 4
      vertex 87.5056 38.1667 4
    endloop
  endfacet
  facet normal 0 0 1
    outer loop
      vertex 87.5056 38.1667 4
      vertex 85.4269 66.9444 4
      vertex 87.2284 37.648 4
    endloop
  endfacet
  facet normal 0 0 1
    outer loop
      vertex 120.025 82.0961 4
      vertex 102.91 74.0555 4
      vertex 121 82 4
    endloop
  endfacet
  facet normal 0 0 1
    outer loop
      vertex 121.975 82.0961 4
      vertex 103.433 4.68282 4
      vertex 103.5 4 4
    endloop
  endfacet
  facet normal 0 0 1
    outer loop
      vertex 102.475 73.5251 4
      vertex 121 82 4
      vertex 102.91 74.0555 4
    endloop
  endfacet
  facet normal 0 0 1
    outer loop
      vertex 121.975 82.0961 4
      vertex 103.234 5.33939 4
      vertex 103.433 4.68282 4
    endloop
  endfacet
  facet normal 0 0 1
    outer loop
      vertex 94 50 4
      vertex 121 82 4
      vertex 102.475 73.5251 4
    endloop
  endfacet
  facet normal 0 0 1
    outer loop
      vertex 121.975 82.0961 4
      vertex 102.91 5.9445 4
      vertex 103.234 5.33939 4
    endloop
  endfacet
  facet normal 0 0 1
    outer loop
      vertex 94 50 4
      vertex 102.475 73.5251 4
      vertex 101.944 73.0899 4
    endloop
  endfacet
  facet normal 0 0 1
    outer loop
      vertex 93 36.5 4
      vertex 121.975 82.0961 4
      vertex 94 50 4
    endloop
  endfacet
  facet normal -0 0 1
    outer loop
      vertex 121 82 4
      vertex 94 50 4
      vertex 121.975 82.0961 4
    endloop
  endfacet
  facet normal 0 0 1
    outer loop
      vertex 121.975 82.0961 4
      vertex 94 26 4
      vertex 102.91 5.9445 4
    endloop
  endfacet
  facet normal 0 0 1
    outer loop
      vertex 94 50 4
      vertex 101.944 73.0899 4
      vertex 101.339 72.7664 4
    endloop
  endfacet
  facet normal 0 0 1
    outer loop
      vertex 102.91 5.9445 4
      vertex 94 26 4
      vertex 102.475 6.47487 4
    endloop
  endfacet
  facet normal -0 0 1
    outer loop
      vertex 100 72.5 4
      vertex 95.3943 68.927 4
      vertex 100.683 72.5673 4
    endloop
  endfacet
  facet normal -0 0 1
    outer loop
      vertex 100.683 72.5673 4
      vertex 95.3943 68.927 4
      vertex 101.339 72.7664 4
    endloop
  endfacet
  facet normal 0 0 1
    outer loop
      vertex 99.3172 72.5673 4
      vertex 95.3943 68.927 4
      vertex 100 72.5 4
    endloop
  endfacet
  facet normal 0 0 1
    outer loop
      vertex 94 50 4
      vertex 101.339 72.7664 4
      vertex 95.3943 68.927 4
    endloop
  endfacet
  facet normal 0 0 1
    outer loop
      vertex 95.3943 68.927 4
      vertex 99.3172 72.5673 4
      vertex 95.5 70 4
    endloop
  endfacet
  facet normal 0 0 1
    outer loop
      vertex 102.475 6.47487 4
      vertex 94 26 4
      vertex 101.944 6.91014 4
    endloop
  endfacet
  facet normal 0 0 1
    outer loop
      vertex 95.5 70 4
      vertex 99.3172 72.5673 4
      vertex 98.6606 72.7664 4
    endloop
  endfacet
  facet normal -0 0 1
    outer loop
      vertex 94 20 4
      vertex 101.944 6.91014 4
      vertex 94 26 4
    endloop
  endfacet
  facet normal 0 0 1
    outer loop
      vertex 95.3943 71.073 4
      vertex 98.6606 72.7664 4
      vertex 98.0555 73.0899 4
    endloop
  endfacet
  facet normal 0 0 1
    outer loop
      vertex 101.944 6.91014 4
      vertex 94 20 4
      vertex 101.339 7.23358 4
    endloop
  endfacet
  facet normal 0 0 1
    outer loop
      vertex 95.3943 71.073 4
      vertex 98.0555 73.0899 4
      vertex 97.5251 73.5251 4
    endloop
  endfacet
  facet normal 0 0 1
    outer loop
      vertex 101.339 7.23358 4
      vertex 94 20 4
      vertex 100.683 7.43275 4
    endloop
  endfacet
  facet normal 0 0 1
    outer loop
      vertex 95.0813 72.1048 4
      vertex 97.5251 73.5251 4
      vertex 97.0899 74.0555 4
    endloop
  endfacet
  facet normal 0 0 1
    outer loop
      vertex 98.6606 7.23358 4
      vertex 95.5 6 4
      vertex 98.0555 6.91014 4
    endloop
  endfacet
  facet normal 0 0 1
    outer loop
      vertex 94.5731 73.0556 4
      vertex 97.0899 74.0555 4
      vertex 96.7664 74.6606 4
    endloop
  endfacet
  facet normal 0 0 1
    outer loop
      vertex 98.0555 6.91014 4
      vertex 95.5 6 4
      vertex 97.5251 6.47487 4
    endloop
  endfacet
  facet normal 0 0 1
    outer loop
      vertex 93.8891 73.8891 4
      vertex 96.7664 74.6606 4
      vertex 96.5673 75.3172 4
    endloop
  endfacet
  facet normal 0 0 1
    outer loop
      vertex 97.5251 6.47487 4
      vertex 95.5 6 4
      vertex 97.0899 5.9445 4
    endloop
  endfacet
  facet normal 0 0 1
    outer loop
      vertex 93.8891 73.8891 4
      vertex 96.5673 75.3172 4
      vertex 96.5 76 4
    endloop
  endfacet
  facet normal 0 0 1
    outer loop
      vertex 97.0899 5.9445 4
      vertex 95.5 6 4
      vertex 96.7664 5.33939 4
    endloop
  endfacet
  facet normal 0 0 1
    outer loop
      vertex 117.464 83.4645 4
      vertex 103.433 76.6828 4
      vertex 103.5 76 4
    endloop
  endfacet
  facet normal 0 0 1
    outer loop
      vertex 116 87 4
      vertex 103.234 77.3394 4
      vertex 103.433 76.6828 4
    endloop
  endfacet
  facet normal 0 0 1
    outer loop
      vertex 101.339 79.2336 4
      vertex 106 100 4
      vertex 103 100 4
    endloop
  endfacet
  facet normal 0 0 1
    outer loop
      vertex 116 87 4
      vertex 102.91 77.9445 4
      vertex 103.234 77.3394 4
    endloop
  endfacet
  facet normal 0 0 1
    outer loop
      vertex 209.081 83.8952 4
      vertex 205.234 74.6606 4
      vertex 210 4 4
    endloop
  endfacet
  facet normal 0 0 1
    outer loop
      vertex 210 4 4
      vertex 205.433 4.68282 4
      vertex 205.5 4 4
    endloop
  endfacet
  facet normal -0 0 1
    outer loop
      vertex 204.91 74.0555 4
      vertex 210 4 4
      vertex 205.234 74.6606 4
    endloop
  endfacet
  facet normal 0 0 1
    outer loop
      vertex 210 4 4
      vertex 205.234 5.33939 4
      vertex 205.433 4.68282 4
    endloop
  endfacet
  facet normal -0 0 1
    outer loop
      vertex 204.475 73.5251 4
      vertex 210 4 4
      vertex 204.91 74.0555 4
    endloop
  endfacet
  facet normal 0 0 1
    outer loop
      vertex 210 4 4
      vertex 204.91 5.9445 4
      vertex 205.234 5.33939 4
    endloop
  endfacet
  facet normal -0 0 1
    outer loop
      vertex 203.944 73.0899 4
      vertex 210 4 4
      vertex 204.475 73.5251 4
    endloop
  endfacet
  facet normal 0 0 1
    outer loop
      vertex 210 4 4
      vertex 204.475 6.47487 4
      vertex 204.91 5.9445 4
    endloop
  endfacet
  facet normal -0 0 1
    outer loop
      vertex 203.944 6.91014 4
      vertex 210 4 4
      vertex 203.944 73.0899 4
    endloop
  endfacet
  facet normal 0 0 1
    outer loop
      vertex 210 4 4
      vertex 203.944 6.91014 4
      vertex 204.475 6.47487 4
    endloop
  endfacet
  facet normal -0 0 1
    outer loop
      vertex 203.339 72.7664 4
      vertex 203.944 6.91014 4
      vertex 203.944 73.0899 4
    endloop
  endfacet
  facet normal 0 0 1
    outer loop
      vertex 203.339 72.7664 4
      vertex 203.339 7.23358 4
      vertex 203.944 6.91014 4
    endloop
  endfacet
  facet normal -0 0 1
    outer loop
      vertex 202.683 72.5673 4
      vertex 203.339 7.23358 4
      vertex 203.339 72.7664 4
    endloop
  endfacet
  facet normal 0 0 1
    outer loop
      vertex 202.683 72.5673 4
      vertex 202.683 7.43275 4
      vertex 203.339 7.23358 4
    endloop
  endfacet
  facet normal -0 0 1
    outer loop
      vertex 202 72.5 4
      vertex 202.683 7.43275 4
      vertex 202.683 72.5673 4
    endloop
  endfacet
  facet normal 0 0 1
    outer loop
      vertex 202 72.5 4
      vertex 202 7.5 4
      vertex 202.683 7.43275 4
    endloop
  endfacet
  facet normal 0 0 1
    outer loop
      vertex 201.317 72.5673 4
      vertex 202 7.5 4
      vertex 202 72.5 4
    endloop
  endfacet
  facet normal 0 0 1
    outer loop
      vertex 201.317 72.5673 4
      vertex 201.317 7.43275 4
      vertex 202 7.5 4
    endloop
  endfacet
  facet normal 0 0 1
    outer loop
      vertex 200.661 72.7664 4
      vertex 201.317 7.43275 4
      vertex 201.317 72.5673 4
    endloop
  endfacet
  facet normal 0 0 1
    outer loop
      vertex 200.661 72.7664 4
      vertex 200.661 7.23358 4
      vertex 201.317 7.43275 4
    endloop
  endfacet
  facet normal 0 0 1
    outer loop
      vertex 200.056 73.0899 4
      vertex 200.661 7.23358 4
      vertex 200.661 72.7664 4
    endloop
  endfacet
  facet normal 0 0 1
    outer loop
      vertex 200.056 73.0899 4
      vertex 200.056 6.91014 4
      vertex 200.661 7.23358 4
    endloop
  endfacet
  facet normal 0 0 1
    outer loop
      vertex 199.525 73.5251 4
      vertex 200.056 6.91014 4
      vertex 200.056 73.0899 4
    endloop
  endfacet
  facet normal 0 0 1
    outer loop
      vertex 199.525 73.5251 4
      vertex 199.525 6.47487 4
      vertex 200.056 6.91014 4
    endloop
  endfacet
  facet normal 0 0 1
    outer loop
      vertex 186.025 82.0961 4
      vertex 199.525 73.5251 4
      vertex 199.09 74.0555 4
    endloop
  endfacet
  facet normal 0 0 1
    outer loop
      vertex 199.525 73.5251 4
      vertex 155.913 82.3806 4
      vertex 199.525 6.47487 4
    endloop
  endfacet
  facet normal 0 0 1
    outer loop
      vertex 187 82 4
      vertex 199.09 74.0555 4
      vertex 198.766 74.6606 4
    endloop
  endfacet
  facet normal 0 0 1
    outer loop
      vertex 199.525 73.5251 4
      vertex 185.087 82.3806 4
      vertex 155.913 82.3806 4
    endloop
  endfacet
  facet normal 0 0 1
    outer loop
      vertex 187.975 82.0961 4
      vertex 198.766 74.6606 4
      vertex 198.567 75.3172 4
    endloop
  endfacet
  facet normal -0 0 1
    outer loop
      vertex 154.975 82.0961 4
      vertex 199.525 6.47487 4
      vertex 155.913 82.3806 4
    endloop
  endfacet
  facet normal 0 0 1
    outer loop
      vertex 188.913 82.3806 4
      vertex 198.567 75.3172 4
      vertex 198.5 76 4
    endloop
  endfacet
  facet normal 0 0 1
    outer loop
      vertex 199.525 73.5251 4
      vertex 186.025 82.0961 4
      vertex 185.087 82.3806 4
    endloop
  endfacet
  facet normal 0 0 1
    outer loop
      vertex 206 130 4
      vertex 210 126 4
      vertex 209.923 126.78 4
    endloop
  endfacet
  facet normal 0 0 1
    outer loop
      vertex 210 126 4
      vertex 209.5 86 4
      vertex 210 4 4
    endloop
  endfacet
  facet normal 0 0 1
    outer loop
      vertex 206 130 4
      vertex 209.923 126.78 4
      vertex 209.696 127.531 4
    endloop
  endfacet
  facet normal -0 0 1
    outer loop
      vertex 209.394 84.927 4
      vertex 210 4 4
      vertex 209.5 86 4
    endloop
  endfacet
  facet normal -0 0 1
    outer loop
      vertex 209.081 83.8952 4
      vertex 210 4 4
      vertex 209.394 84.927 4
    endloop
  endfacet
  facet normal 0 0 1
    outer loop
      vertex 210 126 4
      vertex 209.394 87.073 4
      vertex 209.5 86 4
    endloop
  endfacet
  facet normal 0 0 1
    outer loop
      vertex 206 130 4
      vertex 209.696 127.531 4
      vertex 209.326 128.222 4
    endloop
  endfacet
  facet normal 0 0 1
    outer loop
      vertex 210 126 4
      vertex 209.081 88.1048 4
      vertex 209.394 87.073 4
    endloop
  endfacet
  facet normal 0 0 1
    outer loop
      vertex 206 130 4
      vertex 209.326 128.222 4
      vertex 208.828 128.828 4
    endloop
  endfacet
  facet normal 0 0 1
    outer loop
      vertex 210 126 4
      vertex 205 106 4
      vertex 209.081 88.1048 4
    endloop
  endfacet
  facet normal 0 0 1
    outer loop
      vertex 206 130 4
      vertex 208.828 128.828 4
      vertex 208.222 129.326 4
    endloop
  endfacet
  facet normal 0 0 1
    outer loop
      vertex 209.081 88.1048 4
      vertex 205 106 4
      vertex 208.573 89.0556 4
    endloop
  endfacet
  facet normal 0 0 1
    outer loop
      vertex 206 130 4
      vertex 208.222 129.326 4
      vertex 207.531 129.696 4
    endloop
  endfacet
  facet normal -0 0 1
    outer loop
      vertex 205 100 4
      vertex 208.573 89.0556 4
      vertex 205 106 4
    endloop
  endfacet
  facet normal 0 0 1
    outer loop
      vertex 206 130 4
      vertex 207.531 129.696 4
      vertex 206.78 129.923 4
    endloop
  endfacet
  facet normal 0 0 1
    outer loop
      vertex 208.573 89.0556 4
      vertex 205 100 4
      vertex 207.889 89.8891 4
    endloop
  endfacet
  facet normal 0 0 1
    outer loop
      vertex 210 126 4
      vertex 206 130 4
      vertex 202 106 4
    endloop
  endfacet
  facet normal 0 0 1
    outer loop
      vertex 207.889 89.8891 4
      vertex 205 100 4
      vertex 207.056 90.5731 4
    endloop
  endfacet
  facet normal 0 0 1
    outer loop
      vertex 207.056 90.5731 4
      vertex 205 100 4
      vertex 206.105 91.0813 4
    endloop
  endfacet
  facet normal 0 0 1
    outer loop
      vertex 210 126 4
      vertex 202 106 4
      vertex 205 106 4
    endloop
  endfacet
  facet normal 0 0 1
    outer loop
      vertex 187.975 91.9039 4
      vertex 202 100 4
      vertex 202 106 4
    endloop
  endfacet
  facet normal 0 0 1
    outer loop
      vertex 202 100 4
      vertex 200.944 90.5731 4
      vertex 201.895 91.0813 4
    endloop
  endfacet
  facet normal 0 -0 1
    outer loop
      vertex 190.536 90.5355 4
      vertex 202 100 4
      vertex 189.778 91.1573 4
    endloop
  endfacet
  facet normal 0 -0 1
    outer loop
      vertex 200.111 89.8891 4
      vertex 202 100 4
      vertex 190.536 90.5355 4
    endloop
  endfacet
  facet normal 0 -0 1
    outer loop
      vertex 191.157 89.7778 4
      vertex 200.111 89.8891 4
      vertex 190.536 90.5355 4
    endloop
  endfacet
  facet normal 0 0 1
    outer loop
      vertex 172 106 4
      vertex 202 106 4
      vertex 206 130 4
    endloop
  endfacet
  facet normal 0 0 1
    outer loop
      vertex 202 100 4
      vertex 200.111 89.8891 4
      vertex 200.944 90.5731 4
    endloop
  endfacet
  facet normal -0 0 1
    outer loop
      vertex 189.778 82.8427 4
      vertex 198.766 77.3394 4
      vertex 190.536 83.4645 4
    endloop
  endfacet
  facet normal -0 0 1
    outer loop
      vertex 191.904 86.0246 4
      vertex 198.5 86 4
      vertex 192 87 4
    endloop
  endfacet
  facet normal 0 0 1
    outer loop
      vertex 198.606 87.073 4
      vertex 192 87 4
      vertex 198.5 86 4
    endloop
  endfacet
  facet normal 0 0 1
    outer loop
      vertex 200.111 89.8891 4
      vertex 191.157 89.7778 4
      vertex 199.427 89.0556 4
    endloop
  endfacet
  facet normal 0 0 1
    outer loop
      vertex 198.606 87.073 4
      vertex 191.904 87.9754 4
      vertex 192 87 4
    endloop
  endfacet
  facet normal 0 0 1
    outer loop
      vertex 198.919 88.1048 4
      vertex 191.904 87.9754 4
      vertex 198.606 87.073 4
    endloop
  endfacet
  facet normal 0 -0 1
    outer loop
      vertex 191.904 87.9754 4
      vertex 198.919 88.1048 4
      vertex 191.619 88.9134 4
    endloop
  endfacet
  facet normal 0 0 1
    outer loop
      vertex 199.427 89.0556 4
      vertex 191.619 88.9134 4
      vertex 198.919 88.1048 4
    endloop
  endfacet
  facet normal 0 -0 1
    outer loop
      vertex 191.619 88.9134 4
      vertex 199.427 89.0556 4
      vertex 191.157 89.7778 4
    endloop
  endfacet
  facet normal 0 0 1
    outer loop
      vertex 202 100 4
      vertex 188.913 91.6194 4
      vertex 189.778 91.1573 4
    endloop
  endfacet
  facet normal 0 0 1
    outer loop
      vertex 202 100 4
      vertex 187.975 91.9039 4
      vertex 188.913 91.6194 4
    endloop
  endfacet
  facet normal 0 -0 1
    outer loop
      vertex 187 92 4
      vertex 202 106 4
      vertex 172 106 4
    endloop
  endfacet
  facet normal 0 0 1
    outer loop
      vertex 202 106 4
      vertex 187 92 4
      vertex 187.975 91.9039 4
    endloop
  endfacet
  facet normal 0 0 1
    outer loop
      vertex 187 92 4
      vertex 172 106 4
      vertex 186.025 91.9039 4
    endloop
  endfacet
  facet normal -0 0 1
    outer loop
      vertex 172 100 4
      vertex 186.025 91.9039 4
      vertex 172 106 4
    endloop
  endfacet
  facet normal 0 0 1
    outer loop
      vertex 186.025 91.9039 4
      vertex 172 100 4
      vertex 185.087 91.6194 4
    endloop
  endfacet
  facet normal 0 0 1
    outer loop
      vertex 185.087 91.6194 4
      vertex 172 100 4
      vertex 184.222 91.1573 4
    endloop
  endfacet
  facet normal 0 0 1
    outer loop
      vertex 182.381 88.9134 4
      vertex 172 100 4
      vertex 182.096 87.9754 4
    endloop
  endfacet
  facet normal 0 0 1
    outer loop
      vertex 182.843 89.7778 4
      vertex 172 100 4
      vertex 182.381 88.9134 4
    endloop
  endfacet
  facet normal 0 0 1
    outer loop
      vertex 183.464 90.5355 4
      vertex 172 100 4
      vertex 182.843 89.7778 4
    endloop
  endfacet
  facet normal 0 0 1
    outer loop
      vertex 184.222 91.1573 4
      vertex 172 100 4
      vertex 183.464 90.5355 4
    endloop
  endfacet
  facet normal 0 0 1
    outer loop
      vertex 206 130 4
      vertex 169 106 4
      vertex 172 106 4
    endloop
  endfacet
  facet normal 0 0 1
    outer loop
      vertex 154.975 91.9039 4
      vertex 169 100 4
      vertex 169 106 4
    endloop
  endfacet
  facet normal 0 0 1
    outer loop
      vertex 169 100 4
      vertex 158.904 87.9754 4
      vertex 159 87 4
    endloop
  endfacet
  facet normal 0 0 1
    outer loop
      vertex 169 100 4
      vertex 158.619 88.9134 4
      vertex 158.904 87.9754 4
    endloop
  endfacet
  facet normal 0 0 1
    outer loop
      vertex 169 100 4
      vertex 158.157 89.7778 4
      vertex 158.619 88.9134 4
    endloop
  endfacet
  facet normal 0 0 1
    outer loop
      vertex 169 100 4
      vertex 157.536 90.5355 4
      vertex 158.157 89.7778 4
    endloop
  endfacet
  facet normal 0 0 1
    outer loop
      vertex 169 100 4
      vertex 156.778 91.1573 4
      vertex 157.536 90.5355 4
    endloop
  endfacet
  facet normal 0 0 1
    outer loop
      vertex 169 100 4
      vertex 155.913 91.6194 4
      vertex 156.778 91.1573 4
    endloop
  endfacet
  facet normal 0 0 1
    outer loop
      vertex 169 100 4
      vertex 154.975 91.9039 4
      vertex 155.913 91.6194 4
    endloop
  endfacet
  facet normal 0 0 1
    outer loop
      vertex 169 106 4
      vertex 154 92 4
      vertex 154.975 91.9039 4
    endloop
  endfacet
  facet normal -0 0 1
    outer loop
      vertex 139 106 4
      vertex 154 92 4
      vertex 169 106 4
    endloop
  endfacet
  facet normal 0 0 1
    outer loop
      vertex 154 92 4
      vertex 139 106 4
      vertex 153.025 91.9039 4
    endloop
  endfacet
  facet normal -0 0 1
    outer loop
      vertex 139 100 4
      vertex 153.025 91.9039 4
      vertex 139 106 4
    endloop
  endfacet
  facet normal 0 0 1
    outer loop
      vertex 153.025 91.9039 4
      vertex 139 100 4
      vertex 152.087 91.6194 4
    endloop
  endfacet
  facet normal 0 0 1
    outer loop
      vertex 149.381 88.9134 4
      vertex 139 100 4
      vertex 149.096 87.9754 4
    endloop
  endfacet
  facet normal 0 0 1
    outer loop
      vertex 149.843 89.7778 4
      vertex 139 100 4
      vertex 149.381 88.9134 4
    endloop
  endfacet
  facet normal 0 0 1
    outer loop
      vertex 150.464 90.5355 4
      vertex 139 100 4
      vertex 149.843 89.7778 4
    endloop
  endfacet
  facet normal 0 0 1
    outer loop
      vertex 151.222 91.1573 4
      vertex 139 100 4
      vertex 150.464 90.5355 4
    endloop
  endfacet
  facet normal 0 0 1
    outer loop
      vertex 152.087 91.6194 4
      vertex 139 100 4
      vertex 151.222 91.1573 4
    endloop
  endfacet
  facet normal 0 0 1
    outer loop
      vertex 206 130 4
      vertex 139 106 4
      vertex 169 106 4
    endloop
  endfacet
  facet normal 0 0 1
    outer loop
      vertex 206 130 4
      vertex 136 106 4
      vertex 139 106 4
    endloop
  endfacet
  facet normal 0 0 1
    outer loop
      vertex 121.975 91.9039 4
      vertex 136 100 4
      vertex 136 106 4
    endloop
  endfacet
  facet normal 0 0 1
    outer loop
      vertex 136 100 4
      vertex 125.904 87.9754 4
      vertex 126 87 4
    endloop
  endfacet
  facet normal 0 0 1
    outer loop
      vertex 136 100 4
      vertex 125.619 88.9134 4
      vertex 125.904 87.9754 4
    endloop
  endfacet
  facet normal 0 0 1
    outer loop
      vertex 136 100 4
      vertex 125.157 89.7778 4
      vertex 125.619 88.9134 4
    endloop
  endfacet
  facet normal 0 0 1
    outer loop
      vertex 136 100 4
      vertex 124.536 90.5355 4
      vertex 125.157 89.7778 4
    endloop
  endfacet
  facet normal 0 0 1
    outer loop
      vertex 136 100 4
      vertex 123.778 91.1573 4
      vertex 124.536 90.5355 4
    endloop
  endfacet
  facet normal 0 0 1
    outer loop
      vertex 136 100 4
      vertex 122.913 91.6194 4
      vertex 123.778 91.1573 4
    endloop
  endfacet
  facet normal 0 0 1
    outer loop
      vertex 136 100 4
      vertex 121.975 91.9039 4
      vertex 122.913 91.6194 4
    endloop
  endfacet
  facet normal 0 0 1
    outer loop
      vertex 136 106 4
      vertex 121 92 4
      vertex 121.975 91.9039 4
    endloop
  endfacet
  facet normal -0 0 1
    outer loop
      vertex 106 106 4
      vertex 121 92 4
      vertex 136 106 4
    endloop
  endfacet
  facet normal 0 0 1
    outer loop
      vertex 121 92 4
      vertex 106 106 4
      vertex 120.025 91.9039 4
    endloop
  endfacet
  facet normal -0 0 1
    outer loop
      vertex 106 100 4
      vertex 120.025 91.9039 4
      vertex 106 106 4
    endloop
  endfacet
  facet normal 0 0 1
    outer loop
      vertex 120.025 91.9039 4
      vertex 106 100 4
      vertex 119.087 91.6194 4
    endloop
  endfacet
  facet normal 0 0 1
    outer loop
      vertex 116.381 88.9134 4
      vertex 106 100 4
      vertex 116.096 87.9754 4
    endloop
  endfacet
  facet normal 0 0 1
    outer loop
      vertex 116.843 89.7778 4
      vertex 106 100 4
      vertex 116.381 88.9134 4
    endloop
  endfacet
  facet normal 0 0 1
    outer loop
      vertex 117.464 90.5355 4
      vertex 106 100 4
      vertex 116.843 89.7778 4
    endloop
  endfacet
  facet normal 0 0 1
    outer loop
      vertex 118.222 91.1573 4
      vertex 106 100 4
      vertex 117.464 90.5355 4
    endloop
  endfacet
  facet normal 0 0 1
    outer loop
      vertex 119.087 91.6194 4
      vertex 106 100 4
      vertex 118.222 91.1573 4
    endloop
  endfacet
  facet normal 0 0 1
    outer loop
      vertex 206 130 4
      vertex 106 106 4
      vertex 136 106 4
    endloop
  endfacet
  facet normal 0 0 1
    outer loop
      vertex 206 130 4
      vertex 103 106 4
      vertex 106 106 4
    endloop
  endfacet
  facet normal 0 0 1
    outer loop
      vertex 88.9754 91.9039 4
      vertex 103 100 4
      vertex 103 106 4
    endloop
  endfacet
  facet normal 0 0 1
    outer loop
      vertex 116 87 4
      vertex 102.475 78.4749 4
      vertex 102.91 77.9445 4
    endloop
  endfacet
  facet normal 0 0 1
    outer loop
      vertex 116 87 4
      vertex 101.944 78.9101 4
      vertex 102.475 78.4749 4
    endloop
  endfacet
  facet normal 0 0 1
    outer loop
      vertex 116 87 4
      vertex 101.339 79.2336 4
      vertex 101.944 78.9101 4
    endloop
  endfacet
  facet normal 0 -0 1
    outer loop
      vertex 100.683 79.4327 4
      vertex 103 100 4
      vertex 92.9039 87.9754 4
    endloop
  endfacet
  facet normal 0 0 1
    outer loop
      vertex 103 100 4
      vertex 100.683 79.4327 4
      vertex 101.339 79.2336 4
    endloop
  endfacet
  facet normal -0 -0 1
    outer loop
      vertex 93 87 4
      vertex 100.683 79.4327 4
      vertex 92.9039 87.9754 4
    endloop
  endfacet
  facet normal 0 0 1
    outer loop
      vertex 100.683 79.4327 4
      vertex 93 87 4
      vertex 100 79.5 4
    endloop
  endfacet
  facet normal -0 0 1
    outer loop
      vertex 92.9039 86.0246 4
      vertex 100 79.5 4
      vertex 93 87 4
    endloop
  endfacet
  facet normal 0 0 1
    outer loop
      vertex 100 79.5 4
      vertex 92.9039 86.0246 4
      vertex 99.3172 79.4327 4
    endloop
  endfacet
  facet normal 0 0 1
    outer loop
      vertex 99.3172 79.4327 4
      vertex 92.9039 86.0246 4
      vertex 98.6606 79.2336 4
    endloop
  endfacet
  facet normal -0 0 1
    outer loop
      vertex 92.6194 85.0866 4
      vertex 98.6606 79.2336 4
      vertex 92.9039 86.0246 4
    endloop
  endfacet
  facet normal -0 0 1
    outer loop
      vertex 92.1573 84.2222 4
      vertex 98.0555 78.9101 4
      vertex 92.6194 85.0866 4
    endloop
  endfacet
  facet normal 0 0 1
    outer loop
      vertex 95.3943 4.927 4
      vertex 96.7664 5.33939 4
      vertex 95.5 6 4
    endloop
  endfacet
  facet normal 0 0 1
    outer loop
      vertex 93.0556 74.5731 4
      vertex 96.5 76 4
      vertex 96.5673 76.6828 4
    endloop
  endfacet
  facet normal 0 0 1
    outer loop
      vertex 98.6606 72.7664 4
      vertex 95.3943 71.073 4
      vertex 95.5 70 4
    endloop
  endfacet
  facet normal 0 0 1
    outer loop
      vertex 97.5251 73.5251 4
      vertex 95.0813 72.1048 4
      vertex 95.3943 71.073 4
    endloop
  endfacet
  facet normal 0 0 1
    outer loop
      vertex 98.0555 78.9101 4
      vertex 92.1573 84.2222 4
      vertex 97.5251 78.4749 4
    endloop
  endfacet
  facet normal 0 0 1
    outer loop
      vertex 97.5251 78.4749 4
      vertex 91.5355 83.4645 4
      vertex 97.0899 77.9445 4
    endloop
  endfacet
  facet normal 0 0 1
    outer loop
      vertex 97.0899 74.0555 4
      vertex 94.5731 73.0556 4
      vertex 95.0813 72.1048 4
    endloop
  endfacet
  facet normal -0 0 1
    outer loop
      vertex 90.7778 82.8427 4
      vertex 97.0899 77.9445 4
      vertex 91.5355 83.4645 4
    endloop
  endfacet
  facet normal -0 0 1
    outer loop
      vertex 91.5355 83.4645 4
      vertex 97.5251 78.4749 4
      vertex 92.1573 84.2222 4
    endloop
  endfacet
  facet normal 0 0 1
    outer loop
      vertex 98.6606 79.2336 4
      vertex 92.6194 85.0866 4
      vertex 98.0555 78.9101 4
    endloop
  endfacet
  facet normal 0 0 1
    outer loop
      vertex 103 100 4
      vertex 92.6194 88.9134 4
      vertex 92.9039 87.9754 4
    endloop
  endfacet
  facet normal 0 0 1
    outer loop
      vertex 103 100 4
      vertex 92.1573 89.7778 4
      vertex 92.6194 88.9134 4
    endloop
  endfacet
  facet normal 0 0 1
    outer loop
      vertex 103 100 4
      vertex 91.5355 90.5355 4
      vertex 92.1573 89.7778 4
    endloop
  endfacet
  facet normal 0 0 1
    outer loop
      vertex 103 100 4
      vertex 90.7778 91.1573 4
      vertex 91.5355 90.5355 4
    endloop
  endfacet
  facet normal 0 0 1
    outer loop
      vertex 103 100 4
      vertex 89.9134 91.6194 4
      vertex 90.7778 91.1573 4
    endloop
  endfacet
  facet normal 0 0 1
    outer loop
      vertex 103 100 4
      vertex 88.9754 91.9039 4
      vertex 89.9134 91.6194 4
    endloop
  endfacet
  facet normal 0 0 1
    outer loop
      vertex 103 106 4
      vertex 88 92 4
      vertex 88.9754 91.9039 4
    endloop
  endfacet
  facet normal -0 0 1
    outer loop
      vertex 73 106 4
      vertex 88 92 4
      vertex 103 106 4
    endloop
  endfacet
  facet normal 0 0 1
    outer loop
      vertex 88 92 4
      vertex 73 106 4
      vertex 87.0246 91.9039 4
    endloop
  endfacet
  facet normal -0 0 1
    outer loop
      vertex 73 100 4
      vertex 87.0246 91.9039 4
      vertex 73 106 4
    endloop
  endfacet
  facet normal 0 0 1
    outer loop
      vertex 87.0246 91.9039 4
      vertex 73 100 4
      vertex 86.0866 91.6194 4
    endloop
  endfacet
  facet normal 0 0 1
    outer loop
      vertex 83.3806 88.9134 4
      vertex 73 100 4
      vertex 83.0961 87.9754 4
    endloop
  endfacet
  facet normal 0 0 1
    outer loop
      vertex 83.8427 89.7778 4
      vertex 73 100 4
      vertex 83.3806 88.9134 4
    endloop
  endfacet
  facet normal 0 0 1
    outer loop
      vertex 84.4645 90.5355 4
      vertex 73 100 4
      vertex 83.8427 89.7778 4
    endloop
  endfacet
  facet normal 0 0 1
    outer loop
      vertex 85.2222 91.1573 4
      vertex 73 100 4
      vertex 84.4645 90.5355 4
    endloop
  endfacet
  facet normal 0 0 1
    outer loop
      vertex 86.0866 91.6194 4
      vertex 73 100 4
      vertex 85.2222 91.1573 4
    endloop
  endfacet
  facet normal -0 0 1
    outer loop
      vertex 4 130 4
      vertex 103 106 4
      vertex 206 130 4
    endloop
  endfacet
  facet normal 0 0 1
    outer loop
      vertex 103 106 4
      vertex 4 130 4
      vertex 73 106 4
    endloop
  endfacet
  facet normal 0 0 1
    outer loop
      vertex 55.9755 91.9039 4
      vertex 70 100 4
      vertex 70 106 4
    endloop
  endfacet
  facet normal 0 0 1
    outer loop
      vertex 70 100 4
      vertex 67.9424 37.0853 4
      vertex 68 36.5 4
    endloop
  endfacet
  facet normal 0 0 1
    outer loop
      vertex 70 100 4
      vertex 67.7716 37.648 4
      vertex 67.9424 37.0853 4
    endloop
  endfacet
  facet normal 0 0 1
    outer loop
      vertex 70 100 4
      vertex 67.4944 38.1667 4
      vertex 67.7716 37.648 4
    endloop
  endfacet
  facet normal 0 0 1
    outer loop
      vertex 59.6194 85.0866 4
      vertex 70 100 4
      vertex 59.9039 86.0246 4
    endloop
  endfacet
  facet normal 0 -0 1
    outer loop
      vertex 67.1213 38.6213 4
      vertex 70 100 4
      vertex 59.6194 85.0866 4
    endloop
  endfacet
  facet normal 0 0 1
    outer loop
      vertex 70 100 4
      vertex 67.1213 38.6213 4
      vertex 67.4944 38.1667 4
    endloop
  endfacet
  facet normal -0 0 1
    outer loop
      vertex 56.4327 57.6828 4
      vertex 67.1213 38.6213 4
      vertex 59.6194 85.0866 4
    endloop
  endfacet
  facet normal 0 0 1
    outer loop
      vertex 56.4327 57.6828 4
      vertex 66.6667 38.9944 4
      vertex 67.1213 38.6213 4
    endloop
  endfacet
  facet normal 0 0 1
    outer loop
      vertex 66.6667 38.9944 4
      vertex 56.5 57 4
      vertex 66.148 39.2716 4
    endloop
  endfacet
  facet normal -0 0 1
    outer loop
      vertex 56.4327 56.3172 4
      vertex 66.148 39.2716 4
      vertex 56.5 57 4
    endloop
  endfacet
  facet normal 0 0 1
    outer loop
      vertex 66.148 39.2716 4
      vertex 56.4327 56.3172 4
      vertex 65.5853 39.4424 4
    endloop
  endfacet
  facet normal -0 0 1
    outer loop
      vertex 56.2336 55.6606 4
      vertex 65.5853 39.4424 4
      vertex 56.4327 56.3172 4
    endloop
  endfacet
  facet normal 0 0 1
    outer loop
      vertex 65.5853 39.4424 4
      vertex 56.2336 55.6606 4
      vertex 65 39.5 4
    endloop
  endfacet
  facet normal -0 0 1
    outer loop
      vertex 55.9101 55.0555 4
      vertex 65 39.5 4
      vertex 56.2336 55.6606 4
    endloop
  endfacet
  facet normal 0 0 1
    outer loop
      vertex 65 39.5 4
      vertex 55.9101 55.0555 4
      vertex 64.4147 39.4424 4
    endloop
  endfacet
  facet normal -0 0 1
    outer loop
      vertex 55.4749 54.5251 4
      vertex 64.4147 39.4424 4
      vertex 55.9101 55.0555 4
    endloop
  endfacet
  facet normal 0 0 1
    outer loop
      vertex 70 100 4
      vertex 60 87 4
      vertex 59.9039 86.0246 4
    endloop
  endfacet
  facet normal 0 0 1
    outer loop
      vertex 70 100 4
      vertex 59.9039 87.9754 4
      vertex 60 87 4
    endloop
  endfacet
  facet normal 0 0 1
    outer loop
      vertex 70 100 4
      vertex 59.6194 88.9134 4
      vertex 59.9039 87.9754 4
    endloop
  endfacet
  facet normal 0 0 1
    outer loop
      vertex 70 100 4
      vertex 59.1573 89.7778 4
      vertex 59.6194 88.9134 4
    endloop
  endfacet
  facet normal 0 0 1
    outer loop
      vertex 70 100 4
      vertex 58.5355 90.5355 4
      vertex 59.1573 89.7778 4
    endloop
  endfacet
  facet normal 0 0 1
    outer loop
      vertex 70 100 4
      vertex 57.7779 91.1573 4
      vertex 58.5355 90.5355 4
    endloop
  endfacet
  facet normal 0 0 1
    outer loop
      vertex 70 100 4
      vertex 56.9134 91.6194 4
      vertex 57.7779 91.1573 4
    endloop
  endfacet
  facet normal 0 0 1
    outer loop
      vertex 70 100 4
      vertex 55.9755 91.9039 4
      vertex 56.9134 91.6194 4
    endloop
  endfacet
  facet normal 0 0 1
    outer loop
      vertex 70 106 4
      vertex 55 92 4
      vertex 55.9755 91.9039 4
    endloop
  endfacet
  facet normal -0 0 1
    outer loop
      vertex 40 106 4
      vertex 55 92 4
      vertex 70 106 4
    endloop
  endfacet
  facet normal 0 0 1
    outer loop
      vertex 55 92 4
      vertex 40 106 4
      vertex 54.0245 91.9039 4
    endloop
  endfacet
  facet normal -0 0 1
    outer loop
      vertex 40 100 4
      vertex 54.0245 91.9039 4
      vertex 40 106 4
    endloop
  endfacet
  facet normal 0 0 1
    outer loop
      vertex 54.0245 91.9039 4
      vertex 40 100 4
      vertex 53.0866 91.6194 4
    endloop
  endfacet
  facet normal -0 0 1
    outer loop
      vertex 24.7779 82.8427 4
      vertex 50.0899 58.9445 4
      vertex 25.5355 83.4645 4
    endloop
  endfacet
  facet normal 0 0 1
    outer loop
      vertex 50.0899 58.9445 4
      vertex 24.7779 82.8427 4
      vertex 49.7664 58.3394 4
    endloop
  endfacet
  facet normal 0 0 1
    outer loop
      vertex 27 87 4
      vertex 50 87 4
      vertex 40 100 4
    endloop
  endfacet
  facet normal 0 0 1
    outer loop
      vertex 50.0961 87.9754 4
      vertex 40 100 4
      vertex 50 87 4
    endloop
  endfacet
  facet normal 0 0 1
    outer loop
      vertex 50.3806 88.9134 4
      vertex 40 100 4
      vertex 50.0961 87.9754 4
    endloop
  endfacet
  facet normal 0 0 1
    outer loop
      vertex 50.8427 89.7778 4
      vertex 40 100 4
      vertex 50.3806 88.9134 4
    endloop
  endfacet
  facet normal 0 0 1
    outer loop
      vertex 51.4645 90.5355 4
      vertex 40 100 4
      vertex 50.8427 89.7778 4
    endloop
  endfacet
  facet normal 0 0 1
    outer loop
      vertex 52.2221 91.1573 4
      vertex 40 100 4
      vertex 51.4645 90.5355 4
    endloop
  endfacet
  facet normal 0 0 1
    outer loop
      vertex 53.0866 91.6194 4
      vertex 40 100 4
      vertex 52.2221 91.1573 4
    endloop
  endfacet
  facet normal 0 0 1
    outer loop
      vertex 73 106 4
      vertex 4 130 4
      vertex 70 106 4
    endloop
  endfacet
  facet normal 0 0 1
    outer loop
      vertex 70 106 4
      vertex 4 130 4
      vertex 40 106 4
    endloop
  endfacet
  facet normal 0 0 1
    outer loop
      vertex 22.9755 91.9039 4
      vertex 37 100 4
      vertex 37 106 4
    endloop
  endfacet
  facet normal 0 0 1
    outer loop
      vertex 37 100 4
      vertex 26.9039 87.9754 4
      vertex 27 87 4
    endloop
  endfacet
  facet normal 0 0 1
    outer loop
      vertex 37 100 4
      vertex 26.6194 88.9134 4
      vertex 26.9039 87.9754 4
    endloop
  endfacet
  facet normal 0 0 1
    outer loop
      vertex 37 100 4
      vertex 26.1573 89.7778 4
      vertex 26.6194 88.9134 4
    endloop
  endfacet
  facet normal 0 0 1
    outer loop
      vertex 37 100 4
      vertex 25.5355 90.5355 4
      vertex 26.1573 89.7778 4
    endloop
  endfacet
  facet normal 0 0 1
    outer loop
      vertex 37 100 4
      vertex 24.7779 91.1573 4
      vertex 25.5355 90.5355 4
    endloop
  endfacet
  facet normal 0 0 1
    outer loop
      vertex 37 100 4
      vertex 23.9134 91.6194 4
      vertex 24.7779 91.1573 4
    endloop
  endfacet
  facet normal 0 0 1
    outer loop
      vertex 37 100 4
      vertex 22.9755 91.9039 4
      vertex 23.9134 91.6194 4
    endloop
  endfacet
  facet normal 0 0 1
    outer loop
      vertex 37 106 4
      vertex 22 92 4
      vertex 22.9755 91.9039 4
    endloop
  endfacet
  facet normal -0 0 1
    outer loop
      vertex 7 106 4
      vertex 22 92 4
      vertex 37 106 4
    endloop
  endfacet
  facet normal 0 0 1
    outer loop
      vertex 22 92 4
      vertex 7 106 4
      vertex 21.0245 91.9039 4
    endloop
  endfacet
  facet normal -0 0 1
    outer loop
      vertex 7 100 4
      vertex 21.0245 91.9039 4
      vertex 7 106 4
    endloop
  endfacet
  facet normal 0 0 1
    outer loop
      vertex 21.0245 91.9039 4
      vertex 7 100 4
      vertex 20.0866 91.6194 4
    endloop
  endfacet
  facet normal -0 0 1
    outer loop
      vertex 11.3943 87.073 4
      vertex 17 87 4
      vertex 17.0961 87.9754 4
    endloop
  endfacet
  facet normal 0 0 1
    outer loop
      vertex 17 87 4
      vertex 12.4327 57.6828 4
      vertex 12.5 57 4
    endloop
  endfacet
  facet normal 0 0 1
    outer loop
      vertex 17 87 4
      vertex 12.2336 58.3394 4
      vertex 12.4327 57.6828 4
    endloop
  endfacet
  facet normal 0 0 1
    outer loop
      vertex 17 87 4
      vertex 11.9101 58.9445 4
      vertex 12.2336 58.3394 4
    endloop
  endfacet
  facet normal 0 0 1
    outer loop
      vertex 11.3943 84.927 4
      vertex 17 87 4
      vertex 11.5 86 4
    endloop
  endfacet
  facet normal -0 0 1
    outer loop
      vertex 11.0813 88.1048 4
      vertex 17.0961 87.9754 4
      vertex 17.3806 88.9134 4
    endloop
  endfacet
  facet normal -0 0 1
    outer loop
      vertex 10.5731 89.0556 4
      vertex 17.3806 88.9134 4
      vertex 17.8427 89.7778 4
    endloop
  endfacet
  facet normal -0 0 1
    outer loop
      vertex 9.88909 89.8891 4
      vertex 17.8427 89.7778 4
      vertex 18.4645 90.5355 4
    endloop
  endfacet
  facet normal 0 0 1
    outer loop
      vertex 20.0866 91.6194 4
      vertex 7 100 4
      vertex 19.2221 91.1573 4
    endloop
  endfacet
  facet normal 0 0 1
    outer loop
      vertex 17 87 4
      vertex 11.3943 87.073 4
      vertex 11.5 86 4
    endloop
  endfacet
  facet normal 0 0 1
    outer loop
      vertex 17.0961 87.9754 4
      vertex 11.0813 88.1048 4
      vertex 11.3943 87.073 4
    endloop
  endfacet
  facet normal 0 0 1
    outer loop
      vertex 17.3806 88.9134 4
      vertex 10.5731 89.0556 4
      vertex 11.0813 88.1048 4
    endloop
  endfacet
  facet normal 0 0 1
    outer loop
      vertex 17.8427 89.7778 4
      vertex 9.88909 89.8891 4
      vertex 10.5731 89.0556 4
    endloop
  endfacet
  facet normal 0 0 1
    outer loop
      vertex 7 100 4
      vertex 18.4645 90.5355 4
      vertex 19.2221 91.1573 4
    endloop
  endfacet
  facet normal 0 0 1
    outer loop
      vertex 18.4645 90.5355 4
      vertex 9.05564 90.5731 4
      vertex 9.88909 89.8891 4
    endloop
  endfacet
  facet normal 0 0 1
    outer loop
      vertex 18.4645 90.5355 4
      vertex 7 100 4
      vertex 9.05564 90.5731 4
    endloop
  endfacet
  facet normal 0 0 1
    outer loop
      vertex 9.05564 90.5731 4
      vertex 7 100 4
      vertex 8.10476 91.0813 4
    endloop
  endfacet
  facet normal 0 0 1
    outer loop
      vertex 40 106 4
      vertex 4 130 4
      vertex 37 106 4
    endloop
  endfacet
  facet normal 0 0 1
    outer loop
      vertex 37 106 4
      vertex 4 130 4
      vertex 7 106 4
    endloop
  endfacet
  facet normal -0 0 1
    outer loop
      vertex 0 126 4
      vertex 7 106 4
      vertex 4 130 4
    endloop
  endfacet
  facet normal 0 0 1
    outer loop
      vertex 7 106 4
      vertex 0 126 4
      vertex 4 106 4
    endloop
  endfacet
  facet normal 0 -0 1
    outer loop
      vertex 0.918662 88.1048 4
      vertex 4 106 4
      vertex 0 126 4
    endloop
  endfacet
  facet normal 0 0 1
    outer loop
      vertex 0 126 4
      vertex 4 130 4
      vertex 3.21964 129.923 4
    endloop
  endfacet
  facet normal 0 0 1
    outer loop
      vertex 4 106 4
      vertex 0.918662 88.1048 4
      vertex 4 100 4
    endloop
  endfacet
  facet normal 0 0 1
    outer loop
      vertex 0 126 4
      vertex 3.21964 129.923 4
      vertex 2.46927 129.696 4
    endloop
  endfacet
  facet normal 0 0 1
    outer loop
      vertex 4 100 4
      vertex 2.94436 90.5731 4
      vertex 3.89524 91.0813 4
    endloop
  endfacet
  facet normal 0 0 1
    outer loop
      vertex 0 126 4
      vertex 2.46927 129.696 4
      vertex 1.77773 129.326 4
    endloop
  endfacet
  facet normal 0 0 1
    outer loop
      vertex 4 100 4
      vertex 2.11091 89.8891 4
      vertex 2.94436 90.5731 4
    endloop
  endfacet
  facet normal 0 0 1
    outer loop
      vertex 0 126 4
      vertex 1.77773 129.326 4
      vertex 1.17157 128.828 4
    endloop
  endfacet
  facet normal 0 0 1
    outer loop
      vertex 4 100 4
      vertex 1.42692 89.0556 4
      vertex 2.11091 89.8891 4
    endloop
  endfacet
  facet normal 0 0 1
    outer loop
      vertex 0 126 4
      vertex 1.17157 128.828 4
      vertex 0.674118 128.222 4
    endloop
  endfacet
  facet normal 0 0 1
    outer loop
      vertex 4 100 4
      vertex 0.918662 88.1048 4
      vertex 1.42692 89.0556 4
    endloop
  endfacet
  facet normal 0 0 1
    outer loop
      vertex 0.918662 88.1048 4
      vertex 0 126 4
      vertex 0.60568 87.073 4
    endloop
  endfacet
  facet normal 0 0 1
    outer loop
      vertex 0 126 4
      vertex 0.674118 128.222 4
      vertex 0.304489 127.531 4
    endloop
  endfacet
  facet normal -0 0 1
    outer loop
      vertex 208.573 82.9444 4
      vertex 205.433 75.3172 4
      vertex 209.081 83.8952 4
    endloop
  endfacet
  facet normal 0 0 1
    outer loop
      vertex 205.234 74.6606 4
      vertex 209.081 83.8952 4
      vertex 205.433 75.3172 4
    endloop
  endfacet
  facet normal 0 0 1
    outer loop
      vertex 210 4 4
      vertex 205.5 4 4
      vertex 209.923 3.21964 4
    endloop
  endfacet
  facet normal 0 0 1
    outer loop
      vertex 209.923 3.21964 4
      vertex 205.5 4 4
      vertex 209.696 2.46927 4
    endloop
  endfacet
  facet normal 0 0 1
    outer loop
      vertex 205.433 75.3172 4
      vertex 208.573 82.9444 4
      vertex 205.5 76 4
    endloop
  endfacet
  facet normal -0 0 1
    outer loop
      vertex 205.433 3.31718 4
      vertex 209.696 2.46927 4
      vertex 205.5 4 4
    endloop
  endfacet
  facet normal 0 0 1
    outer loop
      vertex 205.5 76 4
      vertex 208.573 82.9444 4
      vertex 207.889 82.1109 4
    endloop
  endfacet
  facet normal 0 0 1
    outer loop
      vertex 209.696 2.46927 4
      vertex 205.433 3.31718 4
      vertex 209.326 1.77773 4
    endloop
  endfacet
  facet normal 0 0 1
    outer loop
      vertex 205.433 76.6828 4
      vertex 207.889 82.1109 4
      vertex 207.056 81.4269 4
    endloop
  endfacet
  facet normal 0 0 1
    outer loop
      vertex 209.326 1.77773 4
      vertex 205.433 3.31718 4
      vertex 208.828 1.17157 4
    endloop
  endfacet
  facet normal 0 0 1
    outer loop
      vertex 205.234 77.3394 4
      vertex 207.056 81.4269 4
      vertex 206.105 80.9187 4
    endloop
  endfacet
  facet normal 0 0 1
    outer loop
      vertex 208.828 1.17157 4
      vertex 205.433 3.31718 4
      vertex 208.222 0.674118 4
    endloop
  endfacet
  facet normal -0 0 1
    outer loop
      vertex 205.234 2.66061 4
      vertex 208.222 0.674118 4
      vertex 205.433 3.31718 4
    endloop
  endfacet
  facet normal 0 0 1
    outer loop
      vertex 207.889 82.1109 4
      vertex 205.433 76.6828 4
      vertex 205.5 76 4
    endloop
  endfacet
  facet normal 0 0 1
    outer loop
      vertex 207.056 81.4269 4
      vertex 205.234 77.3394 4
      vertex 205.433 76.6828 4
    endloop
  endfacet
  facet normal 0 0 1
    outer loop
      vertex 204.91 77.9445 4
      vertex 206.105 80.9187 4
      vertex 205.073 80.6057 4
    endloop
  endfacet
  facet normal 0 0 1
    outer loop
      vertex 206.105 80.9187 4
      vertex 204.91 77.9445 4
      vertex 205.234 77.3394 4
    endloop
  endfacet
  facet normal 0 0 1
    outer loop
      vertex 205.073 80.6057 4
      vertex 204.475 78.4749 4
      vertex 204.91 77.9445 4
    endloop
  endfacet
  facet normal 0 0 1
    outer loop
      vertex 203.944 78.9101 4
      vertex 205.073 80.6057 4
      vertex 204 80.5 4
    endloop
  endfacet
  facet normal 0 0 1
    outer loop
      vertex 205.073 80.6057 4
      vertex 203.944 78.9101 4
      vertex 204.475 78.4749 4
    endloop
  endfacet
  facet normal 0 0 1
    outer loop
      vertex 204 80.5 4
      vertex 203.339 79.2336 4
      vertex 203.944 78.9101 4
    endloop
  endfacet
  facet normal 0 0 1
    outer loop
      vertex 202.927 80.6057 4
      vertex 203.339 79.2336 4
      vertex 204 80.5 4
    endloop
  endfacet
  facet normal 0 0 1
    outer loop
      vertex 202.927 80.6057 4
      vertex 202.683 79.4327 4
      vertex 203.339 79.2336 4
    endloop
  endfacet
  facet normal 0 0 1
    outer loop
      vertex 202.927 80.6057 4
      vertex 202 79.5 4
      vertex 202.683 79.4327 4
    endloop
  endfacet
  facet normal 0 0 1
    outer loop
      vertex 201.895 80.9187 4
      vertex 202 79.5 4
      vertex 202.927 80.6057 4
    endloop
  endfacet
  facet normal 0 0 1
    outer loop
      vertex 201.895 80.9187 4
      vertex 201.317 79.4327 4
      vertex 202 79.5 4
    endloop
  endfacet
  facet normal 0 0 1
    outer loop
      vertex 200.944 81.4269 4
      vertex 201.317 79.4327 4
      vertex 201.895 80.9187 4
    endloop
  endfacet
  facet normal 0 0 1
    outer loop
      vertex 200.944 81.4269 4
      vertex 200.661 79.2336 4
      vertex 201.317 79.4327 4
    endloop
  endfacet
  facet normal 0 0 1
    outer loop
      vertex 200.056 78.9101 4
      vertex 200.944 81.4269 4
      vertex 200.111 82.1109 4
    endloop
  endfacet
  facet normal 0 0 1
    outer loop
      vertex 200.944 81.4269 4
      vertex 200.056 78.9101 4
      vertex 200.661 79.2336 4
    endloop
  endfacet
  facet normal 0 0 1
    outer loop
      vertex 200.111 82.1109 4
      vertex 199.525 78.4749 4
      vertex 200.056 78.9101 4
    endloop
  endfacet
  facet normal 0 0 1
    outer loop
      vertex 199.427 82.9444 4
      vertex 199.525 78.4749 4
      vertex 200.111 82.1109 4
    endloop
  endfacet
  facet normal 0 0 1
    outer loop
      vertex 199.427 82.9444 4
      vertex 199.09 77.9445 4
      vertex 199.525 78.4749 4
    endloop
  endfacet
  facet normal 0 0 1
    outer loop
      vertex 191.157 84.2222 4
      vertex 199.427 82.9444 4
      vertex 198.919 83.8952 4
    endloop
  endfacet
  facet normal 0 0 1
    outer loop
      vertex 199.427 82.9444 4
      vertex 191.157 84.2222 4
      vertex 199.09 77.9445 4
    endloop
  endfacet
  facet normal -0 0 1
    outer loop
      vertex 191.157 84.2222 4
      vertex 198.919 83.8952 4
      vertex 198.606 84.927 4
    endloop
  endfacet
  facet normal -0 0 1
    outer loop
      vertex 190.536 83.4645 4
      vertex 199.09 77.9445 4
      vertex 191.157 84.2222 4
    endloop
  endfacet
  facet normal 0 0 1
    outer loop
      vertex 191.157 84.2222 4
      vertex 198.606 84.927 4
      vertex 198.5 86 4
    endloop
  endfacet
  facet normal 0 0 1
    outer loop
      vertex 199.09 77.9445 4
      vertex 190.536 83.4645 4
      vertex 198.766 77.3394 4
    endloop
  endfacet
  facet normal 0 0 1
    outer loop
      vertex 208.222 0.674118 4
      vertex 205.234 2.66061 4
      vertex 207.531 0.304489 4
    endloop
  endfacet
  facet normal 0 0 1
    outer loop
      vertex 207.531 0.304489 4
      vertex 205.234 2.66061 4
      vertex 206.78 0.0768585 4
    endloop
  endfacet
  facet normal -0 0 1
    outer loop
      vertex 204.91 2.0555 4
      vertex 206.78 0.0768585 4
      vertex 205.234 2.66061 4
    endloop
  endfacet
  facet normal 0 0 1
    outer loop
      vertex 206.78 0.0768585 4
      vertex 204.91 2.0555 4
      vertex 206 0 4
    endloop
  endfacet
  facet normal -0 0 1
    outer loop
      vertex 204.475 1.52513 4
      vertex 206 0 4
      vertex 204.91 2.0555 4
    endloop
  endfacet
  facet normal -0 0 1
    outer loop
      vertex 203.944 1.08986 4
      vertex 206 0 4
      vertex 204.475 1.52513 4
    endloop
  endfacet
  facet normal -0 0 1
    outer loop
      vertex 203.339 0.766422 4
      vertex 206 0 4
      vertex 203.944 1.08986 4
    endloop
  endfacet
  facet normal -0 0 1
    outer loop
      vertex 202.683 0.567252 4
      vertex 206 0 4
      vertex 203.339 0.766422 4
    endloop
  endfacet
  facet normal -0 0 1
    outer loop
      vertex 202 0.5 4
      vertex 206 0 4
      vertex 202.683 0.567252 4
    endloop
  endfacet
  facet normal 0 0 1
    outer loop
      vertex 201.317 0.567252 4
      vertex 206 0 4
      vertex 202 0.5 4
    endloop
  endfacet
  facet normal 0 0 1
    outer loop
      vertex 191.619 85.0866 4
      vertex 198.5 86 4
      vertex 191.904 86.0246 4
    endloop
  endfacet
  facet normal 0 0 1
    outer loop
      vertex 191.157 84.2222 4
      vertex 198.5 86 4
      vertex 191.619 85.0866 4
    endloop
  endfacet
  facet normal 0 0 1
    outer loop
      vertex 198.766 77.3394 4
      vertex 189.778 82.8427 4
      vertex 198.567 76.6828 4
    endloop
  endfacet
  facet normal -0 0 1
    outer loop
      vertex 188.913 82.3806 4
      vertex 198.567 76.6828 4
      vertex 189.778 82.8427 4
    endloop
  endfacet
  facet normal 0 0 1
    outer loop
      vertex 198.567 76.6828 4
      vertex 188.913 82.3806 4
      vertex 198.5 76 4
    endloop
  endfacet
  facet normal 0 0 1
    outer loop
      vertex 198.567 75.3172 4
      vertex 188.913 82.3806 4
      vertex 187.975 82.0961 4
    endloop
  endfacet
  facet normal 0 0 1
    outer loop
      vertex 198.766 74.6606 4
      vertex 187.975 82.0961 4
      vertex 187 82 4
    endloop
  endfacet
  facet normal 0 0 1
    outer loop
      vertex 199.09 74.0555 4
      vertex 187 82 4
      vertex 186.025 82.0961 4
    endloop
  endfacet
  facet normal 0 0 1
    outer loop
      vertex 199.525 6.47487 4
      vertex 154.975 82.0961 4
      vertex 199.09 5.9445 4
    endloop
  endfacet
  facet normal -0 0 1
    outer loop
      vertex 154 82 4
      vertex 199.09 5.9445 4
      vertex 154.975 82.0961 4
    endloop
  endfacet
  facet normal 0 0 1
    outer loop
      vertex 199.09 5.9445 4
      vertex 154 82 4
      vertex 198.766 5.33939 4
    endloop
  endfacet
  facet normal 0 0 1
    outer loop
      vertex 155.913 82.3806 4
      vertex 185.087 82.3806 4
      vertex 184.222 82.8427 4
    endloop
  endfacet
  facet normal 0 0 1
    outer loop
      vertex 156.778 82.8427 4
      vertex 184.222 82.8427 4
      vertex 183.464 83.4645 4
    endloop
  endfacet
  facet normal 0 0 1
    outer loop
      vertex 157.536 83.4645 4
      vertex 183.464 83.4645 4
      vertex 182.843 84.2222 4
    endloop
  endfacet
  facet normal 0 0 1
    outer loop
      vertex 158.157 84.2222 4
      vertex 182.843 84.2222 4
      vertex 182.381 85.0866 4
    endloop
  endfacet
  facet normal 0 0 1
    outer loop
      vertex 158.619 85.0866 4
      vertex 182.381 85.0866 4
      vertex 182.096 86.0246 4
    endloop
  endfacet
  facet normal 0 0 1
    outer loop
      vertex 182.096 87.9754 4
      vertex 172 100 4
      vertex 182 87 4
    endloop
  endfacet
  facet normal 0 0 1
    outer loop
      vertex 159 87 4
      vertex 182 87 4
      vertex 172 100 4
    endloop
  endfacet
  facet normal 0 0 1
    outer loop
      vertex 182 87 4
      vertex 159 87 4
      vertex 182.096 86.0246 4
    endloop
  endfacet
  facet normal 0 0 1
    outer loop
      vertex 159 87 4
      vertex 172 100 4
      vertex 169 100 4
    endloop
  endfacet
  facet normal 0 0 1
    outer loop
      vertex 182.381 85.0866 4
      vertex 158.619 85.0866 4
      vertex 158.157 84.2222 4
    endloop
  endfacet
  facet normal 0 0 1
    outer loop
      vertex 182.096 86.0246 4
      vertex 159 87 4
      vertex 158.904 86.0246 4
    endloop
  endfacet
  facet normal 0 0 1
    outer loop
      vertex 182.096 86.0246 4
      vertex 158.904 86.0246 4
      vertex 158.619 85.0866 4
    endloop
  endfacet
  facet normal 0 0 1
    outer loop
      vertex 182.843 84.2222 4
      vertex 158.157 84.2222 4
      vertex 157.536 83.4645 4
    endloop
  endfacet
  facet normal 0 0 1
    outer loop
      vertex 183.464 83.4645 4
      vertex 157.536 83.4645 4
      vertex 156.778 82.8427 4
    endloop
  endfacet
  facet normal 0 0 1
    outer loop
      vertex 184.222 82.8427 4
      vertex 156.778 82.8427 4
      vertex 155.913 82.3806 4
    endloop
  endfacet
  facet normal 0 0 1
    outer loop
      vertex 103.5 4 4
      vertex 198.766 5.33939 4
      vertex 154 82 4
    endloop
  endfacet
  facet normal 0 0 1
    outer loop
      vertex 198.766 5.33939 4
      vertex 103.5 4 4
      vertex 198.567 4.68282 4
    endloop
  endfacet
  facet normal 0 0 1
    outer loop
      vertex 198.567 4.68282 4
      vertex 103.5 4 4
      vertex 198.5 4 4
    endloop
  endfacet
  facet normal 0 0 1
    outer loop
      vertex 198.5 4 4
      vertex 103.5 4 4
      vertex 198.567 3.31718 4
    endloop
  endfacet
  facet normal 0 0 1
    outer loop
      vertex 103.433 3.31718 4
      vertex 198.567 3.31718 4
      vertex 103.5 4 4
    endloop
  endfacet
  facet normal 0 0 1
    outer loop
      vertex 103.5 4 4
      vertex 154 82 4
      vertex 153.025 82.0961 4
    endloop
  endfacet
  facet normal 0 0 1
    outer loop
      vertex 103.5 4 4
      vertex 153.025 82.0961 4
      vertex 152.087 82.3806 4
    endloop
  endfacet
  facet normal 0 0 1
    outer loop
      vertex 122.913 82.3806 4
      vertex 152.087 82.3806 4
      vertex 151.222 82.8427 4
    endloop
  endfacet
  facet normal 0 0 1
    outer loop
      vertex 123.778 82.8427 4
      vertex 151.222 82.8427 4
      vertex 150.464 83.4645 4
    endloop
  endfacet
  facet normal 0 0 1
    outer loop
      vertex 124.536 83.4645 4
      vertex 150.464 83.4645 4
      vertex 149.843 84.2222 4
    endloop
  endfacet
  facet normal 0 0 1
    outer loop
      vertex 149.096 87.9754 4
      vertex 139 100 4
      vertex 149 87 4
    endloop
  endfacet
  facet normal 0 0 1
    outer loop
      vertex 126 87 4
      vertex 149 87 4
      vertex 139 100 4
    endloop
  endfacet
  facet normal 0 0 1
    outer loop
      vertex 149 87 4
      vertex 126 87 4
      vertex 149.096 86.0246 4
    endloop
  endfacet
  facet normal 0 0 1
    outer loop
      vertex 125.904 86.0246 4
      vertex 149.096 86.0246 4
      vertex 126 87 4
    endloop
  endfacet
  facet normal 0 0 1
    outer loop
      vertex 149.096 86.0246 4
      vertex 125.904 86.0246 4
      vertex 149.381 85.0866 4
    endloop
  endfacet
  facet normal 0 0 1
    outer loop
      vertex 126 87 4
      vertex 139 100 4
      vertex 136 100 4
    endloop
  endfacet
  facet normal 0 0 1
    outer loop
      vertex 125.619 85.0866 4
      vertex 149.381 85.0866 4
      vertex 125.904 86.0246 4
    endloop
  endfacet
  facet normal 0 0 1
    outer loop
      vertex 149.381 85.0866 4
      vertex 125.619 85.0866 4
      vertex 149.843 84.2222 4
    endloop
  endfacet
  facet normal 0 0 1
    outer loop
      vertex 149.843 84.2222 4
      vertex 125.619 85.0866 4
      vertex 125.157 84.2222 4
    endloop
  endfacet
  facet normal 0 0 1
    outer loop
      vertex 124.536 83.4645 4
      vertex 149.843 84.2222 4
      vertex 125.157 84.2222 4
    endloop
  endfacet
  facet normal 0 0 1
    outer loop
      vertex 150.464 83.4645 4
      vertex 124.536 83.4645 4
      vertex 123.778 82.8427 4
    endloop
  endfacet
  facet normal 0 0 1
    outer loop
      vertex 151.222 82.8427 4
      vertex 123.778 82.8427 4
      vertex 122.913 82.3806 4
    endloop
  endfacet
  facet normal 0 0 1
    outer loop
      vertex 198.567 3.31718 4
      vertex 103.433 3.31718 4
      vertex 198.766 2.66061 4
    endloop
  endfacet
  facet normal 0 0 1
    outer loop
      vertex 152.087 82.3806 4
      vertex 122.913 82.3806 4
      vertex 103.5 4 4
    endloop
  endfacet
  facet normal 0 0 1
    outer loop
      vertex 103.5 4 4
      vertex 122.913 82.3806 4
      vertex 121.975 82.0961 4
    endloop
  endfacet
  facet normal 0 0 1
    outer loop
      vertex 102.91 74.0555 4
      vertex 120.025 82.0961 4
      vertex 103.234 74.6606 4
    endloop
  endfacet
  facet normal 0 0 1
    outer loop
      vertex 103.234 74.6606 4
      vertex 119.087 82.3806 4
      vertex 103.433 75.3172 4
    endloop
  endfacet
  facet normal 0 0 1
    outer loop
      vertex 118.222 82.8427 4
      vertex 103.433 75.3172 4
      vertex 119.087 82.3806 4
    endloop
  endfacet
  facet normal 0 0 1
    outer loop
      vertex 103.433 75.3172 4
      vertex 118.222 82.8427 4
      vertex 103.5 76 4
    endloop
  endfacet
  facet normal 0 0 1
    outer loop
      vertex 103.5 76 4
      vertex 118.222 82.8427 4
      vertex 117.464 83.4645 4
    endloop
  endfacet
  facet normal 0 0 1
    outer loop
      vertex 101.339 79.2336 4
      vertex 116.096 87.9754 4
      vertex 106 100 4
    endloop
  endfacet
  facet normal 0 0 1
    outer loop
      vertex 116.096 87.9754 4
      vertex 101.339 79.2336 4
      vertex 116 87 4
    endloop
  endfacet
  facet normal 0 0 1
    outer loop
      vertex 103.433 76.6828 4
      vertex 116.096 86.0246 4
      vertex 116 87 4
    endloop
  endfacet
  facet normal 0 0 1
    outer loop
      vertex 103.433 76.6828 4
      vertex 116.381 85.0866 4
      vertex 116.096 86.0246 4
    endloop
  endfacet
  facet normal 0 0 1
    outer loop
      vertex 103.433 76.6828 4
      vertex 116.843 84.2222 4
      vertex 116.381 85.0866 4
    endloop
  endfacet
  facet normal 0 0 1
    outer loop
      vertex 103.433 76.6828 4
      vertex 117.464 83.4645 4
      vertex 116.843 84.2222 4
    endloop
  endfacet
  facet normal 0 0 1
    outer loop
      vertex 119.087 82.3806 4
      vertex 103.234 74.6606 4
      vertex 120.025 82.0961 4
    endloop
  endfacet
  facet normal 0 0 1
    outer loop
      vertex 103.234 2.66061 4
      vertex 198.766 2.66061 4
      vertex 103.433 3.31718 4
    endloop
  endfacet
  facet normal 0 0 1
    outer loop
      vertex 198.766 2.66061 4
      vertex 103.234 2.66061 4
      vertex 199.09 2.0555 4
    endloop
  endfacet
  facet normal 0 0 1
    outer loop
      vertex 102.91 2.0555 4
      vertex 199.09 2.0555 4
      vertex 103.234 2.66061 4
    endloop
  endfacet
  facet normal 0 0 1
    outer loop
      vertex 199.09 2.0555 4
      vertex 102.91 2.0555 4
      vertex 199.525 1.52513 4
    endloop
  endfacet
  facet normal 0 0 1
    outer loop
      vertex 102.475 1.52513 4
      vertex 199.525 1.52513 4
      vertex 102.91 2.0555 4
    endloop
  endfacet
  facet normal 0 0 1
    outer loop
      vertex 199.525 1.52513 4
      vertex 102.475 1.52513 4
      vertex 200.056 1.08986 4
    endloop
  endfacet
  facet normal 0 0 1
    outer loop
      vertex 101.944 1.08986 4
      vertex 200.056 1.08986 4
      vertex 102.475 1.52513 4
    endloop
  endfacet
  facet normal 0 0 1
    outer loop
      vertex 200.056 1.08986 4
      vertex 101.944 1.08986 4
      vertex 200.661 0.766422 4
    endloop
  endfacet
  facet normal 0 0 1
    outer loop
      vertex 101.339 0.766422 4
      vertex 200.661 0.766422 4
      vertex 101.944 1.08986 4
    endloop
  endfacet
  facet normal 0 0 1
    outer loop
      vertex 200.661 0.766422 4
      vertex 101.339 0.766422 4
      vertex 201.317 0.567252 4
    endloop
  endfacet
  facet normal 0 0 1
    outer loop
      vertex 100.683 0.567252 4
      vertex 201.317 0.567252 4
      vertex 101.339 0.766422 4
    endloop
  endfacet
  facet normal 0 0 1
    outer loop
      vertex 201.317 0.567252 4
      vertex 100.683 0.567252 4
      vertex 206 0 4
    endloop
  endfacet
  facet normal -0 0 1
    outer loop
      vertex 100 0.5 4
      vertex 206 0 4
      vertex 100.683 0.567252 4
    endloop
  endfacet
  facet normal 0 0 1
    outer loop
      vertex 96.7664 5.33939 4
      vertex 95.3943 4.927 4
      vertex 96.5673 4.68282 4
    endloop
  endfacet
  facet normal 0 0 1
    outer loop
      vertex 96.5673 4.68282 4
      vertex 95.3943 4.927 4
      vertex 96.5 4 4
    endloop
  endfacet
  facet normal 0 0 1
    outer loop
      vertex 95.0813 3.89524 4
      vertex 96.5 4 4
      vertex 95.3943 4.927 4
    endloop
  endfacet
  facet normal 0 0 1
    outer loop
      vertex 96.5 4 4
      vertex 95.0813 3.89524 4
      vertex 96.5673 3.31718 4
    endloop
  endfacet
  facet normal 0 0 1
    outer loop
      vertex 94.5731 2.94436 4
      vertex 96.5673 3.31718 4
      vertex 95.0813 3.89524 4
    endloop
  endfacet
  facet normal 0 0 1
    outer loop
      vertex 96.5673 3.31718 4
      vertex 94.5731 2.94436 4
      vertex 96.7664 2.66061 4
    endloop
  endfacet
  facet normal 0 0 1
    outer loop
      vertex 96.7664 2.66061 4
      vertex 94.5731 2.94436 4
      vertex 97.0899 2.0555 4
    endloop
  endfacet
  facet normal -0 0 1
    outer loop
      vertex 93.8891 2.11091 4
      vertex 97.0899 2.0555 4
      vertex 94.5731 2.94436 4
    endloop
  endfacet
  facet normal 0 0 1
    outer loop
      vertex 97.0899 2.0555 4
      vertex 93.8891 2.11091 4
      vertex 97.5251 1.52513 4
    endloop
  endfacet
  facet normal 0 0 1
    outer loop
      vertex 93.0556 1.42692 4
      vertex 97.5251 1.52513 4
      vertex 93.8891 2.11091 4
    endloop
  endfacet
  facet normal 0 0 1
    outer loop
      vertex 97.5251 1.52513 4
      vertex 93.0556 1.42692 4
      vertex 98.0555 1.08986 4
    endloop
  endfacet
  facet normal 0 0 1
    outer loop
      vertex 92.1048 0.918662 4
      vertex 98.0555 1.08986 4
      vertex 93.0556 1.42692 4
    endloop
  endfacet
  facet normal 0 0 1
    outer loop
      vertex 98.0555 1.08986 4
      vertex 92.1048 0.918662 4
      vertex 98.6606 0.766422 4
    endloop
  endfacet
  facet normal 0 0 1
    outer loop
      vertex 91.073 0.60568 4
      vertex 98.6606 0.766422 4
      vertex 92.1048 0.918662 4
    endloop
  endfacet
  facet normal 0 0 1
    outer loop
      vertex 98.6606 0.766422 4
      vertex 91.073 0.60568 4
      vertex 99.3172 0.567252 4
    endloop
  endfacet
  facet normal 0 0 1
    outer loop
      vertex 99.3172 0.567252 4
      vertex 91.073 0.60568 4
      vertex 100 0.5 4
    endloop
  endfacet
  facet normal 0 0 1
    outer loop
      vertex 90 0.5 4
      vertex 100 0.5 4
      vertex 91.073 0.60568 4
    endloop
  endfacet
  facet normal -0 0 1
    outer loop
      vertex 90 0.5 4
      vertex 206 0 4
      vertex 100 0.5 4
    endloop
  endfacet
  facet normal 0 0 1
    outer loop
      vertex 70 100 4
      vertex 84.6057 71.073 4
      vertex 83.3806 85.0866 4
    endloop
  endfacet
  facet normal 0 0 1
    outer loop
      vertex 84.6057 71.073 4
      vertex 70 100 4
      vertex 84.5 70 4
    endloop
  endfacet
  facet normal 0 0 1
    outer loop
      vertex 70 100 4
      vertex 83.3806 85.0866 4
      vertex 83.0961 86.0246 4
    endloop
  endfacet
  facet normal 0 0 1
    outer loop
      vertex 70 100 4
      vertex 83.0961 86.0246 4
      vertex 83 87 4
    endloop
  endfacet
  facet normal 0 0 1
    outer loop
      vertex 83.0961 87.9754 4
      vertex 73 100 4
      vertex 83 87 4
    endloop
  endfacet
  facet normal -0 0 1
    outer loop
      vertex 70 100 4
      vertex 83 87 4
      vertex 73 100 4
    endloop
  endfacet
  facet normal 0 0 1
    outer loop
      vertex 84.5 70 4
      vertex 68 36.5 4
      vertex 84.5 6 4
    endloop
  endfacet
  facet normal 0 0 1
    outer loop
      vertex 84.5 70 4
      vertex 70 100 4
      vertex 68 36.5 4
    endloop
  endfacet
  facet normal -0 0 1
    outer loop
      vertex 67.9424 35.9147 4
      vertex 84.5 6 4
      vertex 68 36.5 4
    endloop
  endfacet
  facet normal -0 0 1
    outer loop
      vertex 67.7716 35.352 4
      vertex 84.5 6 4
      vertex 67.9424 35.9147 4
    endloop
  endfacet
  facet normal -0 0 1
    outer loop
      vertex 67.4944 34.8333 4
      vertex 84.5 6 4
      vertex 67.7716 35.352 4
    endloop
  endfacet
  facet normal -0 0 1
    outer loop
      vertex 67.1213 34.3787 4
      vertex 84.5 6 4
      vertex 67.4944 34.8333 4
    endloop
  endfacet
  facet normal -0 0 1
    outer loop
      vertex 66.6667 34.0056 4
      vertex 84.5 6 4
      vertex 67.1213 34.3787 4
    endloop
  endfacet
  facet normal -0 0 1
    outer loop
      vertex 66.148 33.7284 4
      vertex 84.5 6 4
      vertex 66.6667 34.0056 4
    endloop
  endfacet
  facet normal -0 0 1
    outer loop
      vertex 56.5 13 4
      vertex 84.5 6 4
      vertex 66.148 33.7284 4
    endloop
  endfacet
  facet normal -0 0 1
    outer loop
      vertex 56.4327 12.3172 4
      vertex 84.5 6 4
      vertex 56.5 13 4
    endloop
  endfacet
  facet normal -0 0 1
    outer loop
      vertex 56.2336 11.6606 4
      vertex 84.5 6 4
      vertex 56.4327 12.3172 4
    endloop
  endfacet
  facet normal 0 0 1
    outer loop
      vertex 56.5 13 4
      vertex 66.148 33.7284 4
      vertex 65.5853 33.5576 4
    endloop
  endfacet
  facet normal 0 0 1
    outer loop
      vertex 56.5 13 4
      vertex 65.5853 33.5576 4
      vertex 65 33.5 4
    endloop
  endfacet
  facet normal 0 0 1
    outer loop
      vertex 56.5 13 4
      vertex 65 33.5 4
      vertex 64.4147 33.5576 4
    endloop
  endfacet
  facet normal 0 0 1
    outer loop
      vertex 56.5 13 4
      vertex 64.4147 33.5576 4
      vertex 63.852 33.7284 4
    endloop
  endfacet
  facet normal 0 0 1
    outer loop
      vertex 56.5 13 4
      vertex 63.852 33.7284 4
      vertex 63.3333 34.0056 4
    endloop
  endfacet
  facet normal 0 0 1
    outer loop
      vertex 56.5 13 4
      vertex 63.3333 34.0056 4
      vertex 62.8787 34.3787 4
    endloop
  endfacet
  facet normal 0 0 1
    outer loop
      vertex 56.5 13 4
      vertex 62.8787 34.3787 4
      vertex 62.5056 34.8333 4
    endloop
  endfacet
  facet normal 0 0 1
    outer loop
      vertex 64.4147 39.4424 4
      vertex 55.4749 54.5251 4
      vertex 63.852 39.2716 4
    endloop
  endfacet
  facet normal -0 0 1
    outer loop
      vertex 54.9445 54.0899 4
      vertex 63.852 39.2716 4
      vertex 55.4749 54.5251 4
    endloop
  endfacet
  facet normal 0 0 1
    outer loop
      vertex 56.4327 57.6828 4
      vertex 59.6194 85.0866 4
      vertex 59.1573 84.2222 4
    endloop
  endfacet
  facet normal 0 0 1
    outer loop
      vertex 56.4327 57.6828 4
      vertex 59.1573 84.2222 4
      vertex 58.5355 83.4645 4
    endloop
  endfacet
  facet normal 0 0 1
    outer loop
      vertex 56.4327 57.6828 4
      vertex 58.5355 83.4645 4
      vertex 57.7779 82.8427 4
    endloop
  endfacet
  facet normal 0 0 1
    outer loop
      vertex 54.9445 59.9101 4
      vertex 57.7779 82.8427 4
      vertex 56.9134 82.3806 4
    endloop
  endfacet
  facet normal 0 0 1
    outer loop
      vertex 63.852 39.2716 4
      vertex 54.9445 54.0899 4
      vertex 63.3333 38.9944 4
    endloop
  endfacet
  facet normal -0 0 1
    outer loop
      vertex 54.3394 53.7664 4
      vertex 63.3333 38.9944 4
      vertex 54.9445 54.0899 4
    endloop
  endfacet
  facet normal 0 0 1
    outer loop
      vertex 62 36.5 4
      vertex 56.5 13 4
      vertex 62.0576 35.9147 4
    endloop
  endfacet
  facet normal 0 0 1
    outer loop
      vertex 56.5 13 4
      vertex 62.2284 35.352 4
      vertex 62.0576 35.9147 4
    endloop
  endfacet
  facet normal 0 0 1
    outer loop
      vertex 56.5 13 4
      vertex 62.5056 34.8333 4
      vertex 62.2284 35.352 4
    endloop
  endfacet
  facet normal -0 0 1
    outer loop
      vertex 55.9101 11.0555 4
      vertex 84.5 6 4
      vertex 56.2336 11.6606 4
    endloop
  endfacet
  facet normal 0 0 1
    outer loop
      vertex 84.5 6 4
      vertex 55.9101 11.0555 4
      vertex 84.6057 4.927 4
    endloop
  endfacet
  facet normal -0 0 1
    outer loop
      vertex 55.4749 10.5251 4
      vertex 84.6057 4.927 4
      vertex 55.9101 11.0555 4
    endloop
  endfacet
  facet normal 0 0 1
    outer loop
      vertex 84.6057 4.927 4
      vertex 55.4749 10.5251 4
      vertex 84.9187 3.89524 4
    endloop
  endfacet
  facet normal -0 0 1
    outer loop
      vertex 54.9445 10.0899 4
      vertex 84.9187 3.89524 4
      vertex 55.4749 10.5251 4
    endloop
  endfacet
  facet normal 0 0 1
    outer loop
      vertex 84.9187 3.89524 4
      vertex 54.9445 10.0899 4
      vertex 85.4269 2.94436 4
    endloop
  endfacet
  facet normal -0 0 1
    outer loop
      vertex 54.3394 9.76642 4
      vertex 85.4269 2.94436 4
      vertex 54.9445 10.0899 4
    endloop
  endfacet
  facet normal 0 0 1
    outer loop
      vertex 85.4269 2.94436 4
      vertex 54.3394 9.76642 4
      vertex 86.1109 2.11091 4
    endloop
  endfacet
  facet normal -0 0 1
    outer loop
      vertex 53.6828 9.56725 4
      vertex 86.1109 2.11091 4
      vertex 54.3394 9.76642 4
    endloop
  endfacet
  facet normal 0 0 1
    outer loop
      vertex 86.1109 2.11091 4
      vertex 53.6828 9.56725 4
      vertex 86.9444 1.42692 4
    endloop
  endfacet
  facet normal -0 0 1
    outer loop
      vertex 53 9.5 4
      vertex 86.9444 1.42692 4
      vertex 53.6828 9.56725 4
    endloop
  endfacet
  facet normal 0 0 1
    outer loop
      vertex 86.9444 1.42692 4
      vertex 53 9.5 4
      vertex 87.8952 0.918662 4
    endloop
  endfacet
  facet normal 0 0 1
    outer loop
      vertex 4 0 4
      vertex 87.8952 0.918662 4
      vertex 53 9.5 4
    endloop
  endfacet
  facet normal 0 0 1
    outer loop
      vertex 4 0 4
      vertex 53 9.5 4
      vertex 52.3172 9.56725 4
    endloop
  endfacet
  facet normal 0 0 1
    outer loop
      vertex 50.3806 85.0866 4
      vertex 26.6194 85.0866 4
      vertex 26.1573 84.2222 4
    endloop
  endfacet
  facet normal -0 0 1
    outer loop
      vertex 23.9134 82.3806 4
      vertex 49.7664 58.3394 4
      vertex 24.7779 82.8427 4
    endloop
  endfacet
  facet normal 0 0 1
    outer loop
      vertex 27 87 4
      vertex 40 100 4
      vertex 37 100 4
    endloop
  endfacet
  facet normal 0 0 1
    outer loop
      vertex 50 87 4
      vertex 27 87 4
      vertex 26.9039 86.0246 4
    endloop
  endfacet
  facet normal 0 0 1
    outer loop
      vertex 50.0961 86.0246 4
      vertex 26.9039 86.0246 4
      vertex 26.6194 85.0866 4
    endloop
  endfacet
  facet normal 0 0 1
    outer loop
      vertex 50.5251 59.4749 4
      vertex 25.5355 83.4645 4
      vertex 50.0899 58.9445 4
    endloop
  endfacet
  facet normal 0 0 1
    outer loop
      vertex 12.5 57 4
      vertex 49.7664 58.3394 4
      vertex 23.9134 82.3806 4
    endloop
  endfacet
  facet normal 0 0 1
    outer loop
      vertex 49.7664 14.3394 4
      vertex 12.5 13 4
      vertex 49.5673 13.6828 4
    endloop
  endfacet
  facet normal 0 0 1
    outer loop
      vertex 49.5673 13.6828 4
      vertex 12.5 13 4
      vertex 49.5 13 4
    endloop
  endfacet
  facet normal 0 0 1
    outer loop
      vertex 49.7664 58.3394 4
      vertex 12.5 57 4
      vertex 49.5673 57.6828 4
    endloop
  endfacet
  facet normal 0 0 1
    outer loop
      vertex 49.5673 57.6828 4
      vertex 12.5 57 4
      vertex 49.5 57 4
    endloop
  endfacet
  facet normal 0 0 1
    outer loop
      vertex 12.5 57 4
      vertex 23.9134 82.3806 4
      vertex 22.9755 82.0961 4
    endloop
  endfacet
  facet normal 0 0 1
    outer loop
      vertex 12.5 57 4
      vertex 22.9755 82.0961 4
      vertex 22 82 4
    endloop
  endfacet
  facet normal 0 0 1
    outer loop
      vertex 12.5 57 4
      vertex 22 82 4
      vertex 21.0245 82.0961 4
    endloop
  endfacet
  facet normal 0 0 1
    outer loop
      vertex 12.5 57 4
      vertex 21.0245 82.0961 4
      vertex 20.0866 82.3806 4
    endloop
  endfacet
  facet normal 0 0 1
    outer loop
      vertex 12.5 57 4
      vertex 20.0866 82.3806 4
      vertex 19.2221 82.8427 4
    endloop
  endfacet
  facet normal 0 0 1
    outer loop
      vertex 12.5 57 4
      vertex 19.2221 82.8427 4
      vertex 18.4645 83.4645 4
    endloop
  endfacet
  facet normal 0 0 1
    outer loop
      vertex 12.5 57 4
      vertex 18.4645 83.4645 4
      vertex 17.8427 84.2222 4
    endloop
  endfacet
  facet normal 0 0 1
    outer loop
      vertex 12.5 57 4
      vertex 17.8427 84.2222 4
      vertex 17.3806 85.0866 4
    endloop
  endfacet
  facet normal 0 0 1
    outer loop
      vertex 12.5 57 4
      vertex 17.0961 86.0246 4
      vertex 17 87 4
    endloop
  endfacet
  facet normal 0 0 1
    outer loop
      vertex 12.5 57 4
      vertex 17.3806 85.0866 4
      vertex 17.0961 86.0246 4
    endloop
  endfacet
  facet normal 0 0 1
    outer loop
      vertex 49.5 13 4
      vertex 12.5 13 4
      vertex 49.5673 12.3172 4
    endloop
  endfacet
  facet normal 0 0 1
    outer loop
      vertex 12.4327 12.3172 4
      vertex 49.5673 12.3172 4
      vertex 12.5 13 4
    endloop
  endfacet
  facet normal 0 0 1
    outer loop
      vertex 49.5673 12.3172 4
      vertex 12.4327 12.3172 4
      vertex 49.7664 11.6606 4
    endloop
  endfacet
  facet normal 0 0 1
    outer loop
      vertex 12.2336 11.6606 4
      vertex 49.7664 11.6606 4
      vertex 12.4327 12.3172 4
    endloop
  endfacet
  facet normal 0 0 1
    outer loop
      vertex 49.7664 11.6606 4
      vertex 12.2336 11.6606 4
      vertex 50.0899 11.0555 4
    endloop
  endfacet
  facet normal 0 0 1
    outer loop
      vertex 11.9101 11.0555 4
      vertex 50.0899 11.0555 4
      vertex 12.2336 11.6606 4
    endloop
  endfacet
  facet normal 0 0 1
    outer loop
      vertex 50.0899 11.0555 4
      vertex 11.9101 11.0555 4
      vertex 50.5251 10.5251 4
    endloop
  endfacet
  facet normal 0 0 1
    outer loop
      vertex 11.4749 10.5251 4
      vertex 50.5251 10.5251 4
      vertex 11.9101 11.0555 4
    endloop
  endfacet
  facet normal 0 0 1
    outer loop
      vertex 4 0 4
      vertex 50.5251 10.5251 4
      vertex 11.4749 10.5251 4
    endloop
  endfacet
  facet normal 0 0 1
    outer loop
      vertex 50.5251 10.5251 4
      vertex 4 0 4
      vertex 51.0555 10.0899 4
    endloop
  endfacet
  facet normal 0 0 1
    outer loop
      vertex 51.0555 10.0899 4
      vertex 4 0 4
      vertex 51.6606 9.76642 4
    endloop
  endfacet
  facet normal 0 0 1
    outer loop
      vertex 51.6606 9.76642 4
      vertex 4 0 4
      vertex 52.3172 9.56725 4
    endloop
  endfacet
  facet normal 0 0 1
    outer loop
      vertex 4 0 4
      vertex 11.4749 10.5251 4
      vertex 10.9445 10.0899 4
    endloop
  endfacet
  facet normal 0 0 1
    outer loop
      vertex 4 0 4
      vertex 10.9445 10.0899 4
      vertex 10.3394 9.76642 4
    endloop
  endfacet
  facet normal 0 0 1
    outer loop
      vertex 4 0 4
      vertex 10.3394 9.76642 4
      vertex 9.68282 9.56725 4
    endloop
  endfacet
  facet normal 0 0 1
    outer loop
      vertex 4 0 4
      vertex 9.68282 9.56725 4
      vertex 9 9.5 4
    endloop
  endfacet
  facet normal 0 0 1
    outer loop
      vertex 4 0 4
      vertex 9 9.5 4
      vertex 8.31718 9.56725 4
    endloop
  endfacet
  facet normal 0 0 1
    outer loop
      vertex 90 0.5 4
      vertex 4 0 4
      vertex 206 0 4
    endloop
  endfacet
  facet normal 0 0 1
    outer loop
      vertex 88.927 0.60568 4
      vertex 4 0 4
      vertex 90 0.5 4
    endloop
  endfacet
  facet normal 0 0 1
    outer loop
      vertex 87.8952 0.918662 4
      vertex 4 0 4
      vertex 88.927 0.60568 4
    endloop
  endfacet
  facet normal 0 0 1
    outer loop
      vertex 7.66061 9.76642 4
      vertex 4 0 4
      vertex 8.31718 9.56725 4
    endloop
  endfacet
  facet normal 0 0 1
    outer loop
      vertex 0 4 4
      vertex 7.66061 9.76642 4
      vertex 7.0555 10.0899 4
    endloop
  endfacet
  facet normal 0 0 1
    outer loop
      vertex 0 4 4
      vertex 7.0555 10.0899 4
      vertex 6.52513 10.5251 4
    endloop
  endfacet
  facet normal 0 0 1
    outer loop
      vertex 0 4 4
      vertex 6.52513 10.5251 4
      vertex 6.08986 11.0555 4
    endloop
  endfacet
  facet normal 0 0 1
    outer loop
      vertex 0 4 4
      vertex 6.08986 11.0555 4
      vertex 5.76642 11.6606 4
    endloop
  endfacet
  facet normal 0 0 1
    outer loop
      vertex 0 4 4
      vertex 5.76642 11.6606 4
      vertex 5.56725 12.3172 4
    endloop
  endfacet
  facet normal 0 0 1
    outer loop
      vertex 0 4 4
      vertex 5.56725 12.3172 4
      vertex 5.5 13 4
    endloop
  endfacet
  facet normal 0 0 1
    outer loop
      vertex 1.42692 82.9444 4
      vertex 5.76642 58.3394 4
      vertex 2.11091 82.1109 4
    endloop
  endfacet
  facet normal 0 0 1
    outer loop
      vertex 5.76642 58.3394 4
      vertex 1.42692 82.9444 4
      vertex 5.56725 57.6828 4
    endloop
  endfacet
  facet normal 0 0 1
    outer loop
      vertex 7.66061 9.76642 4
      vertex 0 4 4
      vertex 4 0 4
    endloop
  endfacet
  facet normal 0 0 1
    outer loop
      vertex 0.918662 83.8952 4
      vertex 5.56725 57.6828 4
      vertex 1.42692 82.9444 4
    endloop
  endfacet
  facet normal 0 0 1
    outer loop
      vertex 4 0 4
      vertex 0 4 4
      vertex 3.21964 0.0768585 4
    endloop
  endfacet
  facet normal 0 0 1
    outer loop
      vertex 5.56725 57.6828 4
      vertex 0.918662 83.8952 4
      vertex 5.5 57 4
    endloop
  endfacet
  facet normal 0 0 1
    outer loop
      vertex 3.21964 0.0768585 4
      vertex 0 4 4
      vertex 2.46927 0.304489 4
    endloop
  endfacet
  facet normal 0 0 1
    outer loop
      vertex 5.56725 13.6828 4
      vertex 0 4 4
      vertex 5.5 13 4
    endloop
  endfacet
  facet normal 0 0 1
    outer loop
      vertex 2.46927 0.304489 4
      vertex 0 4 4
      vertex 1.77773 0.674118 4
    endloop
  endfacet
  facet normal 0 0 1
    outer loop
      vertex 0.60568 84.927 4
      vertex 5.5 57 4
      vertex 0.918662 83.8952 4
    endloop
  endfacet
  facet normal 0 0 1
    outer loop
      vertex 1.77773 0.674118 4
      vertex 0 4 4
      vertex 1.17157 1.17157 4
    endloop
  endfacet
  facet normal 0 0 1
    outer loop
      vertex 5.5 57 4
      vertex 0.60568 84.927 4
      vertex 0 4 4
    endloop
  endfacet
  facet normal 0 0 1
    outer loop
      vertex 0 4 4
      vertex 0.60568 84.927 4
      vertex 0.5 86 4
    endloop
  endfacet
  facet normal 0 0 1
    outer loop
      vertex 0.60568 87.073 4
      vertex 0 126 4
      vertex 0.5 86 4
    endloop
  endfacet
  facet normal 0 0 1
    outer loop
      vertex 0 4 4
      vertex 0.5 86 4
      vertex 0 126 4
    endloop
  endfacet
  facet normal 0 0 1
    outer loop
      vertex 0 126 4
      vertex 0.304489 127.531 4
      vertex 0.0768585 126.78 4
    endloop
  endfacet
  facet normal 0 0 1
    outer loop
      vertex 1.17157 1.17157 4
      vertex 0 4 4
      vertex 0.674118 1.77773 4
    endloop
  endfacet
  facet normal 0 0 1
    outer loop
      vertex 0.674118 1.77773 4
      vertex 0 4 4
      vertex 0.304489 2.46927 4
    endloop
  endfacet
  facet normal 0 0 1
    outer loop
      vertex 0.304489 2.46927 4
      vertex 0 4 4
      vertex 0.0768585 3.21964 4
    endloop
  endfacet
  facet normal 0 0 1
    outer loop
      vertex 206.105 91.0813 4
      vertex 205 100 4
      vertex 205.073 91.3943 4
    endloop
  endfacet
  facet normal 0 0 1
    outer loop
      vertex 205 100 4
      vertex 204 91.5 4
      vertex 205.073 91.3943 4
    endloop
  endfacet
  facet normal -0 0 1
    outer loop
      vertex 202 100 4
      vertex 204 91.5 4
      vertex 205 100 4
    endloop
  endfacet
  facet normal 0 0 1
    outer loop
      vertex 204 91.5 4
      vertex 202 100 4
      vertex 202.927 91.3943 4
    endloop
  endfacet
  facet normal 0 0 1
    outer loop
      vertex 202.927 91.3943 4
      vertex 202 100 4
      vertex 201.895 91.0813 4
    endloop
  endfacet
  facet normal -0 -0 1
    outer loop
      vertex 94.5731 9.05564 4
      vertex 99.3172 7.43275 4
      vertex 93.8891 9.88909 4
    endloop
  endfacet
  facet normal 0 0 1
    outer loop
      vertex 98.6606 7.23358 4
      vertex 95.0813 8.10476 4
      vertex 95.3943 7.073 4
    endloop
  endfacet
  facet normal 0 0 1
    outer loop
      vertex 98.6606 7.23358 4
      vertex 94.5731 9.05564 4
      vertex 95.0813 8.10476 4
    endloop
  endfacet
  facet normal 0 0 1
    outer loop
      vertex 99.3172 7.43275 4
      vertex 94.5731 9.05564 4
      vertex 98.6606 7.23358 4
    endloop
  endfacet
  facet normal 0 0 1
    outer loop
      vertex 94 20 4
      vertex 93.0556 10.5731 4
      vertex 93.8891 9.88909 4
    endloop
  endfacet
  facet normal 0 0 1
    outer loop
      vertex 94 20 4
      vertex 92.1048 11.0813 4
      vertex 93.0556 10.5731 4
    endloop
  endfacet
  facet normal 0 0 1
    outer loop
      vertex 94 20 4
      vertex 91.073 11.3943 4
      vertex 92.1048 11.0813 4
    endloop
  endfacet
  facet normal -0 0 1
    outer loop
      vertex 91 20 4
      vertex 91.073 11.3943 4
      vertex 94 20 4
    endloop
  endfacet
  facet normal 0 0 1
    outer loop
      vertex 89.4147 33.5576 4
      vertex 91 26 4
      vertex 90 33.5 4
    endloop
  endfacet
  facet normal 0 0 1
    outer loop
      vertex 88.852 33.7284 4
      vertex 91 26 4
      vertex 89.4147 33.5576 4
    endloop
  endfacet
  facet normal 0 0 1
    outer loop
      vertex 91 20 4
      vertex 90 11.5 4
      vertex 91.073 11.3943 4
    endloop
  endfacet
  facet normal 0 0 1
    outer loop
      vertex 88.3333 34.0056 4
      vertex 91 26 4
      vertex 88.852 33.7284 4
    endloop
  endfacet
  facet normal 0 0 1
    outer loop
      vertex 91 20 4
      vertex 88.927 11.3943 4
      vertex 90 11.5 4
    endloop
  endfacet
  facet normal 0 0 1
    outer loop
      vertex 87.8787 34.3787 4
      vertex 91 26 4
      vertex 88.3333 34.0056 4
    endloop
  endfacet
  facet normal 0 0 1
    outer loop
      vertex 87.5056 34.8333 4
      vertex 91 26 4
      vertex 87.8787 34.3787 4
    endloop
  endfacet
  facet normal 0 0 1
    outer loop
      vertex 91 20 4
      vertex 87.8952 11.0813 4
      vertex 88.927 11.3943 4
    endloop
  endfacet
  facet normal 0 0 1
    outer loop
      vertex 86.1109 9.88909 4
      vertex 91 26 4
      vertex 87.5056 34.8333 4
    endloop
  endfacet
  facet normal 0 0 1
    outer loop
      vertex 91 26 4
      vertex 86.1109 9.88909 4
      vertex 91 20 4
    endloop
  endfacet
  facet normal 0 0 1
    outer loop
      vertex 85.4269 9.05564 4
      vertex 87.5056 34.8333 4
      vertex 87.2284 35.352 4
    endloop
  endfacet
  facet normal 0 0 1
    outer loop
      vertex 84.9187 8.10476 4
      vertex 87.2284 35.352 4
      vertex 87.0576 35.9147 4
    endloop
  endfacet
  facet normal 0 0 1
    outer loop
      vertex 84.6057 7.073 4
      vertex 87.0576 35.9147 4
      vertex 87 36.5 4
    endloop
  endfacet
  facet normal 0 0 1
    outer loop
      vertex 91 20 4
      vertex 86.9444 10.5731 4
      vertex 87.8952 11.0813 4
    endloop
  endfacet
  facet normal 0 0 1
    outer loop
      vertex 84.9187 67.8952 4
      vertex 87.2284 37.648 4
      vertex 85.4269 66.9444 4
    endloop
  endfacet
  facet normal 0 0 1
    outer loop
      vertex 87.2284 37.648 4
      vertex 84.9187 67.8952 4
      vertex 87.0576 37.0853 4
    endloop
  endfacet
  facet normal 0 0 1
    outer loop
      vertex 91 20 4
      vertex 86.1109 9.88909 4
      vertex 86.9444 10.5731 4
    endloop
  endfacet
  facet normal 0 0 1
    outer loop
      vertex 84.6057 68.927 4
      vertex 87.0576 37.0853 4
      vertex 84.9187 67.8952 4
    endloop
  endfacet
  facet normal 0 0 1
    outer loop
      vertex 87.5056 34.8333 4
      vertex 85.4269 9.05564 4
      vertex 86.1109 9.88909 4
    endloop
  endfacet
  facet normal 0 0 1
    outer loop
      vertex 87.0576 37.0853 4
      vertex 84.6057 68.927 4
      vertex 87 36.5 4
    endloop
  endfacet
  facet normal 0 0 1
    outer loop
      vertex 87.2284 35.352 4
      vertex 84.9187 8.10476 4
      vertex 85.4269 9.05564 4
    endloop
  endfacet
  facet normal 0 0 1
    outer loop
      vertex 84.6057 7.073 4
      vertex 87 36.5 4
      vertex 84.6057 68.927 4
    endloop
  endfacet
  facet normal 0 0 1
    outer loop
      vertex 87.0576 35.9147 4
      vertex 84.6057 7.073 4
      vertex 84.9187 8.10476 4
    endloop
  endfacet
  facet normal 0 0 1
    outer loop
      vertex 84.5 70 4
      vertex 84.6057 7.073 4
      vertex 84.6057 68.927 4
    endloop
  endfacet
  facet normal 0 0 1
    outer loop
      vertex 84.6057 7.073 4
      vertex 84.5 70 4
      vertex 84.5 6 4
    endloop
  endfacet
  facet normal 0 0 1
    outer loop
      vertex 96.7664 74.6606 4
      vertex 93.8891 73.8891 4
      vertex 94.5731 73.0556 4
    endloop
  endfacet
  facet normal 0 0 1
    outer loop
      vertex 97.0899 77.9445 4
      vertex 90.7778 82.8427 4
      vertex 96.7664 77.3394 4
    endloop
  endfacet
  facet normal 0 0 1
    outer loop
      vertex 96.5 76 4
      vertex 93.0556 74.5731 4
      vertex 93.8891 73.8891 4
    endloop
  endfacet
  facet normal 0 -0 1
    outer loop
      vertex 92.1048 75.0813 4
      vertex 96.7664 77.3394 4
      vertex 90.7778 82.8427 4
    endloop
  endfacet
  facet normal 0 0 1
    outer loop
      vertex 96.5673 76.6828 4
      vertex 92.1048 75.0813 4
      vertex 93.0556 74.5731 4
    endloop
  endfacet
  facet normal 0 0 1
    outer loop
      vertex 96.7664 77.3394 4
      vertex 92.1048 75.0813 4
      vertex 96.5673 76.6828 4
    endloop
  endfacet
  facet normal 0 0 1
    outer loop
      vertex 92.1048 75.0813 4
      vertex 90.7778 82.8427 4
      vertex 91.073 75.3943 4
    endloop
  endfacet
  facet normal -0 0 1
    outer loop
      vertex 89.9134 82.3806 4
      vertex 91.073 75.3943 4
      vertex 90.7778 82.8427 4
    endloop
  endfacet
  facet normal 0 0 1
    outer loop
      vertex 91.073 75.3943 4
      vertex 89.9134 82.3806 4
      vertex 90 75.5 4
    endloop
  endfacet
  facet normal -0 0 1
    outer loop
      vertex 88.9754 82.0961 4
      vertex 90 75.5 4
      vertex 89.9134 82.3806 4
    endloop
  endfacet
  facet normal 0 0 1
    outer loop
      vertex 88.9754 82.0961 4
      vertex 88.927 75.3943 4
      vertex 90 75.5 4
    endloop
  endfacet
  facet normal -0 0 1
    outer loop
      vertex 88 82 4
      vertex 88.927 75.3943 4
      vertex 88.9754 82.0961 4
    endloop
  endfacet
  facet normal 0 0 1
    outer loop
      vertex 88 82 4
      vertex 87.8952 75.0813 4
      vertex 88.927 75.3943 4
    endloop
  endfacet
  facet normal 0 0 1
    outer loop
      vertex 87.0246 82.0961 4
      vertex 87.8952 75.0813 4
      vertex 88 82 4
    endloop
  endfacet
  facet normal 0 0 1
    outer loop
      vertex 87.0246 82.0961 4
      vertex 86.9444 74.5731 4
      vertex 87.8952 75.0813 4
    endloop
  endfacet
  facet normal 0 0 1
    outer loop
      vertex 86.0866 82.3806 4
      vertex 86.9444 74.5731 4
      vertex 87.0246 82.0961 4
    endloop
  endfacet
  facet normal 0 0 1
    outer loop
      vertex 86.9444 74.5731 4
      vertex 86.0866 82.3806 4
      vertex 86.1109 73.8891 4
    endloop
  endfacet
  facet normal 0 0 1
    outer loop
      vertex 85.2222 82.8427 4
      vertex 86.1109 73.8891 4
      vertex 86.0866 82.3806 4
    endloop
  endfacet
  facet normal 0 0 1
    outer loop
      vertex 86.1109 73.8891 4
      vertex 85.2222 82.8427 4
      vertex 85.4269 73.0556 4
    endloop
  endfacet
  facet normal 0 0 1
    outer loop
      vertex 84.4645 83.4645 4
      vertex 85.4269 73.0556 4
      vertex 85.2222 82.8427 4
    endloop
  endfacet
  facet normal 0 0 1
    outer loop
      vertex 83.8427 84.2222 4
      vertex 85.4269 73.0556 4
      vertex 84.4645 83.4645 4
    endloop
  endfacet
  facet normal 0 0 1
    outer loop
      vertex 85.4269 73.0556 4
      vertex 83.8427 84.2222 4
      vertex 84.9187 72.1048 4
    endloop
  endfacet
  facet normal 0 0 1
    outer loop
      vertex 84.9187 72.1048 4
      vertex 83.3806 85.0866 4
      vertex 84.6057 71.073 4
    endloop
  endfacet
  facet normal 0 0 1
    outer loop
      vertex 83.3806 85.0866 4
      vertex 84.9187 72.1048 4
      vertex 83.8427 84.2222 4
    endloop
  endfacet
  facet normal -0 0 1
    outer loop
      vertex 92.9424 35.9147 4
      vertex 94 26 4
      vertex 93 36.5 4
    endloop
  endfacet
  facet normal -0 0 1
    outer loop
      vertex 92.7716 35.352 4
      vertex 94 26 4
      vertex 92.9424 35.9147 4
    endloop
  endfacet
  facet normal -0 0 1
    outer loop
      vertex 92.4944 34.8333 4
      vertex 94 26 4
      vertex 92.7716 35.352 4
    endloop
  endfacet
  facet normal -0 0 1
    outer loop
      vertex 92.1213 34.3787 4
      vertex 94 26 4
      vertex 92.4944 34.8333 4
    endloop
  endfacet
  facet normal -0 0 1
    outer loop
      vertex 91.6667 34.0056 4
      vertex 94 26 4
      vertex 92.1213 34.3787 4
    endloop
  endfacet
  facet normal -0 0 1
    outer loop
      vertex 91.148 33.7284 4
      vertex 94 26 4
      vertex 91.6667 34.0056 4
    endloop
  endfacet
  facet normal 0 0 1
    outer loop
      vertex 91.148 33.7284 4
      vertex 91 26 4
      vertex 94 26 4
    endloop
  endfacet
  facet normal -0 0 1
    outer loop
      vertex 90 33.5 4
      vertex 91 26 4
      vertex 90.5853 33.5576 4
    endloop
  endfacet
  facet normal -0 0 1
    outer loop
      vertex 90.5853 33.5576 4
      vertex 91 26 4
      vertex 91.148 33.7284 4
    endloop
  endfacet
  facet normal 0 0 1
    outer loop
      vertex 66.9616 36.8902 4
      vertex 66.9616 36.1098 4
      vertex 67 36.5 4
    endloop
  endfacet
  facet normal 0 0 1
    outer loop
      vertex 66.8478 37.2654 4
      vertex 66.9616 36.1098 4
      vertex 66.9616 36.8902 4
    endloop
  endfacet
  facet normal 0 0 1
    outer loop
      vertex 66.8478 37.2654 4
      vertex 66.8478 35.7346 4
      vertex 66.9616 36.1098 4
    endloop
  endfacet
  facet normal 0 0 1
    outer loop
      vertex 66.6629 37.6111 4
      vertex 66.8478 35.7346 4
      vertex 66.8478 37.2654 4
    endloop
  endfacet
  facet normal 0 0 1
    outer loop
      vertex 66.6629 37.6111 4
      vertex 66.6629 35.3889 4
      vertex 66.8478 35.7346 4
    endloop
  endfacet
  facet normal 0 0 1
    outer loop
      vertex 66.4142 37.9142 4
      vertex 66.6629 35.3889 4
      vertex 66.6629 37.6111 4
    endloop
  endfacet
  facet normal 0 0 1
    outer loop
      vertex 66.4142 37.9142 4
      vertex 66.4142 35.0858 4
      vertex 66.6629 35.3889 4
    endloop
  endfacet
  facet normal 0 0 1
    outer loop
      vertex 66.1111 38.1629 4
      vertex 66.4142 35.0858 4
      vertex 66.4142 37.9142 4
    endloop
  endfacet
  facet normal 0 0 1
    outer loop
      vertex 66.1111 38.1629 4
      vertex 66.1111 34.8371 4
      vertex 66.4142 35.0858 4
    endloop
  endfacet
  facet normal 0 0 1
    outer loop
      vertex 65.7654 38.3478 4
      vertex 66.1111 34.8371 4
      vertex 66.1111 38.1629 4
    endloop
  endfacet
  facet normal 0 0 1
    outer loop
      vertex 65.7654 38.3478 4
      vertex 65.7654 34.6522 4
      vertex 66.1111 34.8371 4
    endloop
  endfacet
  facet normal 0 0 1
    outer loop
      vertex 65.3902 38.4616 4
      vertex 65.7654 34.6522 4
      vertex 65.7654 38.3478 4
    endloop
  endfacet
  facet normal 0 0 1
    outer loop
      vertex 65.3902 38.4616 4
      vertex 65.3902 34.5384 4
      vertex 65.7654 34.6522 4
    endloop
  endfacet
  facet normal 0 0 1
    outer loop
      vertex 65 38.5 4
      vertex 65.3902 34.5384 4
      vertex 65.3902 38.4616 4
    endloop
  endfacet
  facet normal 0 0 1
    outer loop
      vertex 65 38.5 4
      vertex 65 34.5 4
      vertex 65.3902 34.5384 4
    endloop
  endfacet
  facet normal -0 0 1
    outer loop
      vertex 64.6098 38.4616 4
      vertex 65 34.5 4
      vertex 65 38.5 4
    endloop
  endfacet
  facet normal 0 0 1
    outer loop
      vertex 64.6098 38.4616 4
      vertex 64.6098 34.5384 4
      vertex 65 34.5 4
    endloop
  endfacet
  facet normal -0 0 1
    outer loop
      vertex 64.2346 38.3478 4
      vertex 64.6098 34.5384 4
      vertex 64.6098 38.4616 4
    endloop
  endfacet
  facet normal 0 0 1
    outer loop
      vertex 64.2346 38.3478 4
      vertex 64.2346 34.6522 4
      vertex 64.6098 34.5384 4
    endloop
  endfacet
  facet normal -0 0 1
    outer loop
      vertex 63.8889 38.1629 4
      vertex 64.2346 34.6522 4
      vertex 64.2346 38.3478 4
    endloop
  endfacet
  facet normal 0 0 1
    outer loop
      vertex 63.8889 38.1629 4
      vertex 63.8889 34.8371 4
      vertex 64.2346 34.6522 4
    endloop
  endfacet
  facet normal -0 0 1
    outer loop
      vertex 63.5858 37.9142 4
      vertex 63.8889 34.8371 4
      vertex 63.8889 38.1629 4
    endloop
  endfacet
  facet normal 0 0 1
    outer loop
      vertex 63.5858 37.9142 4
      vertex 63.5858 35.0858 4
      vertex 63.8889 34.8371 4
    endloop
  endfacet
  facet normal -0 0 1
    outer loop
      vertex 63.3371 37.6111 4
      vertex 63.5858 35.0858 4
      vertex 63.5858 37.9142 4
    endloop
  endfacet
  facet normal 0 0 1
    outer loop
      vertex 63.3371 37.6111 4
      vertex 63.3371 35.3889 4
      vertex 63.5858 35.0858 4
    endloop
  endfacet
  facet normal -0 0 1
    outer loop
      vertex 63.1522 37.2654 4
      vertex 63.3371 35.3889 4
      vertex 63.3371 37.6111 4
    endloop
  endfacet
  facet normal 0 0 1
    outer loop
      vertex 63.1522 37.2654 4
      vertex 63.1522 35.7346 4
      vertex 63.3371 35.3889 4
    endloop
  endfacet
  facet normal -0 0 1
    outer loop
      vertex 63.0384 36.8902 4
      vertex 63.1522 35.7346 4
      vertex 63.1522 37.2654 4
    endloop
  endfacet
  facet normal 0 0 1
    outer loop
      vertex 63.0384 36.8902 4
      vertex 63.0384 36.1098 4
      vertex 63.1522 35.7346 4
    endloop
  endfacet
  facet normal 0 -0 1
    outer loop
      vertex 63.0384 36.1098 4
      vertex 63.0384 36.8902 4
      vertex 63 36.5 4
    endloop
  endfacet
  facet normal 0 0 1
    outer loop
      vertex 91.9616 36.8902 4
      vertex 91.9616 36.1098 4
      vertex 92 36.5 4
    endloop
  endfacet
  facet normal 0 0 1
    outer loop
      vertex 91.8478 37.2654 4
      vertex 91.9616 36.1098 4
      vertex 91.9616 36.8902 4
    endloop
  endfacet
  facet normal 0 0 1
    outer loop
      vertex 91.8478 37.2654 4
      vertex 91.8478 35.7346 4
      vertex 91.9616 36.1098 4
    endloop
  endfacet
  facet normal 0 0 1
    outer loop
      vertex 91.6629 37.6111 4
      vertex 91.8478 35.7346 4
      vertex 91.8478 37.2654 4
    endloop
  endfacet
  facet normal 0 0 1
    outer loop
      vertex 91.6629 37.6111 4
      vertex 91.6629 35.3889 4
      vertex 91.8478 35.7346 4
    endloop
  endfacet
  facet normal 0 0 1
    outer loop
      vertex 91.4142 37.9142 4
      vertex 91.6629 35.3889 4
      vertex 91.6629 37.6111 4
    endloop
  endfacet
  facet normal 0 0 1
    outer loop
      vertex 91.4142 37.9142 4
      vertex 91.4142 35.0858 4
      vertex 91.6629 35.3889 4
    endloop
  endfacet
  facet normal 0 0 1
    outer loop
      vertex 91.1111 38.1629 4
      vertex 91.4142 35.0858 4
      vertex 91.4142 37.9142 4
    endloop
  endfacet
  facet normal 0 0 1
    outer loop
      vertex 91.1111 38.1629 4
      vertex 91.1111 34.8371 4
      vertex 91.4142 35.0858 4
    endloop
  endfacet
  facet normal 0 0 1
    outer loop
      vertex 90.7654 38.3478 4
      vertex 91.1111 34.8371 4
      vertex 91.1111 38.1629 4
    endloop
  endfacet
  facet normal 0 0 1
    outer loop
      vertex 90.7654 38.3478 4
      vertex 90.7654 34.6522 4
      vertex 91.1111 34.8371 4
    endloop
  endfacet
  facet normal 0 0 1
    outer loop
      vertex 90.3902 38.4616 4
      vertex 90.7654 34.6522 4
      vertex 90.7654 38.3478 4
    endloop
  endfacet
  facet normal 0 0 1
    outer loop
      vertex 90.3902 38.4616 4
      vertex 90.3902 34.5384 4
      vertex 90.7654 34.6522 4
    endloop
  endfacet
  facet normal 0 0 1
    outer loop
      vertex 90 38.5 4
      vertex 90.3902 34.5384 4
      vertex 90.3902 38.4616 4
    endloop
  endfacet
  facet normal 0 0 1
    outer loop
      vertex 90 38.5 4
      vertex 90 34.5 4
      vertex 90.3902 34.5384 4
    endloop
  endfacet
  facet normal -0 0 1
    outer loop
      vertex 89.6098 38.4616 4
      vertex 90 34.5 4
      vertex 90 38.5 4
    endloop
  endfacet
  facet normal 0 0 1
    outer loop
      vertex 89.6098 38.4616 4
      vertex 89.6098 34.5384 4
      vertex 90 34.5 4
    endloop
  endfacet
  facet normal -0 0 1
    outer loop
      vertex 89.2346 38.3478 4
      vertex 89.6098 34.5384 4
      vertex 89.6098 38.4616 4
    endloop
  endfacet
  facet normal 0 0 1
    outer loop
      vertex 89.2346 38.3478 4
      vertex 89.2346 34.6522 4
      vertex 89.6098 34.5384 4
    endloop
  endfacet
  facet normal -0 0 1
    outer loop
      vertex 88.8889 38.1629 4
      vertex 89.2346 34.6522 4
      vertex 89.2346 38.3478 4
    endloop
  endfacet
  facet normal 0 0 1
    outer loop
      vertex 88.8889 38.1629 4
      vertex 88.8889 34.8371 4
      vertex 89.2346 34.6522 4
    endloop
  endfacet
  facet normal -0 0 1
    outer loop
      vertex 88.5858 37.9142 4
      vertex 88.8889 34.8371 4
      vertex 88.8889 38.1629 4
    endloop
  endfacet
  facet normal 0 0 1
    outer loop
      vertex 88.5858 37.9142 4
      vertex 88.5858 35.0858 4
      vertex 88.8889 34.8371 4
    endloop
  endfacet
  facet normal -0 0 1
    outer loop
      vertex 88.3371 37.6111 4
      vertex 88.5858 35.0858 4
      vertex 88.5858 37.9142 4
    endloop
  endfacet
  facet normal 0 0 1
    outer loop
      vertex 88.3371 37.6111 4
      vertex 88.3371 35.3889 4
      vertex 88.5858 35.0858 4
    endloop
  endfacet
  facet normal -0 0 1
    outer loop
      vertex 88.1522 37.2654 4
      vertex 88.3371 35.3889 4
      vertex 88.3371 37.6111 4
    endloop
  endfacet
  facet normal 0 0 1
    outer loop
      vertex 88.1522 37.2654 4
      vertex 88.1522 35.7346 4
      vertex 88.3371 35.3889 4
    endloop
  endfacet
  facet normal -0 0 1
    outer loop
      vertex 88.0384 36.8902 4
      vertex 88.1522 35.7346 4
      vertex 88.1522 37.2654 4
    endloop
  endfacet
  facet normal 0 0 1
    outer loop
      vertex 88.0384 36.8902 4
      vertex 88.0384 36.1098 4
      vertex 88.1522 35.7346 4
    endloop
  endfacet
  facet normal 0 -0 1
    outer loop
      vertex 88.0384 36.1098 4
      vertex 88.0384 36.8902 4
      vertex 88 36.5 4
    endloop
  endfacet
  facet normal 0 0 1
    outer loop
      vertex 10.9616 13.3902 4
      vertex 10.9616 12.6098 4
      vertex 11 13 4
    endloop
  endfacet
  facet normal 0 0 1
    outer loop
      vertex 10.8478 13.7654 4
      vertex 10.9616 12.6098 4
      vertex 10.9616 13.3902 4
    endloop
  endfacet
  facet normal 0 0 1
    outer loop
      vertex 10.8478 13.7654 4
      vertex 10.8478 12.2346 4
      vertex 10.9616 12.6098 4
    endloop
  endfacet
  facet normal 0 0 1
    outer loop
      vertex 10.6629 14.1111 4
      vertex 10.8478 12.2346 4
      vertex 10.8478 13.7654 4
    endloop
  endfacet
  facet normal 0 0 1
    outer loop
      vertex 10.6629 14.1111 4
      vertex 10.6629 11.8889 4
      vertex 10.8478 12.2346 4
    endloop
  endfacet
  facet normal 0 0 1
    outer loop
      vertex 10.4142 14.4142 4
      vertex 10.6629 11.8889 4
      vertex 10.6629 14.1111 4
    endloop
  endfacet
  facet normal 0 0 1
    outer loop
      vertex 10.4142 14.4142 4
      vertex 10.4142 11.5858 4
      vertex 10.6629 11.8889 4
    endloop
  endfacet
  facet normal 0 0 1
    outer loop
      vertex 10.1111 14.6629 4
      vertex 10.4142 11.5858 4
      vertex 10.4142 14.4142 4
    endloop
  endfacet
  facet normal 0 0 1
    outer loop
      vertex 10.1111 14.6629 4
      vertex 10.1111 11.3371 4
      vertex 10.4142 11.5858 4
    endloop
  endfacet
  facet normal 0 0 1
    outer loop
      vertex 9.76537 14.8478 4
      vertex 10.1111 11.3371 4
      vertex 10.1111 14.6629 4
    endloop
  endfacet
  facet normal 0 0 1
    outer loop
      vertex 9.76537 14.8478 4
      vertex 9.76537 11.1522 4
      vertex 10.1111 11.3371 4
    endloop
  endfacet
  facet normal 0 0 1
    outer loop
      vertex 9.39018 14.9616 4
      vertex 9.76537 11.1522 4
      vertex 9.76537 14.8478 4
    endloop
  endfacet
  facet normal 0 0 1
    outer loop
      vertex 9.39018 14.9616 4
      vertex 9.39018 11.0384 4
      vertex 9.76537 11.1522 4
    endloop
  endfacet
  facet normal 0 0 1
    outer loop
      vertex 9 15 4
      vertex 9.39018 11.0384 4
      vertex 9.39018 14.9616 4
    endloop
  endfacet
  facet normal 0 0 1
    outer loop
      vertex 9 15 4
      vertex 9 11 4
      vertex 9.39018 11.0384 4
    endloop
  endfacet
  facet normal -0 0 1
    outer loop
      vertex 8.60982 14.9616 4
      vertex 9 11 4
      vertex 9 15 4
    endloop
  endfacet
  facet normal 0 0 1
    outer loop
      vertex 8.60982 14.9616 4
      vertex 8.60982 11.0384 4
      vertex 9 11 4
    endloop
  endfacet
  facet normal -0 0 1
    outer loop
      vertex 8.23463 14.8478 4
      vertex 8.60982 11.0384 4
      vertex 8.60982 14.9616 4
    endloop
  endfacet
  facet normal 0 0 1
    outer loop
      vertex 8.23463 14.8478 4
      vertex 8.23463 11.1522 4
      vertex 8.60982 11.0384 4
    endloop
  endfacet
  facet normal -0 0 1
    outer loop
      vertex 7.88886 14.6629 4
      vertex 8.23463 11.1522 4
      vertex 8.23463 14.8478 4
    endloop
  endfacet
  facet normal 0 0 1
    outer loop
      vertex 7.88886 14.6629 4
      vertex 7.88886 11.3371 4
      vertex 8.23463 11.1522 4
    endloop
  endfacet
  facet normal -0 0 1
    outer loop
      vertex 7.58579 14.4142 4
      vertex 7.88886 11.3371 4
      vertex 7.88886 14.6629 4
    endloop
  endfacet
  facet normal 0 0 1
    outer loop
      vertex 7.58579 14.4142 4
      vertex 7.58579 11.5858 4
      vertex 7.88886 11.3371 4
    endloop
  endfacet
  facet normal -0 0 1
    outer loop
      vertex 7.33706 14.1111 4
      vertex 7.58579 11.5858 4
      vertex 7.58579 14.4142 4
    endloop
  endfacet
  facet normal 0 0 1
    outer loop
      vertex 7.33706 14.1111 4
      vertex 7.33706 11.8889 4
      vertex 7.58579 11.5858 4
    endloop
  endfacet
  facet normal -0 0 1
    outer loop
      vertex 7.15224 13.7654 4
      vertex 7.33706 11.8889 4
      vertex 7.33706 14.1111 4
    endloop
  endfacet
  facet normal 0 0 1
    outer loop
      vertex 7.15224 13.7654 4
      vertex 7.15224 12.2346 4
      vertex 7.33706 11.8889 4
    endloop
  endfacet
  facet normal -0 0 1
    outer loop
      vertex 7.03843 13.3902 4
      vertex 7.15224 12.2346 4
      vertex 7.15224 13.7654 4
    endloop
  endfacet
  facet normal 0 0 1
    outer loop
      vertex 7.03843 13.3902 4
      vertex 7.03843 12.6098 4
      vertex 7.15224 12.2346 4
    endloop
  endfacet
  facet normal 0 -0 1
    outer loop
      vertex 7.03843 12.6098 4
      vertex 7.03843 13.3902 4
      vertex 7 13 4
    endloop
  endfacet
  facet normal 0 0 1
    outer loop
      vertex 10.9616 57.3902 4
      vertex 10.9616 56.6098 4
      vertex 11 57 4
    endloop
  endfacet
  facet normal 0 0 1
    outer loop
      vertex 10.8478 57.7654 4
      vertex 10.9616 56.6098 4
      vertex 10.9616 57.3902 4
    endloop
  endfacet
  facet normal 0 0 1
    outer loop
      vertex 10.8478 57.7654 4
      vertex 10.8478 56.2346 4
      vertex 10.9616 56.6098 4
    endloop
  endfacet
  facet normal 0 0 1
    outer loop
      vertex 10.6629 58.1111 4
      vertex 10.8478 56.2346 4
      vertex 10.8478 57.7654 4
    endloop
  endfacet
  facet normal 0 0 1
    outer loop
      vertex 10.6629 58.1111 4
      vertex 10.6629 55.8889 4
      vertex 10.8478 56.2346 4
    endloop
  endfacet
  facet normal 0 0 1
    outer loop
      vertex 10.4142 58.4142 4
      vertex 10.6629 55.8889 4
      vertex 10.6629 58.1111 4
    endloop
  endfacet
  facet normal 0 0 1
    outer loop
      vertex 10.4142 58.4142 4
      vertex 10.4142 55.5858 4
      vertex 10.6629 55.8889 4
    endloop
  endfacet
  facet normal 0 0 1
    outer loop
      vertex 10.1111 58.6629 4
      vertex 10.4142 55.5858 4
      vertex 10.4142 58.4142 4
    endloop
  endfacet
  facet normal 0 0 1
    outer loop
      vertex 10.1111 58.6629 4
      vertex 10.1111 55.3371 4
      vertex 10.4142 55.5858 4
    endloop
  endfacet
  facet normal 0 0 1
    outer loop
      vertex 9.76537 58.8478 4
      vertex 10.1111 55.3371 4
      vertex 10.1111 58.6629 4
    endloop
  endfacet
  facet normal 0 0 1
    outer loop
      vertex 9.76537 58.8478 4
      vertex 9.76537 55.1522 4
      vertex 10.1111 55.3371 4
    endloop
  endfacet
  facet normal 0 0 1
    outer loop
      vertex 9.39018 58.9616 4
      vertex 9.76537 55.1522 4
      vertex 9.76537 58.8478 4
    endloop
  endfacet
  facet normal 0 0 1
    outer loop
      vertex 9.39018 58.9616 4
      vertex 9.39018 55.0384 4
      vertex 9.76537 55.1522 4
    endloop
  endfacet
  facet normal 0 0 1
    outer loop
      vertex 9 59 4
      vertex 9.39018 55.0384 4
      vertex 9.39018 58.9616 4
    endloop
  endfacet
  facet normal 0 0 1
    outer loop
      vertex 9 59 4
      vertex 9 55 4
      vertex 9.39018 55.0384 4
    endloop
  endfacet
  facet normal -0 0 1
    outer loop
      vertex 8.60982 58.9616 4
      vertex 9 55 4
      vertex 9 59 4
    endloop
  endfacet
  facet normal 0 0 1
    outer loop
      vertex 8.60982 58.9616 4
      vertex 8.60982 55.0384 4
      vertex 9 55 4
    endloop
  endfacet
  facet normal -0 0 1
    outer loop
      vertex 8.23463 58.8478 4
      vertex 8.60982 55.0384 4
      vertex 8.60982 58.9616 4
    endloop
  endfacet
  facet normal 0 0 1
    outer loop
      vertex 8.23463 58.8478 4
      vertex 8.23463 55.1522 4
      vertex 8.60982 55.0384 4
    endloop
  endfacet
  facet normal -0 0 1
    outer loop
      vertex 7.88886 58.6629 4
      vertex 8.23463 55.1522 4
      vertex 8.23463 58.8478 4
    endloop
  endfacet
  facet normal 0 0 1
    outer loop
      vertex 7.88886 58.6629 4
      vertex 7.88886 55.3371 4
      vertex 8.23463 55.1522 4
    endloop
  endfacet
  facet normal -0 0 1
    outer loop
      vertex 7.58579 58.4142 4
      vertex 7.88886 55.3371 4
      vertex 7.88886 58.6629 4
    endloop
  endfacet
  facet normal 0 0 1
    outer loop
      vertex 7.58579 58.4142 4
      vertex 7.58579 55.5858 4
      vertex 7.88886 55.3371 4
    endloop
  endfacet
  facet normal -0 0 1
    outer loop
      vertex 7.33706 58.1111 4
      vertex 7.58579 55.5858 4
      vertex 7.58579 58.4142 4
    endloop
  endfacet
  facet normal 0 0 1
    outer loop
      vertex 7.33706 58.1111 4
      vertex 7.33706 55.8889 4
      vertex 7.58579 55.5858 4
    endloop
  endfacet
  facet normal -0 0 1
    outer loop
      vertex 7.15224 57.7654 4
      vertex 7.33706 55.8889 4
      vertex 7.33706 58.1111 4
    endloop
  endfacet
  facet normal 0 0 1
    outer loop
      vertex 7.15224 57.7654 4
      vertex 7.15224 56.2346 4
      vertex 7.33706 55.8889 4
    endloop
  endfacet
  facet normal -0 0 1
    outer loop
      vertex 7.03843 57.3902 4
      vertex 7.15224 56.2346 4
      vertex 7.15224 57.7654 4
    endloop
  endfacet
  facet normal 0 0 1
    outer loop
      vertex 7.03843 57.3902 4
      vertex 7.03843 56.6098 4
      vertex 7.15224 56.2346 4
    endloop
  endfacet
  facet normal 0 -0 1
    outer loop
      vertex 7.03843 56.6098 4
      vertex 7.03843 57.3902 4
      vertex 7 57 4
    endloop
  endfacet
  facet normal 0 0 1
    outer loop
      vertex 54.9616 13.3902 4
      vertex 54.9616 12.6098 4
      vertex 55 13 4
    endloop
  endfacet
  facet normal 0 0 1
    outer loop
      vertex 54.8478 13.7654 4
      vertex 54.9616 12.6098 4
      vertex 54.9616 13.3902 4
    endloop
  endfacet
  facet normal 0 0 1
    outer loop
      vertex 54.8478 13.7654 4
      vertex 54.8478 12.2346 4
      vertex 54.9616 12.6098 4
    endloop
  endfacet
  facet normal 0 0 1
    outer loop
      vertex 54.6629 14.1111 4
      vertex 54.8478 12.2346 4
      vertex 54.8478 13.7654 4
    endloop
  endfacet
  facet normal 0 0 1
    outer loop
      vertex 54.6629 14.1111 4
      vertex 54.6629 11.8889 4
      vertex 54.8478 12.2346 4
    endloop
  endfacet
  facet normal 0 0 1
    outer loop
      vertex 54.4142 14.4142 4
      vertex 54.6629 11.8889 4
      vertex 54.6629 14.1111 4
    endloop
  endfacet
  facet normal 0 0 1
    outer loop
      vertex 54.4142 14.4142 4
      vertex 54.4142 11.5858 4
      vertex 54.6629 11.8889 4
    endloop
  endfacet
  facet normal 0 0 1
    outer loop
      vertex 54.1111 14.6629 4
      vertex 54.4142 11.5858 4
      vertex 54.4142 14.4142 4
    endloop
  endfacet
  facet normal 0 0 1
    outer loop
      vertex 54.1111 14.6629 4
      vertex 54.1111 11.3371 4
      vertex 54.4142 11.5858 4
    endloop
  endfacet
  facet normal 0 0 1
    outer loop
      vertex 53.7654 14.8478 4
      vertex 54.1111 11.3371 4
      vertex 54.1111 14.6629 4
    endloop
  endfacet
  facet normal 0 0 1
    outer loop
      vertex 53.7654 14.8478 4
      vertex 53.7654 11.1522 4
      vertex 54.1111 11.3371 4
    endloop
  endfacet
  facet normal 0 0 1
    outer loop
      vertex 53.3902 14.9616 4
      vertex 53.7654 11.1522 4
      vertex 53.7654 14.8478 4
    endloop
  endfacet
  facet normal 0 0 1
    outer loop
      vertex 53.3902 14.9616 4
      vertex 53.3902 11.0384 4
      vertex 53.7654 11.1522 4
    endloop
  endfacet
  facet normal 0 0 1
    outer loop
      vertex 53 15 4
      vertex 53.3902 11.0384 4
      vertex 53.3902 14.9616 4
    endloop
  endfacet
  facet normal 0 0 1
    outer loop
      vertex 53 15 4
      vertex 53 11 4
      vertex 53.3902 11.0384 4
    endloop
  endfacet
  facet normal -0 0 1
    outer loop
      vertex 52.6098 14.9616 4
      vertex 53 11 4
      vertex 53 15 4
    endloop
  endfacet
  facet normal 0 0 1
    outer loop
      vertex 52.6098 14.9616 4
      vertex 52.6098 11.0384 4
      vertex 53 11 4
    endloop
  endfacet
  facet normal -0 0 1
    outer loop
      vertex 52.2346 14.8478 4
      vertex 52.6098 11.0384 4
      vertex 52.6098 14.9616 4
    endloop
  endfacet
  facet normal 0 0 1
    outer loop
      vertex 52.2346 14.8478 4
      vertex 52.2346 11.1522 4
      vertex 52.6098 11.0384 4
    endloop
  endfacet
  facet normal -0 0 1
    outer loop
      vertex 51.8889 14.6629 4
      vertex 52.2346 11.1522 4
      vertex 52.2346 14.8478 4
    endloop
  endfacet
  facet normal 0 0 1
    outer loop
      vertex 51.8889 14.6629 4
      vertex 51.8889 11.3371 4
      vertex 52.2346 11.1522 4
    endloop
  endfacet
  facet normal -0 0 1
    outer loop
      vertex 51.5858 14.4142 4
      vertex 51.8889 11.3371 4
      vertex 51.8889 14.6629 4
    endloop
  endfacet
  facet normal 0 0 1
    outer loop
      vertex 51.5858 14.4142 4
      vertex 51.5858 11.5858 4
      vertex 51.8889 11.3371 4
    endloop
  endfacet
  facet normal -0 0 1
    outer loop
      vertex 51.3371 14.1111 4
      vertex 51.5858 11.5858 4
      vertex 51.5858 14.4142 4
    endloop
  endfacet
  facet normal 0 0 1
    outer loop
      vertex 51.3371 14.1111 4
      vertex 51.3371 11.8889 4
      vertex 51.5858 11.5858 4
    endloop
  endfacet
  facet normal -0 0 1
    outer loop
      vertex 51.1522 13.7654 4
      vertex 51.3371 11.8889 4
      vertex 51.3371 14.1111 4
    endloop
  endfacet
  facet normal 0 0 1
    outer loop
      vertex 51.1522 13.7654 4
      vertex 51.1522 12.2346 4
      vertex 51.3371 11.8889 4
    endloop
  endfacet
  facet normal -0 0 1
    outer loop
      vertex 51.0384 13.3902 4
      vertex 51.1522 12.2346 4
      vertex 51.1522 13.7654 4
    endloop
  endfacet
  facet normal 0 0 1
    outer loop
      vertex 51.0384 13.3902 4
      vertex 51.0384 12.6098 4
      vertex 51.1522 12.2346 4
    endloop
  endfacet
  facet normal 0 -0 1
    outer loop
      vertex 51.0384 12.6098 4
      vertex 51.0384 13.3902 4
      vertex 51 13 4
    endloop
  endfacet
  facet normal 0 0 1
    outer loop
      vertex 54.9616 57.3902 4
      vertex 54.9616 56.6098 4
      vertex 55 57 4
    endloop
  endfacet
  facet normal 0 0 1
    outer loop
      vertex 54.8478 57.7654 4
      vertex 54.9616 56.6098 4
      vertex 54.9616 57.3902 4
    endloop
  endfacet
  facet normal 0 0 1
    outer loop
      vertex 54.8478 57.7654 4
      vertex 54.8478 56.2346 4
      vertex 54.9616 56.6098 4
    endloop
  endfacet
  facet normal 0 0 1
    outer loop
      vertex 54.6629 58.1111 4
      vertex 54.8478 56.2346 4
      vertex 54.8478 57.7654 4
    endloop
  endfacet
  facet normal 0 0 1
    outer loop
      vertex 54.6629 58.1111 4
      vertex 54.6629 55.8889 4
      vertex 54.8478 56.2346 4
    endloop
  endfacet
  facet normal 0 0 1
    outer loop
      vertex 54.4142 58.4142 4
      vertex 54.6629 55.8889 4
      vertex 54.6629 58.1111 4
    endloop
  endfacet
  facet normal 0 0 1
    outer loop
      vertex 54.4142 58.4142 4
      vertex 54.4142 55.5858 4
      vertex 54.6629 55.8889 4
    endloop
  endfacet
  facet normal 0 0 1
    outer loop
      vertex 54.1111 58.6629 4
      vertex 54.4142 55.5858 4
      vertex 54.4142 58.4142 4
    endloop
  endfacet
  facet normal 0 0 1
    outer loop
      vertex 54.1111 58.6629 4
      vertex 54.1111 55.3371 4
      vertex 54.4142 55.5858 4
    endloop
  endfacet
  facet normal 0 0 1
    outer loop
      vertex 53.7654 58.8478 4
      vertex 54.1111 55.3371 4
      vertex 54.1111 58.6629 4
    endloop
  endfacet
  facet normal 0 0 1
    outer loop
      vertex 53.7654 58.8478 4
      vertex 53.7654 55.1522 4
      vertex 54.1111 55.3371 4
    endloop
  endfacet
  facet normal 0 0 1
    outer loop
      vertex 53.3902 58.9616 4
      vertex 53.7654 55.1522 4
      vertex 53.7654 58.8478 4
    endloop
  endfacet
  facet normal 0 0 1
    outer loop
      vertex 53.3902 58.9616 4
      vertex 53.3902 55.0384 4
      vertex 53.7654 55.1522 4
    endloop
  endfacet
  facet normal 0 0 1
    outer loop
      vertex 53 59 4
      vertex 53.3902 55.0384 4
      vertex 53.3902 58.9616 4
    endloop
  endfacet
  facet normal 0 0 1
    outer loop
      vertex 53 59 4
      vertex 53 55 4
      vertex 53.3902 55.0384 4
    endloop
  endfacet
  facet normal -0 0 1
    outer loop
      vertex 52.6098 58.9616 4
      vertex 53 55 4
      vertex 53 59 4
    endloop
  endfacet
  facet normal 0 0 1
    outer loop
      vertex 52.6098 58.9616 4
      vertex 52.6098 55.0384 4
      vertex 53 55 4
    endloop
  endfacet
  facet normal -0 0 1
    outer loop
      vertex 52.2346 58.8478 4
      vertex 52.6098 55.0384 4
      vertex 52.6098 58.9616 4
    endloop
  endfacet
  facet normal 0 0 1
    outer loop
      vertex 52.2346 58.8478 4
      vertex 52.2346 55.1522 4
      vertex 52.6098 55.0384 4
    endloop
  endfacet
  facet normal -0 0 1
    outer loop
      vertex 51.8889 58.6629 4
      vertex 52.2346 55.1522 4
      vertex 52.2346 58.8478 4
    endloop
  endfacet
  facet normal 0 0 1
    outer loop
      vertex 51.8889 58.6629 4
      vertex 51.8889 55.3371 4
      vertex 52.2346 55.1522 4
    endloop
  endfacet
  facet normal -0 0 1
    outer loop
      vertex 51.5858 58.4142 4
      vertex 51.8889 55.3371 4
      vertex 51.8889 58.6629 4
    endloop
  endfacet
  facet normal 0 0 1
    outer loop
      vertex 51.5858 58.4142 4
      vertex 51.5858 55.5858 4
      vertex 51.8889 55.3371 4
    endloop
  endfacet
  facet normal -0 0 1
    outer loop
      vertex 51.3371 58.1111 4
      vertex 51.5858 55.5858 4
      vertex 51.5858 58.4142 4
    endloop
  endfacet
  facet normal 0 0 1
    outer loop
      vertex 51.3371 58.1111 4
      vertex 51.3371 55.8889 4
      vertex 51.5858 55.5858 4
    endloop
  endfacet
  facet normal -0 0 1
    outer loop
      vertex 51.1522 57.7654 4
      vertex 51.3371 55.8889 4
      vertex 51.3371 58.1111 4
    endloop
  endfacet
  facet normal 0 0 1
    outer loop
      vertex 51.1522 57.7654 4
      vertex 51.1522 56.2346 4
      vertex 51.3371 55.8889 4
    endloop
  endfacet
  facet normal -0 0 1
    outer loop
      vertex 51.0384 57.3902 4
      vertex 51.1522 56.2346 4
      vertex 51.1522 57.7654 4
    endloop
  endfacet
  facet normal 0 0 1
    outer loop
      vertex 51.0384 57.3902 4
      vertex 51.0384 56.6098 4
      vertex 51.1522 56.2346 4
    endloop
  endfacet
  facet normal 0 -0 1
    outer loop
      vertex 51.0384 56.6098 4
      vertex 51.0384 57.3902 4
      vertex 51 57 4
    endloop
  endfacet
  facet normal 0 0 1
    outer loop
      vertex 57.7462 87.5462 4
      vertex 57.7462 86.4538 4
      vertex 57.8 87 4
    endloop
  endfacet
  facet normal 0 0 1
    outer loop
      vertex 57.5869 88.0715 4
      vertex 57.7462 86.4538 4
      vertex 57.7462 87.5462 4
    endloop
  endfacet
  facet normal 0 0 1
    outer loop
      vertex 57.5869 88.0715 4
      vertex 57.5869 85.9285 4
      vertex 57.7462 86.4538 4
    endloop
  endfacet
  facet normal 0 0 1
    outer loop
      vertex 57.3281 88.5556 4
      vertex 57.5869 85.9285 4
      vertex 57.5869 88.0715 4
    endloop
  endfacet
  facet normal 0 0 1
    outer loop
      vertex 57.3281 88.5556 4
      vertex 57.3281 85.4444 4
      vertex 57.5869 85.9285 4
    endloop
  endfacet
  facet normal 0 0 1
    outer loop
      vertex 56.9799 88.9799 4
      vertex 57.3281 85.4444 4
      vertex 57.3281 88.5556 4
    endloop
  endfacet
  facet normal 0 0 1
    outer loop
      vertex 56.9799 88.9799 4
      vertex 56.9799 85.0201 4
      vertex 57.3281 85.4444 4
    endloop
  endfacet
  facet normal 0 0 1
    outer loop
      vertex 56.5556 89.3281 4
      vertex 56.9799 85.0201 4
      vertex 56.9799 88.9799 4
    endloop
  endfacet
  facet normal 0 0 1
    outer loop
      vertex 56.5556 89.3281 4
      vertex 56.5556 84.6719 4
      vertex 56.9799 85.0201 4
    endloop
  endfacet
  facet normal 0 0 1
    outer loop
      vertex 56.0715 89.5869 4
      vertex 56.5556 84.6719 4
      vertex 56.5556 89.3281 4
    endloop
  endfacet
  facet normal 0 0 1
    outer loop
      vertex 56.0715 89.5869 4
      vertex 56.0715 84.4131 4
      vertex 56.5556 84.6719 4
    endloop
  endfacet
  facet normal 0 0 1
    outer loop
      vertex 55.5463 89.7462 4
      vertex 56.0715 84.4131 4
      vertex 56.0715 89.5869 4
    endloop
  endfacet
  facet normal 0 0 1
    outer loop
      vertex 55.5463 89.7462 4
      vertex 55.5463 84.2538 4
      vertex 56.0715 84.4131 4
    endloop
  endfacet
  facet normal 0 0 1
    outer loop
      vertex 55 89.8 4
      vertex 55.5463 84.2538 4
      vertex 55.5463 89.7462 4
    endloop
  endfacet
  facet normal 0 0 1
    outer loop
      vertex 55 89.8 4
      vertex 55 84.2 4
      vertex 55.5463 84.2538 4
    endloop
  endfacet
  facet normal -0 0 1
    outer loop
      vertex 54.4537 89.7462 4
      vertex 55 84.2 4
      vertex 55 89.8 4
    endloop
  endfacet
  facet normal 0 0 1
    outer loop
      vertex 54.4537 89.7462 4
      vertex 54.4537 84.2538 4
      vertex 55 84.2 4
    endloop
  endfacet
  facet normal -0 0 1
    outer loop
      vertex 53.9285 89.5869 4
      vertex 54.4537 84.2538 4
      vertex 54.4537 89.7462 4
    endloop
  endfacet
  facet normal 0 0 1
    outer loop
      vertex 53.9285 89.5869 4
      vertex 53.9285 84.4131 4
      vertex 54.4537 84.2538 4
    endloop
  endfacet
  facet normal -0 0 1
    outer loop
      vertex 53.4444 89.3281 4
      vertex 53.9285 84.4131 4
      vertex 53.9285 89.5869 4
    endloop
  endfacet
  facet normal 0 0 1
    outer loop
      vertex 53.4444 89.3281 4
      vertex 53.4444 84.6719 4
      vertex 53.9285 84.4131 4
    endloop
  endfacet
  facet normal -0 0 1
    outer loop
      vertex 53.0201 88.9799 4
      vertex 53.4444 84.6719 4
      vertex 53.4444 89.3281 4
    endloop
  endfacet
  facet normal 0 0 1
    outer loop
      vertex 53.0201 88.9799 4
      vertex 53.0201 85.0201 4
      vertex 53.4444 84.6719 4
    endloop
  endfacet
  facet normal -0 0 1
    outer loop
      vertex 52.6719 88.5556 4
      vertex 53.0201 85.0201 4
      vertex 53.0201 88.9799 4
    endloop
  endfacet
  facet normal 0 0 1
    outer loop
      vertex 52.6719 88.5556 4
      vertex 52.6719 85.4444 4
      vertex 53.0201 85.0201 4
    endloop
  endfacet
  facet normal -0 0 1
    outer loop
      vertex 52.4131 88.0715 4
      vertex 52.6719 85.4444 4
      vertex 52.6719 88.5556 4
    endloop
  endfacet
  facet normal 0 0 1
    outer loop
      vertex 52.4131 88.0715 4
      vertex 52.4131 85.9285 4
      vertex 52.6719 85.4444 4
    endloop
  endfacet
  facet normal -0 0 1
    outer loop
      vertex 52.2538 87.5462 4
      vertex 52.4131 85.9285 4
      vertex 52.4131 88.0715 4
    endloop
  endfacet
  facet normal 0 0 1
    outer loop
      vertex 52.2538 87.5462 4
      vertex 52.2538 86.4538 4
      vertex 52.4131 85.9285 4
    endloop
  endfacet
  facet normal 0 -0 1
    outer loop
      vertex 52.2538 86.4538 4
      vertex 52.2538 87.5462 4
      vertex 52.2 87 4
    endloop
  endfacet
  facet normal 0 0 1
    outer loop
      vertex 123.746 87.5462 4
      vertex 123.746 86.4538 4
      vertex 123.8 87 4
    endloop
  endfacet
  facet normal 0 0 1
    outer loop
      vertex 123.587 88.0715 4
      vertex 123.746 86.4538 4
      vertex 123.746 87.5462 4
    endloop
  endfacet
  facet normal 0 0 1
    outer loop
      vertex 123.587 88.0715 4
      vertex 123.587 85.9285 4
      vertex 123.746 86.4538 4
    endloop
  endfacet
  facet normal 0 0 1
    outer loop
      vertex 123.328 88.5556 4
      vertex 123.587 85.9285 4
      vertex 123.587 88.0715 4
    endloop
  endfacet
  facet normal 0 0 1
    outer loop
      vertex 123.328 88.5556 4
      vertex 123.328 85.4444 4
      vertex 123.587 85.9285 4
    endloop
  endfacet
  facet normal 0 0 1
    outer loop
      vertex 122.98 88.9799 4
      vertex 123.328 85.4444 4
      vertex 123.328 88.5556 4
    endloop
  endfacet
  facet normal 0 0 1
    outer loop
      vertex 122.98 88.9799 4
      vertex 122.98 85.0201 4
      vertex 123.328 85.4444 4
    endloop
  endfacet
  facet normal 0 0 1
    outer loop
      vertex 122.556 89.3281 4
      vertex 122.98 85.0201 4
      vertex 122.98 88.9799 4
    endloop
  endfacet
  facet normal 0 0 1
    outer loop
      vertex 122.556 89.3281 4
      vertex 122.556 84.6719 4
      vertex 122.98 85.0201 4
    endloop
  endfacet
  facet normal 0 0 1
    outer loop
      vertex 122.072 89.5869 4
      vertex 122.556 84.6719 4
      vertex 122.556 89.3281 4
    endloop
  endfacet
  facet normal 0 0 1
    outer loop
      vertex 122.072 89.5869 4
      vertex 122.072 84.4131 4
      vertex 122.556 84.6719 4
    endloop
  endfacet
  facet normal 0 0 1
    outer loop
      vertex 121.546 89.7462 4
      vertex 122.072 84.4131 4
      vertex 122.072 89.5869 4
    endloop
  endfacet
  facet normal 0 0 1
    outer loop
      vertex 121.546 89.7462 4
      vertex 121.546 84.2538 4
      vertex 122.072 84.4131 4
    endloop
  endfacet
  facet normal 0 0 1
    outer loop
      vertex 121 89.8 4
      vertex 121.546 84.2538 4
      vertex 121.546 89.7462 4
    endloop
  endfacet
  facet normal 0 0 1
    outer loop
      vertex 121 89.8 4
      vertex 121 84.2 4
      vertex 121.546 84.2538 4
    endloop
  endfacet
  facet normal -0 0 1
    outer loop
      vertex 120.454 89.7462 4
      vertex 121 84.2 4
      vertex 121 89.8 4
    endloop
  endfacet
  facet normal 0 0 1
    outer loop
      vertex 120.454 89.7462 4
      vertex 120.454 84.2538 4
      vertex 121 84.2 4
    endloop
  endfacet
  facet normal -0 0 1
    outer loop
      vertex 119.928 89.5869 4
      vertex 120.454 84.2538 4
      vertex 120.454 89.7462 4
    endloop
  endfacet
  facet normal 0 0 1
    outer loop
      vertex 119.928 89.5869 4
      vertex 119.928 84.4131 4
      vertex 120.454 84.2538 4
    endloop
  endfacet
  facet normal -0 0 1
    outer loop
      vertex 119.444 89.3281 4
      vertex 119.928 84.4131 4
      vertex 119.928 89.5869 4
    endloop
  endfacet
  facet normal 0 0 1
    outer loop
      vertex 119.444 89.3281 4
      vertex 119.444 84.6719 4
      vertex 119.928 84.4131 4
    endloop
  endfacet
  facet normal -0 0 1
    outer loop
      vertex 119.02 88.9799 4
      vertex 119.444 84.6719 4
      vertex 119.444 89.3281 4
    endloop
  endfacet
  facet normal 0 0 1
    outer loop
      vertex 119.02 88.9799 4
      vertex 119.02 85.0201 4
      vertex 119.444 84.6719 4
    endloop
  endfacet
  facet normal -0 0 1
    outer loop
      vertex 118.672 88.5556 4
      vertex 119.02 85.0201 4
      vertex 119.02 88.9799 4
    endloop
  endfacet
  facet normal 0 0 1
    outer loop
      vertex 118.672 88.5556 4
      vertex 118.672 85.4444 4
      vertex 119.02 85.0201 4
    endloop
  endfacet
  facet normal -0 0 1
    outer loop
      vertex 118.413 88.0715 4
      vertex 118.672 85.4444 4
      vertex 118.672 88.5556 4
    endloop
  endfacet
  facet normal 0 0 1
    outer loop
      vertex 118.413 88.0715 4
      vertex 118.413 85.9285 4
      vertex 118.672 85.4444 4
    endloop
  endfacet
  facet normal -0 0 1
    outer loop
      vertex 118.254 87.5462 4
      vertex 118.413 85.9285 4
      vertex 118.413 88.0715 4
    endloop
  endfacet
  facet normal 0 0 1
    outer loop
      vertex 118.254 87.5462 4
      vertex 118.254 86.4538 4
      vertex 118.413 85.9285 4
    endloop
  endfacet
  facet normal 0 -0 1
    outer loop
      vertex 118.254 86.4538 4
      vertex 118.254 87.5462 4
      vertex 118.2 87 4
    endloop
  endfacet
  facet normal 0 0 1
    outer loop
      vertex 189.746 87.5462 4
      vertex 189.746 86.4538 4
      vertex 189.8 87 4
    endloop
  endfacet
  facet normal 0 0 1
    outer loop
      vertex 189.587 88.0715 4
      vertex 189.746 86.4538 4
      vertex 189.746 87.5462 4
    endloop
  endfacet
  facet normal 0 0 1
    outer loop
      vertex 189.587 88.0715 4
      vertex 189.587 85.9285 4
      vertex 189.746 86.4538 4
    endloop
  endfacet
  facet normal 0 0 1
    outer loop
      vertex 189.328 88.5556 4
      vertex 189.587 85.9285 4
      vertex 189.587 88.0715 4
    endloop
  endfacet
  facet normal 0 0 1
    outer loop
      vertex 189.328 88.5556 4
      vertex 189.328 85.4444 4
      vertex 189.587 85.9285 4
    endloop
  endfacet
  facet normal 0 0 1
    outer loop
      vertex 188.98 88.9799 4
      vertex 189.328 85.4444 4
      vertex 189.328 88.5556 4
    endloop
  endfacet
  facet normal 0 0 1
    outer loop
      vertex 188.98 88.9799 4
      vertex 188.98 85.0201 4
      vertex 189.328 85.4444 4
    endloop
  endfacet
  facet normal 0 0 1
    outer loop
      vertex 188.556 89.3281 4
      vertex 188.98 85.0201 4
      vertex 188.98 88.9799 4
    endloop
  endfacet
  facet normal 0 0 1
    outer loop
      vertex 188.556 89.3281 4
      vertex 188.556 84.6719 4
      vertex 188.98 85.0201 4
    endloop
  endfacet
  facet normal 0 0 1
    outer loop
      vertex 188.072 89.5869 4
      vertex 188.556 84.6719 4
      vertex 188.556 89.3281 4
    endloop
  endfacet
  facet normal 0 0 1
    outer loop
      vertex 188.072 89.5869 4
      vertex 188.072 84.4131 4
      vertex 188.556 84.6719 4
    endloop
  endfacet
  facet normal 0 0 1
    outer loop
      vertex 187.546 89.7462 4
      vertex 188.072 84.4131 4
      vertex 188.072 89.5869 4
    endloop
  endfacet
  facet normal 0 0 1
    outer loop
      vertex 187.546 89.7462 4
      vertex 187.546 84.2538 4
      vertex 188.072 84.4131 4
    endloop
  endfacet
  facet normal 0 0 1
    outer loop
      vertex 187 89.8 4
      vertex 187.546 84.2538 4
      vertex 187.546 89.7462 4
    endloop
  endfacet
  facet normal 0 0 1
    outer loop
      vertex 187 89.8 4
      vertex 187 84.2 4
      vertex 187.546 84.2538 4
    endloop
  endfacet
  facet normal -0 0 1
    outer loop
      vertex 186.454 89.7462 4
      vertex 187 84.2 4
      vertex 187 89.8 4
    endloop
  endfacet
  facet normal 0 0 1
    outer loop
      vertex 186.454 89.7462 4
      vertex 186.454 84.2538 4
      vertex 187 84.2 4
    endloop
  endfacet
  facet normal -0 0 1
    outer loop
      vertex 185.928 89.5869 4
      vertex 186.454 84.2538 4
      vertex 186.454 89.7462 4
    endloop
  endfacet
  facet normal 0 0 1
    outer loop
      vertex 185.928 89.5869 4
      vertex 185.928 84.4131 4
      vertex 186.454 84.2538 4
    endloop
  endfacet
  facet normal -0 0 1
    outer loop
      vertex 185.444 89.3281 4
      vertex 185.928 84.4131 4
      vertex 185.928 89.5869 4
    endloop
  endfacet
  facet normal 0 0 1
    outer loop
      vertex 185.444 89.3281 4
      vertex 185.444 84.6719 4
      vertex 185.928 84.4131 4
    endloop
  endfacet
  facet normal -0 0 1
    outer loop
      vertex 185.02 88.9799 4
      vertex 185.444 84.6719 4
      vertex 185.444 89.3281 4
    endloop
  endfacet
  facet normal 0 0 1
    outer loop
      vertex 185.02 88.9799 4
      vertex 185.02 85.0201 4
      vertex 185.444 84.6719 4
    endloop
  endfacet
  facet normal -0 0 1
    outer loop
      vertex 184.672 88.5556 4
      vertex 185.02 85.0201 4
      vertex 185.02 88.9799 4
    endloop
  endfacet
  facet normal 0 0 1
    outer loop
      vertex 184.672 88.5556 4
      vertex 184.672 85.4444 4
      vertex 185.02 85.0201 4
    endloop
  endfacet
  facet normal -0 0 1
    outer loop
      vertex 184.413 88.0715 4
      vertex 184.672 85.4444 4
      vertex 184.672 88.5556 4
    endloop
  endfacet
  facet normal 0 0 1
    outer loop
      vertex 184.413 88.0715 4
      vertex 184.413 85.9285 4
      vertex 184.672 85.4444 4
    endloop
  endfacet
  facet normal -0 0 1
    outer loop
      vertex 184.254 87.5462 4
      vertex 184.413 85.9285 4
      vertex 184.413 88.0715 4
    endloop
  endfacet
  facet normal 0 0 1
    outer loop
      vertex 184.254 87.5462 4
      vertex 184.254 86.4538 4
      vertex 184.413 85.9285 4
    endloop
  endfacet
  facet normal 0 -0 1
    outer loop
      vertex 184.254 86.4538 4
      vertex 184.254 87.5462 4
      vertex 184.2 87 4
    endloop
  endfacet
  facet normal 0 0 1
    outer loop
      vertex 156.746 87.5462 4
      vertex 156.746 86.4538 4
      vertex 156.8 87 4
    endloop
  endfacet
  facet normal 0 0 1
    outer loop
      vertex 156.587 88.0715 4
      vertex 156.746 86.4538 4
      vertex 156.746 87.5462 4
    endloop
  endfacet
  facet normal 0 0 1
    outer loop
      vertex 156.587 88.0715 4
      vertex 156.587 85.9285 4
      vertex 156.746 86.4538 4
    endloop
  endfacet
  facet normal 0 0 1
    outer loop
      vertex 156.328 88.5556 4
      vertex 156.587 85.9285 4
      vertex 156.587 88.0715 4
    endloop
  endfacet
  facet normal 0 0 1
    outer loop
      vertex 156.328 88.5556 4
      vertex 156.328 85.4444 4
      vertex 156.587 85.9285 4
    endloop
  endfacet
  facet normal 0 0 1
    outer loop
      vertex 155.98 88.9799 4
      vertex 156.328 85.4444 4
      vertex 156.328 88.5556 4
    endloop
  endfacet
  facet normal 0 0 1
    outer loop
      vertex 155.98 88.9799 4
      vertex 155.98 85.0201 4
      vertex 156.328 85.4444 4
    endloop
  endfacet
  facet normal 0 0 1
    outer loop
      vertex 155.556 89.3281 4
      vertex 155.98 85.0201 4
      vertex 155.98 88.9799 4
    endloop
  endfacet
  facet normal 0 0 1
    outer loop
      vertex 155.556 89.3281 4
      vertex 155.556 84.6719 4
      vertex 155.98 85.0201 4
    endloop
  endfacet
  facet normal 0 0 1
    outer loop
      vertex 155.072 89.5869 4
      vertex 155.556 84.6719 4
      vertex 155.556 89.3281 4
    endloop
  endfacet
  facet normal 0 0 1
    outer loop
      vertex 155.072 89.5869 4
      vertex 155.072 84.4131 4
      vertex 155.556 84.6719 4
    endloop
  endfacet
  facet normal 0 0 1
    outer loop
      vertex 154.546 89.7462 4
      vertex 155.072 84.4131 4
      vertex 155.072 89.5869 4
    endloop
  endfacet
  facet normal 0 0 1
    outer loop
      vertex 154.546 89.7462 4
      vertex 154.546 84.2538 4
      vertex 155.072 84.4131 4
    endloop
  endfacet
  facet normal 0 0 1
    outer loop
      vertex 154 89.8 4
      vertex 154.546 84.2538 4
      vertex 154.546 89.7462 4
    endloop
  endfacet
  facet normal 0 0 1
    outer loop
      vertex 154 89.8 4
      vertex 154 84.2 4
      vertex 154.546 84.2538 4
    endloop
  endfacet
  facet normal -0 0 1
    outer loop
      vertex 153.454 89.7462 4
      vertex 154 84.2 4
      vertex 154 89.8 4
    endloop
  endfacet
  facet normal 0 0 1
    outer loop
      vertex 153.454 89.7462 4
      vertex 153.454 84.2538 4
      vertex 154 84.2 4
    endloop
  endfacet
  facet normal -0 0 1
    outer loop
      vertex 152.928 89.5869 4
      vertex 153.454 84.2538 4
      vertex 153.454 89.7462 4
    endloop
  endfacet
  facet normal 0 0 1
    outer loop
      vertex 152.928 89.5869 4
      vertex 152.928 84.4131 4
      vertex 153.454 84.2538 4
    endloop
  endfacet
  facet normal -0 0 1
    outer loop
      vertex 152.444 89.3281 4
      vertex 152.928 84.4131 4
      vertex 152.928 89.5869 4
    endloop
  endfacet
  facet normal 0 0 1
    outer loop
      vertex 152.444 89.3281 4
      vertex 152.444 84.6719 4
      vertex 152.928 84.4131 4
    endloop
  endfacet
  facet normal -0 0 1
    outer loop
      vertex 152.02 88.9799 4
      vertex 152.444 84.6719 4
      vertex 152.444 89.3281 4
    endloop
  endfacet
  facet normal 0 0 1
    outer loop
      vertex 152.02 88.9799 4
      vertex 152.02 85.0201 4
      vertex 152.444 84.6719 4
    endloop
  endfacet
  facet normal -0 0 1
    outer loop
      vertex 151.672 88.5556 4
      vertex 152.02 85.0201 4
      vertex 152.02 88.9799 4
    endloop
  endfacet
  facet normal 0 0 1
    outer loop
      vertex 151.672 88.5556 4
      vertex 151.672 85.4444 4
      vertex 152.02 85.0201 4
    endloop
  endfacet
  facet normal -0 0 1
    outer loop
      vertex 151.413 88.0715 4
      vertex 151.672 85.4444 4
      vertex 151.672 88.5556 4
    endloop
  endfacet
  facet normal 0 0 1
    outer loop
      vertex 151.413 88.0715 4
      vertex 151.413 85.9285 4
      vertex 151.672 85.4444 4
    endloop
  endfacet
  facet normal -0 0 1
    outer loop
      vertex 151.254 87.5462 4
      vertex 151.413 85.9285 4
      vertex 151.413 88.0715 4
    endloop
  endfacet
  facet normal 0 0 1
    outer loop
      vertex 151.254 87.5462 4
      vertex 151.254 86.4538 4
      vertex 151.413 85.9285 4
    endloop
  endfacet
  facet normal 0 -0 1
    outer loop
      vertex 151.254 86.4538 4
      vertex 151.254 87.5462 4
      vertex 151.2 87 4
    endloop
  endfacet
  facet normal 0 0 1
    outer loop
      vertex 24.7462 87.5462 4
      vertex 24.7462 86.4538 4
      vertex 24.8 87 4
    endloop
  endfacet
  facet normal 0 0 1
    outer loop
      vertex 24.5869 88.0715 4
      vertex 24.7462 86.4538 4
      vertex 24.7462 87.5462 4
    endloop
  endfacet
  facet normal 0 0 1
    outer loop
      vertex 24.5869 88.0715 4
      vertex 24.5869 85.9285 4
      vertex 24.7462 86.4538 4
    endloop
  endfacet
  facet normal 0 0 1
    outer loop
      vertex 24.3281 88.5556 4
      vertex 24.5869 85.9285 4
      vertex 24.5869 88.0715 4
    endloop
  endfacet
  facet normal 0 0 1
    outer loop
      vertex 24.3281 88.5556 4
      vertex 24.3281 85.4444 4
      vertex 24.5869 85.9285 4
    endloop
  endfacet
  facet normal 0 0 1
    outer loop
      vertex 23.9799 88.9799 4
      vertex 24.3281 85.4444 4
      vertex 24.3281 88.5556 4
    endloop
  endfacet
  facet normal 0 0 1
    outer loop
      vertex 23.9799 88.9799 4
      vertex 23.9799 85.0201 4
      vertex 24.3281 85.4444 4
    endloop
  endfacet
  facet normal 0 0 1
    outer loop
      vertex 23.5556 89.3281 4
      vertex 23.9799 85.0201 4
      vertex 23.9799 88.9799 4
    endloop
  endfacet
  facet normal 0 0 1
    outer loop
      vertex 23.5556 89.3281 4
      vertex 23.5556 84.6719 4
      vertex 23.9799 85.0201 4
    endloop
  endfacet
  facet normal 0 0 1
    outer loop
      vertex 23.0715 89.5869 4
      vertex 23.5556 84.6719 4
      vertex 23.5556 89.3281 4
    endloop
  endfacet
  facet normal 0 0 1
    outer loop
      vertex 23.0715 89.5869 4
      vertex 23.0715 84.4131 4
      vertex 23.5556 84.6719 4
    endloop
  endfacet
  facet normal 0 0 1
    outer loop
      vertex 22.5463 89.7462 4
      vertex 23.0715 84.4131 4
      vertex 23.0715 89.5869 4
    endloop
  endfacet
  facet normal 0 0 1
    outer loop
      vertex 22.5463 89.7462 4
      vertex 22.5463 84.2538 4
      vertex 23.0715 84.4131 4
    endloop
  endfacet
  facet normal 0 0 1
    outer loop
      vertex 22 89.8 4
      vertex 22.5463 84.2538 4
      vertex 22.5463 89.7462 4
    endloop
  endfacet
  facet normal 0 0 1
    outer loop
      vertex 22 89.8 4
      vertex 22 84.2 4
      vertex 22.5463 84.2538 4
    endloop
  endfacet
  facet normal -0 0 1
    outer loop
      vertex 21.4537 89.7462 4
      vertex 22 84.2 4
      vertex 22 89.8 4
    endloop
  endfacet
  facet normal 0 0 1
    outer loop
      vertex 21.4537 89.7462 4
      vertex 21.4537 84.2538 4
      vertex 22 84.2 4
    endloop
  endfacet
  facet normal -0 0 1
    outer loop
      vertex 20.9285 89.5869 4
      vertex 21.4537 84.2538 4
      vertex 21.4537 89.7462 4
    endloop
  endfacet
  facet normal 0 0 1
    outer loop
      vertex 20.9285 89.5869 4
      vertex 20.9285 84.4131 4
      vertex 21.4537 84.2538 4
    endloop
  endfacet
  facet normal -0 0 1
    outer loop
      vertex 20.4444 89.3281 4
      vertex 20.9285 84.4131 4
      vertex 20.9285 89.5869 4
    endloop
  endfacet
  facet normal 0 0 1
    outer loop
      vertex 20.4444 89.3281 4
      vertex 20.4444 84.6719 4
      vertex 20.9285 84.4131 4
    endloop
  endfacet
  facet normal -0 0 1
    outer loop
      vertex 20.0201 88.9799 4
      vertex 20.4444 84.6719 4
      vertex 20.4444 89.3281 4
    endloop
  endfacet
  facet normal 0 0 1
    outer loop
      vertex 20.0201 88.9799 4
      vertex 20.0201 85.0201 4
      vertex 20.4444 84.6719 4
    endloop
  endfacet
  facet normal -0 0 1
    outer loop
      vertex 19.6719 88.5556 4
      vertex 20.0201 85.0201 4
      vertex 20.0201 88.9799 4
    endloop
  endfacet
  facet normal 0 0 1
    outer loop
      vertex 19.6719 88.5556 4
      vertex 19.6719 85.4444 4
      vertex 20.0201 85.0201 4
    endloop
  endfacet
  facet normal -0 0 1
    outer loop
      vertex 19.4131 88.0715 4
      vertex 19.6719 85.4444 4
      vertex 19.6719 88.5556 4
    endloop
  endfacet
  facet normal 0 0 1
    outer loop
      vertex 19.4131 88.0715 4
      vertex 19.4131 85.9285 4
      vertex 19.6719 85.4444 4
    endloop
  endfacet
  facet normal -0 0 1
    outer loop
      vertex 19.2538 87.5462 4
      vertex 19.4131 85.9285 4
      vertex 19.4131 88.0715 4
    endloop
  endfacet
  facet normal 0 0 1
    outer loop
      vertex 19.2538 87.5462 4
      vertex 19.2538 86.4538 4
      vertex 19.4131 85.9285 4
    endloop
  endfacet
  facet normal 0 -0 1
    outer loop
      vertex 19.2538 86.4538 4
      vertex 19.2538 87.5462 4
      vertex 19.2 87 4
    endloop
  endfacet
  facet normal 0 0 1
    outer loop
      vertex 90.7462 87.5462 4
      vertex 90.7462 86.4538 4
      vertex 90.8 87 4
    endloop
  endfacet
  facet normal 0 0 1
    outer loop
      vertex 90.5869 88.0715 4
      vertex 90.7462 86.4538 4
      vertex 90.7462 87.5462 4
    endloop
  endfacet
  facet normal 0 0 1
    outer loop
      vertex 90.5869 88.0715 4
      vertex 90.5869 85.9285 4
      vertex 90.7462 86.4538 4
    endloop
  endfacet
  facet normal 0 0 1
    outer loop
      vertex 90.3281 88.5556 4
      vertex 90.5869 85.9285 4
      vertex 90.5869 88.0715 4
    endloop
  endfacet
  facet normal 0 0 1
    outer loop
      vertex 90.3281 88.5556 4
      vertex 90.3281 85.4444 4
      vertex 90.5869 85.9285 4
    endloop
  endfacet
  facet normal 0 0 1
    outer loop
      vertex 89.9799 88.9799 4
      vertex 90.3281 85.4444 4
      vertex 90.3281 88.5556 4
    endloop
  endfacet
  facet normal 0 0 1
    outer loop
      vertex 89.9799 88.9799 4
      vertex 89.9799 85.0201 4
      vertex 90.3281 85.4444 4
    endloop
  endfacet
  facet normal 0 0 1
    outer loop
      vertex 89.5556 89.3281 4
      vertex 89.9799 85.0201 4
      vertex 89.9799 88.9799 4
    endloop
  endfacet
  facet normal 0 0 1
    outer loop
      vertex 89.5556 89.3281 4
      vertex 89.5556 84.6719 4
      vertex 89.9799 85.0201 4
    endloop
  endfacet
  facet normal 0 0 1
    outer loop
      vertex 89.0715 89.5869 4
      vertex 89.5556 84.6719 4
      vertex 89.5556 89.3281 4
    endloop
  endfacet
  facet normal 0 0 1
    outer loop
      vertex 89.0715 89.5869 4
      vertex 89.0715 84.4131 4
      vertex 89.5556 84.6719 4
    endloop
  endfacet
  facet normal 0 0 1
    outer loop
      vertex 88.5462 89.7462 4
      vertex 89.0715 84.4131 4
      vertex 89.0715 89.5869 4
    endloop
  endfacet
  facet normal 0 0 1
    outer loop
      vertex 88.5462 89.7462 4
      vertex 88.5462 84.2538 4
      vertex 89.0715 84.4131 4
    endloop
  endfacet
  facet normal 0 0 1
    outer loop
      vertex 88 89.8 4
      vertex 88.5462 84.2538 4
      vertex 88.5462 89.7462 4
    endloop
  endfacet
  facet normal 0 0 1
    outer loop
      vertex 88 89.8 4
      vertex 88 84.2 4
      vertex 88.5462 84.2538 4
    endloop
  endfacet
  facet normal -0 0 1
    outer loop
      vertex 87.4538 89.7462 4
      vertex 88 84.2 4
      vertex 88 89.8 4
    endloop
  endfacet
  facet normal 0 0 1
    outer loop
      vertex 87.4538 89.7462 4
      vertex 87.4538 84.2538 4
      vertex 88 84.2 4
    endloop
  endfacet
  facet normal -0 0 1
    outer loop
      vertex 86.9285 89.5869 4
      vertex 87.4538 84.2538 4
      vertex 87.4538 89.7462 4
    endloop
  endfacet
  facet normal 0 0 1
    outer loop
      vertex 86.9285 89.5869 4
      vertex 86.9285 84.4131 4
      vertex 87.4538 84.2538 4
    endloop
  endfacet
  facet normal -0 0 1
    outer loop
      vertex 86.4444 89.3281 4
      vertex 86.9285 84.4131 4
      vertex 86.9285 89.5869 4
    endloop
  endfacet
  facet normal 0 0 1
    outer loop
      vertex 86.4444 89.3281 4
      vertex 86.4444 84.6719 4
      vertex 86.9285 84.4131 4
    endloop
  endfacet
  facet normal -0 0 1
    outer loop
      vertex 86.0201 88.9799 4
      vertex 86.4444 84.6719 4
      vertex 86.4444 89.3281 4
    endloop
  endfacet
  facet normal 0 0 1
    outer loop
      vertex 86.0201 88.9799 4
      vertex 86.0201 85.0201 4
      vertex 86.4444 84.6719 4
    endloop
  endfacet
  facet normal -0 0 1
    outer loop
      vertex 85.6719 88.5556 4
      vertex 86.0201 85.0201 4
      vertex 86.0201 88.9799 4
    endloop
  endfacet
  facet normal 0 0 1
    outer loop
      vertex 85.6719 88.5556 4
      vertex 85.6719 85.4444 4
      vertex 86.0201 85.0201 4
    endloop
  endfacet
  facet normal -0 0 1
    outer loop
      vertex 85.4131 88.0715 4
      vertex 85.6719 85.4444 4
      vertex 85.6719 88.5556 4
    endloop
  endfacet
  facet normal 0 0 1
    outer loop
      vertex 85.4131 88.0715 4
      vertex 85.4131 85.9285 4
      vertex 85.6719 85.4444 4
    endloop
  endfacet
  facet normal -0 0 1
    outer loop
      vertex 85.2538 87.5462 4
      vertex 85.4131 85.9285 4
      vertex 85.4131 88.0715 4
    endloop
  endfacet
  facet normal 0 0 1
    outer loop
      vertex 85.2538 87.5462 4
      vertex 85.2538 86.4538 4
      vertex 85.4131 85.9285 4
    endloop
  endfacet
  facet normal 0 -0 1
    outer loop
      vertex 85.2538 86.4538 4
      vertex 85.2538 87.5462 4
      vertex 85.2 87 4
    endloop
  endfacet
  facet normal -0.0980168 -0.995185 0
    outer loop
      vertex 3.21964 0.0768585 0
      vertex 4 0 4
      vertex 3.21964 0.0768585 4
    endloop
  endfacet
  facet normal -0.0980168 -0.995185 -0
    outer loop
      vertex 4 0 4
      vertex 3.21964 0.0768585 0
      vertex 4 0 0
    endloop
  endfacet
  facet normal 0 -1 0
    outer loop
      vertex 4 0 0
      vertex 206 0 4
      vertex 4 0 4
    endloop
  endfacet
  facet normal 0 -1 -0
    outer loop
      vertex 206 0 4
      vertex 4 0 0
      vertex 206 0 0
    endloop
  endfacet
  facet normal 0 1 -0
    outer loop
      vertex 206 130 0
      vertex 4 130 4
      vertex 206 130 4
    endloop
  endfacet
  facet normal 0 1 0
    outer loop
      vertex 4 130 4
      vertex 206 130 0
      vertex 4 130 0
    endloop
  endfacet
  facet normal 0.289335 0.957228 -0
    outer loop
      vertex 207.531 129.696 0
      vertex 206.78 129.923 4
      vertex 207.531 129.696 4
    endloop
  endfacet
  facet normal 0.289335 0.957228 0
    outer loop
      vertex 206.78 129.923 4
      vertex 207.531 129.696 0
      vertex 206.78 129.923 0
    endloop
  endfacet
  facet normal -0.289558 0.957161 0
    outer loop
      vertex 3.21964 129.923 0
      vertex 2.46927 129.696 4
      vertex 3.21964 129.923 4
    endloop
  endfacet
  facet normal -0.289558 0.957161 0
    outer loop
      vertex 2.46927 129.696 4
      vertex 3.21964 129.923 0
      vertex 2.46927 129.696 0
    endloop
  endfacet
  facet normal -1 0 0
    outer loop
      vertex 0 4 0
      vertex 0 126 4
      vertex 0 126 0
    endloop
  endfacet
  facet normal -1 -0 0
    outer loop
      vertex 0 126 4
      vertex 0 4 0
      vertex 0 4 4
    endloop
  endfacet
  facet normal -0.47139 -0.881925 0
    outer loop
      vertex 1.77773 0.674118 0
      vertex 2.46927 0.304489 4
      vertex 1.77773 0.674118 4
    endloop
  endfacet
  facet normal -0.47139 -0.881925 -0
    outer loop
      vertex 2.46927 0.304489 4
      vertex 1.77773 0.674118 0
      vertex 2.46927 0.304489 0
    endloop
  endfacet
  facet normal 0.634485 -0.772935 0
    outer loop
      vertex 208.222 0.674118 0
      vertex 208.828 1.17157 4
      vertex 208.222 0.674118 4
    endloop
  endfacet
  facet normal 0.634485 -0.772935 0
    outer loop
      vertex 208.828 1.17157 4
      vertex 208.222 0.674118 0
      vertex 208.828 1.17157 0
    endloop
  endfacet
  facet normal 0.472044 0.881575 -0
    outer loop
      vertex 208.222 129.326 0
      vertex 207.531 129.696 4
      vertex 208.222 129.326 4
    endloop
  endfacet
  facet normal 0.472044 0.881575 0
    outer loop
      vertex 207.531 129.696 4
      vertex 208.222 129.326 0
      vertex 207.531 129.696 0
    endloop
  endfacet
  facet normal 0.0982404 0.995163 -0
    outer loop
      vertex 206.78 129.923 0
      vertex 206 130 4
      vertex 206.78 129.923 4
    endloop
  endfacet
  facet normal 0.0982404 0.995163 0
    outer loop
      vertex 206 130 4
      vertex 206.78 129.923 0
      vertex 206 130 0
    endloop
  endfacet
  facet normal -0.634802 0.772674 0
    outer loop
      vertex 1.77773 129.326 0
      vertex 1.17157 128.828 4
      vertex 1.77773 129.326 4
    endloop
  endfacet
  facet normal -0.634802 0.772674 0
    outer loop
      vertex 1.17157 128.828 4
      vertex 1.77773 129.326 0
      vertex 1.17157 128.828 0
    endloop
  endfacet
  facet normal -0.99518 0.0980616 0
    outer loop
      vertex 0 126 0
      vertex 0.0768585 126.78 4
      vertex 0.0768585 126.78 0
    endloop
  endfacet
  facet normal -0.99518 0.0980616 0
    outer loop
      vertex 0.0768585 126.78 4
      vertex 0 126 0
      vertex 0 126 4
    endloop
  endfacet
  facet normal -0.290294 -0.956937 0
    outer loop
      vertex 2.46927 0.304489 0
      vertex 3.21964 0.0768585 4
      vertex 2.46927 0.304489 4
    endloop
  endfacet
  facet normal -0.290294 -0.956937 -0
    outer loop
      vertex 3.21964 0.0768585 4
      vertex 2.46927 0.304489 0
      vertex 3.21964 0.0768585 0
    endloop
  endfacet
  facet normal 0.995163 0.0982404 0
    outer loop
      vertex 210 126 4
      vertex 209.923 126.78 0
      vertex 209.923 126.78 4
    endloop
  endfacet
  facet normal 0.995163 0.0982404 0
    outer loop
      vertex 209.923 126.78 0
      vertex 210 126 4
      vertex 210 126 0
    endloop
  endfacet
  facet normal 0.772674 -0.634802 0
    outer loop
      vertex 208.828 1.17157 4
      vertex 209.326 1.77773 0
      vertex 209.326 1.77773 4
    endloop
  endfacet
  facet normal 0.772674 -0.634802 0
    outer loop
      vertex 209.326 1.77773 0
      vertex 208.828 1.17157 4
      vertex 208.828 1.17157 0
    endloop
  endfacet
  facet normal -0.471758 0.881728 0
    outer loop
      vertex 2.46927 129.696 0
      vertex 1.77773 129.326 4
      vertex 2.46927 129.696 4
    endloop
  endfacet
  facet normal -0.471758 0.881728 0
    outer loop
      vertex 1.77773 129.326 4
      vertex 2.46927 129.696 0
      vertex 1.77773 129.326 0
    endloop
  endfacet
  facet normal -0.881772 0.471676 0
    outer loop
      vertex 0.304489 127.531 0
      vertex 0.674118 128.222 4
      vertex 0.674118 128.222 0
    endloop
  endfacet
  facet normal -0.881772 0.471676 0
    outer loop
      vertex 0.674118 128.222 4
      vertex 0.304489 127.531 0
      vertex 0.304489 127.531 4
    endloop
  endfacet
  facet normal -0.772935 0.634485 0
    outer loop
      vertex 0.674118 128.222 0
      vertex 1.17157 128.828 4
      vertex 1.17157 128.828 0
    endloop
  endfacet
  facet normal -0.772935 0.634485 0
    outer loop
      vertex 1.17157 128.828 4
      vertex 0.674118 128.222 0
      vertex 0.674118 128.222 4
    endloop
  endfacet
  facet normal -0.957005 0.290071 0
    outer loop
      vertex 0.0768585 126.78 0
      vertex 0.304489 127.531 4
      vertex 0.304489 127.531 0
    endloop
  endfacet
  facet normal -0.957005 0.290071 0
    outer loop
      vertex 0.304489 127.531 4
      vertex 0.0768585 126.78 0
      vertex 0.0768585 126.78 4
    endloop
  endfacet
  facet normal -0.773017 -0.634385 0
    outer loop
      vertex 1.17157 1.17157 0
      vertex 0.674118 1.77773 4
      vertex 0.674118 1.77773 0
    endloop
  endfacet
  facet normal -0.773017 -0.634385 0
    outer loop
      vertex 0.674118 1.77773 4
      vertex 1.17157 1.17157 0
      vertex 1.17157 1.17157 4
    endloop
  endfacet
  facet normal 0.471676 -0.881772 0
    outer loop
      vertex 207.531 0.304489 0
      vertex 208.222 0.674118 4
      vertex 207.531 0.304489 4
    endloop
  endfacet
  facet normal 0.471676 -0.881772 0
    outer loop
      vertex 208.222 0.674118 4
      vertex 207.531 0.304489 0
      vertex 208.222 0.674118 0
    endloop
  endfacet
  facet normal -0.881925 -0.47139 0
    outer loop
      vertex 0.674118 1.77773 0
      vertex 0.304489 2.46927 4
      vertex 0.304489 2.46927 0
    endloop
  endfacet
  facet normal -0.881925 -0.47139 0
    outer loop
      vertex 0.304489 2.46927 4
      vertex 0.674118 1.77773 0
      vertex 0.674118 1.77773 4
    endloop
  endfacet
  facet normal -0.956937 -0.290294 0
    outer loop
      vertex 0.304489 2.46927 0
      vertex 0.0768585 3.21964 4
      vertex 0.0768585 3.21964 0
    endloop
  endfacet
  facet normal -0.956937 -0.290294 0
    outer loop
      vertex 0.0768585 3.21964 4
      vertex 0.304489 2.46927 0
      vertex 0.304489 2.46927 4
    endloop
  endfacet
  facet normal -0.634385 -0.773017 0
    outer loop
      vertex 1.17157 1.17157 0
      vertex 1.77773 0.674118 4
      vertex 1.17157 1.17157 4
    endloop
  endfacet
  facet normal -0.634385 -0.773017 -0
    outer loop
      vertex 1.77773 0.674118 4
      vertex 1.17157 1.17157 0
      vertex 1.77773 0.674118 0
    endloop
  endfacet
  facet normal 0.881575 0.472044 0
    outer loop
      vertex 209.696 127.531 4
      vertex 209.326 128.222 0
      vertex 209.326 128.222 4
    endloop
  endfacet
  facet normal 0.881575 0.472044 0
    outer loop
      vertex 209.326 128.222 0
      vertex 209.696 127.531 4
      vertex 209.696 127.531 0
    endloop
  endfacet
  facet normal 0.634903 0.772592 -0
    outer loop
      vertex 208.828 128.828 0
      vertex 208.222 129.326 4
      vertex 208.828 128.828 4
    endloop
  endfacet
  facet normal 0.634903 0.772592 0
    outer loop
      vertex 208.222 129.326 4
      vertex 208.828 128.828 0
      vertex 208.222 129.326 0
    endloop
  endfacet
  facet normal 0.772592 0.634903 0
    outer loop
      vertex 209.326 128.222 4
      vertex 208.828 128.828 0
      vertex 208.828 128.828 4
    endloop
  endfacet
  facet normal 0.772592 0.634903 0
    outer loop
      vertex 208.828 128.828 0
      vertex 209.326 128.222 4
      vertex 209.326 128.222 0
    endloop
  endfacet
  facet normal 0.957228 0.289335 0
    outer loop
      vertex 209.923 126.78 4
      vertex 209.696 127.531 0
      vertex 209.696 127.531 4
    endloop
  endfacet
  facet normal 0.957228 0.289335 0
    outer loop
      vertex 209.696 127.531 0
      vertex 209.923 126.78 4
      vertex 209.923 126.78 0
    endloop
  endfacet
  facet normal 0.995167 -0.0981955 0
    outer loop
      vertex 209.923 3.21964 4
      vertex 210 4 0
      vertex 210 4 4
    endloop
  endfacet
  facet normal 0.995167 -0.0981955 0
    outer loop
      vertex 210 4 0
      vertex 209.923 3.21964 4
      vertex 209.923 3.21964 0
    endloop
  endfacet
  facet normal 0.957161 -0.289558 0
    outer loop
      vertex 209.696 2.46927 4
      vertex 209.923 3.21964 0
      vertex 209.923 3.21964 4
    endloop
  endfacet
  facet normal 0.957161 -0.289558 0
    outer loop
      vertex 209.923 3.21964 0
      vertex 209.696 2.46927 4
      vertex 209.696 2.46927 0
    endloop
  endfacet
  facet normal 0.881728 -0.471758 0
    outer loop
      vertex 209.326 1.77773 4
      vertex 209.696 2.46927 0
      vertex 209.696 2.46927 4
    endloop
  endfacet
  facet normal 0.881728 -0.471758 0
    outer loop
      vertex 209.696 2.46927 0
      vertex 209.326 1.77773 4
      vertex 209.326 1.77773 0
    endloop
  endfacet
  facet normal -0.995185 -0.0980155 0
    outer loop
      vertex 92.8 6 0
      vertex 92.7462 6.54625 8
      vertex 92.7462 6.54625 0
    endloop
  endfacet
  facet normal -0.995185 -0.0980155 0
    outer loop
      vertex 92.7462 6.54625 8
      vertex 92.8 6 0
      vertex 92.8 6 8
    endloop
  endfacet
  facet normal 0.0980244 -0.995184 0
    outer loop
      vertex 89.4538 8.7462 0
      vertex 90 8.8 8
      vertex 89.4538 8.7462 8
    endloop
  endfacet
  facet normal 0.0980244 -0.995184 0
    outer loop
      vertex 90 8.8 8
      vertex 89.4538 8.7462 0
      vertex 90 8.8 0
    endloop
  endfacet
  facet normal -0.0980244 0.995184 0
    outer loop
      vertex 90.5462 3.2538 0
      vertex 90 3.2 8
      vertex 90.5462 3.2538 8
    endloop
  endfacet
  facet normal -0.0980244 0.995184 0
    outer loop
      vertex 90 3.2 8
      vertex 90.5462 3.2538 0
      vertex 90 3.2 0
    endloop
  endfacet
  facet normal -0.634389 -0.773014 0
    outer loop
      vertex 91.5556 8.32811 0
      vertex 91.9799 7.9799 8
      vertex 91.5556 8.32811 8
    endloop
  endfacet
  facet normal -0.634389 -0.773014 -0
    outer loop
      vertex 91.9799 7.9799 8
      vertex 91.5556 8.32811 0
      vertex 91.9799 7.9799 0
    endloop
  endfacet
  facet normal 0.773023 -0.634378 0
    outer loop
      vertex 87.6719 7.5556 8
      vertex 88.0201 7.9799 0
      vertex 88.0201 7.9799 8
    endloop
  endfacet
  facet normal 0.773023 -0.634378 0
    outer loop
      vertex 88.0201 7.9799 0
      vertex 87.6719 7.5556 8
      vertex 87.6719 7.5556 0
    endloop
  endfacet
  facet normal 0.471387 -0.881926 0
    outer loop
      vertex 88.4444 8.32811 0
      vertex 88.9285 8.58686 8
      vertex 88.4444 8.32811 8
    endloop
  endfacet
  facet normal 0.471387 -0.881926 0
    outer loop
      vertex 88.9285 8.58686 8
      vertex 88.4444 8.32811 0
      vertex 88.9285 8.58686 0
    endloop
  endfacet
  facet normal -0.881885 -0.471465 0
    outer loop
      vertex 92.5869 7.07151 0
      vertex 92.3281 7.5556 8
      vertex 92.3281 7.5556 0
    endloop
  endfacet
  facet normal -0.881885 -0.471465 0
    outer loop
      vertex 92.3281 7.5556 8
      vertex 92.5869 7.07151 0
      vertex 92.5869 7.07151 8
    endloop
  endfacet
  facet normal -0.956958 -0.290225 0
    outer loop
      vertex 92.7462 6.54625 0
      vertex 92.5869 7.07151 8
      vertex 92.5869 7.07151 0
    endloop
  endfacet
  facet normal -0.956958 -0.290225 0
    outer loop
      vertex 92.5869 7.07151 8
      vertex 92.7462 6.54625 0
      vertex 92.7462 6.54625 8
    endloop
  endfacet
  facet normal -0.773023 -0.634378 0
    outer loop
      vertex 92.3281 7.5556 0
      vertex 91.9799 7.9799 8
      vertex 91.9799 7.9799 0
    endloop
  endfacet
  facet normal -0.773023 -0.634378 0
    outer loop
      vertex 91.9799 7.9799 8
      vertex 92.3281 7.5556 0
      vertex 92.3281 7.5556 8
    endloop
  endfacet
  facet normal -0.290271 -0.956944 0
    outer loop
      vertex 90.5462 8.7462 0
      vertex 91.0715 8.58686 8
      vertex 90.5462 8.7462 8
    endloop
  endfacet
  facet normal -0.290271 -0.956944 -0
    outer loop
      vertex 91.0715 8.58686 8
      vertex 90.5462 8.7462 0
      vertex 91.0715 8.58686 0
    endloop
  endfacet
  facet normal -0.0980244 -0.995184 0
    outer loop
      vertex 90 8.8 0
      vertex 90.5462 8.7462 8
      vertex 90 8.8 8
    endloop
  endfacet
  facet normal -0.0980244 -0.995184 -0
    outer loop
      vertex 90.5462 8.7462 8
      vertex 90 8.8 0
      vertex 90.5462 8.7462 0
    endloop
  endfacet
  facet normal -0.471387 -0.881926 0
    outer loop
      vertex 91.0715 8.58686 0
      vertex 91.5556 8.32811 8
      vertex 91.0715 8.58686 8
    endloop
  endfacet
  facet normal -0.471387 -0.881926 -0
    outer loop
      vertex 91.5556 8.32811 8
      vertex 91.0715 8.58686 0
      vertex 91.5556 8.32811 0
    endloop
  endfacet
  facet normal 0.956958 -0.290225 0
    outer loop
      vertex 87.2538 6.54625 8
      vertex 87.4131 7.07151 0
      vertex 87.4131 7.07151 8
    endloop
  endfacet
  facet normal 0.956958 -0.290225 0
    outer loop
      vertex 87.4131 7.07151 0
      vertex 87.2538 6.54625 8
      vertex 87.2538 6.54625 0
    endloop
  endfacet
  facet normal 0.881885 -0.471465 0
    outer loop
      vertex 87.4131 7.07151 8
      vertex 87.6719 7.5556 0
      vertex 87.6719 7.5556 8
    endloop
  endfacet
  facet normal 0.881885 -0.471465 0
    outer loop
      vertex 87.6719 7.5556 0
      vertex 87.4131 7.07151 8
      vertex 87.4131 7.07151 0
    endloop
  endfacet
  facet normal 0.995185 -0.0980155 0
    outer loop
      vertex 87.2 6 8
      vertex 87.2538 6.54625 0
      vertex 87.2538 6.54625 8
    endloop
  endfacet
  facet normal 0.995185 -0.0980155 0
    outer loop
      vertex 87.2538 6.54625 0
      vertex 87.2 6 8
      vertex 87.2 6 0
    endloop
  endfacet
  facet normal 0.634389 -0.773014 0
    outer loop
      vertex 88.0201 7.9799 0
      vertex 88.4444 8.32811 8
      vertex 88.0201 7.9799 8
    endloop
  endfacet
  facet normal 0.634389 -0.773014 0
    outer loop
      vertex 88.4444 8.32811 8
      vertex 88.0201 7.9799 0
      vertex 88.4444 8.32811 0
    endloop
  endfacet
  facet normal 0.290271 -0.956944 0
    outer loop
      vertex 88.9285 8.58686 0
      vertex 89.4538 8.7462 8
      vertex 88.9285 8.58686 8
    endloop
  endfacet
  facet normal 0.290271 -0.956944 0
    outer loop
      vertex 89.4538 8.7462 8
      vertex 88.9285 8.58686 0
      vertex 89.4538 8.7462 0
    endloop
  endfacet
  facet normal -0.290271 0.956944 0
    outer loop
      vertex 91.0715 3.41314 0
      vertex 90.5462 3.2538 8
      vertex 91.0715 3.41314 8
    endloop
  endfacet
  facet normal -0.290271 0.956944 0
    outer loop
      vertex 90.5462 3.2538 8
      vertex 91.0715 3.41314 0
      vertex 90.5462 3.2538 0
    endloop
  endfacet
  facet normal -0.6344 0.773005 0
    outer loop
      vertex 91.9799 4.0201 0
      vertex 91.5556 3.67188 8
      vertex 91.9799 4.0201 8
    endloop
  endfacet
  facet normal -0.6344 0.773005 0
    outer loop
      vertex 91.5556 3.67188 8
      vertex 91.9799 4.0201 0
      vertex 91.5556 3.67188 0
    endloop
  endfacet
  facet normal -0.881885 0.471465 0
    outer loop
      vertex 92.3281 4.4444 0
      vertex 92.5869 4.92849 8
      vertex 92.5869 4.92849 0
    endloop
  endfacet
  facet normal -0.881885 0.471465 0
    outer loop
      vertex 92.5869 4.92849 8
      vertex 92.3281 4.4444 0
      vertex 92.3281 4.4444 8
    endloop
  endfacet
  facet normal -0.995185 0.0980155 0
    outer loop
      vertex 92.7462 5.45375 0
      vertex 92.8 6 8
      vertex 92.8 6 0
    endloop
  endfacet
  facet normal -0.995185 0.0980155 0
    outer loop
      vertex 92.8 6 8
      vertex 92.7462 5.45375 0
      vertex 92.7462 5.45375 8
    endloop
  endfacet
  facet normal 0.290271 0.956944 -0
    outer loop
      vertex 89.4538 3.2538 0
      vertex 88.9285 3.41314 8
      vertex 89.4538 3.2538 8
    endloop
  endfacet
  facet normal 0.290271 0.956944 0
    outer loop
      vertex 88.9285 3.41314 8
      vertex 89.4538 3.2538 0
      vertex 88.9285 3.41314 0
    endloop
  endfacet
  facet normal 0.471373 0.881934 -0
    outer loop
      vertex 88.9285 3.41314 0
      vertex 88.4444 3.67188 8
      vertex 88.9285 3.41314 8
    endloop
  endfacet
  facet normal 0.471373 0.881934 0
    outer loop
      vertex 88.4444 3.67188 8
      vertex 88.9285 3.41314 0
      vertex 88.4444 3.67188 0
    endloop
  endfacet
  facet normal 0.0980244 0.995184 -0
    outer loop
      vertex 90 3.2 0
      vertex 89.4538 3.2538 8
      vertex 90 3.2 8
    endloop
  endfacet
  facet normal 0.0980244 0.995184 0
    outer loop
      vertex 89.4538 3.2538 8
      vertex 90 3.2 0
      vertex 89.4538 3.2538 0
    endloop
  endfacet
  facet normal 0.773023 0.634378 0
    outer loop
      vertex 88.0201 4.0201 8
      vertex 87.6719 4.4444 0
      vertex 87.6719 4.4444 8
    endloop
  endfacet
  facet normal 0.773023 0.634378 0
    outer loop
      vertex 87.6719 4.4444 0
      vertex 88.0201 4.0201 8
      vertex 88.0201 4.0201 0
    endloop
  endfacet
  facet normal 0.6344 0.773005 -0
    outer loop
      vertex 88.4444 3.67188 0
      vertex 88.0201 4.0201 8
      vertex 88.4444 3.67188 8
    endloop
  endfacet
  facet normal 0.6344 0.773005 0
    outer loop
      vertex 88.0201 4.0201 8
      vertex 88.4444 3.67188 0
      vertex 88.0201 4.0201 0
    endloop
  endfacet
  facet normal 0.956958 0.290225 0
    outer loop
      vertex 87.4131 4.92849 8
      vertex 87.2538 5.45375 0
      vertex 87.2538 5.45375 8
    endloop
  endfacet
  facet normal 0.956958 0.290225 0
    outer loop
      vertex 87.2538 5.45375 0
      vertex 87.4131 4.92849 8
      vertex 87.4131 4.92849 0
    endloop
  endfacet
  facet normal 0.995185 0.0980155 0
    outer loop
      vertex 87.2538 5.45375 8
      vertex 87.2 6 0
      vertex 87.2 6 8
    endloop
  endfacet
  facet normal 0.995185 0.0980155 0
    outer loop
      vertex 87.2 6 0
      vertex 87.2538 5.45375 8
      vertex 87.2538 5.45375 0
    endloop
  endfacet
  facet normal -0.471373 0.881934 0
    outer loop
      vertex 91.5556 3.67188 0
      vertex 91.0715 3.41314 8
      vertex 91.5556 3.67188 8
    endloop
  endfacet
  facet normal -0.471373 0.881934 0
    outer loop
      vertex 91.0715 3.41314 8
      vertex 91.5556 3.67188 0
      vertex 91.0715 3.41314 0
    endloop
  endfacet
  facet normal -0.773023 0.634378 0
    outer loop
      vertex 91.9799 4.0201 0
      vertex 92.3281 4.4444 8
      vertex 92.3281 4.4444 0
    endloop
  endfacet
  facet normal -0.773023 0.634378 0
    outer loop
      vertex 92.3281 4.4444 8
      vertex 91.9799 4.0201 0
      vertex 91.9799 4.0201 8
    endloop
  endfacet
  facet normal -0.956958 0.290225 0
    outer loop
      vertex 92.5869 4.92849 0
      vertex 92.7462 5.45375 8
      vertex 92.7462 5.45375 0
    endloop
  endfacet
  facet normal -0.956958 0.290225 0
    outer loop
      vertex 92.7462 5.45375 8
      vertex 92.5869 4.92849 0
      vertex 92.5869 4.92849 8
    endloop
  endfacet
  facet normal 0.881885 0.471465 0
    outer loop
      vertex 87.6719 4.4444 8
      vertex 87.4131 4.92849 0
      vertex 87.4131 4.92849 8
    endloop
  endfacet
  facet normal 0.881885 0.471465 0
    outer loop
      vertex 87.4131 4.92849 0
      vertex 87.6719 4.4444 8
      vertex 87.6719 4.4444 0
    endloop
  endfacet
  facet normal -0.471458 -0.881889 0
    outer loop
      vertex 91.0715 72.5869 0
      vertex 91.5556 72.3281 8
      vertex 91.0715 72.5869 8
    endloop
  endfacet
  facet normal -0.471458 -0.881889 -0
    outer loop
      vertex 91.5556 72.3281 8
      vertex 91.0715 72.5869 0
      vertex 91.5556 72.3281 0
    endloop
  endfacet
  facet normal 0.995184 -0.0980244 0
    outer loop
      vertex 87.2 70 8
      vertex 87.2538 70.5462 0
      vertex 87.2538 70.5462 8
    endloop
  endfacet
  facet normal 0.995184 -0.0980244 0
    outer loop
      vertex 87.2538 70.5462 0
      vertex 87.2 70 8
      vertex 87.2 70 0
    endloop
  endfacet
  facet normal -0.995184 0.0980244 0
    outer loop
      vertex 92.7462 69.4538 0
      vertex 92.8 70 8
      vertex 92.8 70 0
    endloop
  endfacet
  facet normal -0.995184 0.0980244 0
    outer loop
      vertex 92.8 70 8
      vertex 92.7462 69.4538 0
      vertex 92.7462 69.4538 8
    endloop
  endfacet
  facet normal 0.0980244 0.995184 -0
    outer loop
      vertex 90 67.2 0
      vertex 89.4538 67.2538 8
      vertex 90 67.2 8
    endloop
  endfacet
  facet normal 0.0980244 0.995184 0
    outer loop
      vertex 89.4538 67.2538 8
      vertex 90 67.2 0
      vertex 89.4538 67.2538 0
    endloop
  endfacet
  facet normal 0.471458 -0.881889 0
    outer loop
      vertex 88.4444 72.3281 0
      vertex 88.9285 72.5869 8
      vertex 88.4444 72.3281 8
    endloop
  endfacet
  facet normal 0.471458 -0.881889 0
    outer loop
      vertex 88.9285 72.5869 8
      vertex 88.4444 72.3281 0
      vertex 88.9285 72.5869 0
    endloop
  endfacet
  facet normal 0.956965 -0.290205 0
    outer loop
      vertex 87.2538 70.5462 8
      vertex 87.4131 71.0715 0
      vertex 87.4131 71.0715 8
    endloop
  endfacet
  facet normal 0.956965 -0.290205 0
    outer loop
      vertex 87.4131 71.0715 0
      vertex 87.2538 70.5462 8
      vertex 87.2538 70.5462 0
    endloop
  endfacet
  facet normal -0.956965 -0.290205 0
    outer loop
      vertex 92.7462 70.5462 0
      vertex 92.5869 71.0715 8
      vertex 92.5869 71.0715 0
    endloop
  endfacet
  facet normal -0.956965 -0.290205 0
    outer loop
      vertex 92.5869 71.0715 8
      vertex 92.7462 70.5462 0
      vertex 92.7462 70.5462 8
    endloop
  endfacet
  facet normal -0.881889 -0.471458 0
    outer loop
      vertex 92.5869 71.0715 0
      vertex 92.3281 71.5556 8
      vertex 92.3281 71.5556 0
    endloop
  endfacet
  facet normal -0.881889 -0.471458 0
    outer loop
      vertex 92.3281 71.5556 8
      vertex 92.5869 71.0715 0
      vertex 92.5869 71.0715 8
    endloop
  endfacet
  facet normal -0.773023 -0.634378 0
    outer loop
      vertex 92.3281 71.5556 0
      vertex 91.9799 71.9799 8
      vertex 91.9799 71.9799 0
    endloop
  endfacet
  facet normal -0.773023 -0.634378 0
    outer loop
      vertex 91.9799 71.9799 8
      vertex 92.3281 71.5556 0
      vertex 92.3281 71.5556 8
    endloop
  endfacet
  facet normal -0.634378 -0.773023 0
    outer loop
      vertex 91.5556 72.3281 0
      vertex 91.9799 71.9799 8
      vertex 91.5556 72.3281 8
    endloop
  endfacet
  facet normal -0.634378 -0.773023 -0
    outer loop
      vertex 91.9799 71.9799 8
      vertex 91.5556 72.3281 0
      vertex 91.9799 71.9799 0
    endloop
  endfacet
  facet normal -0.290205 -0.956965 0
    outer loop
      vertex 90.5462 72.7462 0
      vertex 91.0715 72.5869 8
      vertex 90.5462 72.7462 8
    endloop
  endfacet
  facet normal -0.290205 -0.956965 -0
    outer loop
      vertex 91.0715 72.5869 8
      vertex 90.5462 72.7462 0
      vertex 91.0715 72.5869 0
    endloop
  endfacet
  facet normal 0.0980244 -0.995184 0
    outer loop
      vertex 89.4538 72.7462 0
      vertex 90 72.8 8
      vertex 89.4538 72.7462 8
    endloop
  endfacet
  facet normal 0.0980244 -0.995184 0
    outer loop
      vertex 90 72.8 8
      vertex 89.4538 72.7462 0
      vertex 90 72.8 0
    endloop
  endfacet
  facet normal -0.0980244 -0.995184 0
    outer loop
      vertex 90 72.8 0
      vertex 90.5462 72.7462 8
      vertex 90 72.8 8
    endloop
  endfacet
  facet normal -0.0980244 -0.995184 -0
    outer loop
      vertex 90.5462 72.7462 8
      vertex 90 72.8 0
      vertex 90.5462 72.7462 0
    endloop
  endfacet
  facet normal 0.995184 0.0980244 0
    outer loop
      vertex 87.2538 69.4538 8
      vertex 87.2 70 0
      vertex 87.2 70 8
    endloop
  endfacet
  facet normal 0.995184 0.0980244 0
    outer loop
      vertex 87.2 70 0
      vertex 87.2538 69.4538 8
      vertex 87.2538 69.4538 0
    endloop
  endfacet
  facet normal 0.881889 -0.471458 0
    outer loop
      vertex 87.4131 71.0715 8
      vertex 87.6719 71.5556 0
      vertex 87.6719 71.5556 8
    endloop
  endfacet
  facet normal 0.881889 -0.471458 0
    outer loop
      vertex 87.6719 71.5556 0
      vertex 87.4131 71.0715 8
      vertex 87.4131 71.0715 0
    endloop
  endfacet
  facet normal 0.634378 -0.773023 0
    outer loop
      vertex 88.0201 71.9799 0
      vertex 88.4444 72.3281 8
      vertex 88.0201 71.9799 8
    endloop
  endfacet
  facet normal 0.634378 -0.773023 0
    outer loop
      vertex 88.4444 72.3281 8
      vertex 88.0201 71.9799 0
      vertex 88.4444 72.3281 0
    endloop
  endfacet
  facet normal 0.290205 -0.956965 0
    outer loop
      vertex 88.9285 72.5869 0
      vertex 89.4538 72.7462 8
      vertex 88.9285 72.5869 8
    endloop
  endfacet
  facet normal 0.290205 -0.956965 0
    outer loop
      vertex 89.4538 72.7462 8
      vertex 88.9285 72.5869 0
      vertex 89.4538 72.7462 0
    endloop
  endfacet
  facet normal 0.773023 -0.634378 0
    outer loop
      vertex 87.6719 71.5556 8
      vertex 88.0201 71.9799 0
      vertex 88.0201 71.9799 8
    endloop
  endfacet
  facet normal 0.773023 -0.634378 0
    outer loop
      vertex 88.0201 71.9799 0
      vertex 87.6719 71.5556 8
      vertex 87.6719 71.5556 0
    endloop
  endfacet
  facet normal -0.995184 -0.0980244 0
    outer loop
      vertex 92.8 70 0
      vertex 92.7462 70.5462 8
      vertex 92.7462 70.5462 0
    endloop
  endfacet
  facet normal -0.995184 -0.0980244 0
    outer loop
      vertex 92.7462 70.5462 8
      vertex 92.8 70 0
      vertex 92.8 70 8
    endloop
  endfacet
  facet normal -0.290205 0.956965 0
    outer loop
      vertex 91.0715 67.4131 0
      vertex 90.5462 67.2538 8
      vertex 91.0715 67.4131 8
    endloop
  endfacet
  facet normal -0.290205 0.956965 0
    outer loop
      vertex 90.5462 67.2538 8
      vertex 91.0715 67.4131 0
      vertex 90.5462 67.2538 0
    endloop
  endfacet
  facet normal -0.471458 0.881889 0
    outer loop
      vertex 91.5556 67.6719 0
      vertex 91.0715 67.4131 8
      vertex 91.5556 67.6719 8
    endloop
  endfacet
  facet normal -0.471458 0.881889 0
    outer loop
      vertex 91.0715 67.4131 8
      vertex 91.5556 67.6719 0
      vertex 91.0715 67.4131 0
    endloop
  endfacet
  facet normal -0.634378 0.773023 0
    outer loop
      vertex 91.9799 68.0201 0
      vertex 91.5556 67.6719 8
      vertex 91.9799 68.0201 8
    endloop
  endfacet
  facet normal -0.634378 0.773023 0
    outer loop
      vertex 91.5556 67.6719 8
      vertex 91.9799 68.0201 0
      vertex 91.5556 67.6719 0
    endloop
  endfacet
  facet normal -0.881889 0.471458 0
    outer loop
      vertex 92.3281 68.4444 0
      vertex 92.5869 68.9285 8
      vertex 92.5869 68.9285 0
    endloop
  endfacet
  facet normal -0.881889 0.471458 0
    outer loop
      vertex 92.5869 68.9285 8
      vertex 92.3281 68.4444 0
      vertex 92.3281 68.4444 8
    endloop
  endfacet
  facet normal -0.0980244 0.995184 0
    outer loop
      vertex 90.5462 67.2538 0
      vertex 90 67.2 8
      vertex 90.5462 67.2538 8
    endloop
  endfacet
  facet normal -0.0980244 0.995184 0
    outer loop
      vertex 90 67.2 8
      vertex 90.5462 67.2538 0
      vertex 90 67.2 0
    endloop
  endfacet
  facet normal 0.471458 0.881889 -0
    outer loop
      vertex 88.9285 67.4131 0
      vertex 88.4444 67.6719 8
      vertex 88.9285 67.4131 8
    endloop
  endfacet
  facet normal 0.471458 0.881889 0
    outer loop
      vertex 88.4444 67.6719 8
      vertex 88.9285 67.4131 0
      vertex 88.4444 67.6719 0
    endloop
  endfacet
  facet normal 0.773023 0.634378 0
    outer loop
      vertex 88.0201 68.0201 8
      vertex 87.6719 68.4444 0
      vertex 87.6719 68.4444 8
    endloop
  endfacet
  facet normal 0.773023 0.634378 0
    outer loop
      vertex 87.6719 68.4444 0
      vertex 88.0201 68.0201 8
      vertex 88.0201 68.0201 0
    endloop
  endfacet
  facet normal 0.956965 0.290205 0
    outer loop
      vertex 87.4131 68.9285 8
      vertex 87.2538 69.4538 0
      vertex 87.2538 69.4538 8
    endloop
  endfacet
  facet normal 0.956965 0.290205 0
    outer loop
      vertex 87.2538 69.4538 0
      vertex 87.4131 68.9285 8
      vertex 87.4131 68.9285 0
    endloop
  endfacet
  facet normal -0.773023 0.634378 0
    outer loop
      vertex 91.9799 68.0201 0
      vertex 92.3281 68.4444 8
      vertex 92.3281 68.4444 0
    endloop
  endfacet
  facet normal -0.773023 0.634378 0
    outer loop
      vertex 92.3281 68.4444 8
      vertex 91.9799 68.0201 0
      vertex 91.9799 68.0201 8
    endloop
  endfacet
  facet normal -0.956965 0.290205 0
    outer loop
      vertex 92.5869 68.9285 0
      vertex 92.7462 69.4538 8
      vertex 92.7462 69.4538 0
    endloop
  endfacet
  facet normal -0.956965 0.290205 0
    outer loop
      vertex 92.7462 69.4538 8
      vertex 92.5869 68.9285 0
      vertex 92.5869 68.9285 8
    endloop
  endfacet
  facet normal 0.290205 0.956965 -0
    outer loop
      vertex 89.4538 67.2538 0
      vertex 88.9285 67.4131 8
      vertex 89.4538 67.2538 8
    endloop
  endfacet
  facet normal 0.290205 0.956965 0
    outer loop
      vertex 88.9285 67.4131 8
      vertex 89.4538 67.2538 0
      vertex 88.9285 67.4131 0
    endloop
  endfacet
  facet normal 0.881889 0.471458 0
    outer loop
      vertex 87.6719 68.4444 8
      vertex 87.4131 68.9285 0
      vertex 87.4131 68.9285 8
    endloop
  endfacet
  facet normal 0.881889 0.471458 0
    outer loop
      vertex 87.4131 68.9285 0
      vertex 87.6719 68.4444 8
      vertex 87.6719 68.4444 0
    endloop
  endfacet
  facet normal 0.634378 0.773023 -0
    outer loop
      vertex 88.4444 67.6719 0
      vertex 88.0201 68.0201 8
      vertex 88.4444 67.6719 8
    endloop
  endfacet
  facet normal 0.634378 0.773023 0
    outer loop
      vertex 88.0201 68.0201 8
      vertex 88.4444 67.6719 0
      vertex 88.0201 68.0201 0
    endloop
  endfacet
  facet normal -0.471465 -0.881885 0
    outer loop
      vertex 7.07151 88.5869 0
      vertex 7.5556 88.3281 8
      vertex 7.07151 88.5869 8
    endloop
  endfacet
  facet normal -0.471465 -0.881885 -0
    outer loop
      vertex 7.5556 88.3281 8
      vertex 7.07151 88.5869 0
      vertex 7.5556 88.3281 0
    endloop
  endfacet
  facet normal -0.995184 0.0980244 0
    outer loop
      vertex 8.7462 85.4538 0
      vertex 8.8 86 8
      vertex 8.8 86 0
    endloop
  endfacet
  facet normal -0.995184 0.0980244 0
    outer loop
      vertex 8.8 86 8
      vertex 8.7462 85.4538 0
      vertex 8.7462 85.4538 8
    endloop
  endfacet
  facet normal 0.0980155 0.995185 -0
    outer loop
      vertex 6 83.2 0
      vertex 5.45375 83.2538 8
      vertex 6 83.2 8
    endloop
  endfacet
  facet normal 0.0980155 0.995185 0
    outer loop
      vertex 5.45375 83.2538 8
      vertex 6 83.2 0
      vertex 5.45375 83.2538 0
    endloop
  endfacet
  facet normal 0.471465 -0.881885 0
    outer loop
      vertex 4.4444 88.3281 0
      vertex 4.92849 88.5869 8
      vertex 4.4444 88.3281 8
    endloop
  endfacet
  facet normal 0.471465 -0.881885 0
    outer loop
      vertex 4.92849 88.5869 8
      vertex 4.4444 88.3281 0
      vertex 4.92849 88.5869 0
    endloop
  endfacet
  facet normal 0.956944 -0.290271 0
    outer loop
      vertex 3.2538 86.5462 8
      vertex 3.41314 87.0715 0
      vertex 3.41314 87.0715 8
    endloop
  endfacet
  facet normal 0.956944 -0.290271 0
    outer loop
      vertex 3.41314 87.0715 0
      vertex 3.2538 86.5462 8
      vertex 3.2538 86.5462 0
    endloop
  endfacet
  facet normal -0.956944 -0.290271 0
    outer loop
      vertex 8.7462 86.5462 0
      vertex 8.58686 87.0715 8
      vertex 8.58686 87.0715 0
    endloop
  endfacet
  facet normal -0.956944 -0.290271 0
    outer loop
      vertex 8.58686 87.0715 8
      vertex 8.7462 86.5462 0
      vertex 8.7462 86.5462 8
    endloop
  endfacet
  facet normal -0.881926 -0.471387 0
    outer loop
      vertex 8.58686 87.0715 0
      vertex 8.32811 87.5556 8
      vertex 8.32811 87.5556 0
    endloop
  endfacet
  facet normal -0.881926 -0.471387 0
    outer loop
      vertex 8.32811 87.5556 8
      vertex 8.58686 87.0715 0
      vertex 8.58686 87.0715 8
    endloop
  endfacet
  facet normal -0.773014 -0.634389 0
    outer loop
      vertex 8.32811 87.5556 0
      vertex 7.9799 87.9799 8
      vertex 7.9799 87.9799 0
    endloop
  endfacet
  facet normal -0.773014 -0.634389 0
    outer loop
      vertex 7.9799 87.9799 8
      vertex 8.32811 87.5556 0
      vertex 8.32811 87.5556 8
    endloop
  endfacet
  facet normal -0.634378 -0.773023 0
    outer loop
      vertex 7.5556 88.3281 0
      vertex 7.9799 87.9799 8
      vertex 7.5556 88.3281 8
    endloop
  endfacet
  facet normal -0.634378 -0.773023 -0
    outer loop
      vertex 7.9799 87.9799 8
      vertex 7.5556 88.3281 0
      vertex 7.9799 87.9799 0
    endloop
  endfacet
  facet normal -0.290225 -0.956958 0
    outer loop
      vertex 6.54625 88.7462 0
      vertex 7.07151 88.5869 8
      vertex 6.54625 88.7462 8
    endloop
  endfacet
  facet normal -0.290225 -0.956958 -0
    outer loop
      vertex 7.07151 88.5869 8
      vertex 6.54625 88.7462 0
      vertex 7.07151 88.5869 0
    endloop
  endfacet
  facet normal 0.0980155 -0.995185 0
    outer loop
      vertex 5.45375 88.7462 0
      vertex 6 88.8 8
      vertex 5.45375 88.7462 8
    endloop
  endfacet
  facet normal 0.0980155 -0.995185 0
    outer loop
      vertex 6 88.8 8
      vertex 5.45375 88.7462 0
      vertex 6 88.8 0
    endloop
  endfacet
  facet normal -0.0980155 -0.995185 0
    outer loop
      vertex 6 88.8 0
      vertex 6.54625 88.7462 8
      vertex 6 88.8 8
    endloop
  endfacet
  facet normal -0.0980155 -0.995185 -0
    outer loop
      vertex 6.54625 88.7462 8
      vertex 6 88.8 0
      vertex 6.54625 88.7462 0
    endloop
  endfacet
  facet normal 0.995184 0.0980244 0
    outer loop
      vertex 3.2538 85.4538 8
      vertex 3.2 86 0
      vertex 3.2 86 8
    endloop
  endfacet
  facet normal 0.995184 0.0980244 0
    outer loop
      vertex 3.2 86 0
      vertex 3.2538 85.4538 8
      vertex 3.2538 85.4538 0
    endloop
  endfacet
  facet normal 0.881934 -0.471373 0
    outer loop
      vertex 3.41314 87.0715 8
      vertex 3.67188 87.5556 0
      vertex 3.67188 87.5556 8
    endloop
  endfacet
  facet normal 0.881934 -0.471373 0
    outer loop
      vertex 3.67188 87.5556 0
      vertex 3.41314 87.0715 8
      vertex 3.41314 87.0715 0
    endloop
  endfacet
  facet normal 0.634378 -0.773023 0
    outer loop
      vertex 4.0201 87.9799 0
      vertex 4.4444 88.3281 8
      vertex 4.0201 87.9799 8
    endloop
  endfacet
  facet normal 0.634378 -0.773023 0
    outer loop
      vertex 4.4444 88.3281 8
      vertex 4.0201 87.9799 0
      vertex 4.4444 88.3281 0
    endloop
  endfacet
  facet normal 0.290225 -0.956958 0
    outer loop
      vertex 4.92849 88.5869 0
      vertex 5.45375 88.7462 8
      vertex 4.92849 88.5869 8
    endloop
  endfacet
  facet normal 0.290225 -0.956958 0
    outer loop
      vertex 5.45375 88.7462 8
      vertex 4.92849 88.5869 0
      vertex 5.45375 88.7462 0
    endloop
  endfacet
  facet normal 0.773005 -0.6344 0
    outer loop
      vertex 3.67188 87.5556 8
      vertex 4.0201 87.9799 0
      vertex 4.0201 87.9799 8
    endloop
  endfacet
  facet normal 0.773005 -0.6344 0
    outer loop
      vertex 4.0201 87.9799 0
      vertex 3.67188 87.5556 8
      vertex 3.67188 87.5556 0
    endloop
  endfacet
  facet normal -0.995184 -0.0980244 0
    outer loop
      vertex 8.8 86 0
      vertex 8.7462 86.5462 8
      vertex 8.7462 86.5462 0
    endloop
  endfacet
  facet normal -0.995184 -0.0980244 0
    outer loop
      vertex 8.7462 86.5462 8
      vertex 8.8 86 0
      vertex 8.8 86 8
    endloop
  endfacet
  facet normal -0.290225 0.956958 0
    outer loop
      vertex 7.07151 83.4131 0
      vertex 6.54625 83.2538 8
      vertex 7.07151 83.4131 8
    endloop
  endfacet
  facet normal -0.290225 0.956958 0
    outer loop
      vertex 6.54625 83.2538 8
      vertex 7.07151 83.4131 0
      vertex 6.54625 83.2538 0
    endloop
  endfacet
  facet normal -0.471465 0.881885 0
    outer loop
      vertex 7.5556 83.6719 0
      vertex 7.07151 83.4131 8
      vertex 7.5556 83.6719 8
    endloop
  endfacet
  facet normal -0.471465 0.881885 0
    outer loop
      vertex 7.07151 83.4131 8
      vertex 7.5556 83.6719 0
      vertex 7.07151 83.4131 0
    endloop
  endfacet
  facet normal -0.634378 0.773023 0
    outer loop
      vertex 7.9799 84.0201 0
      vertex 7.5556 83.6719 8
      vertex 7.9799 84.0201 8
    endloop
  endfacet
  facet normal -0.634378 0.773023 0
    outer loop
      vertex 7.5556 83.6719 8
      vertex 7.9799 84.0201 0
      vertex 7.5556 83.6719 0
    endloop
  endfacet
  facet normal -0.881926 0.471387 0
    outer loop
      vertex 8.32811 84.4444 0
      vertex 8.58686 84.9285 8
      vertex 8.58686 84.9285 0
    endloop
  endfacet
  facet normal -0.881926 0.471387 0
    outer loop
      vertex 8.58686 84.9285 8
      vertex 8.32811 84.4444 0
      vertex 8.32811 84.4444 8
    endloop
  endfacet
  facet normal -0.0980155 0.995185 0
    outer loop
      vertex 6.54625 83.2538 0
      vertex 6 83.2 8
      vertex 6.54625 83.2538 8
    endloop
  endfacet
  facet normal -0.0980155 0.995185 0
    outer loop
      vertex 6 83.2 8
      vertex 6.54625 83.2538 0
      vertex 6 83.2 0
    endloop
  endfacet
  facet normal 0.471465 0.881885 -0
    outer loop
      vertex 4.92849 83.4131 0
      vertex 4.4444 83.6719 8
      vertex 4.92849 83.4131 8
    endloop
  endfacet
  facet normal 0.471465 0.881885 0
    outer loop
      vertex 4.4444 83.6719 8
      vertex 4.92849 83.4131 0
      vertex 4.4444 83.6719 0
    endloop
  endfacet
  facet normal 0.773005 0.6344 0
    outer loop
      vertex 4.0201 84.0201 8
      vertex 3.67188 84.4444 0
      vertex 3.67188 84.4444 8
    endloop
  endfacet
  facet normal 0.773005 0.6344 0
    outer loop
      vertex 3.67188 84.4444 0
      vertex 4.0201 84.0201 8
      vertex 4.0201 84.0201 0
    endloop
  endfacet
  facet normal 0.956944 0.290271 0
    outer loop
      vertex 3.41314 84.9285 8
      vertex 3.2538 85.4538 0
      vertex 3.2538 85.4538 8
    endloop
  endfacet
  facet normal 0.956944 0.290271 0
    outer loop
      vertex 3.2538 85.4538 0
      vertex 3.41314 84.9285 8
      vertex 3.41314 84.9285 0
    endloop
  endfacet
  facet normal 0.995184 -0.0980244 0
    outer loop
      vertex 3.2 86 8
      vertex 3.2538 86.5462 0
      vertex 3.2538 86.5462 8
    endloop
  endfacet
  facet normal 0.995184 -0.0980244 0
    outer loop
      vertex 3.2538 86.5462 0
      vertex 3.2 86 8
      vertex 3.2 86 0
    endloop
  endfacet
  facet normal -0.773014 0.634389 0
    outer loop
      vertex 7.9799 84.0201 0
      vertex 8.32811 84.4444 8
      vertex 8.32811 84.4444 0
    endloop
  endfacet
  facet normal -0.773014 0.634389 0
    outer loop
      vertex 8.32811 84.4444 8
      vertex 7.9799 84.0201 0
      vertex 7.9799 84.0201 8
    endloop
  endfacet
  facet normal -0.956944 0.290271 0
    outer loop
      vertex 8.58686 84.9285 0
      vertex 8.7462 85.4538 8
      vertex 8.7462 85.4538 0
    endloop
  endfacet
  facet normal -0.956944 0.290271 0
    outer loop
      vertex 8.7462 85.4538 8
      vertex 8.58686 84.9285 0
      vertex 8.58686 84.9285 8
    endloop
  endfacet
  facet normal 0.290225 0.956958 -0
    outer loop
      vertex 5.45375 83.2538 0
      vertex 4.92849 83.4131 8
      vertex 5.45375 83.2538 8
    endloop
  endfacet
  facet normal 0.290225 0.956958 0
    outer loop
      vertex 4.92849 83.4131 8
      vertex 5.45375 83.2538 0
      vertex 4.92849 83.4131 0
    endloop
  endfacet
  facet normal 0.881934 0.471373 0
    outer loop
      vertex 3.67188 84.4444 8
      vertex 3.41314 84.9285 0
      vertex 3.41314 84.9285 8
    endloop
  endfacet
  facet normal 0.881934 0.471373 0
    outer loop
      vertex 3.41314 84.9285 0
      vertex 3.67188 84.4444 8
      vertex 3.67188 84.4444 0
    endloop
  endfacet
  facet normal 0.634378 0.773023 -0
    outer loop
      vertex 4.4444 83.6719 0
      vertex 4.0201 84.0201 8
      vertex 4.4444 83.6719 8
    endloop
  endfacet
  facet normal 0.634378 0.773023 0
    outer loop
      vertex 4.0201 84.0201 8
      vertex 4.4444 83.6719 0
      vertex 4.0201 84.0201 0
    endloop
  endfacet
  facet normal -0.995148 -0.0983852 0
    outer loop
      vertex 206.8 86 0
      vertex 206.746 86.5462 8
      vertex 206.746 86.5462 0
    endloop
  endfacet
  facet normal -0.995148 -0.0983852 0
    outer loop
      vertex 206.746 86.5462 8
      vertex 206.8 86 0
      vertex 206.8 86 8
    endloop
  endfacet
  facet normal 0.0980599 -0.995181 0
    outer loop
      vertex 203.454 88.7462 0
      vertex 204 88.8 8
      vertex 203.454 88.7462 8
    endloop
  endfacet
  facet normal 0.0980599 -0.995181 0
    outer loop
      vertex 204 88.8 8
      vertex 203.454 88.7462 0
      vertex 204 88.8 0
    endloop
  endfacet
  facet normal -0.0980599 0.995181 0
    outer loop
      vertex 204.546 83.2538 0
      vertex 204 83.2 8
      vertex 204.546 83.2538 8
    endloop
  endfacet
  facet normal -0.0980599 0.995181 0
    outer loop
      vertex 204 83.2 8
      vertex 204.546 83.2538 0
      vertex 204 83.2 0
    endloop
  endfacet
  facet normal 0.634646 0.772803 -0
    outer loop
      vertex 202.444 83.6719 0
      vertex 202.02 84.0201 8
      vertex 202.444 83.6719 8
    endloop
  endfacet
  facet normal 0.634646 0.772803 0
    outer loop
      vertex 202.02 84.0201 8
      vertex 202.444 83.6719 0
      vertex 202.02 84.0201 0
    endloop
  endfacet
  facet normal -0.634646 -0.772803 0
    outer loop
      vertex 205.556 88.3281 0
      vertex 205.98 87.9799 8
      vertex 205.556 88.3281 8
    endloop
  endfacet
  facet normal -0.634646 -0.772803 -0
    outer loop
      vertex 205.98 87.9799 8
      vertex 205.556 88.3281 0
      vertex 205.98 87.9799 0
    endloop
  endfacet
  facet normal 0.773202 -0.63416 0
    outer loop
      vertex 201.672 87.5556 8
      vertex 202.02 87.9799 0
      vertex 202.02 87.9799 8
    endloop
  endfacet
  facet normal 0.773202 -0.63416 0
    outer loop
      vertex 202.02 87.9799 0
      vertex 201.672 87.5556 8
      vertex 201.672 87.5556 0
    endloop
  endfacet
  facet normal 0.471534 -0.881848 0
    outer loop
      vertex 202.444 88.3281 0
      vertex 202.928 88.5869 8
      vertex 202.444 88.3281 8
    endloop
  endfacet
  facet normal 0.471534 -0.881848 0
    outer loop
      vertex 202.928 88.5869 8
      vertex 202.444 88.3281 0
      vertex 202.928 88.5869 0
    endloop
  endfacet
  facet normal -0.881737 -0.471741 0
    outer loop
      vertex 206.587 87.0715 0
      vertex 206.328 87.5556 8
      vertex 206.328 87.5556 0
    endloop
  endfacet
  facet normal -0.881737 -0.471741 0
    outer loop
      vertex 206.328 87.5556 8
      vertex 206.587 87.0715 0
      vertex 206.587 87.0715 8
    endloop
  endfacet
  facet normal -0.957116 -0.289704 0
    outer loop
      vertex 206.746 86.5462 0
      vertex 206.587 87.0715 8
      vertex 206.587 87.0715 0
    endloop
  endfacet
  facet normal -0.957116 -0.289704 0
    outer loop
      vertex 206.587 87.0715 8
      vertex 206.746 86.5462 0
      vertex 206.746 86.5462 8
    endloop
  endfacet
  facet normal -0.773202 -0.63416 0
    outer loop
      vertex 206.328 87.5556 0
      vertex 205.98 87.9799 8
      vertex 205.98 87.9799 0
    endloop
  endfacet
  facet normal -0.773202 -0.63416 0
    outer loop
      vertex 205.98 87.9799 8
      vertex 206.328 87.5556 0
      vertex 206.328 87.5556 8
    endloop
  endfacet
  facet normal -0.289851 -0.957072 0
    outer loop
      vertex 204.546 88.7462 0
      vertex 205.072 88.5869 8
      vertex 204.546 88.7462 8
    endloop
  endfacet
  facet normal -0.289851 -0.957072 -0
    outer loop
      vertex 205.072 88.5869 8
      vertex 204.546 88.7462 0
      vertex 205.072 88.5869 0
    endloop
  endfacet
  facet normal -0.0980599 -0.995181 0
    outer loop
      vertex 204 88.8 0
      vertex 204.546 88.7462 8
      vertex 204 88.8 8
    endloop
  endfacet
  facet normal -0.0980599 -0.995181 -0
    outer loop
      vertex 204.546 88.7462 8
      vertex 204 88.8 0
      vertex 204.546 88.7462 0
    endloop
  endfacet
  facet normal -0.471534 -0.881848 0
    outer loop
      vertex 205.072 88.5869 0
      vertex 205.556 88.3281 8
      vertex 205.072 88.5869 8
    endloop
  endfacet
  facet normal -0.471534 -0.881848 -0
    outer loop
      vertex 205.556 88.3281 8
      vertex 205.072 88.5869 0
      vertex 205.556 88.3281 0
    endloop
  endfacet
  facet normal 0.957116 -0.289704 0
    outer loop
      vertex 201.254 86.5462 8
      vertex 201.413 87.0715 0
      vertex 201.413 87.0715 8
    endloop
  endfacet
  facet normal 0.957116 -0.289704 0
    outer loop
      vertex 201.413 87.0715 0
      vertex 201.254 86.5462 8
      vertex 201.254 86.5462 0
    endloop
  endfacet
  facet normal 0.881737 -0.471741 0
    outer loop
      vertex 201.413 87.0715 8
      vertex 201.672 87.5556 0
      vertex 201.672 87.5556 8
    endloop
  endfacet
  facet normal 0.881737 -0.471741 0
    outer loop
      vertex 201.672 87.5556 0
      vertex 201.413 87.0715 8
      vertex 201.413 87.0715 0
    endloop
  endfacet
  facet normal 0.995148 -0.0983852 0
    outer loop
      vertex 201.2 86 8
      vertex 201.254 86.5462 0
      vertex 201.254 86.5462 8
    endloop
  endfacet
  facet normal 0.995148 -0.0983852 0
    outer loop
      vertex 201.254 86.5462 0
      vertex 201.2 86 8
      vertex 201.2 86 0
    endloop
  endfacet
  facet normal 0.634646 -0.772803 0
    outer loop
      vertex 202.02 87.9799 0
      vertex 202.444 88.3281 8
      vertex 202.02 87.9799 8
    endloop
  endfacet
  facet normal 0.634646 -0.772803 0
    outer loop
      vertex 202.444 88.3281 8
      vertex 202.02 87.9799 0
      vertex 202.444 88.3281 0
    endloop
  endfacet
  facet normal 0.289851 -0.957072 0
    outer loop
      vertex 202.928 88.5869 0
      vertex 203.454 88.7462 8
      vertex 202.928 88.5869 8
    endloop
  endfacet
  facet normal 0.289851 -0.957072 0
    outer loop
      vertex 203.454 88.7462 8
      vertex 202.928 88.5869 0
      vertex 203.454 88.7462 0
    endloop
  endfacet
  facet normal -0.289851 0.957072 0
    outer loop
      vertex 205.072 83.4131 0
      vertex 204.546 83.2538 8
      vertex 205.072 83.4131 8
    endloop
  endfacet
  facet normal -0.289851 0.957072 0
    outer loop
      vertex 204.546 83.2538 8
      vertex 205.072 83.4131 0
      vertex 204.546 83.2538 0
    endloop
  endfacet
  facet normal -0.634646 0.772803 0
    outer loop
      vertex 205.98 84.0201 0
      vertex 205.556 83.6719 8
      vertex 205.98 84.0201 8
    endloop
  endfacet
  facet normal -0.634646 0.772803 0
    outer loop
      vertex 205.556 83.6719 8
      vertex 205.98 84.0201 0
      vertex 205.556 83.6719 0
    endloop
  endfacet
  facet normal -0.881737 0.471741 0
    outer loop
      vertex 206.328 84.4444 0
      vertex 206.587 84.9285 8
      vertex 206.587 84.9285 0
    endloop
  endfacet
  facet normal -0.881737 0.471741 0
    outer loop
      vertex 206.587 84.9285 8
      vertex 206.328 84.4444 0
      vertex 206.328 84.4444 8
    endloop
  endfacet
  facet normal -0.995148 0.0983852 0
    outer loop
      vertex 206.746 85.4538 0
      vertex 206.8 86 8
      vertex 206.8 86 0
    endloop
  endfacet
  facet normal -0.995148 0.0983852 0
    outer loop
      vertex 206.8 86 8
      vertex 206.746 85.4538 0
      vertex 206.746 85.4538 8
    endloop
  endfacet
  facet normal 0.471534 0.881848 -0
    outer loop
      vertex 202.928 83.4131 0
      vertex 202.444 83.6719 8
      vertex 202.928 83.4131 8
    endloop
  endfacet
  facet normal 0.471534 0.881848 0
    outer loop
      vertex 202.444 83.6719 8
      vertex 202.928 83.4131 0
      vertex 202.444 83.6719 0
    endloop
  endfacet
  facet normal 0.0980599 0.995181 -0
    outer loop
      vertex 204 83.2 0
      vertex 203.454 83.2538 8
      vertex 204 83.2 8
    endloop
  endfacet
  facet normal 0.0980599 0.995181 0
    outer loop
      vertex 203.454 83.2538 8
      vertex 204 83.2 0
      vertex 203.454 83.2538 0
    endloop
  endfacet
  facet normal 0.773202 0.63416 0
    outer loop
      vertex 202.02 84.0201 8
      vertex 201.672 84.4444 0
      vertex 201.672 84.4444 8
    endloop
  endfacet
  facet normal 0.773202 0.63416 0
    outer loop
      vertex 201.672 84.4444 0
      vertex 202.02 84.0201 8
      vertex 202.02 84.0201 0
    endloop
  endfacet
  facet normal 0.957116 0.289704 0
    outer loop
      vertex 201.413 84.9285 8
      vertex 201.254 85.4538 0
      vertex 201.254 85.4538 8
    endloop
  endfacet
  facet normal 0.957116 0.289704 0
    outer loop
      vertex 201.254 85.4538 0
      vertex 201.413 84.9285 8
      vertex 201.413 84.9285 0
    endloop
  endfacet
  facet normal 0.995148 0.0983852 0
    outer loop
      vertex 201.254 85.4538 8
      vertex 201.2 86 0
      vertex 201.2 86 8
    endloop
  endfacet
  facet normal 0.995148 0.0983852 0
    outer loop
      vertex 201.2 86 0
      vertex 201.254 85.4538 8
      vertex 201.254 85.4538 0
    endloop
  endfacet
  facet normal -0.471534 0.881848 0
    outer loop
      vertex 205.556 83.6719 0
      vertex 205.072 83.4131 8
      vertex 205.556 83.6719 8
    endloop
  endfacet
  facet normal -0.471534 0.881848 0
    outer loop
      vertex 205.072 83.4131 8
      vertex 205.556 83.6719 0
      vertex 205.072 83.4131 0
    endloop
  endfacet
  facet normal -0.773202 0.63416 0
    outer loop
      vertex 205.98 84.0201 0
      vertex 206.328 84.4444 8
      vertex 206.328 84.4444 0
    endloop
  endfacet
  facet normal -0.773202 0.63416 0
    outer loop
      vertex 206.328 84.4444 8
      vertex 205.98 84.0201 0
      vertex 205.98 84.0201 8
    endloop
  endfacet
  facet normal -0.957116 0.289704 0
    outer loop
      vertex 206.587 84.9285 0
      vertex 206.746 85.4538 8
      vertex 206.746 85.4538 0
    endloop
  endfacet
  facet normal -0.957116 0.289704 0
    outer loop
      vertex 206.746 85.4538 8
      vertex 206.587 84.9285 0
      vertex 206.587 84.9285 8
    endloop
  endfacet
  facet normal 0.289851 0.957072 -0
    outer loop
      vertex 203.454 83.2538 0
      vertex 202.928 83.4131 8
      vertex 203.454 83.2538 8
    endloop
  endfacet
  facet normal 0.289851 0.957072 0
    outer loop
      vertex 202.928 83.4131 8
      vertex 203.454 83.2538 0
      vertex 202.928 83.4131 0
    endloop
  endfacet
  facet normal 0.881737 0.471741 0
    outer loop
      vertex 201.672 84.4444 8
      vertex 201.413 84.9285 0
      vertex 201.413 84.9285 8
    endloop
  endfacet
  facet normal 0.881737 0.471741 0
    outer loop
      vertex 201.413 84.9285 0
      vertex 201.672 84.4444 8
      vertex 201.672 84.4444 0
    endloop
  endfacet
  facet normal 1 -0 0
    outer loop
      vertex 4 100 4
      vertex 4 106 0
      vertex 4 106 4
    endloop
  endfacet
  facet normal 1 0 0
    outer loop
      vertex 4 106 0
      vertex 4 100 4
      vertex 4 100 0
    endloop
  endfacet
  facet normal -1 0 0
    outer loop
      vertex 7 100 0
      vertex 7 106 4
      vertex 7 106 0
    endloop
  endfacet
  facet normal -1 -0 0
    outer loop
      vertex 7 106 4
      vertex 7 100 0
      vertex 7 100 4
    endloop
  endfacet
  facet normal 0 1 -0
    outer loop
      vertex 7 100 0
      vertex 4 100 4
      vertex 7 100 4
    endloop
  endfacet
  facet normal 0 1 0
    outer loop
      vertex 4 100 4
      vertex 7 100 0
      vertex 4 100 0
    endloop
  endfacet
  facet normal 0 -1 0
    outer loop
      vertex 4 106 0
      vertex 7 106 4
      vertex 4 106 4
    endloop
  endfacet
  facet normal 0 -1 -0
    outer loop
      vertex 7 106 4
      vertex 4 106 0
      vertex 7 106 0
    endloop
  endfacet
  facet normal 1 -0 0
    outer loop
      vertex 37 100 4
      vertex 37 106 0
      vertex 37 106 4
    endloop
  endfacet
  facet normal 1 0 0
    outer loop
      vertex 37 106 0
      vertex 37 100 4
      vertex 37 100 0
    endloop
  endfacet
  facet normal -1 0 0
    outer loop
      vertex 40 100 0
      vertex 40 106 4
      vertex 40 106 0
    endloop
  endfacet
  facet normal -1 -0 0
    outer loop
      vertex 40 106 4
      vertex 40 100 0
      vertex 40 100 4
    endloop
  endfacet
  facet normal 0 1 -0
    outer loop
      vertex 40 100 0
      vertex 37 100 4
      vertex 40 100 4
    endloop
  endfacet
  facet normal 0 1 0
    outer loop
      vertex 37 100 4
      vertex 40 100 0
      vertex 37 100 0
    endloop
  endfacet
  facet normal 0 -1 0
    outer loop
      vertex 37 106 0
      vertex 40 106 4
      vertex 37 106 4
    endloop
  endfacet
  facet normal 0 -1 -0
    outer loop
      vertex 40 106 4
      vertex 37 106 0
      vertex 40 106 0
    endloop
  endfacet
  facet normal 1 -0 0
    outer loop
      vertex 70 100 4
      vertex 70 106 0
      vertex 70 106 4
    endloop
  endfacet
  facet normal 1 0 0
    outer loop
      vertex 70 106 0
      vertex 70 100 4
      vertex 70 100 0
    endloop
  endfacet
  facet normal -1 0 0
    outer loop
      vertex 73 100 0
      vertex 73 106 4
      vertex 73 106 0
    endloop
  endfacet
  facet normal -1 -0 0
    outer loop
      vertex 73 106 4
      vertex 73 100 0
      vertex 73 100 4
    endloop
  endfacet
  facet normal 0 -1 0
    outer loop
      vertex 70 106 0
      vertex 73 106 4
      vertex 70 106 4
    endloop
  endfacet
  facet normal 0 -1 -0
    outer loop
      vertex 73 106 4
      vertex 70 106 0
      vertex 73 106 0
    endloop
  endfacet
  facet normal 0 1 -0
    outer loop
      vertex 73 100 0
      vertex 70 100 4
      vertex 73 100 4
    endloop
  endfacet
  facet normal 0 1 0
    outer loop
      vertex 70 100 4
      vertex 73 100 0
      vertex 70 100 0
    endloop
  endfacet
  facet normal 1 -0 0
    outer loop
      vertex 103 100 4
      vertex 103 106 0
      vertex 103 106 4
    endloop
  endfacet
  facet normal 1 0 0
    outer loop
      vertex 103 106 0
      vertex 103 100 4
      vertex 103 100 0
    endloop
  endfacet
  facet normal -1 0 0
    outer loop
      vertex 106 100 0
      vertex 106 106 4
      vertex 106 106 0
    endloop
  endfacet
  facet normal -1 -0 0
    outer loop
      vertex 106 106 4
      vertex 106 100 0
      vertex 106 100 4
    endloop
  endfacet
  facet normal 0 -1 0
    outer loop
      vertex 103 106 0
      vertex 106 106 4
      vertex 103 106 4
    endloop
  endfacet
  facet normal 0 -1 -0
    outer loop
      vertex 106 106 4
      vertex 103 106 0
      vertex 106 106 0
    endloop
  endfacet
  facet normal 0 1 -0
    outer loop
      vertex 106 100 0
      vertex 103 100 4
      vertex 106 100 4
    endloop
  endfacet
  facet normal 0 1 0
    outer loop
      vertex 103 100 4
      vertex 106 100 0
      vertex 103 100 0
    endloop
  endfacet
  facet normal 1 -0 0
    outer loop
      vertex 136 100 4
      vertex 136 106 0
      vertex 136 106 4
    endloop
  endfacet
  facet normal 1 0 0
    outer loop
      vertex 136 106 0
      vertex 136 100 4
      vertex 136 100 0
    endloop
  endfacet
  facet normal -1 0 0
    outer loop
      vertex 139 100 0
      vertex 139 106 4
      vertex 139 106 0
    endloop
  endfacet
  facet normal -1 -0 0
    outer loop
      vertex 139 106 4
      vertex 139 100 0
      vertex 139 100 4
    endloop
  endfacet
  facet normal 0 -1 0
    outer loop
      vertex 136 106 0
      vertex 139 106 4
      vertex 136 106 4
    endloop
  endfacet
  facet normal 0 -1 -0
    outer loop
      vertex 139 106 4
      vertex 136 106 0
      vertex 139 106 0
    endloop
  endfacet
  facet normal 0 1 -0
    outer loop
      vertex 139 100 0
      vertex 136 100 4
      vertex 139 100 4
    endloop
  endfacet
  facet normal 0 1 0
    outer loop
      vertex 136 100 4
      vertex 139 100 0
      vertex 136 100 0
    endloop
  endfacet
  facet normal 1 -0 0
    outer loop
      vertex 169 100 4
      vertex 169 106 0
      vertex 169 106 4
    endloop
  endfacet
  facet normal 1 0 0
    outer loop
      vertex 169 106 0
      vertex 169 100 4
      vertex 169 100 0
    endloop
  endfacet
  facet normal -1 0 0
    outer loop
      vertex 172 100 0
      vertex 172 106 4
      vertex 172 106 0
    endloop
  endfacet
  facet normal -1 -0 0
    outer loop
      vertex 172 106 4
      vertex 172 100 0
      vertex 172 100 4
    endloop
  endfacet
  facet normal 0 1 -0
    outer loop
      vertex 172 100 0
      vertex 169 100 4
      vertex 172 100 4
    endloop
  endfacet
  facet normal 0 1 0
    outer loop
      vertex 169 100 4
      vertex 172 100 0
      vertex 169 100 0
    endloop
  endfacet
  facet normal 0 -1 0
    outer loop
      vertex 169 106 0
      vertex 172 106 4
      vertex 169 106 4
    endloop
  endfacet
  facet normal 0 -1 -0
    outer loop
      vertex 172 106 4
      vertex 169 106 0
      vertex 172 106 0
    endloop
  endfacet
  facet normal 1 -0 0
    outer loop
      vertex 202 100 4
      vertex 202 106 0
      vertex 202 106 4
    endloop
  endfacet
  facet normal 1 0 0
    outer loop
      vertex 202 106 0
      vertex 202 100 4
      vertex 202 100 0
    endloop
  endfacet
  facet normal -1 0 0
    outer loop
      vertex 205 100 0
      vertex 205 106 4
      vertex 205 106 0
    endloop
  endfacet
  facet normal -1 -0 0
    outer loop
      vertex 205 106 4
      vertex 205 100 0
      vertex 205 100 4
    endloop
  endfacet
  facet normal 0 -1 0
    outer loop
      vertex 202 106 0
      vertex 205 106 4
      vertex 202 106 4
    endloop
  endfacet
  facet normal 0 -1 -0
    outer loop
      vertex 205 106 4
      vertex 202 106 0
      vertex 205 106 0
    endloop
  endfacet
  facet normal 0 1 -0
    outer loop
      vertex 205 100 0
      vertex 202 100 4
      vertex 205 100 4
    endloop
  endfacet
  facet normal 0 1 0
    outer loop
      vertex 202 100 4
      vertex 205 100 0
      vertex 202 100 0
    endloop
  endfacet
  facet normal 1 -0 0
    outer loop
      vertex 91 20 4
      vertex 91 26 0
      vertex 91 26 4
    endloop
  endfacet
  facet normal 1 0 0
    outer loop
      vertex 91 26 0
      vertex 91 20 4
      vertex 91 20 0
    endloop
  endfacet
  facet normal -1 0 0
    outer loop
      vertex 94 20 0
      vertex 94 26 4
      vertex 94 26 0
    endloop
  endfacet
  facet normal -1 -0 0
    outer loop
      vertex 94 26 4
      vertex 94 20 0
      vertex 94 20 4
    endloop
  endfacet
  facet normal 0 -1 0
    outer loop
      vertex 91 26 0
      vertex 94 26 4
      vertex 91 26 4
    endloop
  endfacet
  facet normal 0 -1 -0
    outer loop
      vertex 94 26 4
      vertex 91 26 0
      vertex 94 26 0
    endloop
  endfacet
  facet normal 0 1 -0
    outer loop
      vertex 94 20 0
      vertex 91 20 4
      vertex 94 20 4
    endloop
  endfacet
  facet normal 0 1 0
    outer loop
      vertex 91 20 4
      vertex 94 20 0
      vertex 91 20 0
    endloop
  endfacet
  facet normal 1 -0 0
    outer loop
      vertex 91 50 4
      vertex 91 56 0
      vertex 91 56 4
    endloop
  endfacet
  facet normal 1 0 0
    outer loop
      vertex 91 56 0
      vertex 91 50 4
      vertex 91 50 0
    endloop
  endfacet
  facet normal -1 0 0
    outer loop
      vertex 94 50 0
      vertex 94 56 4
      vertex 94 56 0
    endloop
  endfacet
  facet normal -1 -0 0
    outer loop
      vertex 94 56 4
      vertex 94 50 0
      vertex 94 50 4
    endloop
  endfacet
  facet normal 0 -1 0
    outer loop
      vertex 91 56 0
      vertex 94 56 4
      vertex 91 56 4
    endloop
  endfacet
  facet normal 0 -1 -0
    outer loop
      vertex 94 56 4
      vertex 91 56 0
      vertex 94 56 0
    endloop
  endfacet
  facet normal 0 1 -0
    outer loop
      vertex 94 50 0
      vertex 91 50 4
      vertex 94 50 4
    endloop
  endfacet
  facet normal 0 1 0
    outer loop
      vertex 91 50 4
      vertex 94 50 0
      vertex 91 50 0
    endloop
  endfacet
  facet normal 0.99522 0.0976535 0
    outer loop
      vertex 205.5 4 10
      vertex 205.433 4.68282 4
      vertex 205.433 4.68282 10
    endloop
  endfacet
  facet normal 0.99522 0.0976535 0
    outer loop
      vertex 205.433 4.68282 4
      vertex 205.5 4 10
      vertex 205.5 4 4
    endloop
  endfacet
  facet normal -0.99522 0.0976535 0
    outer loop
      vertex 198.5 4 4
      vertex 198.567 4.68282 10
      vertex 198.567 4.68282 4
    endloop
  endfacet
  facet normal -0.99522 0.0976535 0
    outer loop
      vertex 198.567 4.68282 10
      vertex 198.5 4 4
      vertex 198.5 4 10
    endloop
  endfacet
  facet normal 0.0979888 0.995188 -0
    outer loop
      vertex 202.683 7.43275 4
      vertex 202 7.5 10
      vertex 202.683 7.43275 10
    endloop
  endfacet
  facet normal 0.0979888 0.995188 0
    outer loop
      vertex 202 7.5 10
      vertex 202.683 7.43275 4
      vertex 202 7.5 4
    endloop
  endfacet
  facet normal -0.0979917 -0.995187 0
    outer loop
      vertex 201.317 0.567252 4
      vertex 202 0.5 10
      vertex 201.317 0.567252 10
    endloop
  endfacet
  facet normal -0.0979917 -0.995187 -0
    outer loop
      vertex 202 0.5 10
      vertex 201.317 0.567252 4
      vertex 202 0.5 4
    endloop
  endfacet
  facet normal 0.773199 0.634164 0
    outer loop
      vertex 204.91 5.9445 10
      vertex 204.475 6.47487 4
      vertex 204.475 6.47487 10
    endloop
  endfacet
  facet normal 0.773199 0.634164 0
    outer loop
      vertex 204.475 6.47487 4
      vertex 204.91 5.9445 10
      vertex 204.91 5.9445 4
    endloop
  endfacet
  facet normal 0.957008 0.29006 0
    outer loop
      vertex 205.433 4.68282 10
      vertex 205.234 5.33939 4
      vertex 205.234 5.33939 10
    endloop
  endfacet
  facet normal 0.957008 0.29006 0
    outer loop
      vertex 205.234 5.33939 4
      vertex 205.433 4.68282 10
      vertex 205.433 4.68282 4
    endloop
  endfacet
  facet normal -0.633949 0.773375 0
    outer loop
      vertex 200.056 6.91014 4
      vertex 199.525 6.47487 10
      vertex 200.056 6.91014 10
    endloop
  endfacet
  facet normal -0.633949 0.773375 0
    outer loop
      vertex 199.525 6.47487 10
      vertex 200.056 6.91014 4
      vertex 199.525 6.47487 4
    endloop
  endfacet
  facet normal -0.290518 0.95687 0
    outer loop
      vertex 201.317 7.43275 4
      vertex 200.661 7.23358 10
      vertex 201.317 7.43275 10
    endloop
  endfacet
  facet normal -0.290518 0.95687 0
    outer loop
      vertex 200.661 7.23358 10
      vertex 201.317 7.43275 4
      vertex 200.661 7.23358 4
    endloop
  endfacet
  facet normal 0.633949 -0.773375 0
    outer loop
      vertex 203.944 1.08986 4
      vertex 204.475 1.52513 10
      vertex 203.944 1.08986 10
    endloop
  endfacet
  facet normal 0.633949 -0.773375 0
    outer loop
      vertex 204.475 1.52513 10
      vertex 203.944 1.08986 4
      vertex 204.475 1.52513 4
    endloop
  endfacet
  facet normal -0.773199 -0.634164 0
    outer loop
      vertex 199.525 1.52513 4
      vertex 199.09 2.0555 10
      vertex 199.09 2.0555 4
    endloop
  endfacet
  facet normal -0.773199 -0.634164 0
    outer loop
      vertex 199.09 2.0555 10
      vertex 199.525 1.52513 4
      vertex 199.525 1.52513 10
    endloop
  endfacet
  facet normal 0.881581 0.472033 0
    outer loop
      vertex 205.234 5.33939 10
      vertex 204.91 5.9445 4
      vertex 204.91 5.9445 10
    endloop
  endfacet
  facet normal 0.881581 0.472033 0
    outer loop
      vertex 204.91 5.9445 4
      vertex 205.234 5.33939 10
      vertex 205.234 5.33939 4
    endloop
  endfacet
  facet normal 0.471466 0.881884 -0
    outer loop
      vertex 203.944 6.91014 4
      vertex 203.339 7.23358 10
      vertex 203.944 6.91014 10
    endloop
  endfacet
  facet normal 0.471466 0.881884 0
    outer loop
      vertex 203.339 7.23358 10
      vertex 203.944 6.91014 4
      vertex 203.339 7.23358 4
    endloop
  endfacet
  facet normal 0.290518 0.95687 -0
    outer loop
      vertex 203.339 7.23358 4
      vertex 202.683 7.43275 10
      vertex 203.339 7.23358 10
    endloop
  endfacet
  facet normal 0.290518 0.95687 0
    outer loop
      vertex 202.683 7.43275 10
      vertex 203.339 7.23358 4
      vertex 202.683 7.43275 4
    endloop
  endfacet
  facet normal 0.633949 0.773375 -0
    outer loop
      vertex 204.475 6.47487 4
      vertex 203.944 6.91014 10
      vertex 204.475 6.47487 10
    endloop
  endfacet
  facet normal 0.633949 0.773375 0
    outer loop
      vertex 203.944 6.91014 10
      vertex 204.475 6.47487 4
      vertex 203.944 6.91014 4
    endloop
  endfacet
  facet normal -0.881581 0.472033 0
    outer loop
      vertex 198.766 5.33939 4
      vertex 199.09 5.9445 10
      vertex 199.09 5.9445 4
    endloop
  endfacet
  facet normal -0.881581 0.472033 0
    outer loop
      vertex 199.09 5.9445 10
      vertex 198.766 5.33939 4
      vertex 198.766 5.33939 10
    endloop
  endfacet
  facet normal -0.773199 0.634164 0
    outer loop
      vertex 199.09 5.9445 4
      vertex 199.525 6.47487 10
      vertex 199.525 6.47487 4
    endloop
  endfacet
  facet normal -0.773199 0.634164 0
    outer loop
      vertex 199.525 6.47487 10
      vertex 199.09 5.9445 4
      vertex 199.09 5.9445 10
    endloop
  endfacet
  facet normal -0.957008 0.29006 0
    outer loop
      vertex 198.567 4.68282 4
      vertex 198.766 5.33939 10
      vertex 198.766 5.33939 4
    endloop
  endfacet
  facet normal -0.957008 0.29006 0
    outer loop
      vertex 198.766 5.33939 10
      vertex 198.567 4.68282 4
      vertex 198.567 4.68282 10
    endloop
  endfacet
  facet normal 0 0 1
    outer loop
      vertex 204 4 10
      vertex 205.5 4 10
      vertex 205.433 4.68282 10
    endloop
  endfacet
  facet normal 0 0 1
    outer loop
      vertex 203.962 4.39018 10
      vertex 205.433 4.68282 10
      vertex 205.234 5.33939 10
    endloop
  endfacet
  facet normal 0 0 1
    outer loop
      vertex 205.5 4 10
      vertex 204 4 10
      vertex 205.433 3.31718 10
    endloop
  endfacet
  facet normal 0 0 1
    outer loop
      vertex 203.848 4.76537 10
      vertex 205.234 5.33939 10
      vertex 204.91 5.9445 10
    endloop
  endfacet
  facet normal -0 0 1
    outer loop
      vertex 203.962 3.60982 10
      vertex 205.433 3.31718 10
      vertex 204 4 10
    endloop
  endfacet
  facet normal 0 0 1
    outer loop
      vertex 203.663 5.11114 10
      vertex 204.91 5.9445 10
      vertex 204.475 6.47487 10
    endloop
  endfacet
  facet normal 0 0 1
    outer loop
      vertex 205.433 3.31718 10
      vertex 203.962 3.60982 10
      vertex 205.234 2.66061 10
    endloop
  endfacet
  facet normal -0 0 1
    outer loop
      vertex 203.848 3.23463 10
      vertex 205.234 2.66061 10
      vertex 203.962 3.60982 10
    endloop
  endfacet
  facet normal 0 0 1
    outer loop
      vertex 205.433 4.68282 10
      vertex 203.962 4.39018 10
      vertex 204 4 10
    endloop
  endfacet
  facet normal 0 0 1
    outer loop
      vertex 203.414 5.41421 10
      vertex 204.475 6.47487 10
      vertex 203.944 6.91014 10
    endloop
  endfacet
  facet normal 0 0 1
    outer loop
      vertex 205.234 5.33939 10
      vertex 203.848 4.76537 10
      vertex 203.962 4.39018 10
    endloop
  endfacet
  facet normal 0 0 1
    outer loop
      vertex 204.91 5.9445 10
      vertex 203.663 5.11114 10
      vertex 203.848 4.76537 10
    endloop
  endfacet
  facet normal 0 0 1
    outer loop
      vertex 204.475 6.47487 10
      vertex 203.414 5.41421 10
      vertex 203.663 5.11114 10
    endloop
  endfacet
  facet normal 0 0 1
    outer loop
      vertex 203.111 5.66294 10
      vertex 203.944 6.91014 10
      vertex 203.339 7.23358 10
    endloop
  endfacet
  facet normal 0 0 1
    outer loop
      vertex 203.944 6.91014 10
      vertex 203.111 5.66294 10
      vertex 203.414 5.41421 10
    endloop
  endfacet
  facet normal 0 0 1
    outer loop
      vertex 203.339 7.23358 10
      vertex 202.765 5.84776 10
      vertex 203.111 5.66294 10
    endloop
  endfacet
  facet normal 0 0 1
    outer loop
      vertex 202.683 7.43275 10
      vertex 202.765 5.84776 10
      vertex 203.339 7.23358 10
    endloop
  endfacet
  facet normal 0 0 1
    outer loop
      vertex 202.683 7.43275 10
      vertex 202.39 5.96157 10
      vertex 202.765 5.84776 10
    endloop
  endfacet
  facet normal 0 0 1
    outer loop
      vertex 202 7.5 10
      vertex 202.39 5.96157 10
      vertex 202.683 7.43275 10
    endloop
  endfacet
  facet normal 0 0 1
    outer loop
      vertex 202 7.5 10
      vertex 202 6 10
      vertex 202.39 5.96157 10
    endloop
  endfacet
  facet normal 0 0 1
    outer loop
      vertex 202 7.5 10
      vertex 201.61 5.96157 10
      vertex 202 6 10
    endloop
  endfacet
  facet normal -0 0 1
    outer loop
      vertex 201.317 7.43275 10
      vertex 201.61 5.96157 10
      vertex 202 7.5 10
    endloop
  endfacet
  facet normal 0 0 1
    outer loop
      vertex 201.317 7.43275 10
      vertex 201.235 5.84776 10
      vertex 201.61 5.96157 10
    endloop
  endfacet
  facet normal -0 0 1
    outer loop
      vertex 200.661 7.23358 10
      vertex 201.235 5.84776 10
      vertex 201.317 7.43275 10
    endloop
  endfacet
  facet normal 0 0 1
    outer loop
      vertex 201.235 5.84776 10
      vertex 200.661 7.23358 10
      vertex 200.889 5.66294 10
    endloop
  endfacet
  facet normal -0 0 1
    outer loop
      vertex 200.056 6.91014 10
      vertex 200.889 5.66294 10
      vertex 200.661 7.23358 10
    endloop
  endfacet
  facet normal 0 0 1
    outer loop
      vertex 200.889 5.66294 10
      vertex 200.056 6.91014 10
      vertex 200.586 5.41421 10
    endloop
  endfacet
  facet normal -0 0 1
    outer loop
      vertex 199.525 6.47487 10
      vertex 200.586 5.41421 10
      vertex 200.056 6.91014 10
    endloop
  endfacet
  facet normal 0 0 1
    outer loop
      vertex 200.586 5.41421 10
      vertex 199.525 6.47487 10
      vertex 200.337 5.11114 10
    endloop
  endfacet
  facet normal -0 0 1
    outer loop
      vertex 199.09 5.9445 10
      vertex 200.337 5.11114 10
      vertex 199.525 6.47487 10
    endloop
  endfacet
  facet normal 0 0 1
    outer loop
      vertex 200.337 5.11114 10
      vertex 199.09 5.9445 10
      vertex 200.152 4.76537 10
    endloop
  endfacet
  facet normal -0 0 1
    outer loop
      vertex 198.766 5.33939 10
      vertex 200.152 4.76537 10
      vertex 199.09 5.9445 10
    endloop
  endfacet
  facet normal 0 0 1
    outer loop
      vertex 205.234 2.66061 10
      vertex 203.848 3.23463 10
      vertex 204.91 2.0555 10
    endloop
  endfacet
  facet normal -0 0 1
    outer loop
      vertex 203.663 2.88886 10
      vertex 204.91 2.0555 10
      vertex 203.848 3.23463 10
    endloop
  endfacet
  facet normal 0 0 1
    outer loop
      vertex 204.91 2.0555 10
      vertex 203.663 2.88886 10
      vertex 204.475 1.52513 10
    endloop
  endfacet
  facet normal -0 0 1
    outer loop
      vertex 203.414 2.58579 10
      vertex 204.475 1.52513 10
      vertex 203.663 2.88886 10
    endloop
  endfacet
  facet normal 0 0 1
    outer loop
      vertex 204.475 1.52513 10
      vertex 203.414 2.58579 10
      vertex 203.944 1.08986 10
    endloop
  endfacet
  facet normal -0 0 1
    outer loop
      vertex 203.111 2.33706 10
      vertex 203.944 1.08986 10
      vertex 203.414 2.58579 10
    endloop
  endfacet
  facet normal 0 0 1
    outer loop
      vertex 203.944 1.08986 10
      vertex 203.111 2.33706 10
      vertex 203.339 0.766422 10
    endloop
  endfacet
  facet normal -0 0 1
    outer loop
      vertex 202.765 2.15224 10
      vertex 203.339 0.766422 10
      vertex 203.111 2.33706 10
    endloop
  endfacet
  facet normal 0 0 1
    outer loop
      vertex 202.765 2.15224 10
      vertex 202.683 0.567252 10
      vertex 203.339 0.766422 10
    endloop
  endfacet
  facet normal -0 0 1
    outer loop
      vertex 202.39 2.03843 10
      vertex 202.683 0.567252 10
      vertex 202.765 2.15224 10
    endloop
  endfacet
  facet normal -0 0 1
    outer loop
      vertex 202 2 10
      vertex 202.683 0.567252 10
      vertex 202.39 2.03843 10
    endloop
  endfacet
  facet normal 0 0 1
    outer loop
      vertex 202 2 10
      vertex 202 0.5 10
      vertex 202.683 0.567252 10
    endloop
  endfacet
  facet normal 0 0 1
    outer loop
      vertex 201.61 2.03843 10
      vertex 202 0.5 10
      vertex 202 2 10
    endloop
  endfacet
  facet normal 0 0 1
    outer loop
      vertex 201.61 2.03843 10
      vertex 201.317 0.567252 10
      vertex 202 0.5 10
    endloop
  endfacet
  facet normal 0 0 1
    outer loop
      vertex 201.235 2.15224 10
      vertex 201.317 0.567252 10
      vertex 201.61 2.03843 10
    endloop
  endfacet
  facet normal 0 0 1
    outer loop
      vertex 200.661 0.766422 10
      vertex 201.235 2.15224 10
      vertex 200.889 2.33706 10
    endloop
  endfacet
  facet normal 0 0 1
    outer loop
      vertex 201.235 2.15224 10
      vertex 200.661 0.766422 10
      vertex 201.317 0.567252 10
    endloop
  endfacet
  facet normal 0 0 1
    outer loop
      vertex 200.056 1.08986 10
      vertex 200.889 2.33706 10
      vertex 200.586 2.58579 10
    endloop
  endfacet
  facet normal 0 0 1
    outer loop
      vertex 199.525 1.52513 10
      vertex 200.586 2.58579 10
      vertex 200.337 2.88886 10
    endloop
  endfacet
  facet normal 0 0 1
    outer loop
      vertex 199.09 2.0555 10
      vertex 200.337 2.88886 10
      vertex 200.152 3.23463 10
    endloop
  endfacet
  facet normal 0 0 1
    outer loop
      vertex 200.889 2.33706 10
      vertex 200.056 1.08986 10
      vertex 200.661 0.766422 10
    endloop
  endfacet
  facet normal 0 0 1
    outer loop
      vertex 198.766 2.66061 10
      vertex 200.152 3.23463 10
      vertex 200.038 3.60982 10
    endloop
  endfacet
  facet normal 0 0 1
    outer loop
      vertex 198.567 3.31718 10
      vertex 200.038 3.60982 10
      vertex 200 4 10
    endloop
  endfacet
  facet normal 0 0 1
    outer loop
      vertex 200.152 4.76537 10
      vertex 198.766 5.33939 10
      vertex 200.038 4.39018 10
    endloop
  endfacet
  facet normal 0 0 1
    outer loop
      vertex 200.586 2.58579 10
      vertex 199.525 1.52513 10
      vertex 200.056 1.08986 10
    endloop
  endfacet
  facet normal -0 0 1
    outer loop
      vertex 198.567 4.68282 10
      vertex 200.038 4.39018 10
      vertex 198.766 5.33939 10
    endloop
  endfacet
  facet normal 0 0 1
    outer loop
      vertex 200.337 2.88886 10
      vertex 199.09 2.0555 10
      vertex 199.525 1.52513 10
    endloop
  endfacet
  facet normal 0 0 1
    outer loop
      vertex 200.038 4.39018 10
      vertex 198.567 4.68282 10
      vertex 200 4 10
    endloop
  endfacet
  facet normal 0 0 1
    outer loop
      vertex 200.152 3.23463 10
      vertex 198.766 2.66061 10
      vertex 199.09 2.0555 10
    endloop
  endfacet
  facet normal 0 0 1
    outer loop
      vertex 198.5 4 10
      vertex 200 4 10
      vertex 198.567 4.68282 10
    endloop
  endfacet
  facet normal 0 0 1
    outer loop
      vertex 200.038 3.60982 10
      vertex 198.567 3.31718 10
      vertex 198.766 2.66061 10
    endloop
  endfacet
  facet normal 0 0 1
    outer loop
      vertex 200 4 10
      vertex 198.5 4 10
      vertex 198.567 3.31718 10
    endloop
  endfacet
  facet normal -0.471466 0.881884 0
    outer loop
      vertex 200.661 7.23358 4
      vertex 200.056 6.91014 10
      vertex 200.661 7.23358 10
    endloop
  endfacet
  facet normal -0.471466 0.881884 0
    outer loop
      vertex 200.056 6.91014 10
      vertex 200.661 7.23358 4
      vertex 200.056 6.91014 4
    endloop
  endfacet
  facet normal -0.0979888 0.995188 0
    outer loop
      vertex 202 7.5 4
      vertex 201.317 7.43275 10
      vertex 202 7.5 10
    endloop
  endfacet
  facet normal -0.0979888 0.995188 0
    outer loop
      vertex 201.317 7.43275 10
      vertex 202 7.5 4
      vertex 201.317 7.43275 4
    endloop
  endfacet
  facet normal 0.0979917 -0.995187 0
    outer loop
      vertex 202 0.5 4
      vertex 202.683 0.567252 10
      vertex 202 0.5 10
    endloop
  endfacet
  facet normal 0.0979917 -0.995187 0
    outer loop
      vertex 202.683 0.567252 10
      vertex 202 0.5 4
      vertex 202.683 0.567252 4
    endloop
  endfacet
  facet normal 0.471463 -0.881886 0
    outer loop
      vertex 203.339 0.766422 4
      vertex 203.944 1.08986 10
      vertex 203.339 0.766422 10
    endloop
  endfacet
  facet normal 0.471463 -0.881886 0
    outer loop
      vertex 203.944 1.08986 10
      vertex 203.339 0.766422 4
      vertex 203.944 1.08986 4
    endloop
  endfacet
  facet normal 0.99522 -0.0976535 0
    outer loop
      vertex 205.433 3.31718 10
      vertex 205.5 4 4
      vertex 205.5 4 10
    endloop
  endfacet
  facet normal 0.99522 -0.0976535 0
    outer loop
      vertex 205.5 4 4
      vertex 205.433 3.31718 10
      vertex 205.433 3.31718 4
    endloop
  endfacet
  facet normal -0.633949 -0.773375 0
    outer loop
      vertex 199.525 1.52513 4
      vertex 200.056 1.08986 10
      vertex 199.525 1.52513 10
    endloop
  endfacet
  facet normal -0.633949 -0.773375 -0
    outer loop
      vertex 200.056 1.08986 10
      vertex 199.525 1.52513 4
      vertex 200.056 1.08986 4
    endloop
  endfacet
  facet normal -0.290518 -0.95687 0
    outer loop
      vertex 200.661 0.766422 4
      vertex 201.317 0.567252 10
      vertex 200.661 0.766422 10
    endloop
  endfacet
  facet normal -0.290518 -0.95687 -0
    outer loop
      vertex 201.317 0.567252 10
      vertex 200.661 0.766422 4
      vertex 201.317 0.567252 4
    endloop
  endfacet
  facet normal -0.99522 -0.0976535 0
    outer loop
      vertex 198.567 3.31718 4
      vertex 198.5 4 10
      vertex 198.5 4 4
    endloop
  endfacet
  facet normal -0.99522 -0.0976535 0
    outer loop
      vertex 198.5 4 10
      vertex 198.567 3.31718 4
      vertex 198.567 3.31718 10
    endloop
  endfacet
  facet normal -0.881581 -0.472033 0
    outer loop
      vertex 199.09 2.0555 4
      vertex 198.766 2.66061 10
      vertex 198.766 2.66061 4
    endloop
  endfacet
  facet normal -0.881581 -0.472033 0
    outer loop
      vertex 198.766 2.66061 10
      vertex 199.09 2.0555 4
      vertex 199.09 2.0555 10
    endloop
  endfacet
  facet normal -0.957008 -0.29006 0
    outer loop
      vertex 198.766 2.66061 4
      vertex 198.567 3.31718 10
      vertex 198.567 3.31718 4
    endloop
  endfacet
  facet normal -0.957008 -0.29006 0
    outer loop
      vertex 198.567 3.31718 10
      vertex 198.766 2.66061 4
      vertex 198.766 2.66061 10
    endloop
  endfacet
  facet normal 0.290518 -0.95687 0
    outer loop
      vertex 202.683 0.567252 4
      vertex 203.339 0.766422 10
      vertex 202.683 0.567252 10
    endloop
  endfacet
  facet normal 0.290518 -0.95687 0
    outer loop
      vertex 203.339 0.766422 10
      vertex 202.683 0.567252 4
      vertex 203.339 0.766422 4
    endloop
  endfacet
  facet normal 0.881581 -0.472033 0
    outer loop
      vertex 204.91 2.0555 10
      vertex 205.234 2.66061 4
      vertex 205.234 2.66061 10
    endloop
  endfacet
  facet normal 0.881581 -0.472033 0
    outer loop
      vertex 205.234 2.66061 4
      vertex 204.91 2.0555 10
      vertex 204.91 2.0555 4
    endloop
  endfacet
  facet normal 0.773199 -0.634164 0
    outer loop
      vertex 204.475 1.52513 10
      vertex 204.91 2.0555 4
      vertex 204.91 2.0555 10
    endloop
  endfacet
  facet normal 0.773199 -0.634164 0
    outer loop
      vertex 204.91 2.0555 4
      vertex 204.475 1.52513 10
      vertex 204.475 1.52513 4
    endloop
  endfacet
  facet normal 0.957008 -0.29006 0
    outer loop
      vertex 205.234 2.66061 10
      vertex 205.433 3.31718 4
      vertex 205.433 3.31718 10
    endloop
  endfacet
  facet normal 0.957008 -0.29006 0
    outer loop
      vertex 205.433 3.31718 4
      vertex 205.234 2.66061 10
      vertex 205.234 2.66061 4
    endloop
  endfacet
  facet normal -0.471463 -0.881886 0
    outer loop
      vertex 200.056 1.08986 4
      vertex 200.661 0.766422 10
      vertex 200.056 1.08986 10
    endloop
  endfacet
  facet normal -0.471463 -0.881886 -0
    outer loop
      vertex 200.661 0.766422 10
      vertex 200.056 1.08986 4
      vertex 200.661 0.766422 4
    endloop
  endfacet
  facet normal -0.471157 -0.882049 0
    outer loop
      vertex 202.765 5.84776 4
      vertex 203.111 5.66294 10
      vertex 202.765 5.84776 10
    endloop
  endfacet
  facet normal -0.471157 -0.882049 -0
    outer loop
      vertex 203.111 5.66294 10
      vertex 202.765 5.84776 4
      vertex 203.111 5.66294 4
    endloop
  endfacet
  facet normal -0.995291 0.0969323 0
    outer loop
      vertex 203.962 3.60982 4
      vertex 204 4 10
      vertex 204 4 4
    endloop
  endfacet
  facet normal -0.995291 0.0969323 0
    outer loop
      vertex 204 4 10
      vertex 203.962 3.60982 4
      vertex 203.962 3.60982 10
    endloop
  endfacet
  facet normal 0.290413 0.956901 -0
    outer loop
      vertex 201.61 2.03843 4
      vertex 201.235 2.15224 10
      vertex 201.61 2.03843 10
    endloop
  endfacet
  facet normal 0.290413 0.956901 0
    outer loop
      vertex 201.235 2.15224 10
      vertex 201.61 2.03843 4
      vertex 201.235 2.15224 4
    endloop
  endfacet
  facet normal -0.0980635 -0.99518 0
    outer loop
      vertex 202 6 4
      vertex 202.39 5.96157 10
      vertex 202 6 10
    endloop
  endfacet
  facet normal -0.0980635 -0.99518 -0
    outer loop
      vertex 202.39 5.96157 10
      vertex 202 6 4
      vertex 202.39 5.96157 4
    endloop
  endfacet
  facet normal 0.290413 -0.956901 0
    outer loop
      vertex 201.235 5.84776 4
      vertex 201.61 5.96157 10
      vertex 201.235 5.84776 10
    endloop
  endfacet
  facet normal 0.290413 -0.956901 0
    outer loop
      vertex 201.61 5.96157 10
      vertex 201.235 5.84776 4
      vertex 201.61 5.96157 4
    endloop
  endfacet
  facet normal 0.881728 -0.471758 0
    outer loop
      vertex 200.152 4.76537 10
      vertex 200.337 5.11114 4
      vertex 200.337 5.11114 10
    endloop
  endfacet
  facet normal 0.881728 -0.471758 0
    outer loop
      vertex 200.337 5.11114 4
      vertex 200.152 4.76537 10
      vertex 200.152 4.76537 4
    endloop
  endfacet
  facet normal -0.881728 -0.471758 0
    outer loop
      vertex 203.848 4.76537 4
      vertex 203.663 5.11114 10
      vertex 203.663 5.11114 4
    endloop
  endfacet
  facet normal -0.881728 -0.471758 0
    outer loop
      vertex 203.663 5.11114 10
      vertex 203.848 4.76537 4
      vertex 203.848 4.76537 10
    endloop
  endfacet
  facet normal -0.772664 -0.634815 0
    outer loop
      vertex 203.663 5.11114 4
      vertex 203.414 5.41421 10
      vertex 203.414 5.41421 4
    endloop
  endfacet
  facet normal -0.772664 -0.634815 0
    outer loop
      vertex 203.414 5.41421 10
      vertex 203.663 5.11114 4
      vertex 203.663 5.11114 10
    endloop
  endfacet
  facet normal -0.634491 -0.77293 0
    outer loop
      vertex 203.111 5.66294 4
      vertex 203.414 5.41421 10
      vertex 203.111 5.66294 10
    endloop
  endfacet
  facet normal -0.634491 -0.77293 -0
    outer loop
      vertex 203.414 5.41421 10
      vertex 203.111 5.66294 4
      vertex 203.414 5.41421 4
    endloop
  endfacet
  facet normal -0.290413 -0.956901 0
    outer loop
      vertex 202.39 5.96157 4
      vertex 202.765 5.84776 10
      vertex 202.39 5.96157 10
    endloop
  endfacet
  facet normal -0.290413 -0.956901 -0
    outer loop
      vertex 202.765 5.84776 10
      vertex 202.39 5.96157 4
      vertex 202.765 5.84776 4
    endloop
  endfacet
  facet normal 0.995291 -0.0969323 0
    outer loop
      vertex 200 4 10
      vertex 200.038 4.39018 4
      vertex 200.038 4.39018 10
    endloop
  endfacet
  facet normal 0.995291 -0.0969323 0
    outer loop
      vertex 200.038 4.39018 4
      vertex 200 4 10
      vertex 200 4 4
    endloop
  endfacet
  facet normal 0.772664 -0.634815 0
    outer loop
      vertex 200.337 5.11114 10
      vertex 200.586 5.41421 4
      vertex 200.586 5.41421 10
    endloop
  endfacet
  facet normal 0.772664 -0.634815 0
    outer loop
      vertex 200.586 5.41421 4
      vertex 200.337 5.11114 10
      vertex 200.337 5.11114 4
    endloop
  endfacet
  facet normal 0.471157 -0.882049 0
    outer loop
      vertex 200.889 5.66294 4
      vertex 201.235 5.84776 10
      vertex 200.889 5.66294 10
    endloop
  endfacet
  facet normal 0.471157 -0.882049 0
    outer loop
      vertex 201.235 5.84776 10
      vertex 200.889 5.66294 4
      vertex 201.235 5.84776 4
    endloop
  endfacet
  facet normal 0.0980635 -0.99518 0
    outer loop
      vertex 201.61 5.96157 4
      vertex 202 6 10
      vertex 201.61 5.96157 10
    endloop
  endfacet
  facet normal 0.0980635 -0.99518 0
    outer loop
      vertex 202 6 10
      vertex 201.61 5.96157 4
      vertex 202 6 4
    endloop
  endfacet
  facet normal 0.634491 -0.77293 0
    outer loop
      vertex 200.586 5.41421 4
      vertex 200.889 5.66294 10
      vertex 200.586 5.41421 10
    endloop
  endfacet
  facet normal 0.634491 -0.77293 0
    outer loop
      vertex 200.889 5.66294 10
      vertex 200.586 5.41421 4
      vertex 200.889 5.66294 4
    endloop
  endfacet
  facet normal -0.995291 -0.0969323 0
    outer loop
      vertex 204 4 4
      vertex 203.962 4.39018 10
      vertex 203.962 4.39018 4
    endloop
  endfacet
  facet normal -0.995291 -0.0969323 0
    outer loop
      vertex 203.962 4.39018 10
      vertex 204 4 4
      vertex 204 4 10
    endloop
  endfacet
  facet normal -0.0980635 0.99518 0
    outer loop
      vertex 202.39 2.03843 4
      vertex 202 2 10
      vertex 202.39 2.03843 10
    endloop
  endfacet
  facet normal -0.0980635 0.99518 0
    outer loop
      vertex 202 2 10
      vertex 202.39 2.03843 4
      vertex 202 2 4
    endloop
  endfacet
  facet normal -0.471157 0.882049 0
    outer loop
      vertex 203.111 2.33706 4
      vertex 202.765 2.15224 10
      vertex 203.111 2.33706 10
    endloop
  endfacet
  facet normal -0.471157 0.882049 0
    outer loop
      vertex 202.765 2.15224 10
      vertex 203.111 2.33706 4
      vertex 202.765 2.15224 4
    endloop
  endfacet
  facet normal -0.634491 0.77293 0
    outer loop
      vertex 203.414 2.58579 4
      vertex 203.111 2.33706 10
      vertex 203.414 2.58579 10
    endloop
  endfacet
  facet normal -0.634491 0.77293 0
    outer loop
      vertex 203.111 2.33706 10
      vertex 203.414 2.58579 4
      vertex 203.111 2.33706 4
    endloop
  endfacet
  facet normal -0.881728 0.471758 0
    outer loop
      vertex 203.663 2.88886 4
      vertex 203.848 3.23463 10
      vertex 203.848 3.23463 4
    endloop
  endfacet
  facet normal -0.881728 0.471758 0
    outer loop
      vertex 203.848 3.23463 10
      vertex 203.663 2.88886 4
      vertex 203.663 2.88886 10
    endloop
  endfacet
  facet normal 0.0980635 0.99518 -0
    outer loop
      vertex 202 2 4
      vertex 201.61 2.03843 10
      vertex 202 2 10
    endloop
  endfacet
  facet normal 0.0980635 0.99518 0
    outer loop
      vertex 201.61 2.03843 10
      vertex 202 2 4
      vertex 201.61 2.03843 4
    endloop
  endfacet
  facet normal 0.634491 0.77293 -0
    outer loop
      vertex 200.889 2.33706 4
      vertex 200.586 2.58579 10
      vertex 200.889 2.33706 10
    endloop
  endfacet
  facet normal 0.634491 0.77293 0
    outer loop
      vertex 200.586 2.58579 10
      vertex 200.889 2.33706 4
      vertex 200.586 2.58579 4
    endloop
  endfacet
  facet normal 0.881728 0.471758 0
    outer loop
      vertex 200.337 2.88886 10
      vertex 200.152 3.23463 4
      vertex 200.152 3.23463 10
    endloop
  endfacet
  facet normal 0.881728 0.471758 0
    outer loop
      vertex 200.152 3.23463 4
      vertex 200.337 2.88886 10
      vertex 200.337 2.88886 4
    endloop
  endfacet
  facet normal 0.995291 0.0969323 0
    outer loop
      vertex 200.038 3.60982 10
      vertex 200 4 4
      vertex 200 4 10
    endloop
  endfacet
  facet normal 0.995291 0.0969323 0
    outer loop
      vertex 200 4 4
      vertex 200.038 3.60982 10
      vertex 200.038 3.60982 4
    endloop
  endfacet
  facet normal 0.772664 0.634815 0
    outer loop
      vertex 200.586 2.58579 10
      vertex 200.337 2.88886 4
      vertex 200.337 2.88886 10
    endloop
  endfacet
  facet normal 0.772664 0.634815 0
    outer loop
      vertex 200.337 2.88886 4
      vertex 200.586 2.58579 10
      vertex 200.586 2.58579 4
    endloop
  endfacet
  facet normal -0.956808 -0.290722 0
    outer loop
      vertex 203.962 4.39018 4
      vertex 203.848 4.76537 10
      vertex 203.848 4.76537 4
    endloop
  endfacet
  facet normal -0.956808 -0.290722 0
    outer loop
      vertex 203.848 4.76537 10
      vertex 203.962 4.39018 4
      vertex 203.962 4.39018 10
    endloop
  endfacet
  facet normal 0.956808 -0.290722 0
    outer loop
      vertex 200.038 4.39018 10
      vertex 200.152 4.76537 4
      vertex 200.152 4.76537 10
    endloop
  endfacet
  facet normal 0.956808 -0.290722 0
    outer loop
      vertex 200.152 4.76537 4
      vertex 200.038 4.39018 10
      vertex 200.038 4.39018 4
    endloop
  endfacet
  facet normal -0.290413 0.956901 0
    outer loop
      vertex 202.765 2.15224 4
      vertex 202.39 2.03843 10
      vertex 202.765 2.15224 10
    endloop
  endfacet
  facet normal -0.290413 0.956901 0
    outer loop
      vertex 202.39 2.03843 10
      vertex 202.765 2.15224 4
      vertex 202.39 2.03843 4
    endloop
  endfacet
  facet normal -0.772664 0.634815 0
    outer loop
      vertex 203.414 2.58579 4
      vertex 203.663 2.88886 10
      vertex 203.663 2.88886 4
    endloop
  endfacet
  facet normal -0.772664 0.634815 0
    outer loop
      vertex 203.663 2.88886 10
      vertex 203.414 2.58579 4
      vertex 203.414 2.58579 10
    endloop
  endfacet
  facet normal -0.956808 0.290722 0
    outer loop
      vertex 203.848 3.23463 4
      vertex 203.962 3.60982 10
      vertex 203.962 3.60982 4
    endloop
  endfacet
  facet normal -0.956808 0.290722 0
    outer loop
      vertex 203.962 3.60982 10
      vertex 203.848 3.23463 4
      vertex 203.848 3.23463 10
    endloop
  endfacet
  facet normal 0.471157 0.882049 -0
    outer loop
      vertex 201.235 2.15224 4
      vertex 200.889 2.33706 10
      vertex 201.235 2.15224 10
    endloop
  endfacet
  facet normal 0.471157 0.882049 0
    outer loop
      vertex 200.889 2.33706 10
      vertex 201.235 2.15224 4
      vertex 200.889 2.33706 4
    endloop
  endfacet
  facet normal 0.956808 0.290722 0
    outer loop
      vertex 200.152 3.23463 10
      vertex 200.038 3.60982 4
      vertex 200.038 3.60982 10
    endloop
  endfacet
  facet normal 0.956808 0.290722 0
    outer loop
      vertex 200.038 3.60982 4
      vertex 200.152 3.23463 10
      vertex 200.152 3.23463 4
    endloop
  endfacet
  facet normal 0.99522 0.0976535 0
    outer loop
      vertex 103.5 4 10
      vertex 103.433 4.68282 4
      vertex 103.433 4.68282 10
    endloop
  endfacet
  facet normal 0.99522 0.0976535 0
    outer loop
      vertex 103.433 4.68282 4
      vertex 103.5 4 10
      vertex 103.5 4 4
    endloop
  endfacet
  facet normal -0.995178 0.0980866 0
    outer loop
      vertex 96.5 4 4
      vertex 96.5673 4.68282 10
      vertex 96.5673 4.68282 4
    endloop
  endfacet
  facet normal -0.995178 0.0980866 0
    outer loop
      vertex 96.5673 4.68282 10
      vertex 96.5 4 4
      vertex 96.5 4 10
    endloop
  endfacet
  facet normal 0.0979888 0.995188 -0
    outer loop
      vertex 100.683 7.43275 4
      vertex 100 7.5 10
      vertex 100.683 7.43275 10
    endloop
  endfacet
  facet normal 0.0979888 0.995188 0
    outer loop
      vertex 100 7.5 10
      vertex 100.683 7.43275 4
      vertex 100 7.5 4
    endloop
  endfacet
  facet normal -0.0980201 -0.995184 0
    outer loop
      vertex 99.3172 0.567252 4
      vertex 100 0.5 10
      vertex 99.3172 0.567252 10
    endloop
  endfacet
  facet normal -0.0980201 -0.995184 -0
    outer loop
      vertex 100 0.5 10
      vertex 99.3172 0.567252 4
      vertex 100 0.5 4
    endloop
  endfacet
  facet normal 0.773199 0.634164 0
    outer loop
      vertex 102.91 5.9445 10
      vertex 102.475 6.47487 4
      vertex 102.475 6.47487 10
    endloop
  endfacet
  facet normal 0.773199 0.634164 0
    outer loop
      vertex 102.475 6.47487 4
      vertex 102.91 5.9445 10
      vertex 102.91 5.9445 4
    endloop
  endfacet
  facet normal 0.957008 0.29006 0
    outer loop
      vertex 103.433 4.68282 10
      vertex 103.234 5.33939 4
      vertex 103.234 5.33939 10
    endloop
  endfacet
  facet normal 0.957008 0.29006 0
    outer loop
      vertex 103.234 5.33939 4
      vertex 103.433 4.68282 10
      vertex 103.433 4.68282 4
    endloop
  endfacet
  facet normal -0.634378 0.773023 0
    outer loop
      vertex 98.0555 6.91014 4
      vertex 97.5251 6.47487 10
      vertex 98.0555 6.91014 10
    endloop
  endfacet
  facet normal -0.634378 0.773023 0
    outer loop
      vertex 97.5251 6.47487 10
      vertex 98.0555 6.91014 4
      vertex 97.5251 6.47487 4
    endloop
  endfacet
  facet normal -0.290275 0.956943 0
    outer loop
      vertex 99.3172 7.43275 4
      vertex 98.6606 7.23358 10
      vertex 99.3172 7.43275 10
    endloop
  endfacet
  facet normal -0.290275 0.956943 0
    outer loop
      vertex 98.6606 7.23358 10
      vertex 99.3172 7.43275 4
      vertex 98.6606 7.23358 4
    endloop
  endfacet
  facet normal 0.633949 -0.773375 0
    outer loop
      vertex 101.944 1.08986 4
      vertex 102.475 1.52513 10
      vertex 101.944 1.08986 10
    endloop
  endfacet
  facet normal 0.633949 -0.773375 0
    outer loop
      vertex 102.475 1.52513 10
      vertex 101.944 1.08986 4
      vertex 102.475 1.52513 4
    endloop
  endfacet
  facet normal -0.773056 -0.634338 0
    outer loop
      vertex 97.5251 1.52513 4
      vertex 97.0899 2.0555 10
      vertex 97.0899 2.0555 4
    endloop
  endfacet
  facet normal -0.773056 -0.634338 0
    outer loop
      vertex 97.0899 2.0555 10
      vertex 97.5251 1.52513 4
      vertex 97.5251 1.52513 10
    endloop
  endfacet
  facet normal 0.881581 0.472033 0
    outer loop
      vertex 103.234 5.33939 10
      vertex 102.91 5.9445 4
      vertex 102.91 5.9445 10
    endloop
  endfacet
  facet normal 0.881581 0.472033 0
    outer loop
      vertex 102.91 5.9445 4
      vertex 103.234 5.33939 10
      vertex 103.234 5.33939 4
    endloop
  endfacet
  facet normal 0.471466 0.881884 -0
    outer loop
      vertex 101.944 6.91014 4
      vertex 101.339 7.23358 10
      vertex 101.944 6.91014 10
    endloop
  endfacet
  facet normal 0.471466 0.881884 0
    outer loop
      vertex 101.339 7.23358 10
      vertex 101.944 6.91014 4
      vertex 101.339 7.23358 4
    endloop
  endfacet
  facet normal 0.290518 0.95687 -0
    outer loop
      vertex 101.339 7.23358 4
      vertex 100.683 7.43275 10
      vertex 101.339 7.23358 10
    endloop
  endfacet
  facet normal 0.290518 0.95687 0
    outer loop
      vertex 100.683 7.43275 10
      vertex 101.339 7.23358 4
      vertex 100.683 7.43275 4
    endloop
  endfacet
  facet normal 0.633949 0.773375 -0
    outer loop
      vertex 102.475 6.47487 4
      vertex 101.944 6.91014 10
      vertex 102.475 6.47487 10
    endloop
  endfacet
  facet normal 0.633949 0.773375 0
    outer loop
      vertex 101.944 6.91014 10
      vertex 102.475 6.47487 4
      vertex 101.944 6.91014 4
    endloop
  endfacet
  facet normal -0.881884 0.471467 0
    outer loop
      vertex 96.7664 5.33939 4
      vertex 97.0899 5.9445 10
      vertex 97.0899 5.9445 4
    endloop
  endfacet
  facet normal -0.881884 0.471467 0
    outer loop
      vertex 97.0899 5.9445 10
      vertex 96.7664 5.33939 4
      vertex 96.7664 5.33939 10
    endloop
  endfacet
  facet normal -0.773056 0.634338 0
    outer loop
      vertex 97.0899 5.9445 4
      vertex 97.5251 6.47487 10
      vertex 97.5251 6.47487 4
    endloop
  endfacet
  facet normal -0.773056 0.634338 0
    outer loop
      vertex 97.5251 6.47487 10
      vertex 97.0899 5.9445 4
      vertex 97.0899 5.9445 10
    endloop
  endfacet
  facet normal -0.956968 0.290193 0
    outer loop
      vertex 96.5673 4.68282 4
      vertex 96.7664 5.33939 10
      vertex 96.7664 5.33939 4
    endloop
  endfacet
  facet normal -0.956968 0.290193 0
    outer loop
      vertex 96.7664 5.33939 10
      vertex 96.5673 4.68282 4
      vertex 96.5673 4.68282 10
    endloop
  endfacet
  facet normal 0 0 1
    outer loop
      vertex 102 4 10
      vertex 103.5 4 10
      vertex 103.433 4.68282 10
    endloop
  endfacet
  facet normal 0 0 1
    outer loop
      vertex 101.962 4.39018 10
      vertex 103.433 4.68282 10
      vertex 103.234 5.33939 10
    endloop
  endfacet
  facet normal 0 0 1
    outer loop
      vertex 103.5 4 10
      vertex 102 4 10
      vertex 103.433 3.31718 10
    endloop
  endfacet
  facet normal 0 0 1
    outer loop
      vertex 101.848 4.76537 10
      vertex 103.234 5.33939 10
      vertex 102.91 5.9445 10
    endloop
  endfacet
  facet normal -0 0 1
    outer loop
      vertex 101.962 3.60982 10
      vertex 103.433 3.31718 10
      vertex 102 4 10
    endloop
  endfacet
  facet normal 0 0 1
    outer loop
      vertex 101.663 5.11114 10
      vertex 102.91 5.9445 10
      vertex 102.475 6.47487 10
    endloop
  endfacet
  facet normal 0 0 1
    outer loop
      vertex 103.433 3.31718 10
      vertex 101.962 3.60982 10
      vertex 103.234 2.66061 10
    endloop
  endfacet
  facet normal -0 0 1
    outer loop
      vertex 101.848 3.23463 10
      vertex 103.234 2.66061 10
      vertex 101.962 3.60982 10
    endloop
  endfacet
  facet normal 0 0 1
    outer loop
      vertex 103.433 4.68282 10
      vertex 101.962 4.39018 10
      vertex 102 4 10
    endloop
  endfacet
  facet normal 0 0 1
    outer loop
      vertex 101.414 5.41421 10
      vertex 102.475 6.47487 10
      vertex 101.944 6.91014 10
    endloop
  endfacet
  facet normal 0 0 1
    outer loop
      vertex 103.234 5.33939 10
      vertex 101.848 4.76537 10
      vertex 101.962 4.39018 10
    endloop
  endfacet
  facet normal 0 0 1
    outer loop
      vertex 102.91 5.9445 10
      vertex 101.663 5.11114 10
      vertex 101.848 4.76537 10
    endloop
  endfacet
  facet normal 0 0 1
    outer loop
      vertex 102.475 6.47487 10
      vertex 101.414 5.41421 10
      vertex 101.663 5.11114 10
    endloop
  endfacet
  facet normal 0 0 1
    outer loop
      vertex 101.111 5.66294 10
      vertex 101.944 6.91014 10
      vertex 101.339 7.23358 10
    endloop
  endfacet
  facet normal 0 0 1
    outer loop
      vertex 101.944 6.91014 10
      vertex 101.111 5.66294 10
      vertex 101.414 5.41421 10
    endloop
  endfacet
  facet normal 0 0 1
    outer loop
      vertex 101.339 7.23358 10
      vertex 100.765 5.84776 10
      vertex 101.111 5.66294 10
    endloop
  endfacet
  facet normal 0 0 1
    outer loop
      vertex 100.683 7.43275 10
      vertex 100.765 5.84776 10
      vertex 101.339 7.23358 10
    endloop
  endfacet
  facet normal 0 0 1
    outer loop
      vertex 100.683 7.43275 10
      vertex 100.39 5.96157 10
      vertex 100.765 5.84776 10
    endloop
  endfacet
  facet normal 0 0 1
    outer loop
      vertex 100 7.5 10
      vertex 100.39 5.96157 10
      vertex 100.683 7.43275 10
    endloop
  endfacet
  facet normal 0 0 1
    outer loop
      vertex 100 7.5 10
      vertex 100 6 10
      vertex 100.39 5.96157 10
    endloop
  endfacet
  facet normal 0 0 1
    outer loop
      vertex 100 7.5 10
      vertex 99.6098 5.96157 10
      vertex 100 6 10
    endloop
  endfacet
  facet normal -0 0 1
    outer loop
      vertex 99.3172 7.43275 10
      vertex 99.6098 5.96157 10
      vertex 100 7.5 10
    endloop
  endfacet
  facet normal 0 0 1
    outer loop
      vertex 99.3172 7.43275 10
      vertex 99.2346 5.84776 10
      vertex 99.6098 5.96157 10
    endloop
  endfacet
  facet normal -0 0 1
    outer loop
      vertex 98.6606 7.23358 10
      vertex 99.2346 5.84776 10
      vertex 99.3172 7.43275 10
    endloop
  endfacet
  facet normal 0 0 1
    outer loop
      vertex 99.2346 5.84776 10
      vertex 98.6606 7.23358 10
      vertex 98.8889 5.66294 10
    endloop
  endfacet
  facet normal -0 0 1
    outer loop
      vertex 98.0555 6.91014 10
      vertex 98.8889 5.66294 10
      vertex 98.6606 7.23358 10
    endloop
  endfacet
  facet normal 0 0 1
    outer loop
      vertex 98.8889 5.66294 10
      vertex 98.0555 6.91014 10
      vertex 98.5858 5.41421 10
    endloop
  endfacet
  facet normal -0 0 1
    outer loop
      vertex 97.5251 6.47487 10
      vertex 98.5858 5.41421 10
      vertex 98.0555 6.91014 10
    endloop
  endfacet
  facet normal 0 0 1
    outer loop
      vertex 98.5858 5.41421 10
      vertex 97.5251 6.47487 10
      vertex 98.3371 5.11114 10
    endloop
  endfacet
  facet normal -0 0 1
    outer loop
      vertex 97.0899 5.9445 10
      vertex 98.3371 5.11114 10
      vertex 97.5251 6.47487 10
    endloop
  endfacet
  facet normal 0 0 1
    outer loop
      vertex 98.3371 5.11114 10
      vertex 97.0899 5.9445 10
      vertex 98.1522 4.76537 10
    endloop
  endfacet
  facet normal -0 0 1
    outer loop
      vertex 96.7664 5.33939 10
      vertex 98.1522 4.76537 10
      vertex 97.0899 5.9445 10
    endloop
  endfacet
  facet normal 0 0 1
    outer loop
      vertex 103.234 2.66061 10
      vertex 101.848 3.23463 10
      vertex 102.91 2.0555 10
    endloop
  endfacet
  facet normal -0 0 1
    outer loop
      vertex 101.663 2.88886 10
      vertex 102.91 2.0555 10
      vertex 101.848 3.23463 10
    endloop
  endfacet
  facet normal 0 0 1
    outer loop
      vertex 102.91 2.0555 10
      vertex 101.663 2.88886 10
      vertex 102.475 1.52513 10
    endloop
  endfacet
  facet normal -0 0 1
    outer loop
      vertex 101.414 2.58579 10
      vertex 102.475 1.52513 10
      vertex 101.663 2.88886 10
    endloop
  endfacet
  facet normal 0 0 1
    outer loop
      vertex 102.475 1.52513 10
      vertex 101.414 2.58579 10
      vertex 101.944 1.08986 10
    endloop
  endfacet
  facet normal -0 0 1
    outer loop
      vertex 101.111 2.33706 10
      vertex 101.944 1.08986 10
      vertex 101.414 2.58579 10
    endloop
  endfacet
  facet normal 0 0 1
    outer loop
      vertex 101.944 1.08986 10
      vertex 101.111 2.33706 10
      vertex 101.339 0.766422 10
    endloop
  endfacet
  facet normal -0 0 1
    outer loop
      vertex 100.765 2.15224 10
      vertex 101.339 0.766422 10
      vertex 101.111 2.33706 10
    endloop
  endfacet
  facet normal 0 0 1
    outer loop
      vertex 100.765 2.15224 10
      vertex 100.683 0.567252 10
      vertex 101.339 0.766422 10
    endloop
  endfacet
  facet normal -0 0 1
    outer loop
      vertex 100.39 2.03843 10
      vertex 100.683 0.567252 10
      vertex 100.765 2.15224 10
    endloop
  endfacet
  facet normal -0 0 1
    outer loop
      vertex 100 2 10
      vertex 100.683 0.567252 10
      vertex 100.39 2.03843 10
    endloop
  endfacet
  facet normal 0 0 1
    outer loop
      vertex 100 2 10
      vertex 100 0.5 10
      vertex 100.683 0.567252 10
    endloop
  endfacet
  facet normal 0 0 1
    outer loop
      vertex 99.6098 2.03843 10
      vertex 100 0.5 10
      vertex 100 2 10
    endloop
  endfacet
  facet normal 0 0 1
    outer loop
      vertex 99.6098 2.03843 10
      vertex 99.3172 0.567252 10
      vertex 100 0.5 10
    endloop
  endfacet
  facet normal 0 0 1
    outer loop
      vertex 99.2346 2.15224 10
      vertex 99.3172 0.567252 10
      vertex 99.6098 2.03843 10
    endloop
  endfacet
  facet normal 0 0 1
    outer loop
      vertex 98.6606 0.766422 10
      vertex 99.2346 2.15224 10
      vertex 98.8889 2.33706 10
    endloop
  endfacet
  facet normal 0 0 1
    outer loop
      vertex 99.2346 2.15224 10
      vertex 98.6606 0.766422 10
      vertex 99.3172 0.567252 10
    endloop
  endfacet
  facet normal 0 0 1
    outer loop
      vertex 98.0555 1.08986 10
      vertex 98.8889 2.33706 10
      vertex 98.5858 2.58579 10
    endloop
  endfacet
  facet normal 0 0 1
    outer loop
      vertex 97.5251 1.52513 10
      vertex 98.5858 2.58579 10
      vertex 98.3371 2.88886 10
    endloop
  endfacet
  facet normal 0 0 1
    outer loop
      vertex 97.0899 2.0555 10
      vertex 98.3371 2.88886 10
      vertex 98.1522 3.23463 10
    endloop
  endfacet
  facet normal 0 0 1
    outer loop
      vertex 98.8889 2.33706 10
      vertex 98.0555 1.08986 10
      vertex 98.6606 0.766422 10
    endloop
  endfacet
  facet normal 0 0 1
    outer loop
      vertex 96.7664 2.66061 10
      vertex 98.1522 3.23463 10
      vertex 98.0384 3.60982 10
    endloop
  endfacet
  facet normal 0 0 1
    outer loop
      vertex 96.5673 3.31718 10
      vertex 98.0384 3.60982 10
      vertex 98 4 10
    endloop
  endfacet
  facet normal 0 0 1
    outer loop
      vertex 98.1522 4.76537 10
      vertex 96.7664 5.33939 10
      vertex 98.0384 4.39018 10
    endloop
  endfacet
  facet normal 0 0 1
    outer loop
      vertex 98.5858 2.58579 10
      vertex 97.5251 1.52513 10
      vertex 98.0555 1.08986 10
    endloop
  endfacet
  facet normal -0 0 1
    outer loop
      vertex 96.5673 4.68282 10
      vertex 98.0384 4.39018 10
      vertex 96.7664 5.33939 10
    endloop
  endfacet
  facet normal 0 0 1
    outer loop
      vertex 98.3371 2.88886 10
      vertex 97.0899 2.0555 10
      vertex 97.5251 1.52513 10
    endloop
  endfacet
  facet normal 0 0 1
    outer loop
      vertex 98.0384 4.39018 10
      vertex 96.5673 4.68282 10
      vertex 98 4 10
    endloop
  endfacet
  facet normal 0 0 1
    outer loop
      vertex 98.1522 3.23463 10
      vertex 96.7664 2.66061 10
      vertex 97.0899 2.0555 10
    endloop
  endfacet
  facet normal 0 0 1
    outer loop
      vertex 96.5 4 10
      vertex 98 4 10
      vertex 96.5673 4.68282 10
    endloop
  endfacet
  facet normal 0 0 1
    outer loop
      vertex 98.0384 3.60982 10
      vertex 96.5673 3.31718 10
      vertex 96.7664 2.66061 10
    endloop
  endfacet
  facet normal 0 0 1
    outer loop
      vertex 98 4 10
      vertex 96.5 4 10
      vertex 96.5673 3.31718 10
    endloop
  endfacet
  facet normal -0.471405 0.881917 0
    outer loop
      vertex 98.6606 7.23358 4
      vertex 98.0555 6.91014 10
      vertex 98.6606 7.23358 10
    endloop
  endfacet
  facet normal -0.471405 0.881917 0
    outer loop
      vertex 98.0555 6.91014 10
      vertex 98.6606 7.23358 4
      vertex 98.0555 6.91014 4
    endloop
  endfacet
  facet normal -0.0980172 0.995185 0
    outer loop
      vertex 100 7.5 4
      vertex 99.3172 7.43275 10
      vertex 100 7.5 10
    endloop
  endfacet
  facet normal -0.0980172 0.995185 0
    outer loop
      vertex 99.3172 7.43275 10
      vertex 100 7.5 4
      vertex 99.3172 7.43275 4
    endloop
  endfacet
  facet normal 0.0979917 -0.995187 0
    outer loop
      vertex 100 0.5 4
      vertex 100.683 0.567252 10
      vertex 100 0.5 10
    endloop
  endfacet
  facet normal 0.0979917 -0.995187 0
    outer loop
      vertex 100.683 0.567252 10
      vertex 100 0.5 4
      vertex 100.683 0.567252 4
    endloop
  endfacet
  facet normal 0.471463 -0.881886 0
    outer loop
      vertex 101.339 0.766422 4
      vertex 101.944 1.08986 10
      vertex 101.339 0.766422 10
    endloop
  endfacet
  facet normal 0.471463 -0.881886 0
    outer loop
      vertex 101.944 1.08986 10
      vertex 101.339 0.766422 4
      vertex 101.944 1.08986 4
    endloop
  endfacet
  facet normal 0.99522 -0.0976535 0
    outer loop
      vertex 103.433 3.31718 10
      vertex 103.5 4 4
      vertex 103.5 4 10
    endloop
  endfacet
  facet normal 0.99522 -0.0976535 0
    outer loop
      vertex 103.5 4 4
      vertex 103.433 3.31718 10
      vertex 103.433 3.31718 4
    endloop
  endfacet
  facet normal -0.634378 -0.773023 0
    outer loop
      vertex 97.5251 1.52513 4
      vertex 98.0555 1.08986 10
      vertex 97.5251 1.52513 10
    endloop
  endfacet
  facet normal -0.634378 -0.773023 -0
    outer loop
      vertex 98.0555 1.08986 10
      vertex 97.5251 1.52513 4
      vertex 98.0555 1.08986 4
    endloop
  endfacet
  facet normal -0.290275 -0.956943 0
    outer loop
      vertex 98.6606 0.766422 4
      vertex 99.3172 0.567252 10
      vertex 98.6606 0.766422 10
    endloop
  endfacet
  facet normal -0.290275 -0.956943 -0
    outer loop
      vertex 99.3172 0.567252 10
      vertex 98.6606 0.766422 4
      vertex 99.3172 0.567252 4
    endloop
  endfacet
  facet normal -0.995178 -0.0980866 0
    outer loop
      vertex 96.5673 3.31718 4
      vertex 96.5 4 10
      vertex 96.5 4 4
    endloop
  endfacet
  facet normal -0.995178 -0.0980866 0
    outer loop
      vertex 96.5 4 10
      vertex 96.5673 3.31718 4
      vertex 96.5673 3.31718 10
    endloop
  endfacet
  facet normal -0.881884 -0.471467 0
    outer loop
      vertex 97.0899 2.0555 4
      vertex 96.7664 2.66061 10
      vertex 96.7664 2.66061 4
    endloop
  endfacet
  facet normal -0.881884 -0.471467 0
    outer loop
      vertex 96.7664 2.66061 10
      vertex 97.0899 2.0555 4
      vertex 97.0899 2.0555 10
    endloop
  endfacet
  facet normal -0.956968 -0.290193 0
    outer loop
      vertex 96.7664 2.66061 4
      vertex 96.5673 3.31718 10
      vertex 96.5673 3.31718 4
    endloop
  endfacet
  facet normal -0.956968 -0.290193 0
    outer loop
      vertex 96.5673 3.31718 10
      vertex 96.7664 2.66061 4
      vertex 96.7664 2.66061 10
    endloop
  endfacet
  facet normal 0.290518 -0.95687 0
    outer loop
      vertex 100.683 0.567252 4
      vertex 101.339 0.766422 10
      vertex 100.683 0.567252 10
    endloop
  endfacet
  facet normal 0.290518 -0.95687 0
    outer loop
      vertex 101.339 0.766422 10
      vertex 100.683 0.567252 4
      vertex 101.339 0.766422 4
    endloop
  endfacet
  facet normal 0.881581 -0.472033 0
    outer loop
      vertex 102.91 2.0555 10
      vertex 103.234 2.66061 4
      vertex 103.234 2.66061 10
    endloop
  endfacet
  facet normal 0.881581 -0.472033 0
    outer loop
      vertex 103.234 2.66061 4
      vertex 102.91 2.0555 10
      vertex 102.91 2.0555 4
    endloop
  endfacet
  facet normal 0.773199 -0.634164 0
    outer loop
      vertex 102.475 1.52513 10
      vertex 102.91 2.0555 4
      vertex 102.91 2.0555 10
    endloop
  endfacet
  facet normal 0.773199 -0.634164 0
    outer loop
      vertex 102.91 2.0555 4
      vertex 102.475 1.52513 10
      vertex 102.475 1.52513 4
    endloop
  endfacet
  facet normal 0.957008 -0.29006 0
    outer loop
      vertex 103.234 2.66061 10
      vertex 103.433 3.31718 4
      vertex 103.433 3.31718 10
    endloop
  endfacet
  facet normal 0.957008 -0.29006 0
    outer loop
      vertex 103.433 3.31718 4
      vertex 103.234 2.66061 10
      vertex 103.234 2.66061 4
    endloop
  endfacet
  facet normal -0.471403 -0.881918 0
    outer loop
      vertex 98.0555 1.08986 4
      vertex 98.6606 0.766422 10
      vertex 98.0555 1.08986 10
    endloop
  endfacet
  facet normal -0.471403 -0.881918 -0
    outer loop
      vertex 98.6606 0.766422 10
      vertex 98.0555 1.08986 4
      vertex 98.6606 0.766422 4
    endloop
  endfacet
  facet normal -0.471157 -0.882049 0
    outer loop
      vertex 100.765 5.84776 4
      vertex 101.111 5.66294 10
      vertex 100.765 5.84776 10
    endloop
  endfacet
  facet normal -0.471157 -0.882049 -0
    outer loop
      vertex 101.111 5.66294 10
      vertex 100.765 5.84776 4
      vertex 101.111 5.66294 4
    endloop
  endfacet
  facet normal -0.995291 0.0969323 0
    outer loop
      vertex 101.962 3.60982 4
      vertex 102 4 10
      vertex 102 4 4
    endloop
  endfacet
  facet normal -0.995291 0.0969323 0
    outer loop
      vertex 102 4 10
      vertex 101.962 3.60982 4
      vertex 101.962 3.60982 10
    endloop
  endfacet
  facet normal 0.290271 0.956944 -0
    outer loop
      vertex 99.6098 2.03843 4
      vertex 99.2346 2.15224 10
      vertex 99.6098 2.03843 10
    endloop
  endfacet
  facet normal 0.290271 0.956944 0
    outer loop
      vertex 99.2346 2.15224 10
      vertex 99.6098 2.03843 4
      vertex 99.2346 2.15224 4
    endloop
  endfacet
  facet normal -0.0980635 -0.99518 0
    outer loop
      vertex 100 6 4
      vertex 100.39 5.96157 10
      vertex 100 6 10
    endloop
  endfacet
  facet normal -0.0980635 -0.99518 -0
    outer loop
      vertex 100.39 5.96157 10
      vertex 100 6 4
      vertex 100.39 5.96157 4
    endloop
  endfacet
  facet normal 0.290271 -0.956944 0
    outer loop
      vertex 99.2346 5.84776 4
      vertex 99.6098 5.96157 10
      vertex 99.2346 5.84776 10
    endloop
  endfacet
  facet normal 0.290271 -0.956944 0
    outer loop
      vertex 99.6098 5.96157 10
      vertex 99.2346 5.84776 4
      vertex 99.6098 5.96157 4
    endloop
  endfacet
  facet normal 0.881834 -0.47156 0
    outer loop
      vertex 98.1522 4.76537 10
      vertex 98.3371 5.11114 4
      vertex 98.3371 5.11114 10
    endloop
  endfacet
  facet normal 0.881834 -0.47156 0
    outer loop
      vertex 98.3371 5.11114 4
      vertex 98.1522 4.76537 10
      vertex 98.1522 4.76537 4
    endloop
  endfacet
  facet normal -0.881728 -0.471758 0
    outer loop
      vertex 101.848 4.76537 4
      vertex 101.663 5.11114 10
      vertex 101.663 5.11114 4
    endloop
  endfacet
  facet normal -0.881728 -0.471758 0
    outer loop
      vertex 101.663 5.11114 10
      vertex 101.848 4.76537 4
      vertex 101.848 4.76537 10
    endloop
  endfacet
  facet normal -0.772664 -0.634815 0
    outer loop
      vertex 101.663 5.11114 4
      vertex 101.414 5.41421 10
      vertex 101.414 5.41421 4
    endloop
  endfacet
  facet normal -0.772664 -0.634815 0
    outer loop
      vertex 101.414 5.41421 10
      vertex 101.663 5.11114 4
      vertex 101.663 5.11114 10
    endloop
  endfacet
  facet normal -0.634491 -0.77293 0
    outer loop
      vertex 101.111 5.66294 4
      vertex 101.414 5.41421 10
      vertex 101.111 5.66294 10
    endloop
  endfacet
  facet normal -0.634491 -0.77293 -0
    outer loop
      vertex 101.414 5.41421 10
      vertex 101.111 5.66294 4
      vertex 101.414 5.41421 4
    endloop
  endfacet
  facet normal -0.290413 -0.956901 0
    outer loop
      vertex 100.39 5.96157 4
      vertex 100.765 5.84776 10
      vertex 100.39 5.96157 10
    endloop
  endfacet
  facet normal -0.290413 -0.956901 -0
    outer loop
      vertex 100.765 5.84776 10
      vertex 100.39 5.96157 4
      vertex 100.765 5.84776 4
    endloop
  endfacet
  facet normal 0.995192 -0.0979429 0
    outer loop
      vertex 98 4 10
      vertex 98.0384 4.39018 4
      vertex 98.0384 4.39018 10
    endloop
  endfacet
  facet normal 0.995192 -0.0979429 0
    outer loop
      vertex 98.0384 4.39018 4
      vertex 98 4 10
      vertex 98 4 4
    endloop
  endfacet
  facet normal 0.773039 -0.634358 0
    outer loop
      vertex 98.3371 5.11114 10
      vertex 98.5858 5.41421 4
      vertex 98.5858 5.41421 10
    endloop
  endfacet
  facet normal 0.773039 -0.634358 0
    outer loop
      vertex 98.5858 5.41421 4
      vertex 98.3371 5.11114 10
      vertex 98.3371 5.11114 4
    endloop
  endfacet
  facet normal 0.471475 -0.881879 0
    outer loop
      vertex 98.8889 5.66294 4
      vertex 99.2346 5.84776 10
      vertex 98.8889 5.66294 10
    endloop
  endfacet
  facet normal 0.471475 -0.881879 0
    outer loop
      vertex 99.2346 5.84776 10
      vertex 98.8889 5.66294 4
      vertex 99.2346 5.84776 4
    endloop
  endfacet
  facet normal 0.0980137 -0.995185 0
    outer loop
      vertex 99.6098 5.96157 4
      vertex 100 6 10
      vertex 99.6098 5.96157 10
    endloop
  endfacet
  facet normal 0.0980137 -0.995185 0
    outer loop
      vertex 100 6 10
      vertex 99.6098 5.96157 4
      vertex 100 6 4
    endloop
  endfacet
  facet normal 0.634366 -0.773033 0
    outer loop
      vertex 98.5858 5.41421 4
      vertex 98.8889 5.66294 10
      vertex 98.5858 5.41421 10
    endloop
  endfacet
  facet normal 0.634366 -0.773033 0
    outer loop
      vertex 98.8889 5.66294 10
      vertex 98.5858 5.41421 4
      vertex 98.8889 5.66294 4
    endloop
  endfacet
  facet normal -0.995291 -0.0969323 0
    outer loop
      vertex 102 4 4
      vertex 101.962 4.39018 10
      vertex 101.962 4.39018 4
    endloop
  endfacet
  facet normal -0.995291 -0.0969323 0
    outer loop
      vertex 101.962 4.39018 10
      vertex 102 4 4
      vertex 102 4 10
    endloop
  endfacet
  facet normal -0.0980635 0.99518 0
    outer loop
      vertex 100.39 2.03843 4
      vertex 100 2 10
      vertex 100.39 2.03843 10
    endloop
  endfacet
  facet normal -0.0980635 0.99518 0
    outer loop
      vertex 100 2 10
      vertex 100.39 2.03843 4
      vertex 100 2 4
    endloop
  endfacet
  facet normal -0.471157 0.882049 0
    outer loop
      vertex 101.111 2.33706 4
      vertex 100.765 2.15224 10
      vertex 101.111 2.33706 10
    endloop
  endfacet
  facet normal -0.471157 0.882049 0
    outer loop
      vertex 100.765 2.15224 10
      vertex 101.111 2.33706 4
      vertex 100.765 2.15224 4
    endloop
  endfacet
  facet normal -0.634491 0.77293 0
    outer loop
      vertex 101.414 2.58579 4
      vertex 101.111 2.33706 10
      vertex 101.414 2.58579 10
    endloop
  endfacet
  facet normal -0.634491 0.77293 0
    outer loop
      vertex 101.111 2.33706 10
      vertex 101.414 2.58579 4
      vertex 101.111 2.33706 4
    endloop
  endfacet
  facet normal -0.881728 0.471758 0
    outer loop
      vertex 101.663 2.88886 4
      vertex 101.848 3.23463 10
      vertex 101.848 3.23463 4
    endloop
  endfacet
  facet normal -0.881728 0.471758 0
    outer loop
      vertex 101.848 3.23463 10
      vertex 101.663 2.88886 4
      vertex 101.663 2.88886 10
    endloop
  endfacet
  facet normal 0.0980137 0.995185 -0
    outer loop
      vertex 100 2 4
      vertex 99.6098 2.03843 10
      vertex 100 2 10
    endloop
  endfacet
  facet normal 0.0980137 0.995185 0
    outer loop
      vertex 99.6098 2.03843 10
      vertex 100 2 4
      vertex 99.6098 2.03843 4
    endloop
  endfacet
  facet normal 0.634366 0.773033 -0
    outer loop
      vertex 98.8889 2.33706 4
      vertex 98.5858 2.58579 10
      vertex 98.8889 2.33706 10
    endloop
  endfacet
  facet normal 0.634366 0.773033 0
    outer loop
      vertex 98.5858 2.58579 10
      vertex 98.8889 2.33706 4
      vertex 98.5858 2.58579 4
    endloop
  endfacet
  facet normal 0.881834 0.47156 0
    outer loop
      vertex 98.3371 2.88886 10
      vertex 98.1522 3.23463 4
      vertex 98.1522 3.23463 10
    endloop
  endfacet
  facet normal 0.881834 0.47156 0
    outer loop
      vertex 98.1522 3.23463 4
      vertex 98.3371 2.88886 10
      vertex 98.3371 2.88886 4
    endloop
  endfacet
  facet normal 0.995192 0.0979429 0
    outer loop
      vertex 98.0384 3.60982 10
      vertex 98 4 4
      vertex 98 4 10
    endloop
  endfacet
  facet normal 0.995192 0.0979429 0
    outer loop
      vertex 98 4 4
      vertex 98.0384 3.60982 10
      vertex 98.0384 3.60982 4
    endloop
  endfacet
  facet normal 0.773039 0.634358 0
    outer loop
      vertex 98.5858 2.58579 10
      vertex 98.3371 2.88886 4
      vertex 98.3371 2.88886 10
    endloop
  endfacet
  facet normal 0.773039 0.634358 0
    outer loop
      vertex 98.3371 2.88886 4
      vertex 98.5858 2.58579 10
      vertex 98.5858 2.58579 4
    endloop
  endfacet
  facet normal -0.956808 -0.290722 0
    outer loop
      vertex 101.962 4.39018 4
      vertex 101.848 4.76537 10
      vertex 101.848 4.76537 4
    endloop
  endfacet
  facet normal -0.956808 -0.290722 0
    outer loop
      vertex 101.848 4.76537 10
      vertex 101.962 4.39018 4
      vertex 101.962 4.39018 10
    endloop
  endfacet
  facet normal 0.956949 -0.290255 0
    outer loop
      vertex 98.0384 4.39018 10
      vertex 98.1522 4.76537 4
      vertex 98.1522 4.76537 10
    endloop
  endfacet
  facet normal 0.956949 -0.290255 0
    outer loop
      vertex 98.1522 4.76537 4
      vertex 98.0384 4.39018 10
      vertex 98.0384 4.39018 4
    endloop
  endfacet
  facet normal -0.290413 0.956901 0
    outer loop
      vertex 100.765 2.15224 4
      vertex 100.39 2.03843 10
      vertex 100.765 2.15224 10
    endloop
  endfacet
  facet normal -0.290413 0.956901 0
    outer loop
      vertex 100.39 2.03843 10
      vertex 100.765 2.15224 4
      vertex 100.39 2.03843 4
    endloop
  endfacet
  facet normal -0.772664 0.634815 0
    outer loop
      vertex 101.414 2.58579 4
      vertex 101.663 2.88886 10
      vertex 101.663 2.88886 4
    endloop
  endfacet
  facet normal -0.772664 0.634815 0
    outer loop
      vertex 101.663 2.88886 10
      vertex 101.414 2.58579 4
      vertex 101.414 2.58579 10
    endloop
  endfacet
  facet normal -0.956808 0.290722 0
    outer loop
      vertex 101.848 3.23463 4
      vertex 101.962 3.60982 10
      vertex 101.962 3.60982 4
    endloop
  endfacet
  facet normal -0.956808 0.290722 0
    outer loop
      vertex 101.962 3.60982 10
      vertex 101.848 3.23463 4
      vertex 101.848 3.23463 10
    endloop
  endfacet
  facet normal 0.471475 0.881879 -0
    outer loop
      vertex 99.2346 2.15224 4
      vertex 98.8889 2.33706 10
      vertex 99.2346 2.15224 10
    endloop
  endfacet
  facet normal 0.471475 0.881879 0
    outer loop
      vertex 98.8889 2.33706 10
      vertex 99.2346 2.15224 4
      vertex 98.8889 2.33706 4
    endloop
  endfacet
  facet normal 0.956949 0.290255 0
    outer loop
      vertex 98.1522 3.23463 10
      vertex 98.0384 3.60982 4
      vertex 98.0384 3.60982 10
    endloop
  endfacet
  facet normal 0.956949 0.290255 0
    outer loop
      vertex 98.0384 3.60982 4
      vertex 98.1522 3.23463 10
      vertex 98.1522 3.23463 4
    endloop
  endfacet
  facet normal 0.99522 0.0976563 0
    outer loop
      vertex 205.5 76 10
      vertex 205.433 76.6828 4
      vertex 205.433 76.6828 10
    endloop
  endfacet
  facet normal 0.99522 0.0976563 0
    outer loop
      vertex 205.433 76.6828 4
      vertex 205.5 76 10
      vertex 205.5 76 4
    endloop
  endfacet
  facet normal -0.99522 0.0976563 0
    outer loop
      vertex 198.5 76 4
      vertex 198.567 76.6828 10
      vertex 198.567 76.6828 4
    endloop
  endfacet
  facet normal -0.99522 0.0976563 0
    outer loop
      vertex 198.567 76.6828 10
      vertex 198.5 76 4
      vertex 198.5 76 10
    endloop
  endfacet
  facet normal 0.098061 0.99518 -0
    outer loop
      vertex 202.683 79.4327 4
      vertex 202 79.5 10
      vertex 202.683 79.4327 10
    endloop
  endfacet
  facet normal 0.098061 0.99518 0
    outer loop
      vertex 202 79.5 10
      vertex 202.683 79.4327 4
      vertex 202 79.5 4
    endloop
  endfacet
  facet normal -0.098061 -0.99518 0
    outer loop
      vertex 201.317 72.5673 4
      vertex 202 72.5 10
      vertex 201.317 72.5673 10
    endloop
  endfacet
  facet normal -0.098061 -0.99518 -0
    outer loop
      vertex 202 72.5 10
      vertex 201.317 72.5673 4
      vertex 202 72.5 4
    endloop
  endfacet
  facet normal 0.773216 0.634142 0
    outer loop
      vertex 204.91 77.9445 10
      vertex 204.475 78.4749 4
      vertex 204.475 78.4749 10
    endloop
  endfacet
  facet normal 0.773216 0.634142 0
    outer loop
      vertex 204.475 78.4749 4
      vertex 204.91 77.9445 10
      vertex 204.91 77.9445 4
    endloop
  endfacet
  facet normal 0.957012 0.290048 0
    outer loop
      vertex 205.433 76.6828 10
      vertex 205.234 77.3394 4
      vertex 205.234 77.3394 10
    endloop
  endfacet
  facet normal 0.957012 0.290048 0
    outer loop
      vertex 205.234 77.3394 4
      vertex 205.433 76.6828 10
      vertex 205.433 76.6828 4
    endloop
  endfacet
  facet normal -0.633888 0.773425 0
    outer loop
      vertex 200.056 78.9101 4
      vertex 199.525 78.4749 10
      vertex 200.056 78.9101 10
    endloop
  endfacet
  facet normal -0.633888 0.773425 0
    outer loop
      vertex 199.525 78.4749 10
      vertex 200.056 78.9101 4
      vertex 199.525 78.4749 4
    endloop
  endfacet
  facet normal -0.290424 0.956898 0
    outer loop
      vertex 201.317 79.4327 4
      vertex 200.661 79.2336 10
      vertex 201.317 79.4327 10
    endloop
  endfacet
  facet normal -0.290424 0.956898 0
    outer loop
      vertex 200.661 79.2336 10
      vertex 201.317 79.4327 4
      vertex 200.661 79.2336 4
    endloop
  endfacet
  facet normal 0.633888 -0.773425 0
    outer loop
      vertex 203.944 73.0899 4
      vertex 204.475 73.5251 10
      vertex 203.944 73.0899 10
    endloop
  endfacet
  facet normal 0.633888 -0.773425 0
    outer loop
      vertex 204.475 73.5251 10
      vertex 203.944 73.0899 4
      vertex 204.475 73.5251 4
    endloop
  endfacet
  facet normal -0.773216 -0.634142 0
    outer loop
      vertex 199.525 73.5251 4
      vertex 199.09 74.0555 10
      vertex 199.09 74.0555 4
    endloop
  endfacet
  facet normal -0.773216 -0.634142 0
    outer loop
      vertex 199.09 74.0555 10
      vertex 199.525 73.5251 4
      vertex 199.525 73.5251 10
    endloop
  endfacet
  facet normal 0.881577 0.472039 0
    outer loop
      vertex 205.234 77.3394 10
      vertex 204.91 77.9445 4
      vertex 204.91 77.9445 10
    endloop
  endfacet
  facet normal 0.881577 0.472039 0
    outer loop
      vertex 204.91 77.9445 4
      vertex 205.234 77.3394 10
      vertex 205.234 77.3394 4
    endloop
  endfacet
  facet normal 0.471534 0.881848 -0
    outer loop
      vertex 203.944 78.9101 4
      vertex 203.339 79.2336 10
      vertex 203.944 78.9101 10
    endloop
  endfacet
  facet normal 0.471534 0.881848 0
    outer loop
      vertex 203.339 79.2336 10
      vertex 203.944 78.9101 4
      vertex 203.339 79.2336 4
    endloop
  endfacet
  facet normal 0.290424 0.956898 -0
    outer loop
      vertex 203.339 79.2336 4
      vertex 202.683 79.4327 10
      vertex 203.339 79.2336 10
    endloop
  endfacet
  facet normal 0.290424 0.956898 0
    outer loop
      vertex 202.683 79.4327 10
      vertex 203.339 79.2336 4
      vertex 202.683 79.4327 4
    endloop
  endfacet
  facet normal 0.633888 0.773425 -0
    outer loop
      vertex 204.475 78.4749 4
      vertex 203.944 78.9101 10
      vertex 204.475 78.4749 10
    endloop
  endfacet
  facet normal 0.633888 0.773425 0
    outer loop
      vertex 203.944 78.9101 10
      vertex 204.475 78.4749 4
      vertex 203.944 78.9101 4
    endloop
  endfacet
  facet normal -0.881577 0.472039 0
    outer loop
      vertex 198.766 77.3394 4
      vertex 199.09 77.9445 10
      vertex 199.09 77.9445 4
    endloop
  endfacet
  facet normal -0.881577 0.472039 0
    outer loop
      vertex 199.09 77.9445 10
      vertex 198.766 77.3394 4
      vertex 198.766 77.3394 10
    endloop
  endfacet
  facet normal -0.773216 0.634142 0
    outer loop
      vertex 199.09 77.9445 4
      vertex 199.525 78.4749 10
      vertex 199.525 78.4749 4
    endloop
  endfacet
  facet normal -0.773216 0.634142 0
    outer loop
      vertex 199.525 78.4749 10
      vertex 199.09 77.9445 4
      vertex 199.09 77.9445 10
    endloop
  endfacet
  facet normal -0.957012 0.290048 0
    outer loop
      vertex 198.567 76.6828 4
      vertex 198.766 77.3394 10
      vertex 198.766 77.3394 4
    endloop
  endfacet
  facet normal -0.957012 0.290048 0
    outer loop
      vertex 198.766 77.3394 10
      vertex 198.567 76.6828 4
      vertex 198.567 76.6828 10
    endloop
  endfacet
  facet normal 0 0 1
    outer loop
      vertex 204 76 10
      vertex 205.5 76 10
      vertex 205.433 76.6828 10
    endloop
  endfacet
  facet normal 0 0 1
    outer loop
      vertex 203.962 76.3902 10
      vertex 205.433 76.6828 10
      vertex 205.234 77.3394 10
    endloop
  endfacet
  facet normal 0 0 1
    outer loop
      vertex 205.5 76 10
      vertex 204 76 10
      vertex 205.433 75.3172 10
    endloop
  endfacet
  facet normal 0 0 1
    outer loop
      vertex 203.848 76.7654 10
      vertex 205.234 77.3394 10
      vertex 204.91 77.9445 10
    endloop
  endfacet
  facet normal -0 0 1
    outer loop
      vertex 203.962 75.6098 10
      vertex 205.433 75.3172 10
      vertex 204 76 10
    endloop
  endfacet
  facet normal 0 0 1
    outer loop
      vertex 203.663 77.1111 10
      vertex 204.91 77.9445 10
      vertex 204.475 78.4749 10
    endloop
  endfacet
  facet normal 0 0 1
    outer loop
      vertex 205.433 75.3172 10
      vertex 203.962 75.6098 10
      vertex 205.234 74.6606 10
    endloop
  endfacet
  facet normal -0 0 1
    outer loop
      vertex 203.848 75.2346 10
      vertex 205.234 74.6606 10
      vertex 203.962 75.6098 10
    endloop
  endfacet
  facet normal 0 0 1
    outer loop
      vertex 205.433 76.6828 10
      vertex 203.962 76.3902 10
      vertex 204 76 10
    endloop
  endfacet
  facet normal 0 0 1
    outer loop
      vertex 203.414 77.4142 10
      vertex 204.475 78.4749 10
      vertex 203.944 78.9101 10
    endloop
  endfacet
  facet normal 0 0 1
    outer loop
      vertex 205.234 77.3394 10
      vertex 203.848 76.7654 10
      vertex 203.962 76.3902 10
    endloop
  endfacet
  facet normal 0 0 1
    outer loop
      vertex 204.91 77.9445 10
      vertex 203.663 77.1111 10
      vertex 203.848 76.7654 10
    endloop
  endfacet
  facet normal 0 0 1
    outer loop
      vertex 204.475 78.4749 10
      vertex 203.414 77.4142 10
      vertex 203.663 77.1111 10
    endloop
  endfacet
  facet normal 0 0 1
    outer loop
      vertex 203.111 77.6629 10
      vertex 203.944 78.9101 10
      vertex 203.339 79.2336 10
    endloop
  endfacet
  facet normal 0 0 1
    outer loop
      vertex 203.944 78.9101 10
      vertex 203.111 77.6629 10
      vertex 203.414 77.4142 10
    endloop
  endfacet
  facet normal 0 0 1
    outer loop
      vertex 203.339 79.2336 10
      vertex 202.765 77.8478 10
      vertex 203.111 77.6629 10
    endloop
  endfacet
  facet normal 0 0 1
    outer loop
      vertex 202.683 79.4327 10
      vertex 202.765 77.8478 10
      vertex 203.339 79.2336 10
    endloop
  endfacet
  facet normal 0 0 1
    outer loop
      vertex 202.683 79.4327 10
      vertex 202.39 77.9616 10
      vertex 202.765 77.8478 10
    endloop
  endfacet
  facet normal 0 0 1
    outer loop
      vertex 202 79.5 10
      vertex 202.39 77.9616 10
      vertex 202.683 79.4327 10
    endloop
  endfacet
  facet normal 0 0 1
    outer loop
      vertex 202 79.5 10
      vertex 202 78 10
      vertex 202.39 77.9616 10
    endloop
  endfacet
  facet normal 0 0 1
    outer loop
      vertex 202 79.5 10
      vertex 201.61 77.9616 10
      vertex 202 78 10
    endloop
  endfacet
  facet normal -0 0 1
    outer loop
      vertex 201.317 79.4327 10
      vertex 201.61 77.9616 10
      vertex 202 79.5 10
    endloop
  endfacet
  facet normal 0 0 1
    outer loop
      vertex 201.317 79.4327 10
      vertex 201.235 77.8478 10
      vertex 201.61 77.9616 10
    endloop
  endfacet
  facet normal -0 0 1
    outer loop
      vertex 200.661 79.2336 10
      vertex 201.235 77.8478 10
      vertex 201.317 79.4327 10
    endloop
  endfacet
  facet normal 0 0 1
    outer loop
      vertex 201.235 77.8478 10
      vertex 200.661 79.2336 10
      vertex 200.889 77.6629 10
    endloop
  endfacet
  facet normal -0 0 1
    outer loop
      vertex 200.056 78.9101 10
      vertex 200.889 77.6629 10
      vertex 200.661 79.2336 10
    endloop
  endfacet
  facet normal 0 0 1
    outer loop
      vertex 200.889 77.6629 10
      vertex 200.056 78.9101 10
      vertex 200.586 77.4142 10
    endloop
  endfacet
  facet normal -0 0 1
    outer loop
      vertex 199.525 78.4749 10
      vertex 200.586 77.4142 10
      vertex 200.056 78.9101 10
    endloop
  endfacet
  facet normal 0 0 1
    outer loop
      vertex 200.586 77.4142 10
      vertex 199.525 78.4749 10
      vertex 200.337 77.1111 10
    endloop
  endfacet
  facet normal -0 0 1
    outer loop
      vertex 199.09 77.9445 10
      vertex 200.337 77.1111 10
      vertex 199.525 78.4749 10
    endloop
  endfacet
  facet normal 0 0 1
    outer loop
      vertex 200.337 77.1111 10
      vertex 199.09 77.9445 10
      vertex 200.152 76.7654 10
    endloop
  endfacet
  facet normal -0 0 1
    outer loop
      vertex 198.766 77.3394 10
      vertex 200.152 76.7654 10
      vertex 199.09 77.9445 10
    endloop
  endfacet
  facet normal 0 0 1
    outer loop
      vertex 205.234 74.6606 10
      vertex 203.848 75.2346 10
      vertex 204.91 74.0555 10
    endloop
  endfacet
  facet normal -0 0 1
    outer loop
      vertex 203.663 74.8889 10
      vertex 204.91 74.0555 10
      vertex 203.848 75.2346 10
    endloop
  endfacet
  facet normal 0 0 1
    outer loop
      vertex 204.91 74.0555 10
      vertex 203.663 74.8889 10
      vertex 204.475 73.5251 10
    endloop
  endfacet
  facet normal -0 0 1
    outer loop
      vertex 203.414 74.5858 10
      vertex 204.475 73.5251 10
      vertex 203.663 74.8889 10
    endloop
  endfacet
  facet normal 0 0 1
    outer loop
      vertex 204.475 73.5251 10
      vertex 203.414 74.5858 10
      vertex 203.944 73.0899 10
    endloop
  endfacet
  facet normal -0 0 1
    outer loop
      vertex 203.111 74.3371 10
      vertex 203.944 73.0899 10
      vertex 203.414 74.5858 10
    endloop
  endfacet
  facet normal 0 0 1
    outer loop
      vertex 203.944 73.0899 10
      vertex 203.111 74.3371 10
      vertex 203.339 72.7664 10
    endloop
  endfacet
  facet normal -0 0 1
    outer loop
      vertex 202.765 74.1522 10
      vertex 203.339 72.7664 10
      vertex 203.111 74.3371 10
    endloop
  endfacet
  facet normal 0 0 1
    outer loop
      vertex 202.765 74.1522 10
      vertex 202.683 72.5673 10
      vertex 203.339 72.7664 10
    endloop
  endfacet
  facet normal -0 0 1
    outer loop
      vertex 202.39 74.0384 10
      vertex 202.683 72.5673 10
      vertex 202.765 74.1522 10
    endloop
  endfacet
  facet normal -0 0 1
    outer loop
      vertex 202 74 10
      vertex 202.683 72.5673 10
      vertex 202.39 74.0384 10
    endloop
  endfacet
  facet normal 0 0 1
    outer loop
      vertex 202 74 10
      vertex 202 72.5 10
      vertex 202.683 72.5673 10
    endloop
  endfacet
  facet normal 0 0 1
    outer loop
      vertex 201.61 74.0384 10
      vertex 202 72.5 10
      vertex 202 74 10
    endloop
  endfacet
  facet normal 0 0 1
    outer loop
      vertex 201.61 74.0384 10
      vertex 201.317 72.5673 10
      vertex 202 72.5 10
    endloop
  endfacet
  facet normal 0 0 1
    outer loop
      vertex 201.235 74.1522 10
      vertex 201.317 72.5673 10
      vertex 201.61 74.0384 10
    endloop
  endfacet
  facet normal 0 0 1
    outer loop
      vertex 200.661 72.7664 10
      vertex 201.235 74.1522 10
      vertex 200.889 74.3371 10
    endloop
  endfacet
  facet normal 0 0 1
    outer loop
      vertex 201.235 74.1522 10
      vertex 200.661 72.7664 10
      vertex 201.317 72.5673 10
    endloop
  endfacet
  facet normal 0 0 1
    outer loop
      vertex 200.056 73.0899 10
      vertex 200.889 74.3371 10
      vertex 200.586 74.5858 10
    endloop
  endfacet
  facet normal 0 0 1
    outer loop
      vertex 199.525 73.5251 10
      vertex 200.586 74.5858 10
      vertex 200.337 74.8889 10
    endloop
  endfacet
  facet normal 0 0 1
    outer loop
      vertex 199.09 74.0555 10
      vertex 200.337 74.8889 10
      vertex 200.152 75.2346 10
    endloop
  endfacet
  facet normal 0 0 1
    outer loop
      vertex 200.889 74.3371 10
      vertex 200.056 73.0899 10
      vertex 200.661 72.7664 10
    endloop
  endfacet
  facet normal 0 0 1
    outer loop
      vertex 198.766 74.6606 10
      vertex 200.152 75.2346 10
      vertex 200.038 75.6098 10
    endloop
  endfacet
  facet normal 0 0 1
    outer loop
      vertex 198.567 75.3172 10
      vertex 200.038 75.6098 10
      vertex 200 76 10
    endloop
  endfacet
  facet normal 0 0 1
    outer loop
      vertex 200.152 76.7654 10
      vertex 198.766 77.3394 10
      vertex 200.038 76.3902 10
    endloop
  endfacet
  facet normal 0 0 1
    outer loop
      vertex 200.586 74.5858 10
      vertex 199.525 73.5251 10
      vertex 200.056 73.0899 10
    endloop
  endfacet
  facet normal -0 0 1
    outer loop
      vertex 198.567 76.6828 10
      vertex 200.038 76.3902 10
      vertex 198.766 77.3394 10
    endloop
  endfacet
  facet normal 0 0 1
    outer loop
      vertex 200.337 74.8889 10
      vertex 199.09 74.0555 10
      vertex 199.525 73.5251 10
    endloop
  endfacet
  facet normal 0 0 1
    outer loop
      vertex 200.038 76.3902 10
      vertex 198.567 76.6828 10
      vertex 200 76 10
    endloop
  endfacet
  facet normal 0 0 1
    outer loop
      vertex 200.152 75.2346 10
      vertex 198.766 74.6606 10
      vertex 199.09 74.0555 10
    endloop
  endfacet
  facet normal 0 0 1
    outer loop
      vertex 198.5 76 10
      vertex 200 76 10
      vertex 198.567 76.6828 10
    endloop
  endfacet
  facet normal 0 0 1
    outer loop
      vertex 200.038 75.6098 10
      vertex 198.567 75.3172 10
      vertex 198.766 74.6606 10
    endloop
  endfacet
  facet normal 0 0 1
    outer loop
      vertex 200 76 10
      vertex 198.5 76 10
      vertex 198.567 75.3172 10
    endloop
  endfacet
  facet normal -0.471534 0.881848 0
    outer loop
      vertex 200.661 79.2336 4
      vertex 200.056 78.9101 10
      vertex 200.661 79.2336 10
    endloop
  endfacet
  facet normal -0.471534 0.881848 0
    outer loop
      vertex 200.056 78.9101 10
      vertex 200.661 79.2336 4
      vertex 200.056 78.9101 4
    endloop
  endfacet
  facet normal -0.098061 0.99518 0
    outer loop
      vertex 202 79.5 4
      vertex 201.317 79.4327 10
      vertex 202 79.5 10
    endloop
  endfacet
  facet normal -0.098061 0.99518 0
    outer loop
      vertex 201.317 79.4327 10
      vertex 202 79.5 4
      vertex 201.317 79.4327 4
    endloop
  endfacet
  facet normal 0.098061 -0.99518 0
    outer loop
      vertex 202 72.5 4
      vertex 202.683 72.5673 10
      vertex 202 72.5 10
    endloop
  endfacet
  facet normal 0.098061 -0.99518 0
    outer loop
      vertex 202.683 72.5673 10
      vertex 202 72.5 4
      vertex 202.683 72.5673 4
    endloop
  endfacet
  facet normal 0.471534 -0.881848 0
    outer loop
      vertex 203.339 72.7664 4
      vertex 203.944 73.0899 10
      vertex 203.339 72.7664 10
    endloop
  endfacet
  facet normal 0.471534 -0.881848 0
    outer loop
      vertex 203.944 73.0899 10
      vertex 203.339 72.7664 4
      vertex 203.944 73.0899 4
    endloop
  endfacet
  facet normal 0.99522 -0.0976563 0
    outer loop
      vertex 205.433 75.3172 10
      vertex 205.5 76 4
      vertex 205.5 76 10
    endloop
  endfacet
  facet normal 0.99522 -0.0976563 0
    outer loop
      vertex 205.5 76 4
      vertex 205.433 75.3172 10
      vertex 205.433 75.3172 4
    endloop
  endfacet
  facet normal -0.633888 -0.773425 0
    outer loop
      vertex 199.525 73.5251 4
      vertex 200.056 73.0899 10
      vertex 199.525 73.5251 10
    endloop
  endfacet
  facet normal -0.633888 -0.773425 -0
    outer loop
      vertex 200.056 73.0899 10
      vertex 199.525 73.5251 4
      vertex 200.056 73.0899 4
    endloop
  endfacet
  facet normal -0.290424 -0.956898 0
    outer loop
      vertex 200.661 72.7664 4
      vertex 201.317 72.5673 10
      vertex 200.661 72.7664 10
    endloop
  endfacet
  facet normal -0.290424 -0.956898 -0
    outer loop
      vertex 201.317 72.5673 10
      vertex 200.661 72.7664 4
      vertex 201.317 72.5673 4
    endloop
  endfacet
  facet normal -0.99522 -0.0976563 0
    outer loop
      vertex 198.567 75.3172 4
      vertex 198.5 76 10
      vertex 198.5 76 4
    endloop
  endfacet
  facet normal -0.99522 -0.0976563 0
    outer loop
      vertex 198.5 76 10
      vertex 198.567 75.3172 4
      vertex 198.567 75.3172 10
    endloop
  endfacet
  facet normal -0.881577 -0.472039 0
    outer loop
      vertex 199.09 74.0555 4
      vertex 198.766 74.6606 10
      vertex 198.766 74.6606 4
    endloop
  endfacet
  facet normal -0.881577 -0.472039 0
    outer loop
      vertex 198.766 74.6606 10
      vertex 199.09 74.0555 4
      vertex 199.09 74.0555 10
    endloop
  endfacet
  facet normal -0.957012 -0.290048 0
    outer loop
      vertex 198.766 74.6606 4
      vertex 198.567 75.3172 10
      vertex 198.567 75.3172 4
    endloop
  endfacet
  facet normal -0.957012 -0.290048 0
    outer loop
      vertex 198.567 75.3172 10
      vertex 198.766 74.6606 4
      vertex 198.766 74.6606 10
    endloop
  endfacet
  facet normal 0.290424 -0.956898 0
    outer loop
      vertex 202.683 72.5673 4
      vertex 203.339 72.7664 10
      vertex 202.683 72.5673 10
    endloop
  endfacet
  facet normal 0.290424 -0.956898 0
    outer loop
      vertex 203.339 72.7664 10
      vertex 202.683 72.5673 4
      vertex 203.339 72.7664 4
    endloop
  endfacet
  facet normal 0.881577 -0.472039 0
    outer loop
      vertex 204.91 74.0555 10
      vertex 205.234 74.6606 4
      vertex 205.234 74.6606 10
    endloop
  endfacet
  facet normal 0.881577 -0.472039 0
    outer loop
      vertex 205.234 74.6606 4
      vertex 204.91 74.0555 10
      vertex 204.91 74.0555 4
    endloop
  endfacet
  facet normal 0.773216 -0.634142 0
    outer loop
      vertex 204.475 73.5251 10
      vertex 204.91 74.0555 4
      vertex 204.91 74.0555 10
    endloop
  endfacet
  facet normal 0.773216 -0.634142 0
    outer loop
      vertex 204.91 74.0555 4
      vertex 204.475 73.5251 10
      vertex 204.475 73.5251 4
    endloop
  endfacet
  facet normal 0.957012 -0.290048 0
    outer loop
      vertex 205.234 74.6606 10
      vertex 205.433 75.3172 4
      vertex 205.433 75.3172 10
    endloop
  endfacet
  facet normal 0.957012 -0.290048 0
    outer loop
      vertex 205.433 75.3172 4
      vertex 205.234 74.6606 10
      vertex 205.234 74.6606 4
    endloop
  endfacet
  facet normal -0.471534 -0.881848 0
    outer loop
      vertex 200.056 73.0899 4
      vertex 200.661 72.7664 10
      vertex 200.056 73.0899 10
    endloop
  endfacet
  facet normal -0.471534 -0.881848 -0
    outer loop
      vertex 200.661 72.7664 10
      vertex 200.056 73.0899 4
      vertex 200.661 72.7664 4
    endloop
  endfacet
  facet normal -0.471316 -0.881965 0
    outer loop
      vertex 202.765 77.8478 4
      vertex 203.111 77.6629 10
      vertex 202.765 77.8478 10
    endloop
  endfacet
  facet normal -0.471316 -0.881965 -0
    outer loop
      vertex 203.111 77.6629 10
      vertex 202.765 77.8478 4
      vertex 203.111 77.6629 4
    endloop
  endfacet
  facet normal -0.995291 0.0969274 0
    outer loop
      vertex 203.962 75.6098 4
      vertex 204 76 10
      vertex 204 76 4
    endloop
  endfacet
  facet normal -0.995291 0.0969274 0
    outer loop
      vertex 204 76 10
      vertex 203.962 75.6098 4
      vertex 203.962 75.6098 10
    endloop
  endfacet
  facet normal 0.29039 0.956908 -0
    outer loop
      vertex 201.61 74.0384 4
      vertex 201.235 74.1522 10
      vertex 201.61 74.0384 10
    endloop
  endfacet
  facet normal 0.29039 0.956908 0
    outer loop
      vertex 201.235 74.1522 10
      vertex 201.61 74.0384 4
      vertex 201.235 74.1522 4
    endloop
  endfacet
  facet normal -0.0979877 -0.995188 0
    outer loop
      vertex 202 78 4
      vertex 202.39 77.9616 10
      vertex 202 78 10
    endloop
  endfacet
  facet normal -0.0979877 -0.995188 -0
    outer loop
      vertex 202.39 77.9616 10
      vertex 202 78 4
      vertex 202.39 77.9616 4
    endloop
  endfacet
  facet normal 0.29039 -0.956908 0
    outer loop
      vertex 201.235 77.8478 4
      vertex 201.61 77.9616 10
      vertex 201.235 77.8478 10
    endloop
  endfacet
  facet normal 0.29039 -0.956908 0
    outer loop
      vertex 201.61 77.9616 10
      vertex 201.235 77.8478 4
      vertex 201.61 77.9616 4
    endloop
  endfacet
  facet normal 0.881688 -0.471832 0
    outer loop
      vertex 200.152 76.7654 10
      vertex 200.337 77.1111 4
      vertex 200.337 77.1111 10
    endloop
  endfacet
  facet normal 0.881688 -0.471832 0
    outer loop
      vertex 200.337 77.1111 4
      vertex 200.152 76.7654 10
      vertex 200.152 76.7654 4
    endloop
  endfacet
  facet normal -0.881688 -0.471832 0
    outer loop
      vertex 203.848 76.7654 4
      vertex 203.663 77.1111 10
      vertex 203.663 77.1111 4
    endloop
  endfacet
  facet normal -0.881688 -0.471832 0
    outer loop
      vertex 203.663 77.1111 10
      vertex 203.848 76.7654 4
      vertex 203.848 76.7654 10
    endloop
  endfacet
  facet normal -0.772695 -0.634777 0
    outer loop
      vertex 203.663 77.1111 4
      vertex 203.414 77.4142 10
      vertex 203.414 77.4142 4
    endloop
  endfacet
  facet normal -0.772695 -0.634777 0
    outer loop
      vertex 203.414 77.4142 10
      vertex 203.663 77.1111 4
      vertex 203.663 77.1111 10
    endloop
  endfacet
  facet normal -0.634446 -0.772968 0
    outer loop
      vertex 203.111 77.6629 4
      vertex 203.414 77.4142 10
      vertex 203.111 77.6629 10
    endloop
  endfacet
  facet normal -0.634446 -0.772968 -0
    outer loop
      vertex 203.414 77.4142 10
      vertex 203.111 77.6629 4
      vertex 203.414 77.4142 4
    endloop
  endfacet
  facet normal -0.29039 -0.956908 0
    outer loop
      vertex 202.39 77.9616 4
      vertex 202.765 77.8478 10
      vertex 202.39 77.9616 10
    endloop
  endfacet
  facet normal -0.29039 -0.956908 -0
    outer loop
      vertex 202.765 77.8478 10
      vertex 202.39 77.9616 4
      vertex 202.765 77.8478 4
    endloop
  endfacet
  facet normal 0.995291 -0.0969274 0
    outer loop
      vertex 200 76 10
      vertex 200.038 76.3902 4
      vertex 200.038 76.3902 10
    endloop
  endfacet
  facet normal 0.995291 -0.0969274 0
    outer loop
      vertex 200.038 76.3902 4
      vertex 200 76 10
      vertex 200 76 4
    endloop
  endfacet
  facet normal 0.772695 -0.634777 0
    outer loop
      vertex 200.337 77.1111 10
      vertex 200.586 77.4142 4
      vertex 200.586 77.4142 10
    endloop
  endfacet
  facet normal 0.772695 -0.634777 0
    outer loop
      vertex 200.586 77.4142 4
      vertex 200.337 77.1111 10
      vertex 200.337 77.1111 4
    endloop
  endfacet
  facet normal 0.471316 -0.881965 0
    outer loop
      vertex 200.889 77.6629 4
      vertex 201.235 77.8478 10
      vertex 200.889 77.6629 10
    endloop
  endfacet
  facet normal 0.471316 -0.881965 0
    outer loop
      vertex 201.235 77.8478 10
      vertex 200.889 77.6629 4
      vertex 201.235 77.8478 4
    endloop
  endfacet
  facet normal 0.0979877 -0.995188 0
    outer loop
      vertex 201.61 77.9616 4
      vertex 202 78 10
      vertex 201.61 77.9616 10
    endloop
  endfacet
  facet normal 0.0979877 -0.995188 0
    outer loop
      vertex 202 78 10
      vertex 201.61 77.9616 4
      vertex 202 78 4
    endloop
  endfacet
  facet normal 0.634446 -0.772968 0
    outer loop
      vertex 200.586 77.4142 4
      vertex 200.889 77.6629 10
      vertex 200.586 77.4142 10
    endloop
  endfacet
  facet normal 0.634446 -0.772968 0
    outer loop
      vertex 200.889 77.6629 10
      vertex 200.586 77.4142 4
      vertex 200.889 77.6629 4
    endloop
  endfacet
  facet normal -0.995291 -0.0969274 0
    outer loop
      vertex 204 76 4
      vertex 203.962 76.3902 10
      vertex 203.962 76.3902 4
    endloop
  endfacet
  facet normal -0.995291 -0.0969274 0
    outer loop
      vertex 203.962 76.3902 10
      vertex 204 76 4
      vertex 204 76 10
    endloop
  endfacet
  facet normal -0.0979877 0.995188 0
    outer loop
      vertex 202.39 74.0384 4
      vertex 202 74 10
      vertex 202.39 74.0384 10
    endloop
  endfacet
  facet normal -0.0979877 0.995188 0
    outer loop
      vertex 202 74 10
      vertex 202.39 74.0384 4
      vertex 202 74 4
    endloop
  endfacet
  facet normal -0.471316 0.881965 0
    outer loop
      vertex 203.111 74.3371 4
      vertex 202.765 74.1522 10
      vertex 203.111 74.3371 10
    endloop
  endfacet
  facet normal -0.471316 0.881965 0
    outer loop
      vertex 202.765 74.1522 10
      vertex 203.111 74.3371 4
      vertex 202.765 74.1522 4
    endloop
  endfacet
  facet normal -0.634446 0.772968 0
    outer loop
      vertex 203.414 74.5858 4
      vertex 203.111 74.3371 10
      vertex 203.414 74.5858 10
    endloop
  endfacet
  facet normal -0.634446 0.772968 0
    outer loop
      vertex 203.111 74.3371 10
      vertex 203.414 74.5858 4
      vertex 203.111 74.3371 4
    endloop
  endfacet
  facet normal -0.881688 0.471832 0
    outer loop
      vertex 203.663 74.8889 4
      vertex 203.848 75.2346 10
      vertex 203.848 75.2346 4
    endloop
  endfacet
  facet normal -0.881688 0.471832 0
    outer loop
      vertex 203.848 75.2346 10
      vertex 203.663 74.8889 4
      vertex 203.663 74.8889 10
    endloop
  endfacet
  facet normal 0.0979877 0.995188 -0
    outer loop
      vertex 202 74 4
      vertex 201.61 74.0384 10
      vertex 202 74 10
    endloop
  endfacet
  facet normal 0.0979877 0.995188 0
    outer loop
      vertex 201.61 74.0384 10
      vertex 202 74 4
      vertex 201.61 74.0384 4
    endloop
  endfacet
  facet normal 0.634446 0.772968 -0
    outer loop
      vertex 200.889 74.3371 4
      vertex 200.586 74.5858 10
      vertex 200.889 74.3371 10
    endloop
  endfacet
  facet normal 0.634446 0.772968 0
    outer loop
      vertex 200.586 74.5858 10
      vertex 200.889 74.3371 4
      vertex 200.586 74.5858 4
    endloop
  endfacet
  facet normal 0.881688 0.471832 0
    outer loop
      vertex 200.337 74.8889 10
      vertex 200.152 75.2346 4
      vertex 200.152 75.2346 10
    endloop
  endfacet
  facet normal 0.881688 0.471832 0
    outer loop
      vertex 200.152 75.2346 4
      vertex 200.337 74.8889 10
      vertex 200.337 74.8889 4
    endloop
  endfacet
  facet normal 0.995291 0.0969274 0
    outer loop
      vertex 200.038 75.6098 10
      vertex 200 76 4
      vertex 200 76 10
    endloop
  endfacet
  facet normal 0.995291 0.0969274 0
    outer loop
      vertex 200 76 4
      vertex 200.038 75.6098 10
      vertex 200.038 75.6098 4
    endloop
  endfacet
  facet normal 0.772695 0.634777 0
    outer loop
      vertex 200.586 74.5858 10
      vertex 200.337 74.8889 4
      vertex 200.337 74.8889 10
    endloop
  endfacet
  facet normal 0.772695 0.634777 0
    outer loop
      vertex 200.337 74.8889 4
      vertex 200.586 74.5858 10
      vertex 200.586 74.5858 4
    endloop
  endfacet
  facet normal -0.95681 -0.290715 0
    outer loop
      vertex 203.962 76.3902 4
      vertex 203.848 76.7654 10
      vertex 203.848 76.7654 4
    endloop
  endfacet
  facet normal -0.95681 -0.290715 0
    outer loop
      vertex 203.848 76.7654 10
      vertex 203.962 76.3902 4
      vertex 203.962 76.3902 10
    endloop
  endfacet
  facet normal 0.95681 -0.290715 0
    outer loop
      vertex 200.038 76.3902 10
      vertex 200.152 76.7654 4
      vertex 200.152 76.7654 10
    endloop
  endfacet
  facet normal 0.95681 -0.290715 0
    outer loop
      vertex 200.152 76.7654 4
      vertex 200.038 76.3902 10
      vertex 200.038 76.3902 4
    endloop
  endfacet
  facet normal -0.29039 0.956908 0
    outer loop
      vertex 202.765 74.1522 4
      vertex 202.39 74.0384 10
      vertex 202.765 74.1522 10
    endloop
  endfacet
  facet normal -0.29039 0.956908 0
    outer loop
      vertex 202.39 74.0384 10
      vertex 202.765 74.1522 4
      vertex 202.39 74.0384 4
    endloop
  endfacet
  facet normal -0.772695 0.634777 0
    outer loop
      vertex 203.414 74.5858 4
      vertex 203.663 74.8889 10
      vertex 203.663 74.8889 4
    endloop
  endfacet
  facet normal -0.772695 0.634777 0
    outer loop
      vertex 203.663 74.8889 10
      vertex 203.414 74.5858 4
      vertex 203.414 74.5858 10
    endloop
  endfacet
  facet normal -0.95681 0.290715 0
    outer loop
      vertex 203.848 75.2346 4
      vertex 203.962 75.6098 10
      vertex 203.962 75.6098 4
    endloop
  endfacet
  facet normal -0.95681 0.290715 0
    outer loop
      vertex 203.962 75.6098 10
      vertex 203.848 75.2346 4
      vertex 203.848 75.2346 10
    endloop
  endfacet
  facet normal 0.471316 0.881965 -0
    outer loop
      vertex 201.235 74.1522 4
      vertex 200.889 74.3371 10
      vertex 201.235 74.1522 10
    endloop
  endfacet
  facet normal 0.471316 0.881965 0
    outer loop
      vertex 200.889 74.3371 10
      vertex 201.235 74.1522 4
      vertex 200.889 74.3371 4
    endloop
  endfacet
  facet normal 0.95681 0.290715 0
    outer loop
      vertex 200.152 75.2346 10
      vertex 200.038 75.6098 4
      vertex 200.038 75.6098 10
    endloop
  endfacet
  facet normal 0.95681 0.290715 0
    outer loop
      vertex 200.038 75.6098 4
      vertex 200.152 75.2346 10
      vertex 200.152 75.2346 4
    endloop
  endfacet
  facet normal 0.99522 0.0976563 0
    outer loop
      vertex 103.5 76 10
      vertex 103.433 76.6828 4
      vertex 103.433 76.6828 10
    endloop
  endfacet
  facet normal 0.99522 0.0976563 0
    outer loop
      vertex 103.433 76.6828 4
      vertex 103.5 76 10
      vertex 103.5 76 4
    endloop
  endfacet
  facet normal -0.995178 0.0980894 0
    outer loop
      vertex 96.5 76 4
      vertex 96.5673 76.6828 10
      vertex 96.5673 76.6828 4
    endloop
  endfacet
  facet normal -0.995178 0.0980894 0
    outer loop
      vertex 96.5673 76.6828 10
      vertex 96.5 76 4
      vertex 96.5 76 10
    endloop
  endfacet
  facet normal 0.098061 0.99518 -0
    outer loop
      vertex 100.683 79.4327 4
      vertex 100 79.5 10
      vertex 100.683 79.4327 10
    endloop
  endfacet
  facet normal 0.098061 0.99518 0
    outer loop
      vertex 100 79.5 10
      vertex 100.683 79.4327 4
      vertex 100 79.5 4
    endloop
  endfacet
  facet normal -0.0980894 -0.995178 0
    outer loop
      vertex 99.3172 72.5673 4
      vertex 100 72.5 10
      vertex 99.3172 72.5673 10
    endloop
  endfacet
  facet normal -0.0980894 -0.995178 -0
    outer loop
      vertex 100 72.5 10
      vertex 99.3172 72.5673 4
      vertex 100 72.5 4
    endloop
  endfacet
  facet normal 0.773216 0.634142 0
    outer loop
      vertex 102.91 77.9445 10
      vertex 102.475 78.4749 4
      vertex 102.475 78.4749 10
    endloop
  endfacet
  facet normal 0.773216 0.634142 0
    outer loop
      vertex 102.475 78.4749 4
      vertex 102.91 77.9445 10
      vertex 102.91 77.9445 4
    endloop
  endfacet
  facet normal 0.957012 0.290048 0
    outer loop
      vertex 103.433 76.6828 10
      vertex 103.234 77.3394 4
      vertex 103.234 77.3394 10
    endloop
  endfacet
  facet normal 0.957012 0.290048 0
    outer loop
      vertex 103.234 77.3394 4
      vertex 103.433 76.6828 10
      vertex 103.433 76.6828 4
    endloop
  endfacet
  facet normal -0.634317 0.773073 0
    outer loop
      vertex 98.0555 78.9101 4
      vertex 97.5251 78.4749 10
      vertex 98.0555 78.9101 10
    endloop
  endfacet
  facet normal -0.634317 0.773073 0
    outer loop
      vertex 97.5251 78.4749 10
      vertex 98.0555 78.9101 4
      vertex 97.5251 78.4749 4
    endloop
  endfacet
  facet normal -0.290181 0.956972 0
    outer loop
      vertex 99.3172 79.4327 4
      vertex 98.6606 79.2336 10
      vertex 99.3172 79.4327 10
    endloop
  endfacet
  facet normal -0.290181 0.956972 0
    outer loop
      vertex 98.6606 79.2336 10
      vertex 99.3172 79.4327 4
      vertex 98.6606 79.2336 4
    endloop
  endfacet
  facet normal 0.633888 -0.773425 0
    outer loop
      vertex 101.944 73.0899 4
      vertex 102.475 73.5251 10
      vertex 101.944 73.0899 10
    endloop
  endfacet
  facet normal 0.633888 -0.773425 0
    outer loop
      vertex 102.475 73.5251 10
      vertex 101.944 73.0899 4
      vertex 102.475 73.5251 4
    endloop
  endfacet
  facet normal -0.773073 -0.634317 0
    outer loop
      vertex 97.5251 73.5251 4
      vertex 97.0899 74.0555 10
      vertex 97.0899 74.0555 4
    endloop
  endfacet
  facet normal -0.773073 -0.634317 0
    outer loop
      vertex 97.0899 74.0555 10
      vertex 97.5251 73.5251 4
      vertex 97.5251 73.5251 10
    endloop
  endfacet
  facet normal 0.881577 0.472039 0
    outer loop
      vertex 103.234 77.3394 10
      vertex 102.91 77.9445 4
      vertex 102.91 77.9445 10
    endloop
  endfacet
  facet normal 0.881577 0.472039 0
    outer loop
      vertex 102.91 77.9445 4
      vertex 103.234 77.3394 10
      vertex 103.234 77.3394 4
    endloop
  endfacet
  facet normal 0.471534 0.881848 -0
    outer loop
      vertex 101.944 78.9101 4
      vertex 101.339 79.2336 10
      vertex 101.944 78.9101 10
    endloop
  endfacet
  facet normal 0.471534 0.881848 0
    outer loop
      vertex 101.339 79.2336 10
      vertex 101.944 78.9101 4
      vertex 101.339 79.2336 4
    endloop
  endfacet
  facet normal 0.290424 0.956898 -0
    outer loop
      vertex 101.339 79.2336 4
      vertex 100.683 79.4327 10
      vertex 101.339 79.2336 10
    endloop
  endfacet
  facet normal 0.290424 0.956898 0
    outer loop
      vertex 100.683 79.4327 10
      vertex 101.339 79.2336 4
      vertex 100.683 79.4327 4
    endloop
  endfacet
  facet normal 0.633888 0.773425 -0
    outer loop
      vertex 102.475 78.4749 4
      vertex 101.944 78.9101 10
      vertex 102.475 78.4749 10
    endloop
  endfacet
  facet normal 0.633888 0.773425 0
    outer loop
      vertex 101.944 78.9101 10
      vertex 102.475 78.4749 4
      vertex 101.944 78.9101 4
    endloop
  endfacet
  facet normal -0.88188 0.471473 0
    outer loop
      vertex 96.7664 77.3394 4
      vertex 97.0899 77.9445 10
      vertex 97.0899 77.9445 4
    endloop
  endfacet
  facet normal -0.88188 0.471473 0
    outer loop
      vertex 97.0899 77.9445 10
      vertex 96.7664 77.3394 4
      vertex 96.7664 77.3394 10
    endloop
  endfacet
  facet normal -0.773073 0.634317 0
    outer loop
      vertex 97.0899 77.9445 4
      vertex 97.5251 78.4749 10
      vertex 97.5251 78.4749 4
    endloop
  endfacet
  facet normal -0.773073 0.634317 0
    outer loop
      vertex 97.5251 78.4749 10
      vertex 97.0899 77.9445 4
      vertex 97.0899 77.9445 10
    endloop
  endfacet
  facet normal -0.956972 0.290181 0
    outer loop
      vertex 96.5673 76.6828 4
      vertex 96.7664 77.3394 10
      vertex 96.7664 77.3394 4
    endloop
  endfacet
  facet normal -0.956972 0.290181 0
    outer loop
      vertex 96.7664 77.3394 10
      vertex 96.5673 76.6828 4
      vertex 96.5673 76.6828 10
    endloop
  endfacet
  facet normal 0 0 1
    outer loop
      vertex 102 76 10
      vertex 103.5 76 10
      vertex 103.433 76.6828 10
    endloop
  endfacet
  facet normal 0 0 1
    outer loop
      vertex 101.962 76.3902 10
      vertex 103.433 76.6828 10
      vertex 103.234 77.3394 10
    endloop
  endfacet
  facet normal 0 0 1
    outer loop
      vertex 103.5 76 10
      vertex 102 76 10
      vertex 103.433 75.3172 10
    endloop
  endfacet
  facet normal 0 0 1
    outer loop
      vertex 101.848 76.7654 10
      vertex 103.234 77.3394 10
      vertex 102.91 77.9445 10
    endloop
  endfacet
  facet normal -0 0 1
    outer loop
      vertex 101.962 75.6098 10
      vertex 103.433 75.3172 10
      vertex 102 76 10
    endloop
  endfacet
  facet normal 0 0 1
    outer loop
      vertex 101.663 77.1111 10
      vertex 102.91 77.9445 10
      vertex 102.475 78.4749 10
    endloop
  endfacet
  facet normal 0 0 1
    outer loop
      vertex 103.433 75.3172 10
      vertex 101.962 75.6098 10
      vertex 103.234 74.6606 10
    endloop
  endfacet
  facet normal -0 0 1
    outer loop
      vertex 101.848 75.2346 10
      vertex 103.234 74.6606 10
      vertex 101.962 75.6098 10
    endloop
  endfacet
  facet normal 0 0 1
    outer loop
      vertex 103.433 76.6828 10
      vertex 101.962 76.3902 10
      vertex 102 76 10
    endloop
  endfacet
  facet normal 0 0 1
    outer loop
      vertex 101.414 77.4142 10
      vertex 102.475 78.4749 10
      vertex 101.944 78.9101 10
    endloop
  endfacet
  facet normal 0 0 1
    outer loop
      vertex 103.234 77.3394 10
      vertex 101.848 76.7654 10
      vertex 101.962 76.3902 10
    endloop
  endfacet
  facet normal 0 0 1
    outer loop
      vertex 102.91 77.9445 10
      vertex 101.663 77.1111 10
      vertex 101.848 76.7654 10
    endloop
  endfacet
  facet normal 0 0 1
    outer loop
      vertex 102.475 78.4749 10
      vertex 101.414 77.4142 10
      vertex 101.663 77.1111 10
    endloop
  endfacet
  facet normal 0 0 1
    outer loop
      vertex 101.111 77.6629 10
      vertex 101.944 78.9101 10
      vertex 101.339 79.2336 10
    endloop
  endfacet
  facet normal 0 0 1
    outer loop
      vertex 101.944 78.9101 10
      vertex 101.111 77.6629 10
      vertex 101.414 77.4142 10
    endloop
  endfacet
  facet normal 0 0 1
    outer loop
      vertex 101.339 79.2336 10
      vertex 100.765 77.8478 10
      vertex 101.111 77.6629 10
    endloop
  endfacet
  facet normal 0 0 1
    outer loop
      vertex 100.683 79.4327 10
      vertex 100.765 77.8478 10
      vertex 101.339 79.2336 10
    endloop
  endfacet
  facet normal 0 0 1
    outer loop
      vertex 100.683 79.4327 10
      vertex 100.39 77.9616 10
      vertex 100.765 77.8478 10
    endloop
  endfacet
  facet normal 0 0 1
    outer loop
      vertex 100 79.5 10
      vertex 100.39 77.9616 10
      vertex 100.683 79.4327 10
    endloop
  endfacet
  facet normal 0 0 1
    outer loop
      vertex 100 79.5 10
      vertex 100 78 10
      vertex 100.39 77.9616 10
    endloop
  endfacet
  facet normal 0 0 1
    outer loop
      vertex 100 79.5 10
      vertex 99.6098 77.9616 10
      vertex 100 78 10
    endloop
  endfacet
  facet normal -0 0 1
    outer loop
      vertex 99.3172 79.4327 10
      vertex 99.6098 77.9616 10
      vertex 100 79.5 10
    endloop
  endfacet
  facet normal 0 0 1
    outer loop
      vertex 99.3172 79.4327 10
      vertex 99.2346 77.8478 10
      vertex 99.6098 77.9616 10
    endloop
  endfacet
  facet normal -0 0 1
    outer loop
      vertex 98.6606 79.2336 10
      vertex 99.2346 77.8478 10
      vertex 99.3172 79.4327 10
    endloop
  endfacet
  facet normal 0 0 1
    outer loop
      vertex 99.2346 77.8478 10
      vertex 98.6606 79.2336 10
      vertex 98.8889 77.6629 10
    endloop
  endfacet
  facet normal -0 0 1
    outer loop
      vertex 98.0555 78.9101 10
      vertex 98.8889 77.6629 10
      vertex 98.6606 79.2336 10
    endloop
  endfacet
  facet normal 0 0 1
    outer loop
      vertex 98.8889 77.6629 10
      vertex 98.0555 78.9101 10
      vertex 98.5858 77.4142 10
    endloop
  endfacet
  facet normal -0 0 1
    outer loop
      vertex 97.5251 78.4749 10
      vertex 98.5858 77.4142 10
      vertex 98.0555 78.9101 10
    endloop
  endfacet
  facet normal 0 0 1
    outer loop
      vertex 98.5858 77.4142 10
      vertex 97.5251 78.4749 10
      vertex 98.3371 77.1111 10
    endloop
  endfacet
  facet normal -0 0 1
    outer loop
      vertex 97.0899 77.9445 10
      vertex 98.3371 77.1111 10
      vertex 97.5251 78.4749 10
    endloop
  endfacet
  facet normal 0 0 1
    outer loop
      vertex 98.3371 77.1111 10
      vertex 97.0899 77.9445 10
      vertex 98.1522 76.7654 10
    endloop
  endfacet
  facet normal -0 0 1
    outer loop
      vertex 96.7664 77.3394 10
      vertex 98.1522 76.7654 10
      vertex 97.0899 77.9445 10
    endloop
  endfacet
  facet normal 0 0 1
    outer loop
      vertex 103.234 74.6606 10
      vertex 101.848 75.2346 10
      vertex 102.91 74.0555 10
    endloop
  endfacet
  facet normal -0 0 1
    outer loop
      vertex 101.663 74.8889 10
      vertex 102.91 74.0555 10
      vertex 101.848 75.2346 10
    endloop
  endfacet
  facet normal 0 0 1
    outer loop
      vertex 102.91 74.0555 10
      vertex 101.663 74.8889 10
      vertex 102.475 73.5251 10
    endloop
  endfacet
  facet normal -0 0 1
    outer loop
      vertex 101.414 74.5858 10
      vertex 102.475 73.5251 10
      vertex 101.663 74.8889 10
    endloop
  endfacet
  facet normal 0 0 1
    outer loop
      vertex 102.475 73.5251 10
      vertex 101.414 74.5858 10
      vertex 101.944 73.0899 10
    endloop
  endfacet
  facet normal -0 0 1
    outer loop
      vertex 101.111 74.3371 10
      vertex 101.944 73.0899 10
      vertex 101.414 74.5858 10
    endloop
  endfacet
  facet normal 0 0 1
    outer loop
      vertex 101.944 73.0899 10
      vertex 101.111 74.3371 10
      vertex 101.339 72.7664 10
    endloop
  endfacet
  facet normal -0 0 1
    outer loop
      vertex 100.765 74.1522 10
      vertex 101.339 72.7664 10
      vertex 101.111 74.3371 10
    endloop
  endfacet
  facet normal 0 0 1
    outer loop
      vertex 100.765 74.1522 10
      vertex 100.683 72.5673 10
      vertex 101.339 72.7664 10
    endloop
  endfacet
  facet normal -0 0 1
    outer loop
      vertex 100.39 74.0384 10
      vertex 100.683 72.5673 10
      vertex 100.765 74.1522 10
    endloop
  endfacet
  facet normal -0 0 1
    outer loop
      vertex 100 74 10
      vertex 100.683 72.5673 10
      vertex 100.39 74.0384 10
    endloop
  endfacet
  facet normal 0 0 1
    outer loop
      vertex 100 74 10
      vertex 100 72.5 10
      vertex 100.683 72.5673 10
    endloop
  endfacet
  facet normal 0 0 1
    outer loop
      vertex 99.6098 74.0384 10
      vertex 100 72.5 10
      vertex 100 74 10
    endloop
  endfacet
  facet normal 0 0 1
    outer loop
      vertex 99.6098 74.0384 10
      vertex 99.3172 72.5673 10
      vertex 100 72.5 10
    endloop
  endfacet
  facet normal 0 0 1
    outer loop
      vertex 99.2346 74.1522 10
      vertex 99.3172 72.5673 10
      vertex 99.6098 74.0384 10
    endloop
  endfacet
  facet normal 0 0 1
    outer loop
      vertex 98.6606 72.7664 10
      vertex 99.2346 74.1522 10
      vertex 98.8889 74.3371 10
    endloop
  endfacet
  facet normal 0 0 1
    outer loop
      vertex 99.2346 74.1522 10
      vertex 98.6606 72.7664 10
      vertex 99.3172 72.5673 10
    endloop
  endfacet
  facet normal 0 0 1
    outer loop
      vertex 98.0555 73.0899 10
      vertex 98.8889 74.3371 10
      vertex 98.5858 74.5858 10
    endloop
  endfacet
  facet normal 0 0 1
    outer loop
      vertex 97.5251 73.5251 10
      vertex 98.5858 74.5858 10
      vertex 98.3371 74.8889 10
    endloop
  endfacet
  facet normal 0 0 1
    outer loop
      vertex 97.0899 74.0555 10
      vertex 98.3371 74.8889 10
      vertex 98.1522 75.2346 10
    endloop
  endfacet
  facet normal 0 0 1
    outer loop
      vertex 98.8889 74.3371 10
      vertex 98.0555 73.0899 10
      vertex 98.6606 72.7664 10
    endloop
  endfacet
  facet normal 0 0 1
    outer loop
      vertex 96.7664 74.6606 10
      vertex 98.1522 75.2346 10
      vertex 98.0384 75.6098 10
    endloop
  endfacet
  facet normal 0 0 1
    outer loop
      vertex 96.5673 75.3172 10
      vertex 98.0384 75.6098 10
      vertex 98 76 10
    endloop
  endfacet
  facet normal 0 0 1
    outer loop
      vertex 98.1522 76.7654 10
      vertex 96.7664 77.3394 10
      vertex 98.0384 76.3902 10
    endloop
  endfacet
  facet normal 0 0 1
    outer loop
      vertex 98.5858 74.5858 10
      vertex 97.5251 73.5251 10
      vertex 98.0555 73.0899 10
    endloop
  endfacet
  facet normal -0 0 1
    outer loop
      vertex 96.5673 76.6828 10
      vertex 98.0384 76.3902 10
      vertex 96.7664 77.3394 10
    endloop
  endfacet
  facet normal 0 0 1
    outer loop
      vertex 98.3371 74.8889 10
      vertex 97.0899 74.0555 10
      vertex 97.5251 73.5251 10
    endloop
  endfacet
  facet normal 0 0 1
    outer loop
      vertex 98.0384 76.3902 10
      vertex 96.5673 76.6828 10
      vertex 98 76 10
    endloop
  endfacet
  facet normal 0 0 1
    outer loop
      vertex 98.1522 75.2346 10
      vertex 96.7664 74.6606 10
      vertex 97.0899 74.0555 10
    endloop
  endfacet
  facet normal 0 0 1
    outer loop
      vertex 96.5 76 10
      vertex 98 76 10
      vertex 96.5673 76.6828 10
    endloop
  endfacet
  facet normal 0 0 1
    outer loop
      vertex 98.0384 75.6098 10
      vertex 96.5673 75.3172 10
      vertex 96.7664 74.6606 10
    endloop
  endfacet
  facet normal 0 0 1
    outer loop
      vertex 98 76 10
      vertex 96.5 76 10
      vertex 96.5673 75.3172 10
    endloop
  endfacet
  facet normal -0.471473 0.88188 0
    outer loop
      vertex 98.6606 79.2336 4
      vertex 98.0555 78.9101 10
      vertex 98.6606 79.2336 10
    endloop
  endfacet
  facet normal -0.471473 0.88188 0
    outer loop
      vertex 98.0555 78.9101 10
      vertex 98.6606 79.2336 4
      vertex 98.0555 78.9101 4
    endloop
  endfacet
  facet normal -0.0980894 0.995178 0
    outer loop
      vertex 100 79.5 4
      vertex 99.3172 79.4327 10
      vertex 100 79.5 10
    endloop
  endfacet
  facet normal -0.0980894 0.995178 0
    outer loop
      vertex 99.3172 79.4327 10
      vertex 100 79.5 4
      vertex 99.3172 79.4327 4
    endloop
  endfacet
  facet normal 0.098061 -0.99518 0
    outer loop
      vertex 100 72.5 4
      vertex 100.683 72.5673 10
      vertex 100 72.5 10
    endloop
  endfacet
  facet normal 0.098061 -0.99518 0
    outer loop
      vertex 100.683 72.5673 10
      vertex 100 72.5 4
      vertex 100.683 72.5673 4
    endloop
  endfacet
  facet normal 0.471534 -0.881848 0
    outer loop
      vertex 101.339 72.7664 4
      vertex 101.944 73.0899 10
      vertex 101.339 72.7664 10
    endloop
  endfacet
  facet normal 0.471534 -0.881848 0
    outer loop
      vertex 101.944 73.0899 10
      vertex 101.339 72.7664 4
      vertex 101.944 73.0899 4
    endloop
  endfacet
  facet normal 0.99522 -0.0976563 0
    outer loop
      vertex 103.433 75.3172 10
      vertex 103.5 76 4
      vertex 103.5 76 10
    endloop
  endfacet
  facet normal 0.99522 -0.0976563 0
    outer loop
      vertex 103.5 76 4
      vertex 103.433 75.3172 10
      vertex 103.433 75.3172 4
    endloop
  endfacet
  facet normal -0.634317 -0.773073 0
    outer loop
      vertex 97.5251 73.5251 4
      vertex 98.0555 73.0899 10
      vertex 97.5251 73.5251 10
    endloop
  endfacet
  facet normal -0.634317 -0.773073 -0
    outer loop
      vertex 98.0555 73.0899 10
      vertex 97.5251 73.5251 4
      vertex 98.0555 73.0899 4
    endloop
  endfacet
  facet normal -0.290181 -0.956972 0
    outer loop
      vertex 98.6606 72.7664 4
      vertex 99.3172 72.5673 10
      vertex 98.6606 72.7664 10
    endloop
  endfacet
  facet normal -0.290181 -0.956972 -0
    outer loop
      vertex 99.3172 72.5673 10
      vertex 98.6606 72.7664 4
      vertex 99.3172 72.5673 4
    endloop
  endfacet
  facet normal -0.995178 -0.0980894 0
    outer loop
      vertex 96.5673 75.3172 4
      vertex 96.5 76 10
      vertex 96.5 76 4
    endloop
  endfacet
  facet normal -0.995178 -0.0980894 0
    outer loop
      vertex 96.5 76 10
      vertex 96.5673 75.3172 4
      vertex 96.5673 75.3172 10
    endloop
  endfacet
  facet normal -0.88188 -0.471473 0
    outer loop
      vertex 97.0899 74.0555 4
      vertex 96.7664 74.6606 10
      vertex 96.7664 74.6606 4
    endloop
  endfacet
  facet normal -0.88188 -0.471473 0
    outer loop
      vertex 96.7664 74.6606 10
      vertex 97.0899 74.0555 4
      vertex 97.0899 74.0555 10
    endloop
  endfacet
  facet normal -0.956972 -0.290181 0
    outer loop
      vertex 96.7664 74.6606 4
      vertex 96.5673 75.3172 10
      vertex 96.5673 75.3172 4
    endloop
  endfacet
  facet normal -0.956972 -0.290181 0
    outer loop
      vertex 96.5673 75.3172 10
      vertex 96.7664 74.6606 4
      vertex 96.7664 74.6606 10
    endloop
  endfacet
  facet normal 0.290424 -0.956898 0
    outer loop
      vertex 100.683 72.5673 4
      vertex 101.339 72.7664 10
      vertex 100.683 72.5673 10
    endloop
  endfacet
  facet normal 0.290424 -0.956898 0
    outer loop
      vertex 101.339 72.7664 10
      vertex 100.683 72.5673 4
      vertex 101.339 72.7664 4
    endloop
  endfacet
  facet normal 0.881577 -0.472039 0
    outer loop
      vertex 102.91 74.0555 10
      vertex 103.234 74.6606 4
      vertex 103.234 74.6606 10
    endloop
  endfacet
  facet normal 0.881577 -0.472039 0
    outer loop
      vertex 103.234 74.6606 4
      vertex 102.91 74.0555 10
      vertex 102.91 74.0555 4
    endloop
  endfacet
  facet normal 0.773216 -0.634142 0
    outer loop
      vertex 102.475 73.5251 10
      vertex 102.91 74.0555 4
      vertex 102.91 74.0555 10
    endloop
  endfacet
  facet normal 0.773216 -0.634142 0
    outer loop
      vertex 102.91 74.0555 4
      vertex 102.475 73.5251 10
      vertex 102.475 73.5251 4
    endloop
  endfacet
  facet normal 0.957012 -0.290048 0
    outer loop
      vertex 103.234 74.6606 10
      vertex 103.433 75.3172 4
      vertex 103.433 75.3172 10
    endloop
  endfacet
  facet normal 0.957012 -0.290048 0
    outer loop
      vertex 103.433 75.3172 4
      vertex 103.234 74.6606 10
      vertex 103.234 74.6606 4
    endloop
  endfacet
  facet normal -0.471473 -0.88188 0
    outer loop
      vertex 98.0555 73.0899 4
      vertex 98.6606 72.7664 10
      vertex 98.0555 73.0899 10
    endloop
  endfacet
  facet normal -0.471473 -0.88188 -0
    outer loop
      vertex 98.6606 72.7664 10
      vertex 98.0555 73.0899 4
      vertex 98.6606 72.7664 4
    endloop
  endfacet
  facet normal -0.471316 -0.881965 0
    outer loop
      vertex 100.765 77.8478 4
      vertex 101.111 77.6629 10
      vertex 100.765 77.8478 10
    endloop
  endfacet
  facet normal -0.471316 -0.881965 -0
    outer loop
      vertex 101.111 77.6629 10
      vertex 100.765 77.8478 4
      vertex 101.111 77.6629 4
    endloop
  endfacet
  facet normal -0.995291 0.0969274 0
    outer loop
      vertex 101.962 75.6098 4
      vertex 102 76 10
      vertex 102 76 4
    endloop
  endfacet
  facet normal -0.995291 0.0969274 0
    outer loop
      vertex 102 76 10
      vertex 101.962 75.6098 4
      vertex 101.962 75.6098 10
    endloop
  endfacet
  facet normal 0.290248 0.956951 -0
    outer loop
      vertex 99.6098 74.0384 4
      vertex 99.2346 74.1522 10
      vertex 99.6098 74.0384 10
    endloop
  endfacet
  facet normal 0.290248 0.956951 0
    outer loop
      vertex 99.2346 74.1522 10
      vertex 99.6098 74.0384 4
      vertex 99.2346 74.1522 4
    endloop
  endfacet
  facet normal -0.0979877 -0.995188 0
    outer loop
      vertex 100 78 4
      vertex 100.39 77.9616 10
      vertex 100 78 10
    endloop
  endfacet
  facet normal -0.0979877 -0.995188 -0
    outer loop
      vertex 100.39 77.9616 10
      vertex 100 78 4
      vertex 100.39 77.9616 4
    endloop
  endfacet
  facet normal 0.290248 -0.956951 0
    outer loop
      vertex 99.2346 77.8478 4
      vertex 99.6098 77.9616 10
      vertex 99.2346 77.8478 10
    endloop
  endfacet
  facet normal 0.290248 -0.956951 0
    outer loop
      vertex 99.6098 77.9616 10
      vertex 99.2346 77.8478 4
      vertex 99.6098 77.9616 4
    endloop
  endfacet
  facet normal 0.881795 -0.471634 0
    outer loop
      vertex 98.1522 76.7654 10
      vertex 98.3371 77.1111 4
      vertex 98.3371 77.1111 10
    endloop
  endfacet
  facet normal 0.881795 -0.471634 0
    outer loop
      vertex 98.3371 77.1111 4
      vertex 98.1522 76.7654 10
      vertex 98.1522 76.7654 4
    endloop
  endfacet
  facet normal -0.881688 -0.471832 0
    outer loop
      vertex 101.848 76.7654 4
      vertex 101.663 77.1111 10
      vertex 101.663 77.1111 4
    endloop
  endfacet
  facet normal -0.881688 -0.471832 0
    outer loop
      vertex 101.663 77.1111 10
      vertex 101.848 76.7654 4
      vertex 101.848 76.7654 10
    endloop
  endfacet
  facet normal -0.772695 -0.634777 0
    outer loop
      vertex 101.663 77.1111 4
      vertex 101.414 77.4142 10
      vertex 101.414 77.4142 4
    endloop
  endfacet
  facet normal -0.772695 -0.634777 0
    outer loop
      vertex 101.414 77.4142 10
      vertex 101.663 77.1111 4
      vertex 101.663 77.1111 10
    endloop
  endfacet
  facet normal -0.634446 -0.772968 0
    outer loop
      vertex 101.111 77.6629 4
      vertex 101.414 77.4142 10
      vertex 101.111 77.6629 10
    endloop
  endfacet
  facet normal -0.634446 -0.772968 -0
    outer loop
      vertex 101.414 77.4142 10
      vertex 101.111 77.6629 4
      vertex 101.414 77.4142 4
    endloop
  endfacet
  facet normal -0.29039 -0.956908 0
    outer loop
      vertex 100.39 77.9616 4
      vertex 100.765 77.8478 10
      vertex 100.39 77.9616 10
    endloop
  endfacet
  facet normal -0.29039 -0.956908 -0
    outer loop
      vertex 100.765 77.8478 10
      vertex 100.39 77.9616 4
      vertex 100.765 77.8478 4
    endloop
  endfacet
  facet normal 0.995193 -0.097938 0
    outer loop
      vertex 98 76 10
      vertex 98.0384 76.3902 4
      vertex 98.0384 76.3902 10
    endloop
  endfacet
  facet normal 0.995193 -0.097938 0
    outer loop
      vertex 98.0384 76.3902 4
      vertex 98 76 10
      vertex 98 76 4
    endloop
  endfacet
  facet normal 0.77307 -0.634321 0
    outer loop
      vertex 98.3371 77.1111 10
      vertex 98.5858 77.4142 4
      vertex 98.5858 77.4142 10
    endloop
  endfacet
  facet normal 0.77307 -0.634321 0
    outer loop
      vertex 98.5858 77.4142 4
      vertex 98.3371 77.1111 10
      vertex 98.3371 77.1111 4
    endloop
  endfacet
  facet normal 0.471634 -0.881795 0
    outer loop
      vertex 98.8889 77.6629 4
      vertex 99.2346 77.8478 10
      vertex 98.8889 77.6629 10
    endloop
  endfacet
  facet normal 0.471634 -0.881795 0
    outer loop
      vertex 99.2346 77.8478 10
      vertex 98.8889 77.6629 4
      vertex 99.2346 77.8478 4
    endloop
  endfacet
  facet normal 0.097938 -0.995193 0
    outer loop
      vertex 99.6098 77.9616 4
      vertex 100 78 10
      vertex 99.6098 77.9616 10
    endloop
  endfacet
  facet normal 0.097938 -0.995193 0
    outer loop
      vertex 100 78 10
      vertex 99.6098 77.9616 4
      vertex 100 78 4
    endloop
  endfacet
  facet normal 0.634321 -0.77307 0
    outer loop
      vertex 98.5858 77.4142 4
      vertex 98.8889 77.6629 10
      vertex 98.5858 77.4142 10
    endloop
  endfacet
  facet normal 0.634321 -0.77307 0
    outer loop
      vertex 98.8889 77.6629 10
      vertex 98.5858 77.4142 4
      vertex 98.8889 77.6629 4
    endloop
  endfacet
  facet normal -0.995291 -0.0969274 0
    outer loop
      vertex 102 76 4
      vertex 101.962 76.3902 10
      vertex 101.962 76.3902 4
    endloop
  endfacet
  facet normal -0.995291 -0.0969274 0
    outer loop
      vertex 101.962 76.3902 10
      vertex 102 76 4
      vertex 102 76 10
    endloop
  endfacet
  facet normal -0.0979877 0.995188 0
    outer loop
      vertex 100.39 74.0384 4
      vertex 100 74 10
      vertex 100.39 74.0384 10
    endloop
  endfacet
  facet normal -0.0979877 0.995188 0
    outer loop
      vertex 100 74 10
      vertex 100.39 74.0384 4
      vertex 100 74 4
    endloop
  endfacet
  facet normal -0.471316 0.881965 0
    outer loop
      vertex 101.111 74.3371 4
      vertex 100.765 74.1522 10
      vertex 101.111 74.3371 10
    endloop
  endfacet
  facet normal -0.471316 0.881965 0
    outer loop
      vertex 100.765 74.1522 10
      vertex 101.111 74.3371 4
      vertex 100.765 74.1522 4
    endloop
  endfacet
  facet normal -0.634446 0.772968 0
    outer loop
      vertex 101.414 74.5858 4
      vertex 101.111 74.3371 10
      vertex 101.414 74.5858 10
    endloop
  endfacet
  facet normal -0.634446 0.772968 0
    outer loop
      vertex 101.111 74.3371 10
      vertex 101.414 74.5858 4
      vertex 101.111 74.3371 4
    endloop
  endfacet
  facet normal -0.881688 0.471832 0
    outer loop
      vertex 101.663 74.8889 4
      vertex 101.848 75.2346 10
      vertex 101.848 75.2346 4
    endloop
  endfacet
  facet normal -0.881688 0.471832 0
    outer loop
      vertex 101.848 75.2346 10
      vertex 101.663 74.8889 4
      vertex 101.663 74.8889 10
    endloop
  endfacet
  facet normal 0.097938 0.995193 -0
    outer loop
      vertex 100 74 4
      vertex 99.6098 74.0384 10
      vertex 100 74 10
    endloop
  endfacet
  facet normal 0.097938 0.995193 0
    outer loop
      vertex 99.6098 74.0384 10
      vertex 100 74 4
      vertex 99.6098 74.0384 4
    endloop
  endfacet
  facet normal 0.634321 0.77307 -0
    outer loop
      vertex 98.8889 74.3371 4
      vertex 98.5858 74.5858 10
      vertex 98.8889 74.3371 10
    endloop
  endfacet
  facet normal 0.634321 0.77307 0
    outer loop
      vertex 98.5858 74.5858 10
      vertex 98.8889 74.3371 4
      vertex 98.5858 74.5858 4
    endloop
  endfacet
  facet normal 0.881795 0.471634 0
    outer loop
      vertex 98.3371 74.8889 10
      vertex 98.1522 75.2346 4
      vertex 98.1522 75.2346 10
    endloop
  endfacet
  facet normal 0.881795 0.471634 0
    outer loop
      vertex 98.1522 75.2346 4
      vertex 98.3371 74.8889 10
      vertex 98.3371 74.8889 4
    endloop
  endfacet
  facet normal 0.995193 0.097938 0
    outer loop
      vertex 98.0384 75.6098 10
      vertex 98 76 4
      vertex 98 76 10
    endloop
  endfacet
  facet normal 0.995193 0.097938 0
    outer loop
      vertex 98 76 4
      vertex 98.0384 75.6098 10
      vertex 98.0384 75.6098 4
    endloop
  endfacet
  facet normal 0.77307 0.634321 0
    outer loop
      vertex 98.5858 74.5858 10
      vertex 98.3371 74.8889 4
      vertex 98.3371 74.8889 10
    endloop
  endfacet
  facet normal 0.77307 0.634321 0
    outer loop
      vertex 98.3371 74.8889 4
      vertex 98.5858 74.5858 10
      vertex 98.5858 74.5858 4
    endloop
  endfacet
  facet normal -0.95681 -0.290715 0
    outer loop
      vertex 101.962 76.3902 4
      vertex 101.848 76.7654 10
      vertex 101.848 76.7654 4
    endloop
  endfacet
  facet normal -0.95681 -0.290715 0
    outer loop
      vertex 101.848 76.7654 10
      vertex 101.962 76.3902 4
      vertex 101.962 76.3902 10
    endloop
  endfacet
  facet normal 0.956951 -0.290248 0
    outer loop
      vertex 98.0384 76.3902 10
      vertex 98.1522 76.7654 4
      vertex 98.1522 76.7654 10
    endloop
  endfacet
  facet normal 0.956951 -0.290248 0
    outer loop
      vertex 98.1522 76.7654 4
      vertex 98.0384 76.3902 10
      vertex 98.0384 76.3902 4
    endloop
  endfacet
  facet normal -0.29039 0.956908 0
    outer loop
      vertex 100.765 74.1522 4
      vertex 100.39 74.0384 10
      vertex 100.765 74.1522 10
    endloop
  endfacet
  facet normal -0.29039 0.956908 0
    outer loop
      vertex 100.39 74.0384 10
      vertex 100.765 74.1522 4
      vertex 100.39 74.0384 4
    endloop
  endfacet
  facet normal -0.772695 0.634777 0
    outer loop
      vertex 101.414 74.5858 4
      vertex 101.663 74.8889 10
      vertex 101.663 74.8889 4
    endloop
  endfacet
  facet normal -0.772695 0.634777 0
    outer loop
      vertex 101.663 74.8889 10
      vertex 101.414 74.5858 4
      vertex 101.414 74.5858 10
    endloop
  endfacet
  facet normal -0.95681 0.290715 0
    outer loop
      vertex 101.848 75.2346 4
      vertex 101.962 75.6098 10
      vertex 101.962 75.6098 4
    endloop
  endfacet
  facet normal -0.95681 0.290715 0
    outer loop
      vertex 101.962 75.6098 10
      vertex 101.848 75.2346 4
      vertex 101.848 75.2346 10
    endloop
  endfacet
  facet normal 0.471634 0.881795 -0
    outer loop
      vertex 99.2346 74.1522 4
      vertex 98.8889 74.3371 10
      vertex 99.2346 74.1522 10
    endloop
  endfacet
  facet normal 0.471634 0.881795 0
    outer loop
      vertex 98.8889 74.3371 10
      vertex 99.2346 74.1522 4
      vertex 98.8889 74.3371 4
    endloop
  endfacet
  facet normal 0.956951 0.290248 0
    outer loop
      vertex 98.1522 75.2346 10
      vertex 98.0384 75.6098 4
      vertex 98.0384 75.6098 10
    endloop
  endfacet
  facet normal 0.956951 0.290248 0
    outer loop
      vertex 98.0384 75.6098 4
      vertex 98.1522 75.2346 10
      vertex 98.1522 75.2346 4
    endloop
  endfacet
  facet normal 0.995178 0.0980894 0
    outer loop
      vertex 12.5 13 9
      vertex 12.4327 13.6828 4
      vertex 12.4327 13.6828 9
    endloop
  endfacet
  facet normal 0.995178 0.0980894 0
    outer loop
      vertex 12.4327 13.6828 4
      vertex 12.5 13 9
      vertex 12.5 13 4
    endloop
  endfacet
  facet normal -0.995185 0.0980172 0
    outer loop
      vertex 5.5 13 4
      vertex 5.56725 13.6828 9
      vertex 5.56725 13.6828 4
    endloop
  endfacet
  facet normal -0.995185 0.0980172 0
    outer loop
      vertex 5.56725 13.6828 9
      vertex 5.5 13 4
      vertex 5.5 13 9
    endloop
  endfacet
  facet normal 0.0980866 0.995178 -0
    outer loop
      vertex 9.68282 16.4327 4
      vertex 9 16.5 9
      vertex 9.68282 16.4327 9
    endloop
  endfacet
  facet normal 0.0980866 0.995178 0
    outer loop
      vertex 9 16.5 9
      vertex 9.68282 16.4327 4
      vertex 9 16.5 4
    endloop
  endfacet
  facet normal 0.773073 0.634317 0
    outer loop
      vertex 11.9101 14.9445 9
      vertex 11.4749 15.4749 4
      vertex 11.4749 15.4749 9
    endloop
  endfacet
  facet normal 0.773073 0.634317 0
    outer loop
      vertex 11.4749 15.4749 4
      vertex 11.9101 14.9445 9
      vertex 11.9101 14.9445 4
    endloop
  endfacet
  facet normal 0.956972 0.290181 0
    outer loop
      vertex 12.4327 13.6828 9
      vertex 12.2336 14.3394 4
      vertex 12.2336 14.3394 9
    endloop
  endfacet
  facet normal 0.956972 0.290181 0
    outer loop
      vertex 12.2336 14.3394 4
      vertex 12.4327 13.6828 9
      vertex 12.4327 13.6828 4
    endloop
  endfacet
  facet normal -0.634338 0.773056 0
    outer loop
      vertex 7.0555 15.9101 4
      vertex 6.52513 15.4749 9
      vertex 7.0555 15.9101 9
    endloop
  endfacet
  facet normal -0.634338 0.773056 0
    outer loop
      vertex 6.52513 15.4749 9
      vertex 7.0555 15.9101 4
      vertex 6.52513 15.4749 4
    endloop
  endfacet
  facet normal -0.290193 0.956968 0
    outer loop
      vertex 8.31718 16.4327 4
      vertex 7.66061 16.2336 9
      vertex 8.31718 16.4327 9
    endloop
  endfacet
  facet normal -0.290193 0.956968 0
    outer loop
      vertex 7.66061 16.2336 9
      vertex 8.31718 16.4327 4
      vertex 7.66061 16.2336 4
    endloop
  endfacet
  facet normal 0.634317 -0.773073 0
    outer loop
      vertex 10.9445 10.0899 4
      vertex 11.4749 10.5251 9
      vertex 10.9445 10.0899 9
    endloop
  endfacet
  facet normal 0.634317 -0.773073 0
    outer loop
      vertex 11.4749 10.5251 9
      vertex 10.9445 10.0899 4
      vertex 11.4749 10.5251 4
    endloop
  endfacet
  facet normal -0.773023 -0.634378 0
    outer loop
      vertex 6.52513 10.5251 4
      vertex 6.08986 11.0555 9
      vertex 6.08986 11.0555 4
    endloop
  endfacet
  facet normal -0.773023 -0.634378 0
    outer loop
      vertex 6.08986 11.0555 9
      vertex 6.52513 10.5251 4
      vertex 6.52513 10.5251 9
    endloop
  endfacet
  facet normal 0.88188 0.471473 0
    outer loop
      vertex 12.2336 14.3394 9
      vertex 11.9101 14.9445 4
      vertex 11.9101 14.9445 9
    endloop
  endfacet
  facet normal 0.88188 0.471473 0
    outer loop
      vertex 11.9101 14.9445 4
      vertex 12.2336 14.3394 9
      vertex 12.2336 14.3394 4
    endloop
  endfacet
  facet normal 0.471473 0.88188 -0
    outer loop
      vertex 10.9445 15.9101 4
      vertex 10.3394 16.2336 9
      vertex 10.9445 15.9101 9
    endloop
  endfacet
  facet normal 0.471473 0.88188 0
    outer loop
      vertex 10.3394 16.2336 9
      vertex 10.9445 15.9101 4
      vertex 10.3394 16.2336 4
    endloop
  endfacet
  facet normal 0.290189 0.956969 -0
    outer loop
      vertex 10.3394 16.2336 4
      vertex 9.68282 16.4327 9
      vertex 10.3394 16.2336 9
    endloop
  endfacet
  facet normal 0.290189 0.956969 0
    outer loop
      vertex 9.68282 16.4327 9
      vertex 10.3394 16.2336 4
      vertex 9.68282 16.4327 4
    endloop
  endfacet
  facet normal 0.634317 0.773073 -0
    outer loop
      vertex 11.4749 15.4749 4
      vertex 10.9445 15.9101 9
      vertex 11.4749 15.4749 9
    endloop
  endfacet
  facet normal 0.634317 0.773073 0
    outer loop
      vertex 10.9445 15.9101 9
      vertex 11.4749 15.4749 4
      vertex 10.9445 15.9101 4
    endloop
  endfacet
  facet normal -0.881917 0.471405 0
    outer loop
      vertex 5.76642 14.3394 4
      vertex 6.08986 14.9445 9
      vertex 6.08986 14.9445 4
    endloop
  endfacet
  facet normal -0.881917 0.471405 0
    outer loop
      vertex 6.08986 14.9445 9
      vertex 5.76642 14.3394 4
      vertex 5.76642 14.3394 9
    endloop
  endfacet
  facet normal -0.773023 0.634378 0
    outer loop
      vertex 6.08986 14.9445 4
      vertex 6.52513 15.4749 9
      vertex 6.52513 15.4749 4
    endloop
  endfacet
  facet normal -0.773023 0.634378 0
    outer loop
      vertex 6.52513 15.4749 9
      vertex 6.08986 14.9445 4
      vertex 6.08986 14.9445 9
    endloop
  endfacet
  facet normal -0.956943 0.290275 0
    outer loop
      vertex 5.56725 13.6828 4
      vertex 5.76642 14.3394 9
      vertex 5.76642 14.3394 4
    endloop
  endfacet
  facet normal -0.956943 0.290275 0
    outer loop
      vertex 5.76642 14.3394 9
      vertex 5.56725 13.6828 4
      vertex 5.56725 13.6828 9
    endloop
  endfacet
  facet normal 0 0 1
    outer loop
      vertex 11 13 9
      vertex 12.5 13 9
      vertex 12.4327 13.6828 9
    endloop
  endfacet
  facet normal 0 0 1
    outer loop
      vertex 10.9616 13.3902 9
      vertex 12.4327 13.6828 9
      vertex 12.2336 14.3394 9
    endloop
  endfacet
  facet normal 0 0 1
    outer loop
      vertex 12.5 13 9
      vertex 11 13 9
      vertex 12.4327 12.3172 9
    endloop
  endfacet
  facet normal 0 0 1
    outer loop
      vertex 10.8478 13.7654 9
      vertex 12.2336 14.3394 9
      vertex 11.9101 14.9445 9
    endloop
  endfacet
  facet normal -0 0 1
    outer loop
      vertex 10.9616 12.6098 9
      vertex 12.4327 12.3172 9
      vertex 11 13 9
    endloop
  endfacet
  facet normal 0 0 1
    outer loop
      vertex 10.6629 14.1111 9
      vertex 11.9101 14.9445 9
      vertex 11.4749 15.4749 9
    endloop
  endfacet
  facet normal 0 0 1
    outer loop
      vertex 12.4327 12.3172 9
      vertex 10.9616 12.6098 9
      vertex 12.2336 11.6606 9
    endloop
  endfacet
  facet normal -0 0 1
    outer loop
      vertex 10.8478 12.2346 9
      vertex 12.2336 11.6606 9
      vertex 10.9616 12.6098 9
    endloop
  endfacet
  facet normal 0 0 1
    outer loop
      vertex 12.4327 13.6828 9
      vertex 10.9616 13.3902 9
      vertex 11 13 9
    endloop
  endfacet
  facet normal 0 0 1
    outer loop
      vertex 10.4142 14.4142 9
      vertex 11.4749 15.4749 9
      vertex 10.9445 15.9101 9
    endloop
  endfacet
  facet normal 0 0 1
    outer loop
      vertex 12.2336 14.3394 9
      vertex 10.8478 13.7654 9
      vertex 10.9616 13.3902 9
    endloop
  endfacet
  facet normal 0 0 1
    outer loop
      vertex 11.9101 14.9445 9
      vertex 10.6629 14.1111 9
      vertex 10.8478 13.7654 9
    endloop
  endfacet
  facet normal 0 0 1
    outer loop
      vertex 11.4749 15.4749 9
      vertex 10.4142 14.4142 9
      vertex 10.6629 14.1111 9
    endloop
  endfacet
  facet normal 0 0 1
    outer loop
      vertex 10.1111 14.6629 9
      vertex 10.9445 15.9101 9
      vertex 10.3394 16.2336 9
    endloop
  endfacet
  facet normal 0 0 1
    outer loop
      vertex 10.9445 15.9101 9
      vertex 10.1111 14.6629 9
      vertex 10.4142 14.4142 9
    endloop
  endfacet
  facet normal 0 0 1
    outer loop
      vertex 10.3394 16.2336 9
      vertex 9.76537 14.8478 9
      vertex 10.1111 14.6629 9
    endloop
  endfacet
  facet normal 0 0 1
    outer loop
      vertex 9.68282 16.4327 9
      vertex 9.76537 14.8478 9
      vertex 10.3394 16.2336 9
    endloop
  endfacet
  facet normal 0 0 1
    outer loop
      vertex 9.68282 16.4327 9
      vertex 9.39018 14.9616 9
      vertex 9.76537 14.8478 9
    endloop
  endfacet
  facet normal 0 0 1
    outer loop
      vertex 9 16.5 9
      vertex 9.39018 14.9616 9
      vertex 9.68282 16.4327 9
    endloop
  endfacet
  facet normal 0 0 1
    outer loop
      vertex 9 16.5 9
      vertex 9 15 9
      vertex 9.39018 14.9616 9
    endloop
  endfacet
  facet normal 0 0 1
    outer loop
      vertex 9 16.5 9
      vertex 8.60982 14.9616 9
      vertex 9 15 9
    endloop
  endfacet
  facet normal -0 0 1
    outer loop
      vertex 8.31718 16.4327 9
      vertex 8.60982 14.9616 9
      vertex 9 16.5 9
    endloop
  endfacet
  facet normal 0 0 1
    outer loop
      vertex 8.31718 16.4327 9
      vertex 8.23463 14.8478 9
      vertex 8.60982 14.9616 9
    endloop
  endfacet
  facet normal -0 0 1
    outer loop
      vertex 7.66061 16.2336 9
      vertex 8.23463 14.8478 9
      vertex 8.31718 16.4327 9
    endloop
  endfacet
  facet normal 0 0 1
    outer loop
      vertex 8.23463 14.8478 9
      vertex 7.66061 16.2336 9
      vertex 7.88886 14.6629 9
    endloop
  endfacet
  facet normal -0 0 1
    outer loop
      vertex 7.0555 15.9101 9
      vertex 7.88886 14.6629 9
      vertex 7.66061 16.2336 9
    endloop
  endfacet
  facet normal 0 0 1
    outer loop
      vertex 7.88886 14.6629 9
      vertex 7.0555 15.9101 9
      vertex 7.58579 14.4142 9
    endloop
  endfacet
  facet normal -0 0 1
    outer loop
      vertex 6.52513 15.4749 9
      vertex 7.58579 14.4142 9
      vertex 7.0555 15.9101 9
    endloop
  endfacet
  facet normal 0 0 1
    outer loop
      vertex 7.58579 14.4142 9
      vertex 6.52513 15.4749 9
      vertex 7.33706 14.1111 9
    endloop
  endfacet
  facet normal -0 0 1
    outer loop
      vertex 6.08986 14.9445 9
      vertex 7.33706 14.1111 9
      vertex 6.52513 15.4749 9
    endloop
  endfacet
  facet normal 0 0 1
    outer loop
      vertex 7.33706 14.1111 9
      vertex 6.08986 14.9445 9
      vertex 7.15224 13.7654 9
    endloop
  endfacet
  facet normal -0 0 1
    outer loop
      vertex 5.76642 14.3394 9
      vertex 7.15224 13.7654 9
      vertex 6.08986 14.9445 9
    endloop
  endfacet
  facet normal 0 0 1
    outer loop
      vertex 12.2336 11.6606 9
      vertex 10.8478 12.2346 9
      vertex 11.9101 11.0555 9
    endloop
  endfacet
  facet normal -0 0 1
    outer loop
      vertex 10.6629 11.8889 9
      vertex 11.9101 11.0555 9
      vertex 10.8478 12.2346 9
    endloop
  endfacet
  facet normal 0 0 1
    outer loop
      vertex 11.9101 11.0555 9
      vertex 10.6629 11.8889 9
      vertex 11.4749 10.5251 9
    endloop
  endfacet
  facet normal -0 0 1
    outer loop
      vertex 10.4142 11.5858 9
      vertex 11.4749 10.5251 9
      vertex 10.6629 11.8889 9
    endloop
  endfacet
  facet normal 0 0 1
    outer loop
      vertex 11.4749 10.5251 9
      vertex 10.4142 11.5858 9
      vertex 10.9445 10.0899 9
    endloop
  endfacet
  facet normal -0 0 1
    outer loop
      vertex 10.1111 11.3371 9
      vertex 10.9445 10.0899 9
      vertex 10.4142 11.5858 9
    endloop
  endfacet
  facet normal 0 0 1
    outer loop
      vertex 10.9445 10.0899 9
      vertex 10.1111 11.3371 9
      vertex 10.3394 9.76642 9
    endloop
  endfacet
  facet normal -0 0 1
    outer loop
      vertex 9.76537 11.1522 9
      vertex 10.3394 9.76642 9
      vertex 10.1111 11.3371 9
    endloop
  endfacet
  facet normal 0 0 1
    outer loop
      vertex 9.76537 11.1522 9
      vertex 9.68282 9.56725 9
      vertex 10.3394 9.76642 9
    endloop
  endfacet
  facet normal -0 0 1
    outer loop
      vertex 9.39018 11.0384 9
      vertex 9.68282 9.56725 9
      vertex 9.76537 11.1522 9
    endloop
  endfacet
  facet normal -0 0 1
    outer loop
      vertex 9 11 9
      vertex 9.68282 9.56725 9
      vertex 9.39018 11.0384 9
    endloop
  endfacet
  facet normal 0 0 1
    outer loop
      vertex 9 11 9
      vertex 9 9.5 9
      vertex 9.68282 9.56725 9
    endloop
  endfacet
  facet normal 0 0 1
    outer loop
      vertex 8.60982 11.0384 9
      vertex 9 9.5 9
      vertex 9 11 9
    endloop
  endfacet
  facet normal 0 0 1
    outer loop
      vertex 8.60982 11.0384 9
      vertex 8.31718 9.56725 9
      vertex 9 9.5 9
    endloop
  endfacet
  facet normal 0 0 1
    outer loop
      vertex 8.23463 11.1522 9
      vertex 8.31718 9.56725 9
      vertex 8.60982 11.0384 9
    endloop
  endfacet
  facet normal 0 0 1
    outer loop
      vertex 7.66061 9.76642 9
      vertex 8.23463 11.1522 9
      vertex 7.88886 11.3371 9
    endloop
  endfacet
  facet normal 0 0 1
    outer loop
      vertex 8.23463 11.1522 9
      vertex 7.66061 9.76642 9
      vertex 8.31718 9.56725 9
    endloop
  endfacet
  facet normal 0 0 1
    outer loop
      vertex 7.0555 10.0899 9
      vertex 7.88886 11.3371 9
      vertex 7.58579 11.5858 9
    endloop
  endfacet
  facet normal 0 0 1
    outer loop
      vertex 6.52513 10.5251 9
      vertex 7.58579 11.5858 9
      vertex 7.33706 11.8889 9
    endloop
  endfacet
  facet normal 0 0 1
    outer loop
      vertex 6.08986 11.0555 9
      vertex 7.33706 11.8889 9
      vertex 7.15224 12.2346 9
    endloop
  endfacet
  facet normal 0 0 1
    outer loop
      vertex 7.88886 11.3371 9
      vertex 7.0555 10.0899 9
      vertex 7.66061 9.76642 9
    endloop
  endfacet
  facet normal 0 0 1
    outer loop
      vertex 5.76642 11.6606 9
      vertex 7.15224 12.2346 9
      vertex 7.03843 12.6098 9
    endloop
  endfacet
  facet normal 0 0 1
    outer loop
      vertex 5.56725 12.3172 9
      vertex 7.03843 12.6098 9
      vertex 7 13 9
    endloop
  endfacet
  facet normal 0 0 1
    outer loop
      vertex 7.15224 13.7654 9
      vertex 5.76642 14.3394 9
      vertex 7.03843 13.3902 9
    endloop
  endfacet
  facet normal 0 0 1
    outer loop
      vertex 7.58579 11.5858 9
      vertex 6.52513 10.5251 9
      vertex 7.0555 10.0899 9
    endloop
  endfacet
  facet normal -0 0 1
    outer loop
      vertex 5.56725 13.6828 9
      vertex 7.03843 13.3902 9
      vertex 5.76642 14.3394 9
    endloop
  endfacet
  facet normal 0 0 1
    outer loop
      vertex 7.33706 11.8889 9
      vertex 6.08986 11.0555 9
      vertex 6.52513 10.5251 9
    endloop
  endfacet
  facet normal 0 0 1
    outer loop
      vertex 7.03843 13.3902 9
      vertex 5.56725 13.6828 9
      vertex 7 13 9
    endloop
  endfacet
  facet normal 0 0 1
    outer loop
      vertex 7.15224 12.2346 9
      vertex 5.76642 11.6606 9
      vertex 6.08986 11.0555 9
    endloop
  endfacet
  facet normal 0 0 1
    outer loop
      vertex 5.5 13 9
      vertex 7 13 9
      vertex 5.56725 13.6828 9
    endloop
  endfacet
  facet normal 0 0 1
    outer loop
      vertex 7.03843 12.6098 9
      vertex 5.56725 12.3172 9
      vertex 5.76642 11.6606 9
    endloop
  endfacet
  facet normal 0 0 1
    outer loop
      vertex 7 13 9
      vertex 5.5 13 9
      vertex 5.56725 12.3172 9
    endloop
  endfacet
  facet normal -0.471467 0.881884 0
    outer loop
      vertex 7.66061 16.2336 4
      vertex 7.0555 15.9101 9
      vertex 7.66061 16.2336 9
    endloop
  endfacet
  facet normal -0.471467 0.881884 0
    outer loop
      vertex 7.0555 15.9101 9
      vertex 7.66061 16.2336 4
      vertex 7.0555 15.9101 4
    endloop
  endfacet
  facet normal -0.0980866 0.995178 0
    outer loop
      vertex 9 16.5 4
      vertex 8.31718 16.4327 9
      vertex 9 16.5 9
    endloop
  endfacet
  facet normal -0.0980866 0.995178 0
    outer loop
      vertex 8.31718 16.4327 9
      vertex 9 16.5 4
      vertex 8.31718 16.4327 4
    endloop
  endfacet
  facet normal 0.0980144 -0.995185 0
    outer loop
      vertex 9 9.5 4
      vertex 9.68282 9.56725 9
      vertex 9 9.5 9
    endloop
  endfacet
  facet normal 0.0980144 -0.995185 0
    outer loop
      vertex 9.68282 9.56725 9
      vertex 9 9.5 4
      vertex 9.68282 9.56725 4
    endloop
  endfacet
  facet normal 0.47145 -0.881893 0
    outer loop
      vertex 10.3394 9.76642 4
      vertex 10.9445 10.0899 9
      vertex 10.3394 9.76642 9
    endloop
  endfacet
  facet normal 0.47145 -0.881893 0
    outer loop
      vertex 10.9445 10.0899 9
      vertex 10.3394 9.76642 4
      vertex 10.9445 10.0899 4
    endloop
  endfacet
  facet normal 0.995178 -0.0980894 0
    outer loop
      vertex 12.4327 12.3172 9
      vertex 12.5 13 4
      vertex 12.5 13 9
    endloop
  endfacet
  facet normal 0.995178 -0.0980894 0
    outer loop
      vertex 12.5 13 4
      vertex 12.4327 12.3172 9
      vertex 12.4327 12.3172 4
    endloop
  endfacet
  facet normal -0.634338 -0.773056 0
    outer loop
      vertex 6.52513 10.5251 4
      vertex 7.0555 10.0899 9
      vertex 6.52513 10.5251 9
    endloop
  endfacet
  facet normal -0.634338 -0.773056 -0
    outer loop
      vertex 7.0555 10.0899 9
      vertex 6.52513 10.5251 4
      vertex 7.0555 10.0899 4
    endloop
  endfacet
  facet normal -0.290287 -0.95694 0
    outer loop
      vertex 7.66061 9.76642 4
      vertex 8.31718 9.56725 9
      vertex 7.66061 9.76642 9
    endloop
  endfacet
  facet normal -0.290287 -0.95694 -0
    outer loop
      vertex 8.31718 9.56725 9
      vertex 7.66061 9.76642 4
      vertex 8.31718 9.56725 4
    endloop
  endfacet
  facet normal -0.995185 -0.0980172 0
    outer loop
      vertex 5.56725 12.3172 4
      vertex 5.5 13 9
      vertex 5.5 13 4
    endloop
  endfacet
  facet normal -0.995185 -0.0980172 0
    outer loop
      vertex 5.5 13 9
      vertex 5.56725 12.3172 4
      vertex 5.56725 12.3172 9
    endloop
  endfacet
  facet normal -0.881917 -0.471405 0
    outer loop
      vertex 6.08986 11.0555 4
      vertex 5.76642 11.6606 9
      vertex 5.76642 11.6606 4
    endloop
  endfacet
  facet normal -0.881917 -0.471405 0
    outer loop
      vertex 5.76642 11.6606 9
      vertex 6.08986 11.0555 4
      vertex 6.08986 11.0555 9
    endloop
  endfacet
  facet normal 0.290283 -0.956941 0
    outer loop
      vertex 9.68282 9.56725 4
      vertex 10.3394 9.76642 9
      vertex 9.68282 9.56725 9
    endloop
  endfacet
  facet normal 0.290283 -0.956941 0
    outer loop
      vertex 10.3394 9.76642 9
      vertex 9.68282 9.56725 4
      vertex 10.3394 9.76642 4
    endloop
  endfacet
  facet normal 0.88188 -0.471473 0
    outer loop
      vertex 11.9101 11.0555 9
      vertex 12.2336 11.6606 4
      vertex 12.2336 11.6606 9
    endloop
  endfacet
  facet normal 0.88188 -0.471473 0
    outer loop
      vertex 12.2336 11.6606 4
      vertex 11.9101 11.0555 9
      vertex 11.9101 11.0555 4
    endloop
  endfacet
  facet normal 0.773073 -0.634317 0
    outer loop
      vertex 11.4749 10.5251 9
      vertex 11.9101 11.0555 4
      vertex 11.9101 11.0555 9
    endloop
  endfacet
  facet normal 0.773073 -0.634317 0
    outer loop
      vertex 11.9101 11.0555 4
      vertex 11.4749 10.5251 9
      vertex 11.4749 10.5251 4
    endloop
  endfacet
  facet normal 0.956972 -0.290181 0
    outer loop
      vertex 12.2336 11.6606 9
      vertex 12.4327 12.3172 4
      vertex 12.4327 12.3172 9
    endloop
  endfacet
  facet normal 0.956972 -0.290181 0
    outer loop
      vertex 12.4327 12.3172 4
      vertex 12.2336 11.6606 9
      vertex 12.2336 11.6606 4
    endloop
  endfacet
  facet normal -0.471444 -0.881896 0
    outer loop
      vertex 7.0555 10.0899 4
      vertex 7.66061 9.76642 9
      vertex 7.0555 10.0899 9
    endloop
  endfacet
  facet normal -0.471444 -0.881896 -0
    outer loop
      vertex 7.66061 9.76642 9
      vertex 7.0555 10.0899 4
      vertex 7.66061 9.76642 4
    endloop
  endfacet
  facet normal -0.0980144 -0.995185 0
    outer loop
      vertex 8.31718 9.56725 4
      vertex 9 9.5 9
      vertex 8.31718 9.56725 9
    endloop
  endfacet
  facet normal -0.0980144 -0.995185 -0
    outer loop
      vertex 9 9.5 9
      vertex 8.31718 9.56725 4
      vertex 9 9.5 4
    endloop
  endfacet
  facet normal -0.956943 -0.290275 0
    outer loop
      vertex 5.76642 11.6606 4
      vertex 5.56725 12.3172 9
      vertex 5.56725 12.3172 4
    endloop
  endfacet
  facet normal -0.956943 -0.290275 0
    outer loop
      vertex 5.56725 12.3172 9
      vertex 5.76642 11.6606 4
      vertex 5.76642 11.6606 9
    endloop
  endfacet
  facet normal -0.471602 -0.881812 0
    outer loop
      vertex 9.76537 14.8478 4
      vertex 10.1111 14.6629 9
      vertex 9.76537 14.8478 9
    endloop
  endfacet
  facet normal -0.471602 -0.881812 -0
    outer loop
      vertex 10.1111 14.6629 9
      vertex 9.76537 14.8478 4
      vertex 10.1111 14.6629 4
    endloop
  endfacet
  facet normal 0.956944 -0.290271 0
    outer loop
      vertex 7.03843 13.3902 9
      vertex 7.15224 13.7654 4
      vertex 7.15224 13.7654 9
    endloop
  endfacet
  facet normal 0.956944 -0.290271 0
    outer loop
      vertex 7.15224 13.7654 4
      vertex 7.03843 13.3902 9
      vertex 7.03843 13.3902 4
    endloop
  endfacet
  facet normal -0.995193 0.097938 0
    outer loop
      vertex 10.9616 12.6098 4
      vertex 11 13 9
      vertex 11 13 4
    endloop
  endfacet
  facet normal -0.995193 0.097938 0
    outer loop
      vertex 11 13 9
      vertex 10.9616 12.6098 4
      vertex 10.9616 12.6098 9
    endloop
  endfacet
  facet normal 0.290255 0.956949 -0
    outer loop
      vertex 8.60982 11.0384 4
      vertex 8.23463 11.1522 9
      vertex 8.60982 11.0384 9
    endloop
  endfacet
  facet normal 0.290255 0.956949 0
    outer loop
      vertex 8.23463 11.1522 9
      vertex 8.60982 11.0384 4
      vertex 8.23463 11.1522 4
    endloop
  endfacet
  facet normal -0.0979429 -0.995192 0
    outer loop
      vertex 9 15 4
      vertex 9.39018 14.9616 9
      vertex 9 15 9
    endloop
  endfacet
  facet normal -0.0979429 -0.995192 -0
    outer loop
      vertex 9.39018 14.9616 9
      vertex 9 15 4
      vertex 9.39018 14.9616 4
    endloop
  endfacet
  facet normal 0.290255 -0.956949 0
    outer loop
      vertex 8.23463 14.8478 4
      vertex 8.60982 14.9616 9
      vertex 8.23463 14.8478 9
    endloop
  endfacet
  facet normal 0.290255 -0.956949 0
    outer loop
      vertex 8.60982 14.9616 9
      vertex 8.23463 14.8478 4
      vertex 8.60982 14.9616 4
    endloop
  endfacet
  facet normal 0.881879 -0.471475 0
    outer loop
      vertex 7.15224 13.7654 9
      vertex 7.33706 14.1111 4
      vertex 7.33706 14.1111 9
    endloop
  endfacet
  facet normal 0.881879 -0.471475 0
    outer loop
      vertex 7.33706 14.1111 4
      vertex 7.15224 13.7654 9
      vertex 7.15224 13.7654 4
    endloop
  endfacet
  facet normal 0.881879 0.471475 0
    outer loop
      vertex 7.33706 11.8889 9
      vertex 7.15224 12.2346 4
      vertex 7.15224 12.2346 9
    endloop
  endfacet
  facet normal 0.881879 0.471475 0
    outer loop
      vertex 7.15224 12.2346 4
      vertex 7.33706 11.8889 9
      vertex 7.33706 11.8889 4
    endloop
  endfacet
  facet normal -0.956951 -0.290248 0
    outer loop
      vertex 10.9616 13.3902 4
      vertex 10.8478 13.7654 9
      vertex 10.8478 13.7654 4
    endloop
  endfacet
  facet normal -0.956951 -0.290248 0
    outer loop
      vertex 10.8478 13.7654 9
      vertex 10.9616 13.3902 4
      vertex 10.9616 13.3902 9
    endloop
  endfacet
  facet normal -0.881795 -0.471634 0
    outer loop
      vertex 10.8478 13.7654 4
      vertex 10.6629 14.1111 9
      vertex 10.6629 14.1111 4
    endloop
  endfacet
  facet normal -0.881795 -0.471634 0
    outer loop
      vertex 10.6629 14.1111 9
      vertex 10.8478 13.7654 4
      vertex 10.8478 13.7654 9
    endloop
  endfacet
  facet normal -0.77307 -0.634321 0
    outer loop
      vertex 10.6629 14.1111 4
      vertex 10.4142 14.4142 9
      vertex 10.4142 14.4142 4
    endloop
  endfacet
  facet normal -0.77307 -0.634321 0
    outer loop
      vertex 10.4142 14.4142 9
      vertex 10.6629 14.1111 4
      vertex 10.6629 14.1111 9
    endloop
  endfacet
  facet normal -0.634321 -0.77307 0
    outer loop
      vertex 10.1111 14.6629 4
      vertex 10.4142 14.4142 9
      vertex 10.1111 14.6629 9
    endloop
  endfacet
  facet normal -0.634321 -0.77307 -0
    outer loop
      vertex 10.4142 14.4142 9
      vertex 10.1111 14.6629 4
      vertex 10.4142 14.4142 4
    endloop
  endfacet
  facet normal -0.290255 -0.956949 0
    outer loop
      vertex 9.39018 14.9616 4
      vertex 9.76537 14.8478 9
      vertex 9.39018 14.9616 9
    endloop
  endfacet
  facet normal -0.290255 -0.956949 -0
    outer loop
      vertex 9.76537 14.8478 9
      vertex 9.39018 14.9616 4
      vertex 9.76537 14.8478 4
    endloop
  endfacet
  facet normal 0.995185 -0.0980137 0
    outer loop
      vertex 7 13 9
      vertex 7.03843 13.3902 4
      vertex 7.03843 13.3902 9
    endloop
  endfacet
  facet normal 0.995185 -0.0980137 0
    outer loop
      vertex 7.03843 13.3902 4
      vertex 7 13 9
      vertex 7 13 4
    endloop
  endfacet
  facet normal 0.773033 -0.634366 0
    outer loop
      vertex 7.33706 14.1111 9
      vertex 7.58579 14.4142 4
      vertex 7.58579 14.4142 9
    endloop
  endfacet
  facet normal 0.773033 -0.634366 0
    outer loop
      vertex 7.58579 14.4142 4
      vertex 7.33706 14.1111 9
      vertex 7.33706 14.1111 4
    endloop
  endfacet
  facet normal 0.47156 -0.881834 0
    outer loop
      vertex 7.88886 14.6629 4
      vertex 8.23463 14.8478 9
      vertex 7.88886 14.6629 9
    endloop
  endfacet
  facet normal 0.47156 -0.881834 0
    outer loop
      vertex 8.23463 14.8478 9
      vertex 7.88886 14.6629 4
      vertex 8.23463 14.8478 4
    endloop
  endfacet
  facet normal 0.0979429 -0.995192 0
    outer loop
      vertex 8.60982 14.9616 4
      vertex 9 15 9
      vertex 8.60982 14.9616 9
    endloop
  endfacet
  facet normal 0.0979429 -0.995192 0
    outer loop
      vertex 9 15 9
      vertex 8.60982 14.9616 4
      vertex 9 15 4
    endloop
  endfacet
  facet normal 0.634358 -0.773039 0
    outer loop
      vertex 7.58579 14.4142 4
      vertex 7.88886 14.6629 9
      vertex 7.58579 14.4142 9
    endloop
  endfacet
  facet normal 0.634358 -0.773039 0
    outer loop
      vertex 7.88886 14.6629 9
      vertex 7.58579 14.4142 4
      vertex 7.88886 14.6629 4
    endloop
  endfacet
  facet normal -0.995193 -0.097938 0
    outer loop
      vertex 11 13 4
      vertex 10.9616 13.3902 9
      vertex 10.9616 13.3902 4
    endloop
  endfacet
  facet normal -0.995193 -0.097938 0
    outer loop
      vertex 10.9616 13.3902 9
      vertex 11 13 4
      vertex 11 13 9
    endloop
  endfacet
  facet normal -0.0979429 0.995192 0
    outer loop
      vertex 9.39018 11.0384 4
      vertex 9 11 9
      vertex 9.39018 11.0384 9
    endloop
  endfacet
  facet normal -0.0979429 0.995192 0
    outer loop
      vertex 9 11 9
      vertex 9.39018 11.0384 4
      vertex 9 11 4
    endloop
  endfacet
  facet normal -0.290255 0.956949 0
    outer loop
      vertex 9.76537 11.1522 4
      vertex 9.39018 11.0384 9
      vertex 9.76537 11.1522 9
    endloop
  endfacet
  facet normal -0.290255 0.956949 0
    outer loop
      vertex 9.39018 11.0384 9
      vertex 9.76537 11.1522 4
      vertex 9.39018 11.0384 4
    endloop
  endfacet
  facet normal -0.634321 0.77307 0
    outer loop
      vertex 10.4142 11.5858 4
      vertex 10.1111 11.3371 9
      vertex 10.4142 11.5858 9
    endloop
  endfacet
  facet normal -0.634321 0.77307 0
    outer loop
      vertex 10.1111 11.3371 9
      vertex 10.4142 11.5858 4
      vertex 10.1111 11.3371 4
    endloop
  endfacet
  facet normal -0.881795 0.471634 0
    outer loop
      vertex 10.6629 11.8889 4
      vertex 10.8478 12.2346 9
      vertex 10.8478 12.2346 4
    endloop
  endfacet
  facet normal -0.881795 0.471634 0
    outer loop
      vertex 10.8478 12.2346 9
      vertex 10.6629 11.8889 4
      vertex 10.6629 11.8889 9
    endloop
  endfacet
  facet normal 0.0979429 0.995192 -0
    outer loop
      vertex 9 11 4
      vertex 8.60982 11.0384 9
      vertex 9 11 9
    endloop
  endfacet
  facet normal 0.0979429 0.995192 0
    outer loop
      vertex 8.60982 11.0384 9
      vertex 9 11 4
      vertex 8.60982 11.0384 4
    endloop
  endfacet
  facet normal 0.47156 0.881834 -0
    outer loop
      vertex 8.23463 11.1522 4
      vertex 7.88886 11.3371 9
      vertex 8.23463 11.1522 9
    endloop
  endfacet
  facet normal 0.47156 0.881834 0
    outer loop
      vertex 7.88886 11.3371 9
      vertex 8.23463 11.1522 4
      vertex 7.88886 11.3371 4
    endloop
  endfacet
  facet normal 0.634358 0.773039 -0
    outer loop
      vertex 7.88886 11.3371 4
      vertex 7.58579 11.5858 9
      vertex 7.88886 11.3371 9
    endloop
  endfacet
  facet normal 0.634358 0.773039 0
    outer loop
      vertex 7.58579 11.5858 9
      vertex 7.88886 11.3371 4
      vertex 7.58579 11.5858 4
    endloop
  endfacet
  facet normal 0.995185 0.0980137 0
    outer loop
      vertex 7.03843 12.6098 9
      vertex 7 13 4
      vertex 7 13 9
    endloop
  endfacet
  facet normal 0.995185 0.0980137 0
    outer loop
      vertex 7 13 4
      vertex 7.03843 12.6098 9
      vertex 7.03843 12.6098 4
    endloop
  endfacet
  facet normal -0.77307 0.634321 0
    outer loop
      vertex 10.4142 11.5858 4
      vertex 10.6629 11.8889 9
      vertex 10.6629 11.8889 4
    endloop
  endfacet
  facet normal -0.77307 0.634321 0
    outer loop
      vertex 10.6629 11.8889 9
      vertex 10.4142 11.5858 4
      vertex 10.4142 11.5858 9
    endloop
  endfacet
  facet normal -0.956951 0.290248 0
    outer loop
      vertex 10.8478 12.2346 4
      vertex 10.9616 12.6098 9
      vertex 10.9616 12.6098 4
    endloop
  endfacet
  facet normal -0.956951 0.290248 0
    outer loop
      vertex 10.9616 12.6098 9
      vertex 10.8478 12.2346 4
      vertex 10.8478 12.2346 9
    endloop
  endfacet
  facet normal 0.956944 0.290271 0
    outer loop
      vertex 7.15224 12.2346 9
      vertex 7.03843 12.6098 4
      vertex 7.03843 12.6098 9
    endloop
  endfacet
  facet normal 0.956944 0.290271 0
    outer loop
      vertex 7.03843 12.6098 4
      vertex 7.15224 12.2346 9
      vertex 7.15224 12.2346 4
    endloop
  endfacet
  facet normal 0.773033 0.634366 0
    outer loop
      vertex 7.58579 11.5858 9
      vertex 7.33706 11.8889 4
      vertex 7.33706 11.8889 9
    endloop
  endfacet
  facet normal 0.773033 0.634366 0
    outer loop
      vertex 7.33706 11.8889 4
      vertex 7.58579 11.5858 9
      vertex 7.58579 11.5858 4
    endloop
  endfacet
  facet normal -0.471602 0.881812 0
    outer loop
      vertex 10.1111 11.3371 4
      vertex 9.76537 11.1522 9
      vertex 10.1111 11.3371 9
    endloop
  endfacet
  facet normal -0.471602 0.881812 0
    outer loop
      vertex 9.76537 11.1522 9
      vertex 10.1111 11.3371 4
      vertex 9.76537 11.1522 4
    endloop
  endfacet
  facet normal 0.995178 0.0980894 0
    outer loop
      vertex 56.5 13 9
      vertex 56.4327 13.6828 4
      vertex 56.4327 13.6828 9
    endloop
  endfacet
  facet normal 0.995178 0.0980894 0
    outer loop
      vertex 56.4327 13.6828 4
      vertex 56.5 13 9
      vertex 56.5 13 4
    endloop
  endfacet
  facet normal -0.995178 0.0980894 0
    outer loop
      vertex 49.5 13 4
      vertex 49.5673 13.6828 9
      vertex 49.5673 13.6828 4
    endloop
  endfacet
  facet normal -0.995178 0.0980894 0
    outer loop
      vertex 49.5673 13.6828 9
      vertex 49.5 13 4
      vertex 49.5 13 9
    endloop
  endfacet
  facet normal 0.0980894 0.995178 -0
    outer loop
      vertex 53.6828 16.4327 4
      vertex 53 16.5 9
      vertex 53.6828 16.4327 9
    endloop
  endfacet
  facet normal 0.0980894 0.995178 0
    outer loop
      vertex 53 16.5 9
      vertex 53.6828 16.4327 4
      vertex 53 16.5 4
    endloop
  endfacet
  facet normal 0.773073 0.634317 0
    outer loop
      vertex 55.9101 14.9445 9
      vertex 55.4749 15.4749 4
      vertex 55.4749 15.4749 9
    endloop
  endfacet
  facet normal 0.773073 0.634317 0
    outer loop
      vertex 55.4749 15.4749 4
      vertex 55.9101 14.9445 9
      vertex 55.9101 14.9445 4
    endloop
  endfacet
  facet normal 0.956972 0.290181 0
    outer loop
      vertex 56.4327 13.6828 9
      vertex 56.2336 14.3394 4
      vertex 56.2336 14.3394 9
    endloop
  endfacet
  facet normal 0.956972 0.290181 0
    outer loop
      vertex 56.2336 14.3394 4
      vertex 56.4327 13.6828 9
      vertex 56.4327 13.6828 4
    endloop
  endfacet
  facet normal -0.634317 0.773073 0
    outer loop
      vertex 51.0555 15.9101 4
      vertex 50.5251 15.4749 9
      vertex 51.0555 15.9101 9
    endloop
  endfacet
  facet normal -0.634317 0.773073 0
    outer loop
      vertex 50.5251 15.4749 9
      vertex 51.0555 15.9101 4
      vertex 50.5251 15.4749 4
    endloop
  endfacet
  facet normal -0.290181 0.956972 0
    outer loop
      vertex 52.3172 16.4327 4
      vertex 51.6606 16.2336 9
      vertex 52.3172 16.4327 9
    endloop
  endfacet
  facet normal -0.290181 0.956972 0
    outer loop
      vertex 51.6606 16.2336 9
      vertex 52.3172 16.4327 4
      vertex 51.6606 16.2336 4
    endloop
  endfacet
  facet normal 0.634317 -0.773073 0
    outer loop
      vertex 54.9445 10.0899 4
      vertex 55.4749 10.5251 9
      vertex 54.9445 10.0899 9
    endloop
  endfacet
  facet normal 0.634317 -0.773073 0
    outer loop
      vertex 55.4749 10.5251 9
      vertex 54.9445 10.0899 4
      vertex 55.4749 10.5251 4
    endloop
  endfacet
  facet normal -0.773073 -0.634317 0
    outer loop
      vertex 50.5251 10.5251 4
      vertex 50.0899 11.0555 9
      vertex 50.0899 11.0555 4
    endloop
  endfacet
  facet normal -0.773073 -0.634317 0
    outer loop
      vertex 50.0899 11.0555 9
      vertex 50.5251 10.5251 4
      vertex 50.5251 10.5251 9
    endloop
  endfacet
  facet normal 0.88188 0.471473 0
    outer loop
      vertex 56.2336 14.3394 9
      vertex 55.9101 14.9445 4
      vertex 55.9101 14.9445 9
    endloop
  endfacet
  facet normal 0.88188 0.471473 0
    outer loop
      vertex 55.9101 14.9445 4
      vertex 56.2336 14.3394 9
      vertex 56.2336 14.3394 4
    endloop
  endfacet
  facet normal 0.471473 0.88188 -0
    outer loop
      vertex 54.9445 15.9101 4
      vertex 54.3394 16.2336 9
      vertex 54.9445 15.9101 9
    endloop
  endfacet
  facet normal 0.471473 0.88188 0
    outer loop
      vertex 54.3394 16.2336 9
      vertex 54.9445 15.9101 4
      vertex 54.3394 16.2336 4
    endloop
  endfacet
  facet normal 0.290181 0.956972 -0
    outer loop
      vertex 54.3394 16.2336 4
      vertex 53.6828 16.4327 9
      vertex 54.3394 16.2336 9
    endloop
  endfacet
  facet normal 0.290181 0.956972 0
    outer loop
      vertex 53.6828 16.4327 9
      vertex 54.3394 16.2336 4
      vertex 53.6828 16.4327 4
    endloop
  endfacet
  facet normal 0.634317 0.773073 -0
    outer loop
      vertex 55.4749 15.4749 4
      vertex 54.9445 15.9101 9
      vertex 55.4749 15.4749 9
    endloop
  endfacet
  facet normal 0.634317 0.773073 0
    outer loop
      vertex 54.9445 15.9101 9
      vertex 55.4749 15.4749 4
      vertex 54.9445 15.9101 4
    endloop
  endfacet
  facet normal -0.88188 0.471473 0
    outer loop
      vertex 49.7664 14.3394 4
      vertex 50.0899 14.9445 9
      vertex 50.0899 14.9445 4
    endloop
  endfacet
  facet normal -0.88188 0.471473 0
    outer loop
      vertex 50.0899 14.9445 9
      vertex 49.7664 14.3394 4
      vertex 49.7664 14.3394 9
    endloop
  endfacet
  facet normal -0.773073 0.634317 0
    outer loop
      vertex 50.0899 14.9445 4
      vertex 50.5251 15.4749 9
      vertex 50.5251 15.4749 4
    endloop
  endfacet
  facet normal -0.773073 0.634317 0
    outer loop
      vertex 50.5251 15.4749 9
      vertex 50.0899 14.9445 4
      vertex 50.0899 14.9445 9
    endloop
  endfacet
  facet normal -0.956972 0.290181 0
    outer loop
      vertex 49.5673 13.6828 4
      vertex 49.7664 14.3394 9
      vertex 49.7664 14.3394 4
    endloop
  endfacet
  facet normal -0.956972 0.290181 0
    outer loop
      vertex 49.7664 14.3394 9
      vertex 49.5673 13.6828 4
      vertex 49.5673 13.6828 9
    endloop
  endfacet
  facet normal 0 0 1
    outer loop
      vertex 55 13 9
      vertex 56.5 13 9
      vertex 56.4327 13.6828 9
    endloop
  endfacet
  facet normal 0 0 1
    outer loop
      vertex 54.9616 13.3902 9
      vertex 56.4327 13.6828 9
      vertex 56.2336 14.3394 9
    endloop
  endfacet
  facet normal 0 0 1
    outer loop
      vertex 56.5 13 9
      vertex 55 13 9
      vertex 56.4327 12.3172 9
    endloop
  endfacet
  facet normal 0 0 1
    outer loop
      vertex 54.8478 13.7654 9
      vertex 56.2336 14.3394 9
      vertex 55.9101 14.9445 9
    endloop
  endfacet
  facet normal -0 0 1
    outer loop
      vertex 54.9616 12.6098 9
      vertex 56.4327 12.3172 9
      vertex 55 13 9
    endloop
  endfacet
  facet normal 0 0 1
    outer loop
      vertex 54.6629 14.1111 9
      vertex 55.9101 14.9445 9
      vertex 55.4749 15.4749 9
    endloop
  endfacet
  facet normal 0 0 1
    outer loop
      vertex 56.4327 12.3172 9
      vertex 54.9616 12.6098 9
      vertex 56.2336 11.6606 9
    endloop
  endfacet
  facet normal -0 0 1
    outer loop
      vertex 54.8478 12.2346 9
      vertex 56.2336 11.6606 9
      vertex 54.9616 12.6098 9
    endloop
  endfacet
  facet normal 0 0 1
    outer loop
      vertex 56.4327 13.6828 9
      vertex 54.9616 13.3902 9
      vertex 55 13 9
    endloop
  endfacet
  facet normal 0 0 1
    outer loop
      vertex 54.4142 14.4142 9
      vertex 55.4749 15.4749 9
      vertex 54.9445 15.9101 9
    endloop
  endfacet
  facet normal 0 0 1
    outer loop
      vertex 56.2336 14.3394 9
      vertex 54.8478 13.7654 9
      vertex 54.9616 13.3902 9
    endloop
  endfacet
  facet normal 0 0 1
    outer loop
      vertex 55.9101 14.9445 9
      vertex 54.6629 14.1111 9
      vertex 54.8478 13.7654 9
    endloop
  endfacet
  facet normal 0 0 1
    outer loop
      vertex 55.4749 15.4749 9
      vertex 54.4142 14.4142 9
      vertex 54.6629 14.1111 9
    endloop
  endfacet
  facet normal 0 0 1
    outer loop
      vertex 54.1111 14.6629 9
      vertex 54.9445 15.9101 9
      vertex 54.3394 16.2336 9
    endloop
  endfacet
  facet normal 0 0 1
    outer loop
      vertex 54.9445 15.9101 9
      vertex 54.1111 14.6629 9
      vertex 54.4142 14.4142 9
    endloop
  endfacet
  facet normal 0 0 1
    outer loop
      vertex 54.3394 16.2336 9
      vertex 53.7654 14.8478 9
      vertex 54.1111 14.6629 9
    endloop
  endfacet
  facet normal 0 0 1
    outer loop
      vertex 53.6828 16.4327 9
      vertex 53.7654 14.8478 9
      vertex 54.3394 16.2336 9
    endloop
  endfacet
  facet normal 0 0 1
    outer loop
      vertex 53.6828 16.4327 9
      vertex 53.3902 14.9616 9
      vertex 53.7654 14.8478 9
    endloop
  endfacet
  facet normal 0 0 1
    outer loop
      vertex 53 16.5 9
      vertex 53.3902 14.9616 9
      vertex 53.6828 16.4327 9
    endloop
  endfacet
  facet normal 0 0 1
    outer loop
      vertex 53 16.5 9
      vertex 53 15 9
      vertex 53.3902 14.9616 9
    endloop
  endfacet
  facet normal 0 0 1
    outer loop
      vertex 53 16.5 9
      vertex 52.6098 14.9616 9
      vertex 53 15 9
    endloop
  endfacet
  facet normal -0 0 1
    outer loop
      vertex 52.3172 16.4327 9
      vertex 52.6098 14.9616 9
      vertex 53 16.5 9
    endloop
  endfacet
  facet normal 0 0 1
    outer loop
      vertex 52.3172 16.4327 9
      vertex 52.2346 14.8478 9
      vertex 52.6098 14.9616 9
    endloop
  endfacet
  facet normal -0 0 1
    outer loop
      vertex 51.6606 16.2336 9
      vertex 52.2346 14.8478 9
      vertex 52.3172 16.4327 9
    endloop
  endfacet
  facet normal 0 0 1
    outer loop
      vertex 52.2346 14.8478 9
      vertex 51.6606 16.2336 9
      vertex 51.8889 14.6629 9
    endloop
  endfacet
  facet normal -0 0 1
    outer loop
      vertex 51.0555 15.9101 9
      vertex 51.8889 14.6629 9
      vertex 51.6606 16.2336 9
    endloop
  endfacet
  facet normal 0 0 1
    outer loop
      vertex 51.8889 14.6629 9
      vertex 51.0555 15.9101 9
      vertex 51.5858 14.4142 9
    endloop
  endfacet
  facet normal -0 0 1
    outer loop
      vertex 50.5251 15.4749 9
      vertex 51.5858 14.4142 9
      vertex 51.0555 15.9101 9
    endloop
  endfacet
  facet normal 0 0 1
    outer loop
      vertex 51.5858 14.4142 9
      vertex 50.5251 15.4749 9
      vertex 51.3371 14.1111 9
    endloop
  endfacet
  facet normal -0 0 1
    outer loop
      vertex 50.0899 14.9445 9
      vertex 51.3371 14.1111 9
      vertex 50.5251 15.4749 9
    endloop
  endfacet
  facet normal 0 0 1
    outer loop
      vertex 51.3371 14.1111 9
      vertex 50.0899 14.9445 9
      vertex 51.1522 13.7654 9
    endloop
  endfacet
  facet normal -0 0 1
    outer loop
      vertex 49.7664 14.3394 9
      vertex 51.1522 13.7654 9
      vertex 50.0899 14.9445 9
    endloop
  endfacet
  facet normal 0 0 1
    outer loop
      vertex 56.2336 11.6606 9
      vertex 54.8478 12.2346 9
      vertex 55.9101 11.0555 9
    endloop
  endfacet
  facet normal -0 0 1
    outer loop
      vertex 54.6629 11.8889 9
      vertex 55.9101 11.0555 9
      vertex 54.8478 12.2346 9
    endloop
  endfacet
  facet normal 0 0 1
    outer loop
      vertex 55.9101 11.0555 9
      vertex 54.6629 11.8889 9
      vertex 55.4749 10.5251 9
    endloop
  endfacet
  facet normal -0 0 1
    outer loop
      vertex 54.4142 11.5858 9
      vertex 55.4749 10.5251 9
      vertex 54.6629 11.8889 9
    endloop
  endfacet
  facet normal 0 0 1
    outer loop
      vertex 55.4749 10.5251 9
      vertex 54.4142 11.5858 9
      vertex 54.9445 10.0899 9
    endloop
  endfacet
  facet normal -0 0 1
    outer loop
      vertex 54.1111 11.3371 9
      vertex 54.9445 10.0899 9
      vertex 54.4142 11.5858 9
    endloop
  endfacet
  facet normal 0 0 1
    outer loop
      vertex 54.9445 10.0899 9
      vertex 54.1111 11.3371 9
      vertex 54.3394 9.76642 9
    endloop
  endfacet
  facet normal -0 0 1
    outer loop
      vertex 53.7654 11.1522 9
      vertex 54.3394 9.76642 9
      vertex 54.1111 11.3371 9
    endloop
  endfacet
  facet normal 0 0 1
    outer loop
      vertex 53.7654 11.1522 9
      vertex 53.6828 9.56725 9
      vertex 54.3394 9.76642 9
    endloop
  endfacet
  facet normal -0 0 1
    outer loop
      vertex 53.3902 11.0384 9
      vertex 53.6828 9.56725 9
      vertex 53.7654 11.1522 9
    endloop
  endfacet
  facet normal -0 0 1
    outer loop
      vertex 53 11 9
      vertex 53.6828 9.56725 9
      vertex 53.3902 11.0384 9
    endloop
  endfacet
  facet normal 0 0 1
    outer loop
      vertex 53 11 9
      vertex 53 9.5 9
      vertex 53.6828 9.56725 9
    endloop
  endfacet
  facet normal 0 0 1
    outer loop
      vertex 52.6098 11.0384 9
      vertex 53 9.5 9
      vertex 53 11 9
    endloop
  endfacet
  facet normal 0 0 1
    outer loop
      vertex 52.6098 11.0384 9
      vertex 52.3172 9.56725 9
      vertex 53 9.5 9
    endloop
  endfacet
  facet normal 0 0 1
    outer loop
      vertex 52.2346 11.1522 9
      vertex 52.3172 9.56725 9
      vertex 52.6098 11.0384 9
    endloop
  endfacet
  facet normal 0 0 1
    outer loop
      vertex 51.6606 9.76642 9
      vertex 52.2346 11.1522 9
      vertex 51.8889 11.3371 9
    endloop
  endfacet
  facet normal 0 0 1
    outer loop
      vertex 52.2346 11.1522 9
      vertex 51.6606 9.76642 9
      vertex 52.3172 9.56725 9
    endloop
  endfacet
  facet normal 0 0 1
    outer loop
      vertex 51.0555 10.0899 9
      vertex 51.8889 11.3371 9
      vertex 51.5858 11.5858 9
    endloop
  endfacet
  facet normal 0 0 1
    outer loop
      vertex 50.5251 10.5251 9
      vertex 51.5858 11.5858 9
      vertex 51.3371 11.8889 9
    endloop
  endfacet
  facet normal 0 0 1
    outer loop
      vertex 50.0899 11.0555 9
      vertex 51.3371 11.8889 9
      vertex 51.1522 12.2346 9
    endloop
  endfacet
  facet normal 0 0 1
    outer loop
      vertex 51.8889 11.3371 9
      vertex 51.0555 10.0899 9
      vertex 51.6606 9.76642 9
    endloop
  endfacet
  facet normal 0 0 1
    outer loop
      vertex 49.7664 11.6606 9
      vertex 51.1522 12.2346 9
      vertex 51.0384 12.6098 9
    endloop
  endfacet
  facet normal 0 0 1
    outer loop
      vertex 49.5673 12.3172 9
      vertex 51.0384 12.6098 9
      vertex 51 13 9
    endloop
  endfacet
  facet normal 0 0 1
    outer loop
      vertex 51.1522 13.7654 9
      vertex 49.7664 14.3394 9
      vertex 51.0384 13.3902 9
    endloop
  endfacet
  facet normal 0 0 1
    outer loop
      vertex 51.5858 11.5858 9
      vertex 50.5251 10.5251 9
      vertex 51.0555 10.0899 9
    endloop
  endfacet
  facet normal -0 0 1
    outer loop
      vertex 49.5673 13.6828 9
      vertex 51.0384 13.3902 9
      vertex 49.7664 14.3394 9
    endloop
  endfacet
  facet normal 0 0 1
    outer loop
      vertex 51.3371 11.8889 9
      vertex 50.0899 11.0555 9
      vertex 50.5251 10.5251 9
    endloop
  endfacet
  facet normal 0 0 1
    outer loop
      vertex 51.0384 13.3902 9
      vertex 49.5673 13.6828 9
      vertex 51 13 9
    endloop
  endfacet
  facet normal 0 0 1
    outer loop
      vertex 51.1522 12.2346 9
      vertex 49.7664 11.6606 9
      vertex 50.0899 11.0555 9
    endloop
  endfacet
  facet normal 0 0 1
    outer loop
      vertex 49.5 13 9
      vertex 51 13 9
      vertex 49.5673 13.6828 9
    endloop
  endfacet
  facet normal 0 0 1
    outer loop
      vertex 51.0384 12.6098 9
      vertex 49.5673 12.3172 9
      vertex 49.7664 11.6606 9
    endloop
  endfacet
  facet normal 0 0 1
    outer loop
      vertex 51 13 9
      vertex 49.5 13 9
      vertex 49.5673 12.3172 9
    endloop
  endfacet
  facet normal -0.471473 0.88188 0
    outer loop
      vertex 51.6606 16.2336 4
      vertex 51.0555 15.9101 9
      vertex 51.6606 16.2336 9
    endloop
  endfacet
  facet normal -0.471473 0.88188 0
    outer loop
      vertex 51.0555 15.9101 9
      vertex 51.6606 16.2336 4
      vertex 51.0555 15.9101 4
    endloop
  endfacet
  facet normal -0.0980894 0.995178 0
    outer loop
      vertex 53 16.5 4
      vertex 52.3172 16.4327 9
      vertex 53 16.5 9
    endloop
  endfacet
  facet normal -0.0980894 0.995178 0
    outer loop
      vertex 52.3172 16.4327 9
      vertex 53 16.5 4
      vertex 52.3172 16.4327 4
    endloop
  endfacet
  facet normal 0.0980172 -0.995185 0
    outer loop
      vertex 53 9.5 4
      vertex 53.6828 9.56725 9
      vertex 53 9.5 9
    endloop
  endfacet
  facet normal 0.0980172 -0.995185 0
    outer loop
      vertex 53.6828 9.56725 9
      vertex 53 9.5 4
      vertex 53.6828 9.56725 4
    endloop
  endfacet
  facet normal 0.47145 -0.881893 0
    outer loop
      vertex 54.3394 9.76642 4
      vertex 54.9445 10.0899 9
      vertex 54.3394 9.76642 9
    endloop
  endfacet
  facet normal 0.47145 -0.881893 0
    outer loop
      vertex 54.9445 10.0899 9
      vertex 54.3394 9.76642 4
      vertex 54.9445 10.0899 4
    endloop
  endfacet
  facet normal 0.995178 -0.0980894 0
    outer loop
      vertex 56.4327 12.3172 9
      vertex 56.5 13 4
      vertex 56.5 13 9
    endloop
  endfacet
  facet normal 0.995178 -0.0980894 0
    outer loop
      vertex 56.5 13 4
      vertex 56.4327 12.3172 9
      vertex 56.4327 12.3172 4
    endloop
  endfacet
  facet normal -0.634317 -0.773073 0
    outer loop
      vertex 50.5251 10.5251 4
      vertex 51.0555 10.0899 9
      vertex 50.5251 10.5251 9
    endloop
  endfacet
  facet normal -0.634317 -0.773073 -0
    outer loop
      vertex 51.0555 10.0899 9
      vertex 50.5251 10.5251 4
      vertex 51.0555 10.0899 4
    endloop
  endfacet
  facet normal -0.290275 -0.956943 0
    outer loop
      vertex 51.6606 9.76642 4
      vertex 52.3172 9.56725 9
      vertex 51.6606 9.76642 9
    endloop
  endfacet
  facet normal -0.290275 -0.956943 -0
    outer loop
      vertex 52.3172 9.56725 9
      vertex 51.6606 9.76642 4
      vertex 52.3172 9.56725 4
    endloop
  endfacet
  facet normal -0.995178 -0.0980894 0
    outer loop
      vertex 49.5673 12.3172 4
      vertex 49.5 13 9
      vertex 49.5 13 4
    endloop
  endfacet
  facet normal -0.995178 -0.0980894 0
    outer loop
      vertex 49.5 13 9
      vertex 49.5673 12.3172 4
      vertex 49.5673 12.3172 9
    endloop
  endfacet
  facet normal -0.88188 -0.471473 0
    outer loop
      vertex 50.0899 11.0555 4
      vertex 49.7664 11.6606 9
      vertex 49.7664 11.6606 4
    endloop
  endfacet
  facet normal -0.88188 -0.471473 0
    outer loop
      vertex 49.7664 11.6606 9
      vertex 50.0899 11.0555 4
      vertex 50.0899 11.0555 9
    endloop
  endfacet
  facet normal 0.290275 -0.956943 0
    outer loop
      vertex 53.6828 9.56725 4
      vertex 54.3394 9.76642 9
      vertex 53.6828 9.56725 9
    endloop
  endfacet
  facet normal 0.290275 -0.956943 0
    outer loop
      vertex 54.3394 9.76642 9
      vertex 53.6828 9.56725 4
      vertex 54.3394 9.76642 4
    endloop
  endfacet
  facet normal 0.88188 -0.471473 0
    outer loop
      vertex 55.9101 11.0555 9
      vertex 56.2336 11.6606 4
      vertex 56.2336 11.6606 9
    endloop
  endfacet
  facet normal 0.88188 -0.471473 0
    outer loop
      vertex 56.2336 11.6606 4
      vertex 55.9101 11.0555 9
      vertex 55.9101 11.0555 4
    endloop
  endfacet
  facet normal 0.773073 -0.634317 0
    outer loop
      vertex 55.4749 10.5251 9
      vertex 55.9101 11.0555 4
      vertex 55.9101 11.0555 9
    endloop
  endfacet
  facet normal 0.773073 -0.634317 0
    outer loop
      vertex 55.9101 11.0555 4
      vertex 55.4749 10.5251 9
      vertex 55.4749 10.5251 4
    endloop
  endfacet
  facet normal 0.956972 -0.290181 0
    outer loop
      vertex 56.2336 11.6606 9
      vertex 56.4327 12.3172 4
      vertex 56.4327 12.3172 9
    endloop
  endfacet
  facet normal 0.956972 -0.290181 0
    outer loop
      vertex 56.4327 12.3172 4
      vertex 56.2336 11.6606 9
      vertex 56.2336 11.6606 4
    endloop
  endfacet
  facet normal -0.47145 -0.881893 0
    outer loop
      vertex 51.0555 10.0899 4
      vertex 51.6606 9.76642 9
      vertex 51.0555 10.0899 9
    endloop
  endfacet
  facet normal -0.47145 -0.881893 -0
    outer loop
      vertex 51.6606 9.76642 9
      vertex 51.0555 10.0899 4
      vertex 51.6606 9.76642 4
    endloop
  endfacet
  facet normal -0.0980172 -0.995185 0
    outer loop
      vertex 52.3172 9.56725 4
      vertex 53 9.5 9
      vertex 52.3172 9.56725 9
    endloop
  endfacet
  facet normal -0.0980172 -0.995185 -0
    outer loop
      vertex 53 9.5 9
      vertex 52.3172 9.56725 4
      vertex 53 9.5 4
    endloop
  endfacet
  facet normal -0.956972 -0.290181 0
    outer loop
      vertex 49.7664 11.6606 4
      vertex 49.5673 12.3172 9
      vertex 49.5673 12.3172 4
    endloop
  endfacet
  facet normal -0.956972 -0.290181 0
    outer loop
      vertex 49.5673 12.3172 9
      vertex 49.7664 11.6606 4
      vertex 49.7664 11.6606 9
    endloop
  endfacet
  facet normal -0.471634 -0.881795 0
    outer loop
      vertex 53.7654 14.8478 4
      vertex 54.1111 14.6629 9
      vertex 53.7654 14.8478 9
    endloop
  endfacet
  facet normal -0.471634 -0.881795 -0
    outer loop
      vertex 54.1111 14.6629 9
      vertex 53.7654 14.8478 4
      vertex 54.1111 14.6629 4
    endloop
  endfacet
  facet normal 0.956951 -0.290248 0
    outer loop
      vertex 51.0384 13.3902 9
      vertex 51.1522 13.7654 4
      vertex 51.1522 13.7654 9
    endloop
  endfacet
  facet normal 0.956951 -0.290248 0
    outer loop
      vertex 51.1522 13.7654 4
      vertex 51.0384 13.3902 9
      vertex 51.0384 13.3902 4
    endloop
  endfacet
  facet normal -0.995193 0.097938 0
    outer loop
      vertex 54.9616 12.6098 4
      vertex 55 13 9
      vertex 55 13 4
    endloop
  endfacet
  facet normal -0.995193 0.097938 0
    outer loop
      vertex 55 13 9
      vertex 54.9616 12.6098 4
      vertex 54.9616 12.6098 9
    endloop
  endfacet
  facet normal 0.290248 0.956951 -0
    outer loop
      vertex 52.6098 11.0384 4
      vertex 52.2346 11.1522 9
      vertex 52.6098 11.0384 9
    endloop
  endfacet
  facet normal 0.290248 0.956951 0
    outer loop
      vertex 52.2346 11.1522 9
      vertex 52.6098 11.0384 4
      vertex 52.2346 11.1522 4
    endloop
  endfacet
  facet normal -0.097938 -0.995193 0
    outer loop
      vertex 53 15 4
      vertex 53.3902 14.9616 9
      vertex 53 15 9
    endloop
  endfacet
  facet normal -0.097938 -0.995193 -0
    outer loop
      vertex 53.3902 14.9616 9
      vertex 53 15 4
      vertex 53.3902 14.9616 4
    endloop
  endfacet
  facet normal 0.290248 -0.956951 0
    outer loop
      vertex 52.2346 14.8478 4
      vertex 52.6098 14.9616 9
      vertex 52.2346 14.8478 9
    endloop
  endfacet
  facet normal 0.290248 -0.956951 0
    outer loop
      vertex 52.6098 14.9616 9
      vertex 52.2346 14.8478 4
      vertex 52.6098 14.9616 4
    endloop
  endfacet
  facet normal 0.881795 -0.471634 0
    outer loop
      vertex 51.1522 13.7654 9
      vertex 51.3371 14.1111 4
      vertex 51.3371 14.1111 9
    endloop
  endfacet
  facet normal 0.881795 -0.471634 0
    outer loop
      vertex 51.3371 14.1111 4
      vertex 51.1522 13.7654 9
      vertex 51.1522 13.7654 4
    endloop
  endfacet
  facet normal 0.881795 0.471634 0
    outer loop
      vertex 51.3371 11.8889 9
      vertex 51.1522 12.2346 4
      vertex 51.1522 12.2346 9
    endloop
  endfacet
  facet normal 0.881795 0.471634 0
    outer loop
      vertex 51.1522 12.2346 4
      vertex 51.3371 11.8889 9
      vertex 51.3371 11.8889 4
    endloop
  endfacet
  facet normal -0.956951 -0.290248 0
    outer loop
      vertex 54.9616 13.3902 4
      vertex 54.8478 13.7654 9
      vertex 54.8478 13.7654 4
    endloop
  endfacet
  facet normal -0.956951 -0.290248 0
    outer loop
      vertex 54.8478 13.7654 9
      vertex 54.9616 13.3902 4
      vertex 54.9616 13.3902 9
    endloop
  endfacet
  facet normal -0.881795 -0.471634 0
    outer loop
      vertex 54.8478 13.7654 4
      vertex 54.6629 14.1111 9
      vertex 54.6629 14.1111 4
    endloop
  endfacet
  facet normal -0.881795 -0.471634 0
    outer loop
      vertex 54.6629 14.1111 9
      vertex 54.8478 13.7654 4
      vertex 54.8478 13.7654 9
    endloop
  endfacet
  facet normal -0.77307 -0.634321 0
    outer loop
      vertex 54.6629 14.1111 4
      vertex 54.4142 14.4142 9
      vertex 54.4142 14.4142 4
    endloop
  endfacet
  facet normal -0.77307 -0.634321 0
    outer loop
      vertex 54.4142 14.4142 9
      vertex 54.6629 14.1111 4
      vertex 54.6629 14.1111 9
    endloop
  endfacet
  facet normal -0.634321 -0.77307 0
    outer loop
      vertex 54.1111 14.6629 4
      vertex 54.4142 14.4142 9
      vertex 54.1111 14.6629 9
    endloop
  endfacet
  facet normal -0.634321 -0.77307 -0
    outer loop
      vertex 54.4142 14.4142 9
      vertex 54.1111 14.6629 4
      vertex 54.4142 14.4142 4
    endloop
  endfacet
  facet normal -0.290248 -0.956951 0
    outer loop
      vertex 53.3902 14.9616 4
      vertex 53.7654 14.8478 9
      vertex 53.3902 14.9616 9
    endloop
  endfacet
  facet normal -0.290248 -0.956951 -0
    outer loop
      vertex 53.7654 14.8478 9
      vertex 53.3902 14.9616 4
      vertex 53.7654 14.8478 4
    endloop
  endfacet
  facet normal 0.995193 -0.097938 0
    outer loop
      vertex 51 13 9
      vertex 51.0384 13.3902 4
      vertex 51.0384 13.3902 9
    endloop
  endfacet
  facet normal 0.995193 -0.097938 0
    outer loop
      vertex 51.0384 13.3902 4
      vertex 51 13 9
      vertex 51 13 4
    endloop
  endfacet
  facet normal 0.77307 -0.634321 0
    outer loop
      vertex 51.3371 14.1111 9
      vertex 51.5858 14.4142 4
      vertex 51.5858 14.4142 9
    endloop
  endfacet
  facet normal 0.77307 -0.634321 0
    outer loop
      vertex 51.5858 14.4142 4
      vertex 51.3371 14.1111 9
      vertex 51.3371 14.1111 4
    endloop
  endfacet
  facet normal 0.471634 -0.881795 0
    outer loop
      vertex 51.8889 14.6629 4
      vertex 52.2346 14.8478 9
      vertex 51.8889 14.6629 9
    endloop
  endfacet
  facet normal 0.471634 -0.881795 0
    outer loop
      vertex 52.2346 14.8478 9
      vertex 51.8889 14.6629 4
      vertex 52.2346 14.8478 4
    endloop
  endfacet
  facet normal 0.097938 -0.995193 0
    outer loop
      vertex 52.6098 14.9616 4
      vertex 53 15 9
      vertex 52.6098 14.9616 9
    endloop
  endfacet
  facet normal 0.097938 -0.995193 0
    outer loop
      vertex 53 15 9
      vertex 52.6098 14.9616 4
      vertex 53 15 4
    endloop
  endfacet
  facet normal 0.634321 -0.77307 0
    outer loop
      vertex 51.5858 14.4142 4
      vertex 51.8889 14.6629 9
      vertex 51.5858 14.4142 9
    endloop
  endfacet
  facet normal 0.634321 -0.77307 0
    outer loop
      vertex 51.8889 14.6629 9
      vertex 51.5858 14.4142 4
      vertex 51.8889 14.6629 4
    endloop
  endfacet
  facet normal -0.995193 -0.097938 0
    outer loop
      vertex 55 13 4
      vertex 54.9616 13.3902 9
      vertex 54.9616 13.3902 4
    endloop
  endfacet
  facet normal -0.995193 -0.097938 0
    outer loop
      vertex 54.9616 13.3902 9
      vertex 55 13 4
      vertex 55 13 9
    endloop
  endfacet
  facet normal -0.097938 0.995193 0
    outer loop
      vertex 53.3902 11.0384 4
      vertex 53 11 9
      vertex 53.3902 11.0384 9
    endloop
  endfacet
  facet normal -0.097938 0.995193 0
    outer loop
      vertex 53 11 9
      vertex 53.3902 11.0384 4
      vertex 53 11 4
    endloop
  endfacet
  facet normal -0.290248 0.956951 0
    outer loop
      vertex 53.7654 11.1522 4
      vertex 53.3902 11.0384 9
      vertex 53.7654 11.1522 9
    endloop
  endfacet
  facet normal -0.290248 0.956951 0
    outer loop
      vertex 53.3902 11.0384 9
      vertex 53.7654 11.1522 4
      vertex 53.3902 11.0384 4
    endloop
  endfacet
  facet normal -0.634321 0.77307 0
    outer loop
      vertex 54.4142 11.5858 4
      vertex 54.1111 11.3371 9
      vertex 54.4142 11.5858 9
    endloop
  endfacet
  facet normal -0.634321 0.77307 0
    outer loop
      vertex 54.1111 11.3371 9
      vertex 54.4142 11.5858 4
      vertex 54.1111 11.3371 4
    endloop
  endfacet
  facet normal -0.881795 0.471634 0
    outer loop
      vertex 54.6629 11.8889 4
      vertex 54.8478 12.2346 9
      vertex 54.8478 12.2346 4
    endloop
  endfacet
  facet normal -0.881795 0.471634 0
    outer loop
      vertex 54.8478 12.2346 9
      vertex 54.6629 11.8889 4
      vertex 54.6629 11.8889 9
    endloop
  endfacet
  facet normal 0.097938 0.995193 -0
    outer loop
      vertex 53 11 4
      vertex 52.6098 11.0384 9
      vertex 53 11 9
    endloop
  endfacet
  facet normal 0.097938 0.995193 0
    outer loop
      vertex 52.6098 11.0384 9
      vertex 53 11 4
      vertex 52.6098 11.0384 4
    endloop
  endfacet
  facet normal 0.471634 0.881795 -0
    outer loop
      vertex 52.2346 11.1522 4
      vertex 51.8889 11.3371 9
      vertex 52.2346 11.1522 9
    endloop
  endfacet
  facet normal 0.471634 0.881795 0
    outer loop
      vertex 51.8889 11.3371 9
      vertex 52.2346 11.1522 4
      vertex 51.8889 11.3371 4
    endloop
  endfacet
  facet normal 0.634321 0.77307 -0
    outer loop
      vertex 51.8889 11.3371 4
      vertex 51.5858 11.5858 9
      vertex 51.8889 11.3371 9
    endloop
  endfacet
  facet normal 0.634321 0.77307 0
    outer loop
      vertex 51.5858 11.5858 9
      vertex 51.8889 11.3371 4
      vertex 51.5858 11.5858 4
    endloop
  endfacet
  facet normal 0.995193 0.097938 0
    outer loop
      vertex 51.0384 12.6098 9
      vertex 51 13 4
      vertex 51 13 9
    endloop
  endfacet
  facet normal 0.995193 0.097938 0
    outer loop
      vertex 51 13 4
      vertex 51.0384 12.6098 9
      vertex 51.0384 12.6098 4
    endloop
  endfacet
  facet normal -0.77307 0.634321 0
    outer loop
      vertex 54.4142 11.5858 4
      vertex 54.6629 11.8889 9
      vertex 54.6629 11.8889 4
    endloop
  endfacet
  facet normal -0.77307 0.634321 0
    outer loop
      vertex 54.6629 11.8889 9
      vertex 54.4142 11.5858 4
      vertex 54.4142 11.5858 9
    endloop
  endfacet
  facet normal -0.956951 0.290248 0
    outer loop
      vertex 54.8478 12.2346 4
      vertex 54.9616 12.6098 9
      vertex 54.9616 12.6098 4
    endloop
  endfacet
  facet normal -0.956951 0.290248 0
    outer loop
      vertex 54.9616 12.6098 9
      vertex 54.8478 12.2346 4
      vertex 54.8478 12.2346 9
    endloop
  endfacet
  facet normal 0.956951 0.290248 0
    outer loop
      vertex 51.1522 12.2346 9
      vertex 51.0384 12.6098 4
      vertex 51.0384 12.6098 9
    endloop
  endfacet
  facet normal 0.956951 0.290248 0
    outer loop
      vertex 51.0384 12.6098 4
      vertex 51.1522 12.2346 9
      vertex 51.1522 12.2346 4
    endloop
  endfacet
  facet normal 0.77307 0.634321 0
    outer loop
      vertex 51.5858 11.5858 9
      vertex 51.3371 11.8889 4
      vertex 51.3371 11.8889 9
    endloop
  endfacet
  facet normal 0.77307 0.634321 0
    outer loop
      vertex 51.3371 11.8889 4
      vertex 51.5858 11.5858 9
      vertex 51.5858 11.5858 4
    endloop
  endfacet
  facet normal -0.471634 0.881795 0
    outer loop
      vertex 54.1111 11.3371 4
      vertex 53.7654 11.1522 9
      vertex 54.1111 11.3371 9
    endloop
  endfacet
  facet normal -0.471634 0.881795 0
    outer loop
      vertex 53.7654 11.1522 9
      vertex 54.1111 11.3371 4
      vertex 53.7654 11.1522 4
    endloop
  endfacet
  facet normal 0.995178 0.0980894 0
    outer loop
      vertex 12.5 57 9
      vertex 12.4327 57.6828 4
      vertex 12.4327 57.6828 9
    endloop
  endfacet
  facet normal 0.995178 0.0980894 0
    outer loop
      vertex 12.4327 57.6828 4
      vertex 12.5 57 9
      vertex 12.5 57 4
    endloop
  endfacet
  facet normal -0.995185 0.0980172 0
    outer loop
      vertex 5.5 57 4
      vertex 5.56725 57.6828 9
      vertex 5.56725 57.6828 4
    endloop
  endfacet
  facet normal -0.995185 0.0980172 0
    outer loop
      vertex 5.56725 57.6828 9
      vertex 5.5 57 4
      vertex 5.5 57 9
    endloop
  endfacet
  facet normal 0.0980866 0.995178 -0
    outer loop
      vertex 9.68282 60.4327 4
      vertex 9 60.5 9
      vertex 9.68282 60.4327 9
    endloop
  endfacet
  facet normal 0.0980866 0.995178 0
    outer loop
      vertex 9 60.5 9
      vertex 9.68282 60.4327 4
      vertex 9 60.5 4
    endloop
  endfacet
  facet normal 0.773073 0.634317 0
    outer loop
      vertex 11.9101 58.9445 9
      vertex 11.4749 59.4749 4
      vertex 11.4749 59.4749 9
    endloop
  endfacet
  facet normal 0.773073 0.634317 0
    outer loop
      vertex 11.4749 59.4749 4
      vertex 11.9101 58.9445 9
      vertex 11.9101 58.9445 4
    endloop
  endfacet
  facet normal 0.956972 0.290181 0
    outer loop
      vertex 12.4327 57.6828 9
      vertex 12.2336 58.3394 4
      vertex 12.2336 58.3394 9
    endloop
  endfacet
  facet normal 0.956972 0.290181 0
    outer loop
      vertex 12.2336 58.3394 4
      vertex 12.4327 57.6828 9
      vertex 12.4327 57.6828 4
    endloop
  endfacet
  facet normal -0.634338 0.773056 0
    outer loop
      vertex 7.0555 59.9101 4
      vertex 6.52513 59.4749 9
      vertex 7.0555 59.9101 9
    endloop
  endfacet
  facet normal -0.634338 0.773056 0
    outer loop
      vertex 6.52513 59.4749 9
      vertex 7.0555 59.9101 4
      vertex 6.52513 59.4749 4
    endloop
  endfacet
  facet normal -0.290193 0.956968 0
    outer loop
      vertex 8.31718 60.4327 4
      vertex 7.66061 60.2336 9
      vertex 8.31718 60.4327 9
    endloop
  endfacet
  facet normal -0.290193 0.956968 0
    outer loop
      vertex 7.66061 60.2336 9
      vertex 8.31718 60.4327 4
      vertex 7.66061 60.2336 4
    endloop
  endfacet
  facet normal 0.634317 -0.773073 0
    outer loop
      vertex 10.9445 54.0899 4
      vertex 11.4749 54.5251 9
      vertex 10.9445 54.0899 9
    endloop
  endfacet
  facet normal 0.634317 -0.773073 0
    outer loop
      vertex 11.4749 54.5251 9
      vertex 10.9445 54.0899 4
      vertex 11.4749 54.5251 4
    endloop
  endfacet
  facet normal -0.773023 -0.634378 0
    outer loop
      vertex 6.52513 54.5251 4
      vertex 6.08986 55.0555 9
      vertex 6.08986 55.0555 4
    endloop
  endfacet
  facet normal -0.773023 -0.634378 0
    outer loop
      vertex 6.08986 55.0555 9
      vertex 6.52513 54.5251 4
      vertex 6.52513 54.5251 9
    endloop
  endfacet
  facet normal 0.88188 0.471473 0
    outer loop
      vertex 12.2336 58.3394 9
      vertex 11.9101 58.9445 4
      vertex 11.9101 58.9445 9
    endloop
  endfacet
  facet normal 0.88188 0.471473 0
    outer loop
      vertex 11.9101 58.9445 4
      vertex 12.2336 58.3394 9
      vertex 12.2336 58.3394 4
    endloop
  endfacet
  facet normal 0.471473 0.88188 -0
    outer loop
      vertex 10.9445 59.9101 4
      vertex 10.3394 60.2336 9
      vertex 10.9445 59.9101 9
    endloop
  endfacet
  facet normal 0.471473 0.88188 0
    outer loop
      vertex 10.3394 60.2336 9
      vertex 10.9445 59.9101 4
      vertex 10.3394 60.2336 4
    endloop
  endfacet
  facet normal 0.290189 0.956969 -0
    outer loop
      vertex 10.3394 60.2336 4
      vertex 9.68282 60.4327 9
      vertex 10.3394 60.2336 9
    endloop
  endfacet
  facet normal 0.290189 0.956969 0
    outer loop
      vertex 9.68282 60.4327 9
      vertex 10.3394 60.2336 4
      vertex 9.68282 60.4327 4
    endloop
  endfacet
  facet normal 0.634317 0.773073 -0
    outer loop
      vertex 11.4749 59.4749 4
      vertex 10.9445 59.9101 9
      vertex 11.4749 59.4749 9
    endloop
  endfacet
  facet normal 0.634317 0.773073 0
    outer loop
      vertex 10.9445 59.9101 9
      vertex 11.4749 59.4749 4
      vertex 10.9445 59.9101 4
    endloop
  endfacet
  facet normal -0.881917 0.471405 0
    outer loop
      vertex 5.76642 58.3394 4
      vertex 6.08986 58.9445 9
      vertex 6.08986 58.9445 4
    endloop
  endfacet
  facet normal -0.881917 0.471405 0
    outer loop
      vertex 6.08986 58.9445 9
      vertex 5.76642 58.3394 4
      vertex 5.76642 58.3394 9
    endloop
  endfacet
  facet normal -0.773023 0.634378 0
    outer loop
      vertex 6.08986 58.9445 4
      vertex 6.52513 59.4749 9
      vertex 6.52513 59.4749 4
    endloop
  endfacet
  facet normal -0.773023 0.634378 0
    outer loop
      vertex 6.52513 59.4749 9
      vertex 6.08986 58.9445 4
      vertex 6.08986 58.9445 9
    endloop
  endfacet
  facet normal -0.956943 0.290275 0
    outer loop
      vertex 5.56725 57.6828 4
      vertex 5.76642 58.3394 9
      vertex 5.76642 58.3394 4
    endloop
  endfacet
  facet normal -0.956943 0.290275 0
    outer loop
      vertex 5.76642 58.3394 9
      vertex 5.56725 57.6828 4
      vertex 5.56725 57.6828 9
    endloop
  endfacet
  facet normal 0 0 1
    outer loop
      vertex 11 57 9
      vertex 12.5 57 9
      vertex 12.4327 57.6828 9
    endloop
  endfacet
  facet normal 0 0 1
    outer loop
      vertex 10.9616 57.3902 9
      vertex 12.4327 57.6828 9
      vertex 12.2336 58.3394 9
    endloop
  endfacet
  facet normal 0 0 1
    outer loop
      vertex 12.5 57 9
      vertex 11 57 9
      vertex 12.4327 56.3172 9
    endloop
  endfacet
  facet normal 0 0 1
    outer loop
      vertex 10.8478 57.7654 9
      vertex 12.2336 58.3394 9
      vertex 11.9101 58.9445 9
    endloop
  endfacet
  facet normal -0 0 1
    outer loop
      vertex 10.9616 56.6098 9
      vertex 12.4327 56.3172 9
      vertex 11 57 9
    endloop
  endfacet
  facet normal 0 0 1
    outer loop
      vertex 10.6629 58.1111 9
      vertex 11.9101 58.9445 9
      vertex 11.4749 59.4749 9
    endloop
  endfacet
  facet normal 0 0 1
    outer loop
      vertex 12.4327 56.3172 9
      vertex 10.9616 56.6098 9
      vertex 12.2336 55.6606 9
    endloop
  endfacet
  facet normal -0 0 1
    outer loop
      vertex 10.8478 56.2346 9
      vertex 12.2336 55.6606 9
      vertex 10.9616 56.6098 9
    endloop
  endfacet
  facet normal 0 0 1
    outer loop
      vertex 12.4327 57.6828 9
      vertex 10.9616 57.3902 9
      vertex 11 57 9
    endloop
  endfacet
  facet normal 0 0 1
    outer loop
      vertex 10.4142 58.4142 9
      vertex 11.4749 59.4749 9
      vertex 10.9445 59.9101 9
    endloop
  endfacet
  facet normal 0 0 1
    outer loop
      vertex 12.2336 58.3394 9
      vertex 10.8478 57.7654 9
      vertex 10.9616 57.3902 9
    endloop
  endfacet
  facet normal 0 0 1
    outer loop
      vertex 11.9101 58.9445 9
      vertex 10.6629 58.1111 9
      vertex 10.8478 57.7654 9
    endloop
  endfacet
  facet normal 0 0 1
    outer loop
      vertex 11.4749 59.4749 9
      vertex 10.4142 58.4142 9
      vertex 10.6629 58.1111 9
    endloop
  endfacet
  facet normal 0 0 1
    outer loop
      vertex 10.1111 58.6629 9
      vertex 10.9445 59.9101 9
      vertex 10.3394 60.2336 9
    endloop
  endfacet
  facet normal 0 0 1
    outer loop
      vertex 10.9445 59.9101 9
      vertex 10.1111 58.6629 9
      vertex 10.4142 58.4142 9
    endloop
  endfacet
  facet normal 0 0 1
    outer loop
      vertex 10.3394 60.2336 9
      vertex 9.76537 58.8478 9
      vertex 10.1111 58.6629 9
    endloop
  endfacet
  facet normal 0 0 1
    outer loop
      vertex 9.68282 60.4327 9
      vertex 9.76537 58.8478 9
      vertex 10.3394 60.2336 9
    endloop
  endfacet
  facet normal 0 0 1
    outer loop
      vertex 9.68282 60.4327 9
      vertex 9.39018 58.9616 9
      vertex 9.76537 58.8478 9
    endloop
  endfacet
  facet normal 0 0 1
    outer loop
      vertex 9 60.5 9
      vertex 9.39018 58.9616 9
      vertex 9.68282 60.4327 9
    endloop
  endfacet
  facet normal 0 0 1
    outer loop
      vertex 9 60.5 9
      vertex 9 59 9
      vertex 9.39018 58.9616 9
    endloop
  endfacet
  facet normal 0 0 1
    outer loop
      vertex 9 60.5 9
      vertex 8.60982 58.9616 9
      vertex 9 59 9
    endloop
  endfacet
  facet normal -0 0 1
    outer loop
      vertex 8.31718 60.4327 9
      vertex 8.60982 58.9616 9
      vertex 9 60.5 9
    endloop
  endfacet
  facet normal 0 0 1
    outer loop
      vertex 8.31718 60.4327 9
      vertex 8.23463 58.8478 9
      vertex 8.60982 58.9616 9
    endloop
  endfacet
  facet normal -0 0 1
    outer loop
      vertex 7.66061 60.2336 9
      vertex 8.23463 58.8478 9
      vertex 8.31718 60.4327 9
    endloop
  endfacet
  facet normal 0 0 1
    outer loop
      vertex 8.23463 58.8478 9
      vertex 7.66061 60.2336 9
      vertex 7.88886 58.6629 9
    endloop
  endfacet
  facet normal -0 0 1
    outer loop
      vertex 7.0555 59.9101 9
      vertex 7.88886 58.6629 9
      vertex 7.66061 60.2336 9
    endloop
  endfacet
  facet normal 0 0 1
    outer loop
      vertex 7.88886 58.6629 9
      vertex 7.0555 59.9101 9
      vertex 7.58579 58.4142 9
    endloop
  endfacet
  facet normal -0 0 1
    outer loop
      vertex 6.52513 59.4749 9
      vertex 7.58579 58.4142 9
      vertex 7.0555 59.9101 9
    endloop
  endfacet
  facet normal 0 0 1
    outer loop
      vertex 7.58579 58.4142 9
      vertex 6.52513 59.4749 9
      vertex 7.33706 58.1111 9
    endloop
  endfacet
  facet normal -0 0 1
    outer loop
      vertex 6.08986 58.9445 9
      vertex 7.33706 58.1111 9
      vertex 6.52513 59.4749 9
    endloop
  endfacet
  facet normal 0 0 1
    outer loop
      vertex 7.33706 58.1111 9
      vertex 6.08986 58.9445 9
      vertex 7.15224 57.7654 9
    endloop
  endfacet
  facet normal -0 0 1
    outer loop
      vertex 5.76642 58.3394 9
      vertex 7.15224 57.7654 9
      vertex 6.08986 58.9445 9
    endloop
  endfacet
  facet normal 0 0 1
    outer loop
      vertex 12.2336 55.6606 9
      vertex 10.8478 56.2346 9
      vertex 11.9101 55.0555 9
    endloop
  endfacet
  facet normal -0 0 1
    outer loop
      vertex 10.6629 55.8889 9
      vertex 11.9101 55.0555 9
      vertex 10.8478 56.2346 9
    endloop
  endfacet
  facet normal 0 0 1
    outer loop
      vertex 11.9101 55.0555 9
      vertex 10.6629 55.8889 9
      vertex 11.4749 54.5251 9
    endloop
  endfacet
  facet normal -0 0 1
    outer loop
      vertex 10.4142 55.5858 9
      vertex 11.4749 54.5251 9
      vertex 10.6629 55.8889 9
    endloop
  endfacet
  facet normal 0 0 1
    outer loop
      vertex 11.4749 54.5251 9
      vertex 10.4142 55.5858 9
      vertex 10.9445 54.0899 9
    endloop
  endfacet
  facet normal -0 0 1
    outer loop
      vertex 10.1111 55.3371 9
      vertex 10.9445 54.0899 9
      vertex 10.4142 55.5858 9
    endloop
  endfacet
  facet normal 0 0 1
    outer loop
      vertex 10.9445 54.0899 9
      vertex 10.1111 55.3371 9
      vertex 10.3394 53.7664 9
    endloop
  endfacet
  facet normal -0 0 1
    outer loop
      vertex 9.76537 55.1522 9
      vertex 10.3394 53.7664 9
      vertex 10.1111 55.3371 9
    endloop
  endfacet
  facet normal 0 0 1
    outer loop
      vertex 9.76537 55.1522 9
      vertex 9.68282 53.5673 9
      vertex 10.3394 53.7664 9
    endloop
  endfacet
  facet normal -0 0 1
    outer loop
      vertex 9.39018 55.0384 9
      vertex 9.68282 53.5673 9
      vertex 9.76537 55.1522 9
    endloop
  endfacet
  facet normal -0 0 1
    outer loop
      vertex 9 55 9
      vertex 9.68282 53.5673 9
      vertex 9.39018 55.0384 9
    endloop
  endfacet
  facet normal 0 0 1
    outer loop
      vertex 9 55 9
      vertex 9 53.5 9
      vertex 9.68282 53.5673 9
    endloop
  endfacet
  facet normal 0 0 1
    outer loop
      vertex 8.60982 55.0384 9
      vertex 9 53.5 9
      vertex 9 55 9
    endloop
  endfacet
  facet normal 0 0 1
    outer loop
      vertex 8.60982 55.0384 9
      vertex 8.31718 53.5673 9
      vertex 9 53.5 9
    endloop
  endfacet
  facet normal 0 0 1
    outer loop
      vertex 8.23463 55.1522 9
      vertex 8.31718 53.5673 9
      vertex 8.60982 55.0384 9
    endloop
  endfacet
  facet normal 0 0 1
    outer loop
      vertex 7.66061 53.7664 9
      vertex 8.23463 55.1522 9
      vertex 7.88886 55.3371 9
    endloop
  endfacet
  facet normal 0 0 1
    outer loop
      vertex 8.23463 55.1522 9
      vertex 7.66061 53.7664 9
      vertex 8.31718 53.5673 9
    endloop
  endfacet
  facet normal 0 0 1
    outer loop
      vertex 7.0555 54.0899 9
      vertex 7.88886 55.3371 9
      vertex 7.58579 55.5858 9
    endloop
  endfacet
  facet normal 0 0 1
    outer loop
      vertex 6.52513 54.5251 9
      vertex 7.58579 55.5858 9
      vertex 7.33706 55.8889 9
    endloop
  endfacet
  facet normal 0 0 1
    outer loop
      vertex 6.08986 55.0555 9
      vertex 7.33706 55.8889 9
      vertex 7.15224 56.2346 9
    endloop
  endfacet
  facet normal 0 0 1
    outer loop
      vertex 7.88886 55.3371 9
      vertex 7.0555 54.0899 9
      vertex 7.66061 53.7664 9
    endloop
  endfacet
  facet normal 0 0 1
    outer loop
      vertex 5.76642 55.6606 9
      vertex 7.15224 56.2346 9
      vertex 7.03843 56.6098 9
    endloop
  endfacet
  facet normal 0 0 1
    outer loop
      vertex 5.56725 56.3172 9
      vertex 7.03843 56.6098 9
      vertex 7 57 9
    endloop
  endfacet
  facet normal 0 0 1
    outer loop
      vertex 7.15224 57.7654 9
      vertex 5.76642 58.3394 9
      vertex 7.03843 57.3902 9
    endloop
  endfacet
  facet normal 0 0 1
    outer loop
      vertex 7.58579 55.5858 9
      vertex 6.52513 54.5251 9
      vertex 7.0555 54.0899 9
    endloop
  endfacet
  facet normal -0 0 1
    outer loop
      vertex 5.56725 57.6828 9
      vertex 7.03843 57.3902 9
      vertex 5.76642 58.3394 9
    endloop
  endfacet
  facet normal 0 0 1
    outer loop
      vertex 7.33706 55.8889 9
      vertex 6.08986 55.0555 9
      vertex 6.52513 54.5251 9
    endloop
  endfacet
  facet normal 0 0 1
    outer loop
      vertex 7.03843 57.3902 9
      vertex 5.56725 57.6828 9
      vertex 7 57 9
    endloop
  endfacet
  facet normal 0 0 1
    outer loop
      vertex 7.15224 56.2346 9
      vertex 5.76642 55.6606 9
      vertex 6.08986 55.0555 9
    endloop
  endfacet
  facet normal 0 0 1
    outer loop
      vertex 5.5 57 9
      vertex 7 57 9
      vertex 5.56725 57.6828 9
    endloop
  endfacet
  facet normal 0 0 1
    outer loop
      vertex 7.03843 56.6098 9
      vertex 5.56725 56.3172 9
      vertex 5.76642 55.6606 9
    endloop
  endfacet
  facet normal 0 0 1
    outer loop
      vertex 7 57 9
      vertex 5.5 57 9
      vertex 5.56725 56.3172 9
    endloop
  endfacet
  facet normal -0.471467 0.881884 0
    outer loop
      vertex 7.66061 60.2336 4
      vertex 7.0555 59.9101 9
      vertex 7.66061 60.2336 9
    endloop
  endfacet
  facet normal -0.471467 0.881884 0
    outer loop
      vertex 7.0555 59.9101 9
      vertex 7.66061 60.2336 4
      vertex 7.0555 59.9101 4
    endloop
  endfacet
  facet normal -0.0980866 0.995178 0
    outer loop
      vertex 9 60.5 4
      vertex 8.31718 60.4327 9
      vertex 9 60.5 9
    endloop
  endfacet
  facet normal -0.0980866 0.995178 0
    outer loop
      vertex 8.31718 60.4327 9
      vertex 9 60.5 4
      vertex 8.31718 60.4327 4
    endloop
  endfacet
  facet normal 0.0980866 -0.995178 0
    outer loop
      vertex 9 53.5 4
      vertex 9.68282 53.5673 9
      vertex 9 53.5 9
    endloop
  endfacet
  facet normal 0.0980866 -0.995178 0
    outer loop
      vertex 9.68282 53.5673 9
      vertex 9 53.5 4
      vertex 9.68282 53.5673 4
    endloop
  endfacet
  facet normal 0.471473 -0.88188 0
    outer loop
      vertex 10.3394 53.7664 4
      vertex 10.9445 54.0899 9
      vertex 10.3394 53.7664 9
    endloop
  endfacet
  facet normal 0.471473 -0.88188 0
    outer loop
      vertex 10.9445 54.0899 9
      vertex 10.3394 53.7664 4
      vertex 10.9445 54.0899 4
    endloop
  endfacet
  facet normal 0.995178 -0.0980894 0
    outer loop
      vertex 12.4327 56.3172 9
      vertex 12.5 57 4
      vertex 12.5 57 9
    endloop
  endfacet
  facet normal 0.995178 -0.0980894 0
    outer loop
      vertex 12.5 57 4
      vertex 12.4327 56.3172 9
      vertex 12.4327 56.3172 4
    endloop
  endfacet
  facet normal -0.634338 -0.773056 0
    outer loop
      vertex 6.52513 54.5251 4
      vertex 7.0555 54.0899 9
      vertex 6.52513 54.5251 9
    endloop
  endfacet
  facet normal -0.634338 -0.773056 -0
    outer loop
      vertex 7.0555 54.0899 9
      vertex 6.52513 54.5251 4
      vertex 7.0555 54.0899 4
    endloop
  endfacet
  facet normal -0.290193 -0.956968 0
    outer loop
      vertex 7.66061 53.7664 4
      vertex 8.31718 53.5673 9
      vertex 7.66061 53.7664 9
    endloop
  endfacet
  facet normal -0.290193 -0.956968 -0
    outer loop
      vertex 8.31718 53.5673 9
      vertex 7.66061 53.7664 4
      vertex 8.31718 53.5673 4
    endloop
  endfacet
  facet normal -0.995185 -0.0980172 0
    outer loop
      vertex 5.56725 56.3172 4
      vertex 5.5 57 9
      vertex 5.5 57 4
    endloop
  endfacet
  facet normal -0.995185 -0.0980172 0
    outer loop
      vertex 5.5 57 9
      vertex 5.56725 56.3172 4
      vertex 5.56725 56.3172 9
    endloop
  endfacet
  facet normal -0.881917 -0.471405 0
    outer loop
      vertex 6.08986 55.0555 4
      vertex 5.76642 55.6606 9
      vertex 5.76642 55.6606 4
    endloop
  endfacet
  facet normal -0.881917 -0.471405 0
    outer loop
      vertex 5.76642 55.6606 9
      vertex 6.08986 55.0555 4
      vertex 6.08986 55.0555 9
    endloop
  endfacet
  facet normal 0.290189 -0.956969 0
    outer loop
      vertex 9.68282 53.5673 4
      vertex 10.3394 53.7664 9
      vertex 9.68282 53.5673 9
    endloop
  endfacet
  facet normal 0.290189 -0.956969 0
    outer loop
      vertex 10.3394 53.7664 9
      vertex 9.68282 53.5673 4
      vertex 10.3394 53.7664 4
    endloop
  endfacet
  facet normal 0.88188 -0.471473 0
    outer loop
      vertex 11.9101 55.0555 9
      vertex 12.2336 55.6606 4
      vertex 12.2336 55.6606 9
    endloop
  endfacet
  facet normal 0.88188 -0.471473 0
    outer loop
      vertex 12.2336 55.6606 4
      vertex 11.9101 55.0555 9
      vertex 11.9101 55.0555 4
    endloop
  endfacet
  facet normal 0.773073 -0.634317 0
    outer loop
      vertex 11.4749 54.5251 9
      vertex 11.9101 55.0555 4
      vertex 11.9101 55.0555 9
    endloop
  endfacet
  facet normal 0.773073 -0.634317 0
    outer loop
      vertex 11.9101 55.0555 4
      vertex 11.4749 54.5251 9
      vertex 11.4749 54.5251 4
    endloop
  endfacet
  facet normal 0.956972 -0.290181 0
    outer loop
      vertex 12.2336 55.6606 9
      vertex 12.4327 56.3172 4
      vertex 12.4327 56.3172 9
    endloop
  endfacet
  facet normal 0.956972 -0.290181 0
    outer loop
      vertex 12.4327 56.3172 4
      vertex 12.2336 55.6606 9
      vertex 12.2336 55.6606 4
    endloop
  endfacet
  facet normal -0.471467 -0.881884 0
    outer loop
      vertex 7.0555 54.0899 4
      vertex 7.66061 53.7664 9
      vertex 7.0555 54.0899 9
    endloop
  endfacet
  facet normal -0.471467 -0.881884 -0
    outer loop
      vertex 7.66061 53.7664 9
      vertex 7.0555 54.0899 4
      vertex 7.66061 53.7664 4
    endloop
  endfacet
  facet normal -0.0980866 -0.995178 0
    outer loop
      vertex 8.31718 53.5673 4
      vertex 9 53.5 9
      vertex 8.31718 53.5673 9
    endloop
  endfacet
  facet normal -0.0980866 -0.995178 -0
    outer loop
      vertex 9 53.5 9
      vertex 8.31718 53.5673 4
      vertex 9 53.5 4
    endloop
  endfacet
  facet normal -0.956943 -0.290275 0
    outer loop
      vertex 5.76642 55.6606 4
      vertex 5.56725 56.3172 9
      vertex 5.56725 56.3172 4
    endloop
  endfacet
  facet normal -0.956943 -0.290275 0
    outer loop
      vertex 5.56725 56.3172 9
      vertex 5.76642 55.6606 4
      vertex 5.76642 55.6606 9
    endloop
  endfacet
  facet normal -0.471602 -0.881812 0
    outer loop
      vertex 9.76537 58.8478 4
      vertex 10.1111 58.6629 9
      vertex 9.76537 58.8478 9
    endloop
  endfacet
  facet normal -0.471602 -0.881812 -0
    outer loop
      vertex 10.1111 58.6629 9
      vertex 9.76537 58.8478 4
      vertex 10.1111 58.6629 4
    endloop
  endfacet
  facet normal 0.956944 -0.290271 0
    outer loop
      vertex 7.03843 57.3902 9
      vertex 7.15224 57.7654 4
      vertex 7.15224 57.7654 9
    endloop
  endfacet
  facet normal 0.956944 -0.290271 0
    outer loop
      vertex 7.15224 57.7654 4
      vertex 7.03843 57.3902 9
      vertex 7.03843 57.3902 4
    endloop
  endfacet
  facet normal -0.995193 0.097938 0
    outer loop
      vertex 10.9616 56.6098 4
      vertex 11 57 9
      vertex 11 57 4
    endloop
  endfacet
  facet normal -0.995193 0.097938 0
    outer loop
      vertex 11 57 9
      vertex 10.9616 56.6098 4
      vertex 10.9616 56.6098 9
    endloop
  endfacet
  facet normal 0.290255 0.956949 -0
    outer loop
      vertex 8.60982 55.0384 4
      vertex 8.23463 55.1522 9
      vertex 8.60982 55.0384 9
    endloop
  endfacet
  facet normal 0.290255 0.956949 0
    outer loop
      vertex 8.23463 55.1522 9
      vertex 8.60982 55.0384 4
      vertex 8.23463 55.1522 4
    endloop
  endfacet
  facet normal -0.0979429 -0.995192 0
    outer loop
      vertex 9 59 4
      vertex 9.39018 58.9616 9
      vertex 9 59 9
    endloop
  endfacet
  facet normal -0.0979429 -0.995192 -0
    outer loop
      vertex 9.39018 58.9616 9
      vertex 9 59 4
      vertex 9.39018 58.9616 4
    endloop
  endfacet
  facet normal 0.290255 -0.956949 0
    outer loop
      vertex 8.23463 58.8478 4
      vertex 8.60982 58.9616 9
      vertex 8.23463 58.8478 9
    endloop
  endfacet
  facet normal 0.290255 -0.956949 0
    outer loop
      vertex 8.60982 58.9616 9
      vertex 8.23463 58.8478 4
      vertex 8.60982 58.9616 4
    endloop
  endfacet
  facet normal 0.881879 -0.471475 0
    outer loop
      vertex 7.15224 57.7654 9
      vertex 7.33706 58.1111 4
      vertex 7.33706 58.1111 9
    endloop
  endfacet
  facet normal 0.881879 -0.471475 0
    outer loop
      vertex 7.33706 58.1111 4
      vertex 7.15224 57.7654 9
      vertex 7.15224 57.7654 4
    endloop
  endfacet
  facet normal 0.881879 0.471475 0
    outer loop
      vertex 7.33706 55.8889 9
      vertex 7.15224 56.2346 4
      vertex 7.15224 56.2346 9
    endloop
  endfacet
  facet normal 0.881879 0.471475 0
    outer loop
      vertex 7.15224 56.2346 4
      vertex 7.33706 55.8889 9
      vertex 7.33706 55.8889 4
    endloop
  endfacet
  facet normal -0.956951 -0.290248 0
    outer loop
      vertex 10.9616 57.3902 4
      vertex 10.8478 57.7654 9
      vertex 10.8478 57.7654 4
    endloop
  endfacet
  facet normal -0.956951 -0.290248 0
    outer loop
      vertex 10.8478 57.7654 9
      vertex 10.9616 57.3902 4
      vertex 10.9616 57.3902 9
    endloop
  endfacet
  facet normal -0.881795 -0.471634 0
    outer loop
      vertex 10.8478 57.7654 4
      vertex 10.6629 58.1111 9
      vertex 10.6629 58.1111 4
    endloop
  endfacet
  facet normal -0.881795 -0.471634 0
    outer loop
      vertex 10.6629 58.1111 9
      vertex 10.8478 57.7654 4
      vertex 10.8478 57.7654 9
    endloop
  endfacet
  facet normal -0.77307 -0.634321 0
    outer loop
      vertex 10.6629 58.1111 4
      vertex 10.4142 58.4142 9
      vertex 10.4142 58.4142 4
    endloop
  endfacet
  facet normal -0.77307 -0.634321 0
    outer loop
      vertex 10.4142 58.4142 9
      vertex 10.6629 58.1111 4
      vertex 10.6629 58.1111 9
    endloop
  endfacet
  facet normal -0.634321 -0.77307 0
    outer loop
      vertex 10.1111 58.6629 4
      vertex 10.4142 58.4142 9
      vertex 10.1111 58.6629 9
    endloop
  endfacet
  facet normal -0.634321 -0.77307 -0
    outer loop
      vertex 10.4142 58.4142 9
      vertex 10.1111 58.6629 4
      vertex 10.4142 58.4142 4
    endloop
  endfacet
  facet normal -0.290255 -0.956949 0
    outer loop
      vertex 9.39018 58.9616 4
      vertex 9.76537 58.8478 9
      vertex 9.39018 58.9616 9
    endloop
  endfacet
  facet normal -0.290255 -0.956949 -0
    outer loop
      vertex 9.76537 58.8478 9
      vertex 9.39018 58.9616 4
      vertex 9.76537 58.8478 4
    endloop
  endfacet
  facet normal 0.995185 -0.0980137 0
    outer loop
      vertex 7 57 9
      vertex 7.03843 57.3902 4
      vertex 7.03843 57.3902 9
    endloop
  endfacet
  facet normal 0.995185 -0.0980137 0
    outer loop
      vertex 7.03843 57.3902 4
      vertex 7 57 9
      vertex 7 57 4
    endloop
  endfacet
  facet normal 0.773033 -0.634366 0
    outer loop
      vertex 7.33706 58.1111 9
      vertex 7.58579 58.4142 4
      vertex 7.58579 58.4142 9
    endloop
  endfacet
  facet normal 0.773033 -0.634366 0
    outer loop
      vertex 7.58579 58.4142 4
      vertex 7.33706 58.1111 9
      vertex 7.33706 58.1111 4
    endloop
  endfacet
  facet normal 0.47156 -0.881834 0
    outer loop
      vertex 7.88886 58.6629 4
      vertex 8.23463 58.8478 9
      vertex 7.88886 58.6629 9
    endloop
  endfacet
  facet normal 0.47156 -0.881834 0
    outer loop
      vertex 8.23463 58.8478 9
      vertex 7.88886 58.6629 4
      vertex 8.23463 58.8478 4
    endloop
  endfacet
  facet normal 0.0979429 -0.995192 0
    outer loop
      vertex 8.60982 58.9616 4
      vertex 9 59 9
      vertex 8.60982 58.9616 9
    endloop
  endfacet
  facet normal 0.0979429 -0.995192 0
    outer loop
      vertex 9 59 9
      vertex 8.60982 58.9616 4
      vertex 9 59 4
    endloop
  endfacet
  facet normal 0.634358 -0.773039 0
    outer loop
      vertex 7.58579 58.4142 4
      vertex 7.88886 58.6629 9
      vertex 7.58579 58.4142 9
    endloop
  endfacet
  facet normal 0.634358 -0.773039 0
    outer loop
      vertex 7.88886 58.6629 9
      vertex 7.58579 58.4142 4
      vertex 7.88886 58.6629 4
    endloop
  endfacet
  facet normal -0.995193 -0.097938 0
    outer loop
      vertex 11 57 4
      vertex 10.9616 57.3902 9
      vertex 10.9616 57.3902 4
    endloop
  endfacet
  facet normal -0.995193 -0.097938 0
    outer loop
      vertex 10.9616 57.3902 9
      vertex 11 57 4
      vertex 11 57 9
    endloop
  endfacet
  facet normal -0.0979429 0.995192 0
    outer loop
      vertex 9.39018 55.0384 4
      vertex 9 55 9
      vertex 9.39018 55.0384 9
    endloop
  endfacet
  facet normal -0.0979429 0.995192 0
    outer loop
      vertex 9 55 9
      vertex 9.39018 55.0384 4
      vertex 9 55 4
    endloop
  endfacet
  facet normal -0.290255 0.956949 0
    outer loop
      vertex 9.76537 55.1522 4
      vertex 9.39018 55.0384 9
      vertex 9.76537 55.1522 9
    endloop
  endfacet
  facet normal -0.290255 0.956949 0
    outer loop
      vertex 9.39018 55.0384 9
      vertex 9.76537 55.1522 4
      vertex 9.39018 55.0384 4
    endloop
  endfacet
  facet normal -0.634321 0.77307 0
    outer loop
      vertex 10.4142 55.5858 4
      vertex 10.1111 55.3371 9
      vertex 10.4142 55.5858 9
    endloop
  endfacet
  facet normal -0.634321 0.77307 0
    outer loop
      vertex 10.1111 55.3371 9
      vertex 10.4142 55.5858 4
      vertex 10.1111 55.3371 4
    endloop
  endfacet
  facet normal -0.881795 0.471634 0
    outer loop
      vertex 10.6629 55.8889 4
      vertex 10.8478 56.2346 9
      vertex 10.8478 56.2346 4
    endloop
  endfacet
  facet normal -0.881795 0.471634 0
    outer loop
      vertex 10.8478 56.2346 9
      vertex 10.6629 55.8889 4
      vertex 10.6629 55.8889 9
    endloop
  endfacet
  facet normal 0.0979429 0.995192 -0
    outer loop
      vertex 9 55 4
      vertex 8.60982 55.0384 9
      vertex 9 55 9
    endloop
  endfacet
  facet normal 0.0979429 0.995192 0
    outer loop
      vertex 8.60982 55.0384 9
      vertex 9 55 4
      vertex 8.60982 55.0384 4
    endloop
  endfacet
  facet normal 0.47156 0.881834 -0
    outer loop
      vertex 8.23463 55.1522 4
      vertex 7.88886 55.3371 9
      vertex 8.23463 55.1522 9
    endloop
  endfacet
  facet normal 0.47156 0.881834 0
    outer loop
      vertex 7.88886 55.3371 9
      vertex 8.23463 55.1522 4
      vertex 7.88886 55.3371 4
    endloop
  endfacet
  facet normal 0.634358 0.773039 -0
    outer loop
      vertex 7.88886 55.3371 4
      vertex 7.58579 55.5858 9
      vertex 7.88886 55.3371 9
    endloop
  endfacet
  facet normal 0.634358 0.773039 0
    outer loop
      vertex 7.58579 55.5858 9
      vertex 7.88886 55.3371 4
      vertex 7.58579 55.5858 4
    endloop
  endfacet
  facet normal 0.995185 0.0980137 0
    outer loop
      vertex 7.03843 56.6098 9
      vertex 7 57 4
      vertex 7 57 9
    endloop
  endfacet
  facet normal 0.995185 0.0980137 0
    outer loop
      vertex 7 57 4
      vertex 7.03843 56.6098 9
      vertex 7.03843 56.6098 4
    endloop
  endfacet
  facet normal -0.77307 0.634321 0
    outer loop
      vertex 10.4142 55.5858 4
      vertex 10.6629 55.8889 9
      vertex 10.6629 55.8889 4
    endloop
  endfacet
  facet normal -0.77307 0.634321 0
    outer loop
      vertex 10.6629 55.8889 9
      vertex 10.4142 55.5858 4
      vertex 10.4142 55.5858 9
    endloop
  endfacet
  facet normal -0.956951 0.290248 0
    outer loop
      vertex 10.8478 56.2346 4
      vertex 10.9616 56.6098 9
      vertex 10.9616 56.6098 4
    endloop
  endfacet
  facet normal -0.956951 0.290248 0
    outer loop
      vertex 10.9616 56.6098 9
      vertex 10.8478 56.2346 4
      vertex 10.8478 56.2346 9
    endloop
  endfacet
  facet normal 0.956944 0.290271 0
    outer loop
      vertex 7.15224 56.2346 9
      vertex 7.03843 56.6098 4
      vertex 7.03843 56.6098 9
    endloop
  endfacet
  facet normal 0.956944 0.290271 0
    outer loop
      vertex 7.03843 56.6098 4
      vertex 7.15224 56.2346 9
      vertex 7.15224 56.2346 4
    endloop
  endfacet
  facet normal 0.773033 0.634366 0
    outer loop
      vertex 7.58579 55.5858 9
      vertex 7.33706 55.8889 4
      vertex 7.33706 55.8889 9
    endloop
  endfacet
  facet normal 0.773033 0.634366 0
    outer loop
      vertex 7.33706 55.8889 4
      vertex 7.58579 55.5858 9
      vertex 7.58579 55.5858 4
    endloop
  endfacet
  facet normal -0.471602 0.881812 0
    outer loop
      vertex 10.1111 55.3371 4
      vertex 9.76537 55.1522 9
      vertex 10.1111 55.3371 9
    endloop
  endfacet
  facet normal -0.471602 0.881812 0
    outer loop
      vertex 9.76537 55.1522 9
      vertex 10.1111 55.3371 4
      vertex 9.76537 55.1522 4
    endloop
  endfacet
  facet normal 0.995178 0.0980894 0
    outer loop
      vertex 56.5 57 9
      vertex 56.4327 57.6828 4
      vertex 56.4327 57.6828 9
    endloop
  endfacet
  facet normal 0.995178 0.0980894 0
    outer loop
      vertex 56.4327 57.6828 4
      vertex 56.5 57 9
      vertex 56.5 57 4
    endloop
  endfacet
  facet normal -0.995178 0.0980894 0
    outer loop
      vertex 49.5 57 4
      vertex 49.5673 57.6828 9
      vertex 49.5673 57.6828 4
    endloop
  endfacet
  facet normal -0.995178 0.0980894 0
    outer loop
      vertex 49.5673 57.6828 9
      vertex 49.5 57 4
      vertex 49.5 57 9
    endloop
  endfacet
  facet normal 0.0980894 0.995178 -0
    outer loop
      vertex 53.6828 60.4327 4
      vertex 53 60.5 9
      vertex 53.6828 60.4327 9
    endloop
  endfacet
  facet normal 0.0980894 0.995178 0
    outer loop
      vertex 53 60.5 9
      vertex 53.6828 60.4327 4
      vertex 53 60.5 4
    endloop
  endfacet
  facet normal 0.773073 0.634317 0
    outer loop
      vertex 55.9101 58.9445 9
      vertex 55.4749 59.4749 4
      vertex 55.4749 59.4749 9
    endloop
  endfacet
  facet normal 0.773073 0.634317 0
    outer loop
      vertex 55.4749 59.4749 4
      vertex 55.9101 58.9445 9
      vertex 55.9101 58.9445 4
    endloop
  endfacet
  facet normal 0.956972 0.290181 0
    outer loop
      vertex 56.4327 57.6828 9
      vertex 56.2336 58.3394 4
      vertex 56.2336 58.3394 9
    endloop
  endfacet
  facet normal 0.956972 0.290181 0
    outer loop
      vertex 56.2336 58.3394 4
      vertex 56.4327 57.6828 9
      vertex 56.4327 57.6828 4
    endloop
  endfacet
  facet normal -0.634317 0.773073 0
    outer loop
      vertex 51.0555 59.9101 4
      vertex 50.5251 59.4749 9
      vertex 51.0555 59.9101 9
    endloop
  endfacet
  facet normal -0.634317 0.773073 0
    outer loop
      vertex 50.5251 59.4749 9
      vertex 51.0555 59.9101 4
      vertex 50.5251 59.4749 4
    endloop
  endfacet
  facet normal -0.290181 0.956972 0
    outer loop
      vertex 52.3172 60.4327 4
      vertex 51.6606 60.2336 9
      vertex 52.3172 60.4327 9
    endloop
  endfacet
  facet normal -0.290181 0.956972 0
    outer loop
      vertex 51.6606 60.2336 9
      vertex 52.3172 60.4327 4
      vertex 51.6606 60.2336 4
    endloop
  endfacet
  facet normal 0.634317 -0.773073 0
    outer loop
      vertex 54.9445 54.0899 4
      vertex 55.4749 54.5251 9
      vertex 54.9445 54.0899 9
    endloop
  endfacet
  facet normal 0.634317 -0.773073 0
    outer loop
      vertex 55.4749 54.5251 9
      vertex 54.9445 54.0899 4
      vertex 55.4749 54.5251 4
    endloop
  endfacet
  facet normal -0.773073 -0.634317 0
    outer loop
      vertex 50.5251 54.5251 4
      vertex 50.0899 55.0555 9
      vertex 50.0899 55.0555 4
    endloop
  endfacet
  facet normal -0.773073 -0.634317 0
    outer loop
      vertex 50.0899 55.0555 9
      vertex 50.5251 54.5251 4
      vertex 50.5251 54.5251 9
    endloop
  endfacet
  facet normal 0.88188 0.471473 0
    outer loop
      vertex 56.2336 58.3394 9
      vertex 55.9101 58.9445 4
      vertex 55.9101 58.9445 9
    endloop
  endfacet
  facet normal 0.88188 0.471473 0
    outer loop
      vertex 55.9101 58.9445 4
      vertex 56.2336 58.3394 9
      vertex 56.2336 58.3394 4
    endloop
  endfacet
  facet normal 0.471473 0.88188 -0
    outer loop
      vertex 54.9445 59.9101 4
      vertex 54.3394 60.2336 9
      vertex 54.9445 59.9101 9
    endloop
  endfacet
  facet normal 0.471473 0.88188 0
    outer loop
      vertex 54.3394 60.2336 9
      vertex 54.9445 59.9101 4
      vertex 54.3394 60.2336 4
    endloop
  endfacet
  facet normal 0.290181 0.956972 -0
    outer loop
      vertex 54.3394 60.2336 4
      vertex 53.6828 60.4327 9
      vertex 54.3394 60.2336 9
    endloop
  endfacet
  facet normal 0.290181 0.956972 0
    outer loop
      vertex 53.6828 60.4327 9
      vertex 54.3394 60.2336 4
      vertex 53.6828 60.4327 4
    endloop
  endfacet
  facet normal 0.634317 0.773073 -0
    outer loop
      vertex 55.4749 59.4749 4
      vertex 54.9445 59.9101 9
      vertex 55.4749 59.4749 9
    endloop
  endfacet
  facet normal 0.634317 0.773073 0
    outer loop
      vertex 54.9445 59.9101 9
      vertex 55.4749 59.4749 4
      vertex 54.9445 59.9101 4
    endloop
  endfacet
  facet normal -0.88188 0.471473 0
    outer loop
      vertex 49.7664 58.3394 4
      vertex 50.0899 58.9445 9
      vertex 50.0899 58.9445 4
    endloop
  endfacet
  facet normal -0.88188 0.471473 0
    outer loop
      vertex 50.0899 58.9445 9
      vertex 49.7664 58.3394 4
      vertex 49.7664 58.3394 9
    endloop
  endfacet
  facet normal -0.773073 0.634317 0
    outer loop
      vertex 50.0899 58.9445 4
      vertex 50.5251 59.4749 9
      vertex 50.5251 59.4749 4
    endloop
  endfacet
  facet normal -0.773073 0.634317 0
    outer loop
      vertex 50.5251 59.4749 9
      vertex 50.0899 58.9445 4
      vertex 50.0899 58.9445 9
    endloop
  endfacet
  facet normal -0.956972 0.290181 0
    outer loop
      vertex 49.5673 57.6828 4
      vertex 49.7664 58.3394 9
      vertex 49.7664 58.3394 4
    endloop
  endfacet
  facet normal -0.956972 0.290181 0
    outer loop
      vertex 49.7664 58.3394 9
      vertex 49.5673 57.6828 4
      vertex 49.5673 57.6828 9
    endloop
  endfacet
  facet normal 0 0 1
    outer loop
      vertex 55 57 9
      vertex 56.5 57 9
      vertex 56.4327 57.6828 9
    endloop
  endfacet
  facet normal 0 0 1
    outer loop
      vertex 54.9616 57.3902 9
      vertex 56.4327 57.6828 9
      vertex 56.2336 58.3394 9
    endloop
  endfacet
  facet normal 0 0 1
    outer loop
      vertex 56.5 57 9
      vertex 55 57 9
      vertex 56.4327 56.3172 9
    endloop
  endfacet
  facet normal 0 0 1
    outer loop
      vertex 54.8478 57.7654 9
      vertex 56.2336 58.3394 9
      vertex 55.9101 58.9445 9
    endloop
  endfacet
  facet normal -0 0 1
    outer loop
      vertex 54.9616 56.6098 9
      vertex 56.4327 56.3172 9
      vertex 55 57 9
    endloop
  endfacet
  facet normal 0 0 1
    outer loop
      vertex 54.6629 58.1111 9
      vertex 55.9101 58.9445 9
      vertex 55.4749 59.4749 9
    endloop
  endfacet
  facet normal 0 0 1
    outer loop
      vertex 56.4327 56.3172 9
      vertex 54.9616 56.6098 9
      vertex 56.2336 55.6606 9
    endloop
  endfacet
  facet normal -0 0 1
    outer loop
      vertex 54.8478 56.2346 9
      vertex 56.2336 55.6606 9
      vertex 54.9616 56.6098 9
    endloop
  endfacet
  facet normal 0 0 1
    outer loop
      vertex 56.4327 57.6828 9
      vertex 54.9616 57.3902 9
      vertex 55 57 9
    endloop
  endfacet
  facet normal 0 0 1
    outer loop
      vertex 54.4142 58.4142 9
      vertex 55.4749 59.4749 9
      vertex 54.9445 59.9101 9
    endloop
  endfacet
  facet normal 0 0 1
    outer loop
      vertex 56.2336 58.3394 9
      vertex 54.8478 57.7654 9
      vertex 54.9616 57.3902 9
    endloop
  endfacet
  facet normal 0 0 1
    outer loop
      vertex 55.9101 58.9445 9
      vertex 54.6629 58.1111 9
      vertex 54.8478 57.7654 9
    endloop
  endfacet
  facet normal 0 0 1
    outer loop
      vertex 55.4749 59.4749 9
      vertex 54.4142 58.4142 9
      vertex 54.6629 58.1111 9
    endloop
  endfacet
  facet normal 0 0 1
    outer loop
      vertex 54.1111 58.6629 9
      vertex 54.9445 59.9101 9
      vertex 54.3394 60.2336 9
    endloop
  endfacet
  facet normal 0 0 1
    outer loop
      vertex 54.9445 59.9101 9
      vertex 54.1111 58.6629 9
      vertex 54.4142 58.4142 9
    endloop
  endfacet
  facet normal 0 0 1
    outer loop
      vertex 54.3394 60.2336 9
      vertex 53.7654 58.8478 9
      vertex 54.1111 58.6629 9
    endloop
  endfacet
  facet normal 0 0 1
    outer loop
      vertex 53.6828 60.4327 9
      vertex 53.7654 58.8478 9
      vertex 54.3394 60.2336 9
    endloop
  endfacet
  facet normal 0 0 1
    outer loop
      vertex 53.6828 60.4327 9
      vertex 53.3902 58.9616 9
      vertex 53.7654 58.8478 9
    endloop
  endfacet
  facet normal 0 0 1
    outer loop
      vertex 53 60.5 9
      vertex 53.3902 58.9616 9
      vertex 53.6828 60.4327 9
    endloop
  endfacet
  facet normal 0 0 1
    outer loop
      vertex 53 60.5 9
      vertex 53 59 9
      vertex 53.3902 58.9616 9
    endloop
  endfacet
  facet normal 0 0 1
    outer loop
      vertex 53 60.5 9
      vertex 52.6098 58.9616 9
      vertex 53 59 9
    endloop
  endfacet
  facet normal -0 0 1
    outer loop
      vertex 52.3172 60.4327 9
      vertex 52.6098 58.9616 9
      vertex 53 60.5 9
    endloop
  endfacet
  facet normal 0 0 1
    outer loop
      vertex 52.3172 60.4327 9
      vertex 52.2346 58.8478 9
      vertex 52.6098 58.9616 9
    endloop
  endfacet
  facet normal -0 0 1
    outer loop
      vertex 51.6606 60.2336 9
      vertex 52.2346 58.8478 9
      vertex 52.3172 60.4327 9
    endloop
  endfacet
  facet normal 0 0 1
    outer loop
      vertex 52.2346 58.8478 9
      vertex 51.6606 60.2336 9
      vertex 51.8889 58.6629 9
    endloop
  endfacet
  facet normal -0 0 1
    outer loop
      vertex 51.0555 59.9101 9
      vertex 51.8889 58.6629 9
      vertex 51.6606 60.2336 9
    endloop
  endfacet
  facet normal 0 0 1
    outer loop
      vertex 51.8889 58.6629 9
      vertex 51.0555 59.9101 9
      vertex 51.5858 58.4142 9
    endloop
  endfacet
  facet normal -0 0 1
    outer loop
      vertex 50.5251 59.4749 9
      vertex 51.5858 58.4142 9
      vertex 51.0555 59.9101 9
    endloop
  endfacet
  facet normal 0 0 1
    outer loop
      vertex 51.5858 58.4142 9
      vertex 50.5251 59.4749 9
      vertex 51.3371 58.1111 9
    endloop
  endfacet
  facet normal -0 0 1
    outer loop
      vertex 50.0899 58.9445 9
      vertex 51.3371 58.1111 9
      vertex 50.5251 59.4749 9
    endloop
  endfacet
  facet normal 0 0 1
    outer loop
      vertex 51.3371 58.1111 9
      vertex 50.0899 58.9445 9
      vertex 51.1522 57.7654 9
    endloop
  endfacet
  facet normal -0 0 1
    outer loop
      vertex 49.7664 58.3394 9
      vertex 51.1522 57.7654 9
      vertex 50.0899 58.9445 9
    endloop
  endfacet
  facet normal 0 0 1
    outer loop
      vertex 56.2336 55.6606 9
      vertex 54.8478 56.2346 9
      vertex 55.9101 55.0555 9
    endloop
  endfacet
  facet normal -0 0 1
    outer loop
      vertex 54.6629 55.8889 9
      vertex 55.9101 55.0555 9
      vertex 54.8478 56.2346 9
    endloop
  endfacet
  facet normal 0 0 1
    outer loop
      vertex 55.9101 55.0555 9
      vertex 54.6629 55.8889 9
      vertex 55.4749 54.5251 9
    endloop
  endfacet
  facet normal -0 0 1
    outer loop
      vertex 54.4142 55.5858 9
      vertex 55.4749 54.5251 9
      vertex 54.6629 55.8889 9
    endloop
  endfacet
  facet normal 0 0 1
    outer loop
      vertex 55.4749 54.5251 9
      vertex 54.4142 55.5858 9
      vertex 54.9445 54.0899 9
    endloop
  endfacet
  facet normal -0 0 1
    outer loop
      vertex 54.1111 55.3371 9
      vertex 54.9445 54.0899 9
      vertex 54.4142 55.5858 9
    endloop
  endfacet
  facet normal 0 0 1
    outer loop
      vertex 54.9445 54.0899 9
      vertex 54.1111 55.3371 9
      vertex 54.3394 53.7664 9
    endloop
  endfacet
  facet normal -0 0 1
    outer loop
      vertex 53.7654 55.1522 9
      vertex 54.3394 53.7664 9
      vertex 54.1111 55.3371 9
    endloop
  endfacet
  facet normal 0 0 1
    outer loop
      vertex 53.7654 55.1522 9
      vertex 53.6828 53.5673 9
      vertex 54.3394 53.7664 9
    endloop
  endfacet
  facet normal -0 0 1
    outer loop
      vertex 53.3902 55.0384 9
      vertex 53.6828 53.5673 9
      vertex 53.7654 55.1522 9
    endloop
  endfacet
  facet normal -0 0 1
    outer loop
      vertex 53 55 9
      vertex 53.6828 53.5673 9
      vertex 53.3902 55.0384 9
    endloop
  endfacet
  facet normal 0 0 1
    outer loop
      vertex 53 55 9
      vertex 53 53.5 9
      vertex 53.6828 53.5673 9
    endloop
  endfacet
  facet normal 0 0 1
    outer loop
      vertex 52.6098 55.0384 9
      vertex 53 53.5 9
      vertex 53 55 9
    endloop
  endfacet
  facet normal 0 0 1
    outer loop
      vertex 52.6098 55.0384 9
      vertex 52.3172 53.5673 9
      vertex 53 53.5 9
    endloop
  endfacet
  facet normal 0 0 1
    outer loop
      vertex 52.2346 55.1522 9
      vertex 52.3172 53.5673 9
      vertex 52.6098 55.0384 9
    endloop
  endfacet
  facet normal 0 0 1
    outer loop
      vertex 51.6606 53.7664 9
      vertex 52.2346 55.1522 9
      vertex 51.8889 55.3371 9
    endloop
  endfacet
  facet normal 0 0 1
    outer loop
      vertex 52.2346 55.1522 9
      vertex 51.6606 53.7664 9
      vertex 52.3172 53.5673 9
    endloop
  endfacet
  facet normal 0 0 1
    outer loop
      vertex 51.0555 54.0899 9
      vertex 51.8889 55.3371 9
      vertex 51.5858 55.5858 9
    endloop
  endfacet
  facet normal 0 0 1
    outer loop
      vertex 50.5251 54.5251 9
      vertex 51.5858 55.5858 9
      vertex 51.3371 55.8889 9
    endloop
  endfacet
  facet normal 0 0 1
    outer loop
      vertex 50.0899 55.0555 9
      vertex 51.3371 55.8889 9
      vertex 51.1522 56.2346 9
    endloop
  endfacet
  facet normal 0 0 1
    outer loop
      vertex 51.8889 55.3371 9
      vertex 51.0555 54.0899 9
      vertex 51.6606 53.7664 9
    endloop
  endfacet
  facet normal 0 0 1
    outer loop
      vertex 49.7664 55.6606 9
      vertex 51.1522 56.2346 9
      vertex 51.0384 56.6098 9
    endloop
  endfacet
  facet normal 0 0 1
    outer loop
      vertex 49.5673 56.3172 9
      vertex 51.0384 56.6098 9
      vertex 51 57 9
    endloop
  endfacet
  facet normal 0 0 1
    outer loop
      vertex 51.1522 57.7654 9
      vertex 49.7664 58.3394 9
      vertex 51.0384 57.3902 9
    endloop
  endfacet
  facet normal 0 0 1
    outer loop
      vertex 51.5858 55.5858 9
      vertex 50.5251 54.5251 9
      vertex 51.0555 54.0899 9
    endloop
  endfacet
  facet normal -0 0 1
    outer loop
      vertex 49.5673 57.6828 9
      vertex 51.0384 57.3902 9
      vertex 49.7664 58.3394 9
    endloop
  endfacet
  facet normal 0 0 1
    outer loop
      vertex 51.3371 55.8889 9
      vertex 50.0899 55.0555 9
      vertex 50.5251 54.5251 9
    endloop
  endfacet
  facet normal 0 0 1
    outer loop
      vertex 51.0384 57.3902 9
      vertex 49.5673 57.6828 9
      vertex 51 57 9
    endloop
  endfacet
  facet normal 0 0 1
    outer loop
      vertex 51.1522 56.2346 9
      vertex 49.7664 55.6606 9
      vertex 50.0899 55.0555 9
    endloop
  endfacet
  facet normal 0 0 1
    outer loop
      vertex 49.5 57 9
      vertex 51 57 9
      vertex 49.5673 57.6828 9
    endloop
  endfacet
  facet normal 0 0 1
    outer loop
      vertex 51.0384 56.6098 9
      vertex 49.5673 56.3172 9
      vertex 49.7664 55.6606 9
    endloop
  endfacet
  facet normal 0 0 1
    outer loop
      vertex 51 57 9
      vertex 49.5 57 9
      vertex 49.5673 56.3172 9
    endloop
  endfacet
  facet normal -0.471473 0.88188 0
    outer loop
      vertex 51.6606 60.2336 4
      vertex 51.0555 59.9101 9
      vertex 51.6606 60.2336 9
    endloop
  endfacet
  facet normal -0.471473 0.88188 0
    outer loop
      vertex 51.0555 59.9101 9
      vertex 51.6606 60.2336 4
      vertex 51.0555 59.9101 4
    endloop
  endfacet
  facet normal -0.0980894 0.995178 0
    outer loop
      vertex 53 60.5 4
      vertex 52.3172 60.4327 9
      vertex 53 60.5 9
    endloop
  endfacet
  facet normal -0.0980894 0.995178 0
    outer loop
      vertex 52.3172 60.4327 9
      vertex 53 60.5 4
      vertex 52.3172 60.4327 4
    endloop
  endfacet
  facet normal 0.0980894 -0.995178 0
    outer loop
      vertex 53 53.5 4
      vertex 53.6828 53.5673 9
      vertex 53 53.5 9
    endloop
  endfacet
  facet normal 0.0980894 -0.995178 0
    outer loop
      vertex 53.6828 53.5673 9
      vertex 53 53.5 4
      vertex 53.6828 53.5673 4
    endloop
  endfacet
  facet normal 0.471473 -0.88188 0
    outer loop
      vertex 54.3394 53.7664 4
      vertex 54.9445 54.0899 9
      vertex 54.3394 53.7664 9
    endloop
  endfacet
  facet normal 0.471473 -0.88188 0
    outer loop
      vertex 54.9445 54.0899 9
      vertex 54.3394 53.7664 4
      vertex 54.9445 54.0899 4
    endloop
  endfacet
  facet normal 0.995178 -0.0980894 0
    outer loop
      vertex 56.4327 56.3172 9
      vertex 56.5 57 4
      vertex 56.5 57 9
    endloop
  endfacet
  facet normal 0.995178 -0.0980894 0
    outer loop
      vertex 56.5 57 4
      vertex 56.4327 56.3172 9
      vertex 56.4327 56.3172 4
    endloop
  endfacet
  facet normal -0.634317 -0.773073 0
    outer loop
      vertex 50.5251 54.5251 4
      vertex 51.0555 54.0899 9
      vertex 50.5251 54.5251 9
    endloop
  endfacet
  facet normal -0.634317 -0.773073 -0
    outer loop
      vertex 51.0555 54.0899 9
      vertex 50.5251 54.5251 4
      vertex 51.0555 54.0899 4
    endloop
  endfacet
  facet normal -0.290181 -0.956972 0
    outer loop
      vertex 51.6606 53.7664 4
      vertex 52.3172 53.5673 9
      vertex 51.6606 53.7664 9
    endloop
  endfacet
  facet normal -0.290181 -0.956972 -0
    outer loop
      vertex 52.3172 53.5673 9
      vertex 51.6606 53.7664 4
      vertex 52.3172 53.5673 4
    endloop
  endfacet
  facet normal -0.995178 -0.0980894 0
    outer loop
      vertex 49.5673 56.3172 4
      vertex 49.5 57 9
      vertex 49.5 57 4
    endloop
  endfacet
  facet normal -0.995178 -0.0980894 0
    outer loop
      vertex 49.5 57 9
      vertex 49.5673 56.3172 4
      vertex 49.5673 56.3172 9
    endloop
  endfacet
  facet normal -0.88188 -0.471473 0
    outer loop
      vertex 50.0899 55.0555 4
      vertex 49.7664 55.6606 9
      vertex 49.7664 55.6606 4
    endloop
  endfacet
  facet normal -0.88188 -0.471473 0
    outer loop
      vertex 49.7664 55.6606 9
      vertex 50.0899 55.0555 4
      vertex 50.0899 55.0555 9
    endloop
  endfacet
  facet normal 0.290181 -0.956972 0
    outer loop
      vertex 53.6828 53.5673 4
      vertex 54.3394 53.7664 9
      vertex 53.6828 53.5673 9
    endloop
  endfacet
  facet normal 0.290181 -0.956972 0
    outer loop
      vertex 54.3394 53.7664 9
      vertex 53.6828 53.5673 4
      vertex 54.3394 53.7664 4
    endloop
  endfacet
  facet normal 0.88188 -0.471473 0
    outer loop
      vertex 55.9101 55.0555 9
      vertex 56.2336 55.6606 4
      vertex 56.2336 55.6606 9
    endloop
  endfacet
  facet normal 0.88188 -0.471473 0
    outer loop
      vertex 56.2336 55.6606 4
      vertex 55.9101 55.0555 9
      vertex 55.9101 55.0555 4
    endloop
  endfacet
  facet normal 0.773073 -0.634317 0
    outer loop
      vertex 55.4749 54.5251 9
      vertex 55.9101 55.0555 4
      vertex 55.9101 55.0555 9
    endloop
  endfacet
  facet normal 0.773073 -0.634317 0
    outer loop
      vertex 55.9101 55.0555 4
      vertex 55.4749 54.5251 9
      vertex 55.4749 54.5251 4
    endloop
  endfacet
  facet normal 0.956972 -0.290181 0
    outer loop
      vertex 56.2336 55.6606 9
      vertex 56.4327 56.3172 4
      vertex 56.4327 56.3172 9
    endloop
  endfacet
  facet normal 0.956972 -0.290181 0
    outer loop
      vertex 56.4327 56.3172 4
      vertex 56.2336 55.6606 9
      vertex 56.2336 55.6606 4
    endloop
  endfacet
  facet normal -0.471473 -0.88188 0
    outer loop
      vertex 51.0555 54.0899 4
      vertex 51.6606 53.7664 9
      vertex 51.0555 54.0899 9
    endloop
  endfacet
  facet normal -0.471473 -0.88188 -0
    outer loop
      vertex 51.6606 53.7664 9
      vertex 51.0555 54.0899 4
      vertex 51.6606 53.7664 4
    endloop
  endfacet
  facet normal -0.0980894 -0.995178 0
    outer loop
      vertex 52.3172 53.5673 4
      vertex 53 53.5 9
      vertex 52.3172 53.5673 9
    endloop
  endfacet
  facet normal -0.0980894 -0.995178 -0
    outer loop
      vertex 53 53.5 9
      vertex 52.3172 53.5673 4
      vertex 53 53.5 4
    endloop
  endfacet
  facet normal -0.956972 -0.290181 0
    outer loop
      vertex 49.7664 55.6606 4
      vertex 49.5673 56.3172 9
      vertex 49.5673 56.3172 4
    endloop
  endfacet
  facet normal -0.956972 -0.290181 0
    outer loop
      vertex 49.5673 56.3172 9
      vertex 49.7664 55.6606 4
      vertex 49.7664 55.6606 9
    endloop
  endfacet
  facet normal -0.471634 -0.881795 0
    outer loop
      vertex 53.7654 58.8478 4
      vertex 54.1111 58.6629 9
      vertex 53.7654 58.8478 9
    endloop
  endfacet
  facet normal -0.471634 -0.881795 -0
    outer loop
      vertex 54.1111 58.6629 9
      vertex 53.7654 58.8478 4
      vertex 54.1111 58.6629 4
    endloop
  endfacet
  facet normal 0.956951 -0.290248 0
    outer loop
      vertex 51.0384 57.3902 9
      vertex 51.1522 57.7654 4
      vertex 51.1522 57.7654 9
    endloop
  endfacet
  facet normal 0.956951 -0.290248 0
    outer loop
      vertex 51.1522 57.7654 4
      vertex 51.0384 57.3902 9
      vertex 51.0384 57.3902 4
    endloop
  endfacet
  facet normal -0.995193 0.097938 0
    outer loop
      vertex 54.9616 56.6098 4
      vertex 55 57 9
      vertex 55 57 4
    endloop
  endfacet
  facet normal -0.995193 0.097938 0
    outer loop
      vertex 55 57 9
      vertex 54.9616 56.6098 4
      vertex 54.9616 56.6098 9
    endloop
  endfacet
  facet normal 0.290248 0.956951 -0
    outer loop
      vertex 52.6098 55.0384 4
      vertex 52.2346 55.1522 9
      vertex 52.6098 55.0384 9
    endloop
  endfacet
  facet normal 0.290248 0.956951 0
    outer loop
      vertex 52.2346 55.1522 9
      vertex 52.6098 55.0384 4
      vertex 52.2346 55.1522 4
    endloop
  endfacet
  facet normal -0.097938 -0.995193 0
    outer loop
      vertex 53 59 4
      vertex 53.3902 58.9616 9
      vertex 53 59 9
    endloop
  endfacet
  facet normal -0.097938 -0.995193 -0
    outer loop
      vertex 53.3902 58.9616 9
      vertex 53 59 4
      vertex 53.3902 58.9616 4
    endloop
  endfacet
  facet normal 0.290248 -0.956951 0
    outer loop
      vertex 52.2346 58.8478 4
      vertex 52.6098 58.9616 9
      vertex 52.2346 58.8478 9
    endloop
  endfacet
  facet normal 0.290248 -0.956951 0
    outer loop
      vertex 52.6098 58.9616 9
      vertex 52.2346 58.8478 4
      vertex 52.6098 58.9616 4
    endloop
  endfacet
  facet normal 0.881795 -0.471634 0
    outer loop
      vertex 51.1522 57.7654 9
      vertex 51.3371 58.1111 4
      vertex 51.3371 58.1111 9
    endloop
  endfacet
  facet normal 0.881795 -0.471634 0
    outer loop
      vertex 51.3371 58.1111 4
      vertex 51.1522 57.7654 9
      vertex 51.1522 57.7654 4
    endloop
  endfacet
  facet normal 0.881795 0.471634 0
    outer loop
      vertex 51.3371 55.8889 9
      vertex 51.1522 56.2346 4
      vertex 51.1522 56.2346 9
    endloop
  endfacet
  facet normal 0.881795 0.471634 0
    outer loop
      vertex 51.1522 56.2346 4
      vertex 51.3371 55.8889 9
      vertex 51.3371 55.8889 4
    endloop
  endfacet
  facet normal -0.956951 -0.290248 0
    outer loop
      vertex 54.9616 57.3902 4
      vertex 54.8478 57.7654 9
      vertex 54.8478 57.7654 4
    endloop
  endfacet
  facet normal -0.956951 -0.290248 0
    outer loop
      vertex 54.8478 57.7654 9
      vertex 54.9616 57.3902 4
      vertex 54.9616 57.3902 9
    endloop
  endfacet
  facet normal -0.881795 -0.471634 0
    outer loop
      vertex 54.8478 57.7654 4
      vertex 54.6629 58.1111 9
      vertex 54.6629 58.1111 4
    endloop
  endfacet
  facet normal -0.881795 -0.471634 0
    outer loop
      vertex 54.6629 58.1111 9
      vertex 54.8478 57.7654 4
      vertex 54.8478 57.7654 9
    endloop
  endfacet
  facet normal -0.77307 -0.634321 0
    outer loop
      vertex 54.6629 58.1111 4
      vertex 54.4142 58.4142 9
      vertex 54.4142 58.4142 4
    endloop
  endfacet
  facet normal -0.77307 -0.634321 0
    outer loop
      vertex 54.4142 58.4142 9
      vertex 54.6629 58.1111 4
      vertex 54.6629 58.1111 9
    endloop
  endfacet
  facet normal -0.634321 -0.77307 0
    outer loop
      vertex 54.1111 58.6629 4
      vertex 54.4142 58.4142 9
      vertex 54.1111 58.6629 9
    endloop
  endfacet
  facet normal -0.634321 -0.77307 -0
    outer loop
      vertex 54.4142 58.4142 9
      vertex 54.1111 58.6629 4
      vertex 54.4142 58.4142 4
    endloop
  endfacet
  facet normal -0.290248 -0.956951 0
    outer loop
      vertex 53.3902 58.9616 4
      vertex 53.7654 58.8478 9
      vertex 53.3902 58.9616 9
    endloop
  endfacet
  facet normal -0.290248 -0.956951 -0
    outer loop
      vertex 53.7654 58.8478 9
      vertex 53.3902 58.9616 4
      vertex 53.7654 58.8478 4
    endloop
  endfacet
  facet normal 0.995193 -0.097938 0
    outer loop
      vertex 51 57 9
      vertex 51.0384 57.3902 4
      vertex 51.0384 57.3902 9
    endloop
  endfacet
  facet normal 0.995193 -0.097938 0
    outer loop
      vertex 51.0384 57.3902 4
      vertex 51 57 9
      vertex 51 57 4
    endloop
  endfacet
  facet normal 0.77307 -0.634321 0
    outer loop
      vertex 51.3371 58.1111 9
      vertex 51.5858 58.4142 4
      vertex 51.5858 58.4142 9
    endloop
  endfacet
  facet normal 0.77307 -0.634321 0
    outer loop
      vertex 51.5858 58.4142 4
      vertex 51.3371 58.1111 9
      vertex 51.3371 58.1111 4
    endloop
  endfacet
  facet normal 0.471634 -0.881795 0
    outer loop
      vertex 51.8889 58.6629 4
      vertex 52.2346 58.8478 9
      vertex 51.8889 58.6629 9
    endloop
  endfacet
  facet normal 0.471634 -0.881795 0
    outer loop
      vertex 52.2346 58.8478 9
      vertex 51.8889 58.6629 4
      vertex 52.2346 58.8478 4
    endloop
  endfacet
  facet normal 0.097938 -0.995193 0
    outer loop
      vertex 52.6098 58.9616 4
      vertex 53 59 9
      vertex 52.6098 58.9616 9
    endloop
  endfacet
  facet normal 0.097938 -0.995193 0
    outer loop
      vertex 53 59 9
      vertex 52.6098 58.9616 4
      vertex 53 59 4
    endloop
  endfacet
  facet normal 0.634321 -0.77307 0
    outer loop
      vertex 51.5858 58.4142 4
      vertex 51.8889 58.6629 9
      vertex 51.5858 58.4142 9
    endloop
  endfacet
  facet normal 0.634321 -0.77307 0
    outer loop
      vertex 51.8889 58.6629 9
      vertex 51.5858 58.4142 4
      vertex 51.8889 58.6629 4
    endloop
  endfacet
  facet normal -0.995193 -0.097938 0
    outer loop
      vertex 55 57 4
      vertex 54.9616 57.3902 9
      vertex 54.9616 57.3902 4
    endloop
  endfacet
  facet normal -0.995193 -0.097938 0
    outer loop
      vertex 54.9616 57.3902 9
      vertex 55 57 4
      vertex 55 57 9
    endloop
  endfacet
  facet normal -0.097938 0.995193 0
    outer loop
      vertex 53.3902 55.0384 4
      vertex 53 55 9
      vertex 53.3902 55.0384 9
    endloop
  endfacet
  facet normal -0.097938 0.995193 0
    outer loop
      vertex 53 55 9
      vertex 53.3902 55.0384 4
      vertex 53 55 4
    endloop
  endfacet
  facet normal -0.290248 0.956951 0
    outer loop
      vertex 53.7654 55.1522 4
      vertex 53.3902 55.0384 9
      vertex 53.7654 55.1522 9
    endloop
  endfacet
  facet normal -0.290248 0.956951 0
    outer loop
      vertex 53.3902 55.0384 9
      vertex 53.7654 55.1522 4
      vertex 53.3902 55.0384 4
    endloop
  endfacet
  facet normal -0.634321 0.77307 0
    outer loop
      vertex 54.4142 55.5858 4
      vertex 54.1111 55.3371 9
      vertex 54.4142 55.5858 9
    endloop
  endfacet
  facet normal -0.634321 0.77307 0
    outer loop
      vertex 54.1111 55.3371 9
      vertex 54.4142 55.5858 4
      vertex 54.1111 55.3371 4
    endloop
  endfacet
  facet normal -0.881795 0.471634 0
    outer loop
      vertex 54.6629 55.8889 4
      vertex 54.8478 56.2346 9
      vertex 54.8478 56.2346 4
    endloop
  endfacet
  facet normal -0.881795 0.471634 0
    outer loop
      vertex 54.8478 56.2346 9
      vertex 54.6629 55.8889 4
      vertex 54.6629 55.8889 9
    endloop
  endfacet
  facet normal 0.097938 0.995193 -0
    outer loop
      vertex 53 55 4
      vertex 52.6098 55.0384 9
      vertex 53 55 9
    endloop
  endfacet
  facet normal 0.097938 0.995193 0
    outer loop
      vertex 52.6098 55.0384 9
      vertex 53 55 4
      vertex 52.6098 55.0384 4
    endloop
  endfacet
  facet normal 0.471634 0.881795 -0
    outer loop
      vertex 52.2346 55.1522 4
      vertex 51.8889 55.3371 9
      vertex 52.2346 55.1522 9
    endloop
  endfacet
  facet normal 0.471634 0.881795 0
    outer loop
      vertex 51.8889 55.3371 9
      vertex 52.2346 55.1522 4
      vertex 51.8889 55.3371 4
    endloop
  endfacet
  facet normal 0.634321 0.77307 -0
    outer loop
      vertex 51.8889 55.3371 4
      vertex 51.5858 55.5858 9
      vertex 51.8889 55.3371 9
    endloop
  endfacet
  facet normal 0.634321 0.77307 0
    outer loop
      vertex 51.5858 55.5858 9
      vertex 51.8889 55.3371 4
      vertex 51.5858 55.5858 4
    endloop
  endfacet
  facet normal 0.995193 0.097938 0
    outer loop
      vertex 51.0384 56.6098 9
      vertex 51 57 4
      vertex 51 57 9
    endloop
  endfacet
  facet normal 0.995193 0.097938 0
    outer loop
      vertex 51 57 4
      vertex 51.0384 56.6098 9
      vertex 51.0384 56.6098 4
    endloop
  endfacet
  facet normal -0.77307 0.634321 0
    outer loop
      vertex 54.4142 55.5858 4
      vertex 54.6629 55.8889 9
      vertex 54.6629 55.8889 4
    endloop
  endfacet
  facet normal -0.77307 0.634321 0
    outer loop
      vertex 54.6629 55.8889 9
      vertex 54.4142 55.5858 4
      vertex 54.4142 55.5858 9
    endloop
  endfacet
  facet normal -0.956951 0.290248 0
    outer loop
      vertex 54.8478 56.2346 4
      vertex 54.9616 56.6098 9
      vertex 54.9616 56.6098 4
    endloop
  endfacet
  facet normal -0.956951 0.290248 0
    outer loop
      vertex 54.9616 56.6098 9
      vertex 54.8478 56.2346 4
      vertex 54.8478 56.2346 9
    endloop
  endfacet
  facet normal 0.956951 0.290248 0
    outer loop
      vertex 51.1522 56.2346 9
      vertex 51.0384 56.6098 4
      vertex 51.0384 56.6098 9
    endloop
  endfacet
  facet normal 0.956951 0.290248 0
    outer loop
      vertex 51.0384 56.6098 4
      vertex 51.1522 56.2346 9
      vertex 51.1522 56.2346 4
    endloop
  endfacet
  facet normal 0.77307 0.634321 0
    outer loop
      vertex 51.5858 55.5858 9
      vertex 51.3371 55.8889 4
      vertex 51.3371 55.8889 9
    endloop
  endfacet
  facet normal 0.77307 0.634321 0
    outer loop
      vertex 51.3371 55.8889 4
      vertex 51.5858 55.5858 9
      vertex 51.5858 55.5858 4
    endloop
  endfacet
  facet normal -0.471634 0.881795 0
    outer loop
      vertex 54.1111 55.3371 4
      vertex 53.7654 55.1522 9
      vertex 54.1111 55.3371 9
    endloop
  endfacet
  facet normal -0.471634 0.881795 0
    outer loop
      vertex 53.7654 55.1522 9
      vertex 54.1111 55.3371 4
      vertex 53.7654 55.1522 4
    endloop
  endfacet
  facet normal 0.995193 0.097938 0
    outer loop
      vertex 68 36.5 8
      vertex 67.9424 37.0853 4
      vertex 67.9424 37.0853 8
    endloop
  endfacet
  facet normal 0.995193 0.097938 0
    outer loop
      vertex 67.9424 37.0853 4
      vertex 68 36.5 8
      vertex 68 36.5 4
    endloop
  endfacet
  facet normal -0.995193 0.097938 0
    outer loop
      vertex 62 36.5 4
      vertex 62.0576 37.0853 8
      vertex 62.0576 37.0853 4
    endloop
  endfacet
  facet normal -0.995193 0.097938 0
    outer loop
      vertex 62.0576 37.0853 8
      vertex 62 36.5 4
      vertex 62 36.5 8
    endloop
  endfacet
  facet normal 0.097938 0.995193 -0
    outer loop
      vertex 65.5853 39.4424 4
      vertex 65 39.5 8
      vertex 65.5853 39.4424 8
    endloop
  endfacet
  facet normal 0.097938 0.995193 0
    outer loop
      vertex 65 39.5 8
      vertex 65.5853 39.4424 4
      vertex 65 39.5 4
    endloop
  endfacet
  facet normal 0.634413 0.772994 -0
    outer loop
      vertex 67.1213 38.6213 4
      vertex 66.6667 38.9944 8
      vertex 67.1213 38.6213 8
    endloop
  endfacet
  facet normal 0.634413 0.772994 0
    outer loop
      vertex 66.6667 38.9944 8
      vertex 67.1213 38.6213 4
      vertex 66.6667 38.9944 4
    endloop
  endfacet
  facet normal -0.634413 0.772994 0
    outer loop
      vertex 63.3333 38.9944 4
      vertex 62.8787 38.6213 8
      vertex 63.3333 38.9944 8
    endloop
  endfacet
  facet normal -0.634413 0.772994 0
    outer loop
      vertex 62.8787 38.6213 8
      vertex 63.3333 38.9944 4
      vertex 62.8787 38.6213 4
    endloop
  endfacet
  facet normal -0.290451 0.95689 0
    outer loop
      vertex 64.4147 39.4424 4
      vertex 63.852 39.2716 8
      vertex 64.4147 39.4424 8
    endloop
  endfacet
  facet normal -0.290451 0.95689 0
    outer loop
      vertex 63.852 39.2716 8
      vertex 64.4147 39.4424 4
      vertex 63.852 39.2716 4
    endloop
  endfacet
  facet normal -0.772994 -0.634413 0
    outer loop
      vertex 62.8787 34.3787 4
      vertex 62.5056 34.8333 8
      vertex 62.5056 34.8333 4
    endloop
  endfacet
  facet normal -0.772994 -0.634413 0
    outer loop
      vertex 62.5056 34.8333 8
      vertex 62.8787 34.3787 4
      vertex 62.8787 34.3787 8
    endloop
  endfacet
  facet normal 0.881957 0.471329 0
    outer loop
      vertex 67.7716 37.648 8
      vertex 67.4944 38.1667 4
      vertex 67.4944 38.1667 8
    endloop
  endfacet
  facet normal 0.881957 0.471329 0
    outer loop
      vertex 67.4944 38.1667 4
      vertex 67.7716 37.648 8
      vertex 67.7716 37.648 4
    endloop
  endfacet
  facet normal 0.95689 0.290451 0
    outer loop
      vertex 67.9424 37.0853 8
      vertex 67.7716 37.648 4
      vertex 67.7716 37.648 8
    endloop
  endfacet
  facet normal 0.95689 0.290451 0
    outer loop
      vertex 67.7716 37.648 4
      vertex 67.9424 37.0853 8
      vertex 67.9424 37.0853 4
    endloop
  endfacet
  facet normal 0.772994 0.634413 0
    outer loop
      vertex 67.4944 38.1667 8
      vertex 67.1213 38.6213 4
      vertex 67.1213 38.6213 8
    endloop
  endfacet
  facet normal 0.772994 0.634413 0
    outer loop
      vertex 67.1213 38.6213 4
      vertex 67.4944 38.1667 8
      vertex 67.4944 38.1667 4
    endloop
  endfacet
  facet normal 0.290451 0.95689 -0
    outer loop
      vertex 66.148 39.2716 4
      vertex 65.5853 39.4424 8
      vertex 66.148 39.2716 8
    endloop
  endfacet
  facet normal 0.290451 0.95689 0
    outer loop
      vertex 65.5853 39.4424 8
      vertex 66.148 39.2716 4
      vertex 65.5853 39.4424 4
    endloop
  endfacet
  facet normal 0.471329 0.881957 -0
    outer loop
      vertex 66.6667 38.9944 4
      vertex 66.148 39.2716 8
      vertex 66.6667 38.9944 8
    endloop
  endfacet
  facet normal 0.471329 0.881957 0
    outer loop
      vertex 66.148 39.2716 8
      vertex 66.6667 38.9944 4
      vertex 66.148 39.2716 4
    endloop
  endfacet
  facet normal -0.881957 0.471329 0
    outer loop
      vertex 62.2284 37.648 4
      vertex 62.5056 38.1667 8
      vertex 62.5056 38.1667 4
    endloop
  endfacet
  facet normal -0.881957 0.471329 0
    outer loop
      vertex 62.5056 38.1667 8
      vertex 62.2284 37.648 4
      vertex 62.2284 37.648 8
    endloop
  endfacet
  facet normal -0.772994 0.634413 0
    outer loop
      vertex 62.5056 38.1667 4
      vertex 62.8787 38.6213 8
      vertex 62.8787 38.6213 4
    endloop
  endfacet
  facet normal -0.772994 0.634413 0
    outer loop
      vertex 62.8787 38.6213 8
      vertex 62.5056 38.1667 4
      vertex 62.5056 38.1667 8
    endloop
  endfacet
  facet normal -0.95689 0.290451 0
    outer loop
      vertex 62.0576 37.0853 4
      vertex 62.2284 37.648 8
      vertex 62.2284 37.648 4
    endloop
  endfacet
  facet normal -0.95689 0.290451 0
    outer loop
      vertex 62.2284 37.648 8
      vertex 62.0576 37.0853 4
      vertex 62.0576 37.0853 8
    endloop
  endfacet
  facet normal 0 0 1
    outer loop
      vertex 67 36.5 8
      vertex 68 36.5 8
      vertex 67.9424 37.0853 8
    endloop
  endfacet
  facet normal 0 0 1
    outer loop
      vertex 66.9616 36.8902 8
      vertex 67.9424 37.0853 8
      vertex 67.7716 37.648 8
    endloop
  endfacet
  facet normal 0 0 1
    outer loop
      vertex 68 36.5 8
      vertex 67 36.5 8
      vertex 67.9424 35.9147 8
    endloop
  endfacet
  facet normal 0 0 1
    outer loop
      vertex 66.8478 37.2654 8
      vertex 67.7716 37.648 8
      vertex 67.4944 38.1667 8
    endloop
  endfacet
  facet normal -0 0 1
    outer loop
      vertex 66.9616 36.1098 8
      vertex 67.9424 35.9147 8
      vertex 67 36.5 8
    endloop
  endfacet
  facet normal 0 0 1
    outer loop
      vertex 66.6629 37.6111 8
      vertex 67.4944 38.1667 8
      vertex 67.1213 38.6213 8
    endloop
  endfacet
  facet normal 0 0 1
    outer loop
      vertex 67.9424 35.9147 8
      vertex 66.9616 36.1098 8
      vertex 67.7716 35.352 8
    endloop
  endfacet
  facet normal -0 0 1
    outer loop
      vertex 66.8478 35.7346 8
      vertex 67.7716 35.352 8
      vertex 66.9616 36.1098 8
    endloop
  endfacet
  facet normal 0 0 1
    outer loop
      vertex 67.9424 37.0853 8
      vertex 66.9616 36.8902 8
      vertex 67 36.5 8
    endloop
  endfacet
  facet normal 0 0 1
    outer loop
      vertex 67.7716 37.648 8
      vertex 66.8478 37.2654 8
      vertex 66.9616 36.8902 8
    endloop
  endfacet
  facet normal 0 0 1
    outer loop
      vertex 66.4142 37.9142 8
      vertex 67.1213 38.6213 8
      vertex 66.6667 38.9944 8
    endloop
  endfacet
  facet normal 0 0 1
    outer loop
      vertex 67.4944 38.1667 8
      vertex 66.6629 37.6111 8
      vertex 66.8478 37.2654 8
    endloop
  endfacet
  facet normal 0 0 1
    outer loop
      vertex 67.1213 38.6213 8
      vertex 66.4142 37.9142 8
      vertex 66.6629 37.6111 8
    endloop
  endfacet
  facet normal 0 0 1
    outer loop
      vertex 66.1111 38.1629 8
      vertex 66.6667 38.9944 8
      vertex 66.148 39.2716 8
    endloop
  endfacet
  facet normal 0 0 1
    outer loop
      vertex 66.6667 38.9944 8
      vertex 66.1111 38.1629 8
      vertex 66.4142 37.9142 8
    endloop
  endfacet
  facet normal 0 0 1
    outer loop
      vertex 66.148 39.2716 8
      vertex 65.7654 38.3478 8
      vertex 66.1111 38.1629 8
    endloop
  endfacet
  facet normal 0 0 1
    outer loop
      vertex 65.5853 39.4424 8
      vertex 65.7654 38.3478 8
      vertex 66.148 39.2716 8
    endloop
  endfacet
  facet normal 0 0 1
    outer loop
      vertex 65.5853 39.4424 8
      vertex 65.3902 38.4616 8
      vertex 65.7654 38.3478 8
    endloop
  endfacet
  facet normal 0 0 1
    outer loop
      vertex 65 39.5 8
      vertex 65.3902 38.4616 8
      vertex 65.5853 39.4424 8
    endloop
  endfacet
  facet normal 0 0 1
    outer loop
      vertex 65 39.5 8
      vertex 65 38.5 8
      vertex 65.3902 38.4616 8
    endloop
  endfacet
  facet normal 0 0 1
    outer loop
      vertex 65 39.5 8
      vertex 64.6098 38.4616 8
      vertex 65 38.5 8
    endloop
  endfacet
  facet normal -0 0 1
    outer loop
      vertex 64.4147 39.4424 8
      vertex 64.6098 38.4616 8
      vertex 65 39.5 8
    endloop
  endfacet
  facet normal 0 0 1
    outer loop
      vertex 64.4147 39.4424 8
      vertex 64.2346 38.3478 8
      vertex 64.6098 38.4616 8
    endloop
  endfacet
  facet normal -0 0 1
    outer loop
      vertex 63.852 39.2716 8
      vertex 64.2346 38.3478 8
      vertex 64.4147 39.4424 8
    endloop
  endfacet
  facet normal 0 0 1
    outer loop
      vertex 64.2346 38.3478 8
      vertex 63.852 39.2716 8
      vertex 63.8889 38.1629 8
    endloop
  endfacet
  facet normal -0 0 1
    outer loop
      vertex 63.3333 38.9944 8
      vertex 63.8889 38.1629 8
      vertex 63.852 39.2716 8
    endloop
  endfacet
  facet normal 0 0 1
    outer loop
      vertex 63.8889 38.1629 8
      vertex 63.3333 38.9944 8
      vertex 63.5858 37.9142 8
    endloop
  endfacet
  facet normal -0 0 1
    outer loop
      vertex 62.8787 38.6213 8
      vertex 63.5858 37.9142 8
      vertex 63.3333 38.9944 8
    endloop
  endfacet
  facet normal 0 0 1
    outer loop
      vertex 63.5858 37.9142 8
      vertex 62.8787 38.6213 8
      vertex 63.3371 37.6111 8
    endloop
  endfacet
  facet normal -0 0 1
    outer loop
      vertex 62.5056 38.1667 8
      vertex 63.3371 37.6111 8
      vertex 62.8787 38.6213 8
    endloop
  endfacet
  facet normal -0 0 1
    outer loop
      vertex 62.2284 37.648 8
      vertex 63.1522 37.2654 8
      vertex 62.5056 38.1667 8
    endloop
  endfacet
  facet normal 0 0 1
    outer loop
      vertex 63.3371 37.6111 8
      vertex 62.5056 38.1667 8
      vertex 63.1522 37.2654 8
    endloop
  endfacet
  facet normal 0 0 1
    outer loop
      vertex 67.7716 35.352 8
      vertex 66.8478 35.7346 8
      vertex 67.4944 34.8333 8
    endloop
  endfacet
  facet normal -0 0 1
    outer loop
      vertex 66.6629 35.3889 8
      vertex 67.4944 34.8333 8
      vertex 66.8478 35.7346 8
    endloop
  endfacet
  facet normal 0 0 1
    outer loop
      vertex 67.4944 34.8333 8
      vertex 66.6629 35.3889 8
      vertex 67.1213 34.3787 8
    endloop
  endfacet
  facet normal -0 0 1
    outer loop
      vertex 66.4142 35.0858 8
      vertex 67.1213 34.3787 8
      vertex 66.6629 35.3889 8
    endloop
  endfacet
  facet normal 0 0 1
    outer loop
      vertex 67.1213 34.3787 8
      vertex 66.4142 35.0858 8
      vertex 66.6667 34.0056 8
    endloop
  endfacet
  facet normal -0 0 1
    outer loop
      vertex 66.1111 34.8371 8
      vertex 66.6667 34.0056 8
      vertex 66.4142 35.0858 8
    endloop
  endfacet
  facet normal 0 0 1
    outer loop
      vertex 66.6667 34.0056 8
      vertex 66.1111 34.8371 8
      vertex 66.148 33.7284 8
    endloop
  endfacet
  facet normal -0 0 1
    outer loop
      vertex 65.7654 34.6522 8
      vertex 66.148 33.7284 8
      vertex 66.1111 34.8371 8
    endloop
  endfacet
  facet normal 0 0 1
    outer loop
      vertex 65.7654 34.6522 8
      vertex 65.5853 33.5576 8
      vertex 66.148 33.7284 8
    endloop
  endfacet
  facet normal -0 0 1
    outer loop
      vertex 65.3902 34.5384 8
      vertex 65.5853 33.5576 8
      vertex 65.7654 34.6522 8
    endloop
  endfacet
  facet normal -0 0 1
    outer loop
      vertex 65 34.5 8
      vertex 65.5853 33.5576 8
      vertex 65.3902 34.5384 8
    endloop
  endfacet
  facet normal 0 0 1
    outer loop
      vertex 65 34.5 8
      vertex 65 33.5 8
      vertex 65.5853 33.5576 8
    endloop
  endfacet
  facet normal 0 0 1
    outer loop
      vertex 64.6098 34.5384 8
      vertex 65 33.5 8
      vertex 65 34.5 8
    endloop
  endfacet
  facet normal 0 0 1
    outer loop
      vertex 64.6098 34.5384 8
      vertex 64.4147 33.5576 8
      vertex 65 33.5 8
    endloop
  endfacet
  facet normal 0 0 1
    outer loop
      vertex 64.2346 34.6522 8
      vertex 64.4147 33.5576 8
      vertex 64.6098 34.5384 8
    endloop
  endfacet
  facet normal 0 0 1
    outer loop
      vertex 63.852 33.7284 8
      vertex 64.2346 34.6522 8
      vertex 63.8889 34.8371 8
    endloop
  endfacet
  facet normal 0 0 1
    outer loop
      vertex 64.2346 34.6522 8
      vertex 63.852 33.7284 8
      vertex 64.4147 33.5576 8
    endloop
  endfacet
  facet normal 0 0 1
    outer loop
      vertex 63.3333 34.0056 8
      vertex 63.8889 34.8371 8
      vertex 63.5858 35.0858 8
    endloop
  endfacet
  facet normal 0 0 1
    outer loop
      vertex 62.8787 34.3787 8
      vertex 63.5858 35.0858 8
      vertex 63.3371 35.3889 8
    endloop
  endfacet
  facet normal 0 0 1
    outer loop
      vertex 63.8889 34.8371 8
      vertex 63.3333 34.0056 8
      vertex 63.852 33.7284 8
    endloop
  endfacet
  facet normal 0 0 1
    outer loop
      vertex 62.5056 34.8333 8
      vertex 63.3371 35.3889 8
      vertex 63.1522 35.7346 8
    endloop
  endfacet
  facet normal 0 0 1
    outer loop
      vertex 62.2284 35.352 8
      vertex 63.1522 35.7346 8
      vertex 63.0384 36.1098 8
    endloop
  endfacet
  facet normal 0 0 1
    outer loop
      vertex 63.5858 35.0858 8
      vertex 62.8787 34.3787 8
      vertex 63.3333 34.0056 8
    endloop
  endfacet
  facet normal 0 0 1
    outer loop
      vertex 62.0576 35.9147 8
      vertex 63.0384 36.1098 8
      vertex 63 36.5 8
    endloop
  endfacet
  facet normal 0 0 1
    outer loop
      vertex 63.1522 37.2654 8
      vertex 62.2284 37.648 8
      vertex 63.0384 36.8902 8
    endloop
  endfacet
  facet normal -0 0 1
    outer loop
      vertex 62.0576 37.0853 8
      vertex 63.0384 36.8902 8
      vertex 62.2284 37.648 8
    endloop
  endfacet
  facet normal 0 0 1
    outer loop
      vertex 63.3371 35.3889 8
      vertex 62.5056 34.8333 8
      vertex 62.8787 34.3787 8
    endloop
  endfacet
  facet normal 0 0 1
    outer loop
      vertex 63.0384 36.8902 8
      vertex 62.0576 37.0853 8
      vertex 63 36.5 8
    endloop
  endfacet
  facet normal 0 0 1
    outer loop
      vertex 63.1522 35.7346 8
      vertex 62.2284 35.352 8
      vertex 62.5056 34.8333 8
    endloop
  endfacet
  facet normal 0 0 1
    outer loop
      vertex 62 36.5 8
      vertex 63 36.5 8
      vertex 62.0576 37.0853 8
    endloop
  endfacet
  facet normal 0 0 1
    outer loop
      vertex 63.0384 36.1098 8
      vertex 62.0576 35.9147 8
      vertex 62.2284 35.352 8
    endloop
  endfacet
  facet normal 0 0 1
    outer loop
      vertex 63 36.5 8
      vertex 62 36.5 8
      vertex 62.0576 35.9147 8
    endloop
  endfacet
  facet normal -0.471329 0.881957 0
    outer loop
      vertex 63.852 39.2716 4
      vertex 63.3333 38.9944 8
      vertex 63.852 39.2716 8
    endloop
  endfacet
  facet normal -0.471329 0.881957 0
    outer loop
      vertex 63.3333 38.9944 8
      vertex 63.852 39.2716 4
      vertex 63.3333 38.9944 4
    endloop
  endfacet
  facet normal -0.097938 0.995193 0
    outer loop
      vertex 65 39.5 4
      vertex 64.4147 39.4424 8
      vertex 65 39.5 8
    endloop
  endfacet
  facet normal -0.097938 0.995193 0
    outer loop
      vertex 64.4147 39.4424 8
      vertex 65 39.5 4
      vertex 64.4147 39.4424 4
    endloop
  endfacet
  facet normal 0.995193 -0.097938 0
    outer loop
      vertex 67.9424 35.9147 8
      vertex 68 36.5 4
      vertex 68 36.5 8
    endloop
  endfacet
  facet normal 0.995193 -0.097938 0
    outer loop
      vertex 68 36.5 4
      vertex 67.9424 35.9147 8
      vertex 67.9424 35.9147 4
    endloop
  endfacet
  facet normal 0.290451 -0.95689 0
    outer loop
      vertex 65.5853 33.5576 4
      vertex 66.148 33.7284 8
      vertex 65.5853 33.5576 8
    endloop
  endfacet
  facet normal 0.290451 -0.95689 0
    outer loop
      vertex 66.148 33.7284 8
      vertex 65.5853 33.5576 4
      vertex 66.148 33.7284 4
    endloop
  endfacet
  facet normal 0.097938 -0.995193 0
    outer loop
      vertex 65 33.5 4
      vertex 65.5853 33.5576 8
      vertex 65 33.5 8
    endloop
  endfacet
  facet normal 0.097938 -0.995193 0
    outer loop
      vertex 65.5853 33.5576 8
      vertex 65 33.5 4
      vertex 65.5853 33.5576 4
    endloop
  endfacet
  facet normal 0.634413 -0.772994 0
    outer loop
      vertex 66.6667 34.0056 4
      vertex 67.1213 34.3787 8
      vertex 66.6667 34.0056 8
    endloop
  endfacet
  facet normal 0.634413 -0.772994 0
    outer loop
      vertex 67.1213 34.3787 8
      vertex 66.6667 34.0056 4
      vertex 67.1213 34.3787 4
    endloop
  endfacet
  facet normal -0.634413 -0.772994 0
    outer loop
      vertex 62.8787 34.3787 4
      vertex 63.3333 34.0056 8
      vertex 62.8787 34.3787 8
    endloop
  endfacet
  facet normal -0.634413 -0.772994 -0
    outer loop
      vertex 63.3333 34.0056 8
      vertex 62.8787 34.3787 4
      vertex 63.3333 34.0056 4
    endloop
  endfacet
  facet normal -0.290451 -0.95689 0
    outer loop
      vertex 63.852 33.7284 4
      vertex 64.4147 33.5576 8
      vertex 63.852 33.7284 8
    endloop
  endfacet
  facet normal -0.290451 -0.95689 -0
    outer loop
      vertex 64.4147 33.5576 8
      vertex 63.852 33.7284 4
      vertex 64.4147 33.5576 4
    endloop
  endfacet
  facet normal -0.995193 -0.097938 0
    outer loop
      vertex 62.0576 35.9147 4
      vertex 62 36.5 8
      vertex 62 36.5 4
    endloop
  endfacet
  facet normal -0.995193 -0.097938 0
    outer loop
      vertex 62 36.5 8
      vertex 62.0576 35.9147 4
      vertex 62.0576 35.9147 8
    endloop
  endfacet
  facet normal -0.881957 -0.471329 0
    outer loop
      vertex 62.5056 34.8333 4
      vertex 62.2284 35.352 8
      vertex 62.2284 35.352 4
    endloop
  endfacet
  facet normal -0.881957 -0.471329 0
    outer loop
      vertex 62.2284 35.352 8
      vertex 62.5056 34.8333 4
      vertex 62.5056 34.8333 8
    endloop
  endfacet
  facet normal -0.95689 -0.290451 0
    outer loop
      vertex 62.2284 35.352 4
      vertex 62.0576 35.9147 8
      vertex 62.0576 35.9147 4
    endloop
  endfacet
  facet normal -0.95689 -0.290451 0
    outer loop
      vertex 62.0576 35.9147 8
      vertex 62.2284 35.352 4
      vertex 62.2284 35.352 8
    endloop
  endfacet
  facet normal 0.772994 -0.634413 0
    outer loop
      vertex 67.1213 34.3787 8
      vertex 67.4944 34.8333 4
      vertex 67.4944 34.8333 8
    endloop
  endfacet
  facet normal 0.772994 -0.634413 0
    outer loop
      vertex 67.4944 34.8333 4
      vertex 67.1213 34.3787 8
      vertex 67.1213 34.3787 4
    endloop
  endfacet
  facet normal 0.95689 -0.290451 0
    outer loop
      vertex 67.7716 35.352 8
      vertex 67.9424 35.9147 4
      vertex 67.9424 35.9147 8
    endloop
  endfacet
  facet normal 0.95689 -0.290451 0
    outer loop
      vertex 67.9424 35.9147 4
      vertex 67.7716 35.352 8
      vertex 67.7716 35.352 4
    endloop
  endfacet
  facet normal 0.881957 -0.471329 0
    outer loop
      vertex 67.4944 34.8333 8
      vertex 67.7716 35.352 4
      vertex 67.7716 35.352 8
    endloop
  endfacet
  facet normal 0.881957 -0.471329 0
    outer loop
      vertex 67.7716 35.352 4
      vertex 67.4944 34.8333 8
      vertex 67.4944 34.8333 4
    endloop
  endfacet
  facet normal -0.471329 -0.881957 0
    outer loop
      vertex 63.3333 34.0056 4
      vertex 63.852 33.7284 8
      vertex 63.3333 34.0056 8
    endloop
  endfacet
  facet normal -0.471329 -0.881957 -0
    outer loop
      vertex 63.852 33.7284 8
      vertex 63.3333 34.0056 4
      vertex 63.852 33.7284 4
    endloop
  endfacet
  facet normal -0.097938 -0.995193 0
    outer loop
      vertex 64.4147 33.5576 4
      vertex 65 33.5 8
      vertex 64.4147 33.5576 8
    endloop
  endfacet
  facet normal -0.097938 -0.995193 -0
    outer loop
      vertex 65 33.5 8
      vertex 64.4147 33.5576 4
      vertex 65 33.5 4
    endloop
  endfacet
  facet normal 0.471329 -0.881957 0
    outer loop
      vertex 66.148 33.7284 4
      vertex 66.6667 34.0056 8
      vertex 66.148 33.7284 8
    endloop
  endfacet
  facet normal 0.471329 -0.881957 0
    outer loop
      vertex 66.6667 34.0056 8
      vertex 66.148 33.7284 4
      vertex 66.6667 34.0056 4
    endloop
  endfacet
  facet normal -0.995193 -0.097938 0
    outer loop
      vertex 67 36.5 4
      vertex 66.9616 36.8902 8
      vertex 66.9616 36.8902 4
    endloop
  endfacet
  facet normal -0.995193 -0.097938 0
    outer loop
      vertex 66.9616 36.8902 8
      vertex 67 36.5 4
      vertex 67 36.5 8
    endloop
  endfacet
  facet normal 0.995193 -0.097938 0
    outer loop
      vertex 63 36.5 8
      vertex 63.0384 36.8902 4
      vertex 63.0384 36.8902 8
    endloop
  endfacet
  facet normal 0.995193 -0.097938 0
    outer loop
      vertex 63.0384 36.8902 4
      vertex 63 36.5 8
      vertex 63 36.5 4
    endloop
  endfacet
  facet normal -0.097938 -0.995193 0
    outer loop
      vertex 65 38.5 4
      vertex 65.3902 38.4616 8
      vertex 65 38.5 8
    endloop
  endfacet
  facet normal -0.097938 -0.995193 -0
    outer loop
      vertex 65.3902 38.4616 8
      vertex 65 38.5 4
      vertex 65.3902 38.4616 4
    endloop
  endfacet
  facet normal -0.634321 -0.77307 0
    outer loop
      vertex 66.1111 38.1629 4
      vertex 66.4142 37.9142 8
      vertex 66.1111 38.1629 8
    endloop
  endfacet
  facet normal -0.634321 -0.77307 -0
    outer loop
      vertex 66.4142 37.9142 8
      vertex 66.1111 38.1629 4
      vertex 66.4142 37.9142 4
    endloop
  endfacet
  facet normal 0.634321 -0.77307 0
    outer loop
      vertex 63.5858 37.9142 4
      vertex 63.8889 38.1629 8
      vertex 63.5858 37.9142 8
    endloop
  endfacet
  facet normal 0.634321 -0.77307 0
    outer loop
      vertex 63.8889 38.1629 8
      vertex 63.5858 37.9142 4
      vertex 63.8889 38.1629 4
    endloop
  endfacet
  facet normal 0.290248 -0.956951 0
    outer loop
      vertex 64.2346 38.3478 4
      vertex 64.6098 38.4616 8
      vertex 64.2346 38.3478 8
    endloop
  endfacet
  facet normal 0.290248 -0.956951 0
    outer loop
      vertex 64.6098 38.4616 8
      vertex 64.2346 38.3478 4
      vertex 64.6098 38.4616 4
    endloop
  endfacet
  facet normal 0.77307 0.634321 0
    outer loop
      vertex 63.5858 35.0858 8
      vertex 63.3371 35.3889 4
      vertex 63.3371 35.3889 8
    endloop
  endfacet
  facet normal 0.77307 0.634321 0
    outer loop
      vertex 63.3371 35.3889 4
      vertex 63.5858 35.0858 8
      vertex 63.5858 35.0858 4
    endloop
  endfacet
  facet normal -0.881795 -0.471634 0
    outer loop
      vertex 66.8478 37.2654 4
      vertex 66.6629 37.6111 8
      vertex 66.6629 37.6111 4
    endloop
  endfacet
  facet normal -0.881795 -0.471634 0
    outer loop
      vertex 66.6629 37.6111 8
      vertex 66.8478 37.2654 4
      vertex 66.8478 37.2654 8
    endloop
  endfacet
  facet normal -0.956951 -0.290248 0
    outer loop
      vertex 66.9616 36.8902 4
      vertex 66.8478 37.2654 8
      vertex 66.8478 37.2654 4
    endloop
  endfacet
  facet normal -0.956951 -0.290248 0
    outer loop
      vertex 66.8478 37.2654 8
      vertex 66.9616 36.8902 4
      vertex 66.9616 36.8902 8
    endloop
  endfacet
  facet normal -0.77307 -0.634321 0
    outer loop
      vertex 66.6629 37.6111 4
      vertex 66.4142 37.9142 8
      vertex 66.4142 37.9142 4
    endloop
  endfacet
  facet normal -0.77307 -0.634321 0
    outer loop
      vertex 66.4142 37.9142 8
      vertex 66.6629 37.6111 4
      vertex 66.6629 37.6111 8
    endloop
  endfacet
  facet normal -0.290248 -0.956951 0
    outer loop
      vertex 65.3902 38.4616 4
      vertex 65.7654 38.3478 8
      vertex 65.3902 38.4616 8
    endloop
  endfacet
  facet normal -0.290248 -0.956951 -0
    outer loop
      vertex 65.7654 38.3478 8
      vertex 65.3902 38.4616 4
      vertex 65.7654 38.3478 4
    endloop
  endfacet
  facet normal -0.471634 -0.881795 0
    outer loop
      vertex 65.7654 38.3478 4
      vertex 66.1111 38.1629 8
      vertex 65.7654 38.3478 8
    endloop
  endfacet
  facet normal -0.471634 -0.881795 -0
    outer loop
      vertex 66.1111 38.1629 8
      vertex 65.7654 38.3478 4
      vertex 66.1111 38.1629 4
    endloop
  endfacet
  facet normal 0.881795 -0.471634 0
    outer loop
      vertex 63.1522 37.2654 8
      vertex 63.3371 37.6111 4
      vertex 63.3371 37.6111 8
    endloop
  endfacet
  facet normal 0.881795 -0.471634 0
    outer loop
      vertex 63.3371 37.6111 4
      vertex 63.1522 37.2654 8
      vertex 63.1522 37.2654 4
    endloop
  endfacet
  facet normal 0.77307 -0.634321 0
    outer loop
      vertex 63.3371 37.6111 8
      vertex 63.5858 37.9142 4
      vertex 63.5858 37.9142 8
    endloop
  endfacet
  facet normal 0.77307 -0.634321 0
    outer loop
      vertex 63.5858 37.9142 4
      vertex 63.3371 37.6111 8
      vertex 63.3371 37.6111 4
    endloop
  endfacet
  facet normal 0.956951 -0.290248 0
    outer loop
      vertex 63.0384 36.8902 8
      vertex 63.1522 37.2654 4
      vertex 63.1522 37.2654 8
    endloop
  endfacet
  facet normal 0.956951 -0.290248 0
    outer loop
      vertex 63.1522 37.2654 4
      vertex 63.0384 36.8902 8
      vertex 63.0384 36.8902 4
    endloop
  endfacet
  facet normal 0.471634 -0.881795 0
    outer loop
      vertex 63.8889 38.1629 4
      vertex 64.2346 38.3478 8
      vertex 63.8889 38.1629 8
    endloop
  endfacet
  facet normal 0.471634 -0.881795 0
    outer loop
      vertex 64.2346 38.3478 8
      vertex 63.8889 38.1629 4
      vertex 64.2346 38.3478 4
    endloop
  endfacet
  facet normal 0.097938 -0.995193 0
    outer loop
      vertex 64.6098 38.4616 4
      vertex 65 38.5 8
      vertex 64.6098 38.4616 8
    endloop
  endfacet
  facet normal 0.097938 -0.995193 0
    outer loop
      vertex 65 38.5 8
      vertex 64.6098 38.4616 4
      vertex 65 38.5 4
    endloop
  endfacet
  facet normal -0.995193 0.097938 0
    outer loop
      vertex 66.9616 36.1098 4
      vertex 67 36.5 8
      vertex 67 36.5 4
    endloop
  endfacet
  facet normal -0.995193 0.097938 0
    outer loop
      vertex 67 36.5 8
      vertex 66.9616 36.1098 4
      vertex 66.9616 36.1098 8
    endloop
  endfacet
  facet normal -0.290248 0.956951 0
    outer loop
      vertex 65.7654 34.6522 4
      vertex 65.3902 34.5384 8
      vertex 65.7654 34.6522 8
    endloop
  endfacet
  facet normal -0.290248 0.956951 0
    outer loop
      vertex 65.3902 34.5384 8
      vertex 65.7654 34.6522 4
      vertex 65.3902 34.5384 4
    endloop
  endfacet
  facet normal -0.097938 0.995193 0
    outer loop
      vertex 65.3902 34.5384 4
      vertex 65 34.5 8
      vertex 65.3902 34.5384 8
    endloop
  endfacet
  facet normal -0.097938 0.995193 0
    outer loop
      vertex 65 34.5 8
      vertex 65.3902 34.5384 4
      vertex 65 34.5 4
    endloop
  endfacet
  facet normal -0.634321 0.77307 0
    outer loop
      vertex 66.4142 35.0858 4
      vertex 66.1111 34.8371 8
      vertex 66.4142 35.0858 8
    endloop
  endfacet
  facet normal -0.634321 0.77307 0
    outer loop
      vertex 66.1111 34.8371 8
      vertex 66.4142 35.0858 4
      vertex 66.1111 34.8371 4
    endloop
  endfacet
  facet normal 0.634321 0.77307 -0
    outer loop
      vertex 63.8889 34.8371 4
      vertex 63.5858 35.0858 8
      vertex 63.8889 34.8371 8
    endloop
  endfacet
  facet normal 0.634321 0.77307 0
    outer loop
      vertex 63.5858 35.0858 8
      vertex 63.8889 34.8371 4
      vertex 63.5858 35.0858 4
    endloop
  endfacet
  facet normal 0.290248 0.956951 -0
    outer loop
      vertex 64.6098 34.5384 4
      vertex 64.2346 34.6522 8
      vertex 64.6098 34.5384 8
    endloop
  endfacet
  facet normal 0.290248 0.956951 0
    outer loop
      vertex 64.2346 34.6522 8
      vertex 64.6098 34.5384 4
      vertex 64.2346 34.6522 4
    endloop
  endfacet
  facet normal 0.995193 0.097938 0
    outer loop
      vertex 63.0384 36.1098 8
      vertex 63 36.5 4
      vertex 63 36.5 8
    endloop
  endfacet
  facet normal 0.995193 0.097938 0
    outer loop
      vertex 63 36.5 4
      vertex 63.0384 36.1098 8
      vertex 63.0384 36.1098 4
    endloop
  endfacet
  facet normal 0.881795 0.471634 0
    outer loop
      vertex 63.3371 35.3889 8
      vertex 63.1522 35.7346 4
      vertex 63.1522 35.7346 8
    endloop
  endfacet
  facet normal 0.881795 0.471634 0
    outer loop
      vertex 63.1522 35.7346 4
      vertex 63.3371 35.3889 8
      vertex 63.3371 35.3889 4
    endloop
  endfacet
  facet normal 0.956951 0.290248 0
    outer loop
      vertex 63.1522 35.7346 8
      vertex 63.0384 36.1098 4
      vertex 63.0384 36.1098 8
    endloop
  endfacet
  facet normal 0.956951 0.290248 0
    outer loop
      vertex 63.0384 36.1098 4
      vertex 63.1522 35.7346 8
      vertex 63.1522 35.7346 4
    endloop
  endfacet
  facet normal -0.77307 0.634321 0
    outer loop
      vertex 66.4142 35.0858 4
      vertex 66.6629 35.3889 8
      vertex 66.6629 35.3889 4
    endloop
  endfacet
  facet normal -0.77307 0.634321 0
    outer loop
      vertex 66.6629 35.3889 8
      vertex 66.4142 35.0858 4
      vertex 66.4142 35.0858 8
    endloop
  endfacet
  facet normal -0.956951 0.290248 0
    outer loop
      vertex 66.8478 35.7346 4
      vertex 66.9616 36.1098 8
      vertex 66.9616 36.1098 4
    endloop
  endfacet
  facet normal -0.956951 0.290248 0
    outer loop
      vertex 66.9616 36.1098 8
      vertex 66.8478 35.7346 4
      vertex 66.8478 35.7346 8
    endloop
  endfacet
  facet normal -0.881795 0.471634 0
    outer loop
      vertex 66.6629 35.3889 4
      vertex 66.8478 35.7346 8
      vertex 66.8478 35.7346 4
    endloop
  endfacet
  facet normal -0.881795 0.471634 0
    outer loop
      vertex 66.8478 35.7346 8
      vertex 66.6629 35.3889 4
      vertex 66.6629 35.3889 8
    endloop
  endfacet
  facet normal 0.471634 0.881795 -0
    outer loop
      vertex 64.2346 34.6522 4
      vertex 63.8889 34.8371 8
      vertex 64.2346 34.6522 8
    endloop
  endfacet
  facet normal 0.471634 0.881795 0
    outer loop
      vertex 63.8889 34.8371 8
      vertex 64.2346 34.6522 4
      vertex 63.8889 34.8371 4
    endloop
  endfacet
  facet normal 0.097938 0.995193 -0
    outer loop
      vertex 65 34.5 4
      vertex 64.6098 34.5384 8
      vertex 65 34.5 8
    endloop
  endfacet
  facet normal 0.097938 0.995193 0
    outer loop
      vertex 64.6098 34.5384 8
      vertex 65 34.5 4
      vertex 64.6098 34.5384 4
    endloop
  endfacet
  facet normal -0.471634 0.881795 0
    outer loop
      vertex 66.1111 34.8371 4
      vertex 65.7654 34.6522 8
      vertex 66.1111 34.8371 8
    endloop
  endfacet
  facet normal -0.471634 0.881795 0
    outer loop
      vertex 65.7654 34.6522 8
      vertex 66.1111 34.8371 4
      vertex 65.7654 34.6522 4
    endloop
  endfacet
  facet normal 0.995193 0.097938 0
    outer loop
      vertex 93 36.5 8
      vertex 92.9424 37.0853 4
      vertex 92.9424 37.0853 8
    endloop
  endfacet
  facet normal 0.995193 0.097938 0
    outer loop
      vertex 92.9424 37.0853 4
      vertex 93 36.5 8
      vertex 93 36.5 4
    endloop
  endfacet
  facet normal -0.995193 0.097938 0
    outer loop
      vertex 87 36.5 4
      vertex 87.0576 37.0853 8
      vertex 87.0576 37.0853 4
    endloop
  endfacet
  facet normal -0.995193 0.097938 0
    outer loop
      vertex 87.0576 37.0853 8
      vertex 87 36.5 4
      vertex 87 36.5 8
    endloop
  endfacet
  facet normal 0.097938 0.995193 -0
    outer loop
      vertex 90.5853 39.4424 4
      vertex 90 39.5 8
      vertex 90.5853 39.4424 8
    endloop
  endfacet
  facet normal 0.097938 0.995193 0
    outer loop
      vertex 90 39.5 8
      vertex 90.5853 39.4424 4
      vertex 90 39.5 4
    endloop
  endfacet
  facet normal 0.634413 0.772994 -0
    outer loop
      vertex 92.1213 38.6213 4
      vertex 91.6667 38.9944 8
      vertex 92.1213 38.6213 8
    endloop
  endfacet
  facet normal 0.634413 0.772994 0
    outer loop
      vertex 91.6667 38.9944 8
      vertex 92.1213 38.6213 4
      vertex 91.6667 38.9944 4
    endloop
  endfacet
  facet normal -0.634413 0.772994 0
    outer loop
      vertex 88.3333 38.9944 4
      vertex 87.8787 38.6213 8
      vertex 88.3333 38.9944 8
    endloop
  endfacet
  facet normal -0.634413 0.772994 0
    outer loop
      vertex 87.8787 38.6213 8
      vertex 88.3333 38.9944 4
      vertex 87.8787 38.6213 4
    endloop
  endfacet
  facet normal -0.290451 0.95689 0
    outer loop
      vertex 89.4147 39.4424 4
      vertex 88.852 39.2716 8
      vertex 89.4147 39.4424 8
    endloop
  endfacet
  facet normal -0.290451 0.95689 0
    outer loop
      vertex 88.852 39.2716 8
      vertex 89.4147 39.4424 4
      vertex 88.852 39.2716 4
    endloop
  endfacet
  facet normal -0.772994 -0.634413 0
    outer loop
      vertex 87.8787 34.3787 4
      vertex 87.5056 34.8333 8
      vertex 87.5056 34.8333 4
    endloop
  endfacet
  facet normal -0.772994 -0.634413 0
    outer loop
      vertex 87.5056 34.8333 8
      vertex 87.8787 34.3787 4
      vertex 87.8787 34.3787 8
    endloop
  endfacet
  facet normal 0.881957 0.471329 0
    outer loop
      vertex 92.7716 37.648 8
      vertex 92.4944 38.1667 4
      vertex 92.4944 38.1667 8
    endloop
  endfacet
  facet normal 0.881957 0.471329 0
    outer loop
      vertex 92.4944 38.1667 4
      vertex 92.7716 37.648 8
      vertex 92.7716 37.648 4
    endloop
  endfacet
  facet normal 0.95689 0.290451 0
    outer loop
      vertex 92.9424 37.0853 8
      vertex 92.7716 37.648 4
      vertex 92.7716 37.648 8
    endloop
  endfacet
  facet normal 0.95689 0.290451 0
    outer loop
      vertex 92.7716 37.648 4
      vertex 92.9424 37.0853 8
      vertex 92.9424 37.0853 4
    endloop
  endfacet
  facet normal 0.772994 0.634413 0
    outer loop
      vertex 92.4944 38.1667 8
      vertex 92.1213 38.6213 4
      vertex 92.1213 38.6213 8
    endloop
  endfacet
  facet normal 0.772994 0.634413 0
    outer loop
      vertex 92.1213 38.6213 4
      vertex 92.4944 38.1667 8
      vertex 92.4944 38.1667 4
    endloop
  endfacet
  facet normal 0.290451 0.95689 -0
    outer loop
      vertex 91.148 39.2716 4
      vertex 90.5853 39.4424 8
      vertex 91.148 39.2716 8
    endloop
  endfacet
  facet normal 0.290451 0.95689 0
    outer loop
      vertex 90.5853 39.4424 8
      vertex 91.148 39.2716 4
      vertex 90.5853 39.4424 4
    endloop
  endfacet
  facet normal 0.471329 0.881957 -0
    outer loop
      vertex 91.6667 38.9944 4
      vertex 91.148 39.2716 8
      vertex 91.6667 38.9944 8
    endloop
  endfacet
  facet normal 0.471329 0.881957 0
    outer loop
      vertex 91.148 39.2716 8
      vertex 91.6667 38.9944 4
      vertex 91.148 39.2716 4
    endloop
  endfacet
  facet normal -0.881957 0.471329 0
    outer loop
      vertex 87.2284 37.648 4
      vertex 87.5056 38.1667 8
      vertex 87.5056 38.1667 4
    endloop
  endfacet
  facet normal -0.881957 0.471329 0
    outer loop
      vertex 87.5056 38.1667 8
      vertex 87.2284 37.648 4
      vertex 87.2284 37.648 8
    endloop
  endfacet
  facet normal -0.772994 0.634413 0
    outer loop
      vertex 87.5056 38.1667 4
      vertex 87.8787 38.6213 8
      vertex 87.8787 38.6213 4
    endloop
  endfacet
  facet normal -0.772994 0.634413 0
    outer loop
      vertex 87.8787 38.6213 8
      vertex 87.5056 38.1667 4
      vertex 87.5056 38.1667 8
    endloop
  endfacet
  facet normal -0.95689 0.290451 0
    outer loop
      vertex 87.0576 37.0853 4
      vertex 87.2284 37.648 8
      vertex 87.2284 37.648 4
    endloop
  endfacet
  facet normal -0.95689 0.290451 0
    outer loop
      vertex 87.2284 37.648 8
      vertex 87.0576 37.0853 4
      vertex 87.0576 37.0853 8
    endloop
  endfacet
  facet normal 0 0 1
    outer loop
      vertex 92 36.5 8
      vertex 93 36.5 8
      vertex 92.9424 37.0853 8
    endloop
  endfacet
  facet normal 0 0 1
    outer loop
      vertex 91.9616 36.8902 8
      vertex 92.9424 37.0853 8
      vertex 92.7716 37.648 8
    endloop
  endfacet
  facet normal 0 0 1
    outer loop
      vertex 93 36.5 8
      vertex 92 36.5 8
      vertex 92.9424 35.9147 8
    endloop
  endfacet
  facet normal 0 0 1
    outer loop
      vertex 91.8478 37.2654 8
      vertex 92.7716 37.648 8
      vertex 92.4944 38.1667 8
    endloop
  endfacet
  facet normal -0 0 1
    outer loop
      vertex 91.9616 36.1098 8
      vertex 92.9424 35.9147 8
      vertex 92 36.5 8
    endloop
  endfacet
  facet normal 0 0 1
    outer loop
      vertex 91.6629 37.6111 8
      vertex 92.4944 38.1667 8
      vertex 92.1213 38.6213 8
    endloop
  endfacet
  facet normal 0 0 1
    outer loop
      vertex 92.9424 35.9147 8
      vertex 91.9616 36.1098 8
      vertex 92.7716 35.352 8
    endloop
  endfacet
  facet normal -0 0 1
    outer loop
      vertex 91.8478 35.7346 8
      vertex 92.7716 35.352 8
      vertex 91.9616 36.1098 8
    endloop
  endfacet
  facet normal 0 0 1
    outer loop
      vertex 92.9424 37.0853 8
      vertex 91.9616 36.8902 8
      vertex 92 36.5 8
    endloop
  endfacet
  facet normal 0 0 1
    outer loop
      vertex 92.7716 37.648 8
      vertex 91.8478 37.2654 8
      vertex 91.9616 36.8902 8
    endloop
  endfacet
  facet normal 0 0 1
    outer loop
      vertex 91.4142 37.9142 8
      vertex 92.1213 38.6213 8
      vertex 91.6667 38.9944 8
    endloop
  endfacet
  facet normal 0 0 1
    outer loop
      vertex 92.4944 38.1667 8
      vertex 91.6629 37.6111 8
      vertex 91.8478 37.2654 8
    endloop
  endfacet
  facet normal 0 0 1
    outer loop
      vertex 92.1213 38.6213 8
      vertex 91.4142 37.9142 8
      vertex 91.6629 37.6111 8
    endloop
  endfacet
  facet normal 0 0 1
    outer loop
      vertex 91.1111 38.1629 8
      vertex 91.6667 38.9944 8
      vertex 91.148 39.2716 8
    endloop
  endfacet
  facet normal 0 0 1
    outer loop
      vertex 91.6667 38.9944 8
      vertex 91.1111 38.1629 8
      vertex 91.4142 37.9142 8
    endloop
  endfacet
  facet normal 0 0 1
    outer loop
      vertex 91.148 39.2716 8
      vertex 90.7654 38.3478 8
      vertex 91.1111 38.1629 8
    endloop
  endfacet
  facet normal 0 0 1
    outer loop
      vertex 90.5853 39.4424 8
      vertex 90.7654 38.3478 8
      vertex 91.148 39.2716 8
    endloop
  endfacet
  facet normal 0 0 1
    outer loop
      vertex 90.5853 39.4424 8
      vertex 90.3902 38.4616 8
      vertex 90.7654 38.3478 8
    endloop
  endfacet
  facet normal 0 0 1
    outer loop
      vertex 90 39.5 8
      vertex 90.3902 38.4616 8
      vertex 90.5853 39.4424 8
    endloop
  endfacet
  facet normal 0 0 1
    outer loop
      vertex 90 39.5 8
      vertex 90 38.5 8
      vertex 90.3902 38.4616 8
    endloop
  endfacet
  facet normal 0 0 1
    outer loop
      vertex 90 39.5 8
      vertex 89.6098 38.4616 8
      vertex 90 38.5 8
    endloop
  endfacet
  facet normal -0 0 1
    outer loop
      vertex 89.4147 39.4424 8
      vertex 89.6098 38.4616 8
      vertex 90 39.5 8
    endloop
  endfacet
  facet normal 0 0 1
    outer loop
      vertex 89.4147 39.4424 8
      vertex 89.2346 38.3478 8
      vertex 89.6098 38.4616 8
    endloop
  endfacet
  facet normal -0 0 1
    outer loop
      vertex 88.852 39.2716 8
      vertex 89.2346 38.3478 8
      vertex 89.4147 39.4424 8
    endloop
  endfacet
  facet normal 0 0 1
    outer loop
      vertex 89.2346 38.3478 8
      vertex 88.852 39.2716 8
      vertex 88.8889 38.1629 8
    endloop
  endfacet
  facet normal -0 0 1
    outer loop
      vertex 88.3333 38.9944 8
      vertex 88.8889 38.1629 8
      vertex 88.852 39.2716 8
    endloop
  endfacet
  facet normal 0 0 1
    outer loop
      vertex 88.8889 38.1629 8
      vertex 88.3333 38.9944 8
      vertex 88.5858 37.9142 8
    endloop
  endfacet
  facet normal -0 0 1
    outer loop
      vertex 87.8787 38.6213 8
      vertex 88.5858 37.9142 8
      vertex 88.3333 38.9944 8
    endloop
  endfacet
  facet normal 0 0 1
    outer loop
      vertex 88.5858 37.9142 8
      vertex 87.8787 38.6213 8
      vertex 88.3371 37.6111 8
    endloop
  endfacet
  facet normal -0 0 1
    outer loop
      vertex 87.5056 38.1667 8
      vertex 88.3371 37.6111 8
      vertex 87.8787 38.6213 8
    endloop
  endfacet
  facet normal -0 0 1
    outer loop
      vertex 87.2284 37.648 8
      vertex 88.1522 37.2654 8
      vertex 87.5056 38.1667 8
    endloop
  endfacet
  facet normal 0 0 1
    outer loop
      vertex 88.3371 37.6111 8
      vertex 87.5056 38.1667 8
      vertex 88.1522 37.2654 8
    endloop
  endfacet
  facet normal 0 0 1
    outer loop
      vertex 92.7716 35.352 8
      vertex 91.8478 35.7346 8
      vertex 92.4944 34.8333 8
    endloop
  endfacet
  facet normal -0 0 1
    outer loop
      vertex 91.6629 35.3889 8
      vertex 92.4944 34.8333 8
      vertex 91.8478 35.7346 8
    endloop
  endfacet
  facet normal 0 0 1
    outer loop
      vertex 92.4944 34.8333 8
      vertex 91.6629 35.3889 8
      vertex 92.1213 34.3787 8
    endloop
  endfacet
  facet normal -0 0 1
    outer loop
      vertex 91.4142 35.0858 8
      vertex 92.1213 34.3787 8
      vertex 91.6629 35.3889 8
    endloop
  endfacet
  facet normal 0 0 1
    outer loop
      vertex 92.1213 34.3787 8
      vertex 91.4142 35.0858 8
      vertex 91.6667 34.0056 8
    endloop
  endfacet
  facet normal -0 0 1
    outer loop
      vertex 91.1111 34.8371 8
      vertex 91.6667 34.0056 8
      vertex 91.4142 35.0858 8
    endloop
  endfacet
  facet normal 0 0 1
    outer loop
      vertex 91.6667 34.0056 8
      vertex 91.1111 34.8371 8
      vertex 91.148 33.7284 8
    endloop
  endfacet
  facet normal -0 0 1
    outer loop
      vertex 90.7654 34.6522 8
      vertex 91.148 33.7284 8
      vertex 91.1111 34.8371 8
    endloop
  endfacet
  facet normal 0 0 1
    outer loop
      vertex 90.7654 34.6522 8
      vertex 90.5853 33.5576 8
      vertex 91.148 33.7284 8
    endloop
  endfacet
  facet normal -0 0 1
    outer loop
      vertex 90.3902 34.5384 8
      vertex 90.5853 33.5576 8
      vertex 90.7654 34.6522 8
    endloop
  endfacet
  facet normal -0 0 1
    outer loop
      vertex 90 34.5 8
      vertex 90.5853 33.5576 8
      vertex 90.3902 34.5384 8
    endloop
  endfacet
  facet normal 0 0 1
    outer loop
      vertex 90 34.5 8
      vertex 90 33.5 8
      vertex 90.5853 33.5576 8
    endloop
  endfacet
  facet normal 0 0 1
    outer loop
      vertex 89.6098 34.5384 8
      vertex 90 33.5 8
      vertex 90 34.5 8
    endloop
  endfacet
  facet normal 0 0 1
    outer loop
      vertex 89.6098 34.5384 8
      vertex 89.4147 33.5576 8
      vertex 90 33.5 8
    endloop
  endfacet
  facet normal 0 0 1
    outer loop
      vertex 89.2346 34.6522 8
      vertex 89.4147 33.5576 8
      vertex 89.6098 34.5384 8
    endloop
  endfacet
  facet normal 0 0 1
    outer loop
      vertex 88.852 33.7284 8
      vertex 89.2346 34.6522 8
      vertex 88.8889 34.8371 8
    endloop
  endfacet
  facet normal 0 0 1
    outer loop
      vertex 89.2346 34.6522 8
      vertex 88.852 33.7284 8
      vertex 89.4147 33.5576 8
    endloop
  endfacet
  facet normal 0 0 1
    outer loop
      vertex 88.3333 34.0056 8
      vertex 88.8889 34.8371 8
      vertex 88.5858 35.0858 8
    endloop
  endfacet
  facet normal 0 0 1
    outer loop
      vertex 87.8787 34.3787 8
      vertex 88.5858 35.0858 8
      vertex 88.3371 35.3889 8
    endloop
  endfacet
  facet normal 0 0 1
    outer loop
      vertex 88.8889 34.8371 8
      vertex 88.3333 34.0056 8
      vertex 88.852 33.7284 8
    endloop
  endfacet
  facet normal 0 0 1
    outer loop
      vertex 87.5056 34.8333 8
      vertex 88.3371 35.3889 8
      vertex 88.1522 35.7346 8
    endloop
  endfacet
  facet normal 0 0 1
    outer loop
      vertex 87.2284 35.352 8
      vertex 88.1522 35.7346 8
      vertex 88.0384 36.1098 8
    endloop
  endfacet
  facet normal 0 0 1
    outer loop
      vertex 88.5858 35.0858 8
      vertex 87.8787 34.3787 8
      vertex 88.3333 34.0056 8
    endloop
  endfacet
  facet normal 0 0 1
    outer loop
      vertex 87.0576 35.9147 8
      vertex 88.0384 36.1098 8
      vertex 88 36.5 8
    endloop
  endfacet
  facet normal 0 0 1
    outer loop
      vertex 88.1522 37.2654 8
      vertex 87.2284 37.648 8
      vertex 88.0384 36.8902 8
    endloop
  endfacet
  facet normal -0 0 1
    outer loop
      vertex 87.0576 37.0853 8
      vertex 88.0384 36.8902 8
      vertex 87.2284 37.648 8
    endloop
  endfacet
  facet normal 0 0 1
    outer loop
      vertex 88.3371 35.3889 8
      vertex 87.5056 34.8333 8
      vertex 87.8787 34.3787 8
    endloop
  endfacet
  facet normal 0 0 1
    outer loop
      vertex 88.0384 36.8902 8
      vertex 87.0576 37.0853 8
      vertex 88 36.5 8
    endloop
  endfacet
  facet normal 0 0 1
    outer loop
      vertex 88.1522 35.7346 8
      vertex 87.2284 35.352 8
      vertex 87.5056 34.8333 8
    endloop
  endfacet
  facet normal 0 0 1
    outer loop
      vertex 87 36.5 8
      vertex 88 36.5 8
      vertex 87.0576 37.0853 8
    endloop
  endfacet
  facet normal 0 0 1
    outer loop
      vertex 88.0384 36.1098 8
      vertex 87.0576 35.9147 8
      vertex 87.2284 35.352 8
    endloop
  endfacet
  facet normal 0 0 1
    outer loop
      vertex 88 36.5 8
      vertex 87 36.5 8
      vertex 87.0576 35.9147 8
    endloop
  endfacet
  facet normal -0.471329 0.881957 0
    outer loop
      vertex 88.852 39.2716 4
      vertex 88.3333 38.9944 8
      vertex 88.852 39.2716 8
    endloop
  endfacet
  facet normal -0.471329 0.881957 0
    outer loop
      vertex 88.3333 38.9944 8
      vertex 88.852 39.2716 4
      vertex 88.3333 38.9944 4
    endloop
  endfacet
  facet normal -0.097938 0.995193 0
    outer loop
      vertex 90 39.5 4
      vertex 89.4147 39.4424 8
      vertex 90 39.5 8
    endloop
  endfacet
  facet normal -0.097938 0.995193 0
    outer loop
      vertex 89.4147 39.4424 8
      vertex 90 39.5 4
      vertex 89.4147 39.4424 4
    endloop
  endfacet
  facet normal 0.995193 -0.097938 0
    outer loop
      vertex 92.9424 35.9147 8
      vertex 93 36.5 4
      vertex 93 36.5 8
    endloop
  endfacet
  facet normal 0.995193 -0.097938 0
    outer loop
      vertex 93 36.5 4
      vertex 92.9424 35.9147 8
      vertex 92.9424 35.9147 4
    endloop
  endfacet
  facet normal 0.290451 -0.95689 0
    outer loop
      vertex 90.5853 33.5576 4
      vertex 91.148 33.7284 8
      vertex 90.5853 33.5576 8
    endloop
  endfacet
  facet normal 0.290451 -0.95689 0
    outer loop
      vertex 91.148 33.7284 8
      vertex 90.5853 33.5576 4
      vertex 91.148 33.7284 4
    endloop
  endfacet
  facet normal 0.097938 -0.995193 0
    outer loop
      vertex 90 33.5 4
      vertex 90.5853 33.5576 8
      vertex 90 33.5 8
    endloop
  endfacet
  facet normal 0.097938 -0.995193 0
    outer loop
      vertex 90.5853 33.5576 8
      vertex 90 33.5 4
      vertex 90.5853 33.5576 4
    endloop
  endfacet
  facet normal 0.634413 -0.772994 0
    outer loop
      vertex 91.6667 34.0056 4
      vertex 92.1213 34.3787 8
      vertex 91.6667 34.0056 8
    endloop
  endfacet
  facet normal 0.634413 -0.772994 0
    outer loop
      vertex 92.1213 34.3787 8
      vertex 91.6667 34.0056 4
      vertex 92.1213 34.3787 4
    endloop
  endfacet
  facet normal -0.634413 -0.772994 0
    outer loop
      vertex 87.8787 34.3787 4
      vertex 88.3333 34.0056 8
      vertex 87.8787 34.3787 8
    endloop
  endfacet
  facet normal -0.634413 -0.772994 -0
    outer loop
      vertex 88.3333 34.0056 8
      vertex 87.8787 34.3787 4
      vertex 88.3333 34.0056 4
    endloop
  endfacet
  facet normal -0.290451 -0.95689 0
    outer loop
      vertex 88.852 33.7284 4
      vertex 89.4147 33.5576 8
      vertex 88.852 33.7284 8
    endloop
  endfacet
  facet normal -0.290451 -0.95689 -0
    outer loop
      vertex 89.4147 33.5576 8
      vertex 88.852 33.7284 4
      vertex 89.4147 33.5576 4
    endloop
  endfacet
  facet normal -0.995193 -0.097938 0
    outer loop
      vertex 87.0576 35.9147 4
      vertex 87 36.5 8
      vertex 87 36.5 4
    endloop
  endfacet
  facet normal -0.995193 -0.097938 0
    outer loop
      vertex 87 36.5 8
      vertex 87.0576 35.9147 4
      vertex 87.0576 35.9147 8
    endloop
  endfacet
  facet normal -0.881957 -0.471329 0
    outer loop
      vertex 87.5056 34.8333 4
      vertex 87.2284 35.352 8
      vertex 87.2284 35.352 4
    endloop
  endfacet
  facet normal -0.881957 -0.471329 0
    outer loop
      vertex 87.2284 35.352 8
      vertex 87.5056 34.8333 4
      vertex 87.5056 34.8333 8
    endloop
  endfacet
  facet normal -0.95689 -0.290451 0
    outer loop
      vertex 87.2284 35.352 4
      vertex 87.0576 35.9147 8
      vertex 87.0576 35.9147 4
    endloop
  endfacet
  facet normal -0.95689 -0.290451 0
    outer loop
      vertex 87.0576 35.9147 8
      vertex 87.2284 35.352 4
      vertex 87.2284 35.352 8
    endloop
  endfacet
  facet normal 0.772994 -0.634413 0
    outer loop
      vertex 92.1213 34.3787 8
      vertex 92.4944 34.8333 4
      vertex 92.4944 34.8333 8
    endloop
  endfacet
  facet normal 0.772994 -0.634413 0
    outer loop
      vertex 92.4944 34.8333 4
      vertex 92.1213 34.3787 8
      vertex 92.1213 34.3787 4
    endloop
  endfacet
  facet normal 0.95689 -0.290451 0
    outer loop
      vertex 92.7716 35.352 8
      vertex 92.9424 35.9147 4
      vertex 92.9424 35.9147 8
    endloop
  endfacet
  facet normal 0.95689 -0.290451 0
    outer loop
      vertex 92.9424 35.9147 4
      vertex 92.7716 35.352 8
      vertex 92.7716 35.352 4
    endloop
  endfacet
  facet normal 0.881957 -0.471329 0
    outer loop
      vertex 92.4944 34.8333 8
      vertex 92.7716 35.352 4
      vertex 92.7716 35.352 8
    endloop
  endfacet
  facet normal 0.881957 -0.471329 0
    outer loop
      vertex 92.7716 35.352 4
      vertex 92.4944 34.8333 8
      vertex 92.4944 34.8333 4
    endloop
  endfacet
  facet normal -0.471329 -0.881957 0
    outer loop
      vertex 88.3333 34.0056 4
      vertex 88.852 33.7284 8
      vertex 88.3333 34.0056 8
    endloop
  endfacet
  facet normal -0.471329 -0.881957 -0
    outer loop
      vertex 88.852 33.7284 8
      vertex 88.3333 34.0056 4
      vertex 88.852 33.7284 4
    endloop
  endfacet
  facet normal -0.097938 -0.995193 0
    outer loop
      vertex 89.4147 33.5576 4
      vertex 90 33.5 8
      vertex 89.4147 33.5576 8
    endloop
  endfacet
  facet normal -0.097938 -0.995193 -0
    outer loop
      vertex 90 33.5 8
      vertex 89.4147 33.5576 4
      vertex 90 33.5 4
    endloop
  endfacet
  facet normal 0.471329 -0.881957 0
    outer loop
      vertex 91.148 33.7284 4
      vertex 91.6667 34.0056 8
      vertex 91.148 33.7284 8
    endloop
  endfacet
  facet normal 0.471329 -0.881957 0
    outer loop
      vertex 91.6667 34.0056 8
      vertex 91.148 33.7284 4
      vertex 91.6667 34.0056 4
    endloop
  endfacet
  facet normal -0.995193 -0.097938 0
    outer loop
      vertex 92 36.5 4
      vertex 91.9616 36.8902 8
      vertex 91.9616 36.8902 4
    endloop
  endfacet
  facet normal -0.995193 -0.097938 0
    outer loop
      vertex 91.9616 36.8902 8
      vertex 92 36.5 4
      vertex 92 36.5 8
    endloop
  endfacet
  facet normal 0.995193 -0.097938 0
    outer loop
      vertex 88 36.5 8
      vertex 88.0384 36.8902 4
      vertex 88.0384 36.8902 8
    endloop
  endfacet
  facet normal 0.995193 -0.097938 0
    outer loop
      vertex 88.0384 36.8902 4
      vertex 88 36.5 8
      vertex 88 36.5 4
    endloop
  endfacet
  facet normal -0.097938 -0.995193 0
    outer loop
      vertex 90 38.5 4
      vertex 90.3902 38.4616 8
      vertex 90 38.5 8
    endloop
  endfacet
  facet normal -0.097938 -0.995193 -0
    outer loop
      vertex 90.3902 38.4616 8
      vertex 90 38.5 4
      vertex 90.3902 38.4616 4
    endloop
  endfacet
  facet normal -0.634321 -0.77307 0
    outer loop
      vertex 91.1111 38.1629 4
      vertex 91.4142 37.9142 8
      vertex 91.1111 38.1629 8
    endloop
  endfacet
  facet normal -0.634321 -0.77307 -0
    outer loop
      vertex 91.4142 37.9142 8
      vertex 91.1111 38.1629 4
      vertex 91.4142 37.9142 4
    endloop
  endfacet
  facet normal 0.634321 -0.77307 0
    outer loop
      vertex 88.5858 37.9142 4
      vertex 88.8889 38.1629 8
      vertex 88.5858 37.9142 8
    endloop
  endfacet
  facet normal 0.634321 -0.77307 0
    outer loop
      vertex 88.8889 38.1629 8
      vertex 88.5858 37.9142 4
      vertex 88.8889 38.1629 4
    endloop
  endfacet
  facet normal 0.290248 -0.956951 0
    outer loop
      vertex 89.2346 38.3478 4
      vertex 89.6098 38.4616 8
      vertex 89.2346 38.3478 8
    endloop
  endfacet
  facet normal 0.290248 -0.956951 0
    outer loop
      vertex 89.6098 38.4616 8
      vertex 89.2346 38.3478 4
      vertex 89.6098 38.4616 4
    endloop
  endfacet
  facet normal 0.77307 0.634321 0
    outer loop
      vertex 88.5858 35.0858 8
      vertex 88.3371 35.3889 4
      vertex 88.3371 35.3889 8
    endloop
  endfacet
  facet normal 0.77307 0.634321 0
    outer loop
      vertex 88.3371 35.3889 4
      vertex 88.5858 35.0858 8
      vertex 88.5858 35.0858 4
    endloop
  endfacet
  facet normal -0.881795 -0.471634 0
    outer loop
      vertex 91.8478 37.2654 4
      vertex 91.6629 37.6111 8
      vertex 91.6629 37.6111 4
    endloop
  endfacet
  facet normal -0.881795 -0.471634 0
    outer loop
      vertex 91.6629 37.6111 8
      vertex 91.8478 37.2654 4
      vertex 91.8478 37.2654 8
    endloop
  endfacet
  facet normal -0.956951 -0.290248 0
    outer loop
      vertex 91.9616 36.8902 4
      vertex 91.8478 37.2654 8
      vertex 91.8478 37.2654 4
    endloop
  endfacet
  facet normal -0.956951 -0.290248 0
    outer loop
      vertex 91.8478 37.2654 8
      vertex 91.9616 36.8902 4
      vertex 91.9616 36.8902 8
    endloop
  endfacet
  facet normal -0.77307 -0.634321 0
    outer loop
      vertex 91.6629 37.6111 4
      vertex 91.4142 37.9142 8
      vertex 91.4142 37.9142 4
    endloop
  endfacet
  facet normal -0.77307 -0.634321 0
    outer loop
      vertex 91.4142 37.9142 8
      vertex 91.6629 37.6111 4
      vertex 91.6629 37.6111 8
    endloop
  endfacet
  facet normal -0.290248 -0.956951 0
    outer loop
      vertex 90.3902 38.4616 4
      vertex 90.7654 38.3478 8
      vertex 90.3902 38.4616 8
    endloop
  endfacet
  facet normal -0.290248 -0.956951 -0
    outer loop
      vertex 90.7654 38.3478 8
      vertex 90.3902 38.4616 4
      vertex 90.7654 38.3478 4
    endloop
  endfacet
  facet normal -0.471634 -0.881795 0
    outer loop
      vertex 90.7654 38.3478 4
      vertex 91.1111 38.1629 8
      vertex 90.7654 38.3478 8
    endloop
  endfacet
  facet normal -0.471634 -0.881795 -0
    outer loop
      vertex 91.1111 38.1629 8
      vertex 90.7654 38.3478 4
      vertex 91.1111 38.1629 4
    endloop
  endfacet
  facet normal 0.881795 -0.471634 0
    outer loop
      vertex 88.1522 37.2654 8
      vertex 88.3371 37.6111 4
      vertex 88.3371 37.6111 8
    endloop
  endfacet
  facet normal 0.881795 -0.471634 0
    outer loop
      vertex 88.3371 37.6111 4
      vertex 88.1522 37.2654 8
      vertex 88.1522 37.2654 4
    endloop
  endfacet
  facet normal 0.77307 -0.634321 0
    outer loop
      vertex 88.3371 37.6111 8
      vertex 88.5858 37.9142 4
      vertex 88.5858 37.9142 8
    endloop
  endfacet
  facet normal 0.77307 -0.634321 0
    outer loop
      vertex 88.5858 37.9142 4
      vertex 88.3371 37.6111 8
      vertex 88.3371 37.6111 4
    endloop
  endfacet
  facet normal 0.956951 -0.290248 0
    outer loop
      vertex 88.0384 36.8902 8
      vertex 88.1522 37.2654 4
      vertex 88.1522 37.2654 8
    endloop
  endfacet
  facet normal 0.956951 -0.290248 0
    outer loop
      vertex 88.1522 37.2654 4
      vertex 88.0384 36.8902 8
      vertex 88.0384 36.8902 4
    endloop
  endfacet
  facet normal 0.471634 -0.881795 0
    outer loop
      vertex 88.8889 38.1629 4
      vertex 89.2346 38.3478 8
      vertex 88.8889 38.1629 8
    endloop
  endfacet
  facet normal 0.471634 -0.881795 0
    outer loop
      vertex 89.2346 38.3478 8
      vertex 88.8889 38.1629 4
      vertex 89.2346 38.3478 4
    endloop
  endfacet
  facet normal 0.097938 -0.995193 0
    outer loop
      vertex 89.6098 38.4616 4
      vertex 90 38.5 8
      vertex 89.6098 38.4616 8
    endloop
  endfacet
  facet normal 0.097938 -0.995193 0
    outer loop
      vertex 90 38.5 8
      vertex 89.6098 38.4616 4
      vertex 90 38.5 4
    endloop
  endfacet
  facet normal -0.995193 0.097938 0
    outer loop
      vertex 91.9616 36.1098 4
      vertex 92 36.5 8
      vertex 92 36.5 4
    endloop
  endfacet
  facet normal -0.995193 0.097938 0
    outer loop
      vertex 92 36.5 8
      vertex 91.9616 36.1098 4
      vertex 91.9616 36.1098 8
    endloop
  endfacet
  facet normal -0.290248 0.956951 0
    outer loop
      vertex 90.7654 34.6522 4
      vertex 90.3902 34.5384 8
      vertex 90.7654 34.6522 8
    endloop
  endfacet
  facet normal -0.290248 0.956951 0
    outer loop
      vertex 90.3902 34.5384 8
      vertex 90.7654 34.6522 4
      vertex 90.3902 34.5384 4
    endloop
  endfacet
  facet normal -0.097938 0.995193 0
    outer loop
      vertex 90.3902 34.5384 4
      vertex 90 34.5 8
      vertex 90.3902 34.5384 8
    endloop
  endfacet
  facet normal -0.097938 0.995193 0
    outer loop
      vertex 90 34.5 8
      vertex 90.3902 34.5384 4
      vertex 90 34.5 4
    endloop
  endfacet
  facet normal -0.634321 0.77307 0
    outer loop
      vertex 91.4142 35.0858 4
      vertex 91.1111 34.8371 8
      vertex 91.4142 35.0858 8
    endloop
  endfacet
  facet normal -0.634321 0.77307 0
    outer loop
      vertex 91.1111 34.8371 8
      vertex 91.4142 35.0858 4
      vertex 91.1111 34.8371 4
    endloop
  endfacet
  facet normal 0.634321 0.77307 -0
    outer loop
      vertex 88.8889 34.8371 4
      vertex 88.5858 35.0858 8
      vertex 88.8889 34.8371 8
    endloop
  endfacet
  facet normal 0.634321 0.77307 0
    outer loop
      vertex 88.5858 35.0858 8
      vertex 88.8889 34.8371 4
      vertex 88.5858 35.0858 4
    endloop
  endfacet
  facet normal 0.290248 0.956951 -0
    outer loop
      vertex 89.6098 34.5384 4
      vertex 89.2346 34.6522 8
      vertex 89.6098 34.5384 8
    endloop
  endfacet
  facet normal 0.290248 0.956951 0
    outer loop
      vertex 89.2346 34.6522 8
      vertex 89.6098 34.5384 4
      vertex 89.2346 34.6522 4
    endloop
  endfacet
  facet normal 0.995193 0.097938 0
    outer loop
      vertex 88.0384 36.1098 8
      vertex 88 36.5 4
      vertex 88 36.5 8
    endloop
  endfacet
  facet normal 0.995193 0.097938 0
    outer loop
      vertex 88 36.5 4
      vertex 88.0384 36.1098 8
      vertex 88.0384 36.1098 4
    endloop
  endfacet
  facet normal 0.881795 0.471634 0
    outer loop
      vertex 88.3371 35.3889 8
      vertex 88.1522 35.7346 4
      vertex 88.1522 35.7346 8
    endloop
  endfacet
  facet normal 0.881795 0.471634 0
    outer loop
      vertex 88.1522 35.7346 4
      vertex 88.3371 35.3889 8
      vertex 88.3371 35.3889 4
    endloop
  endfacet
  facet normal 0.956951 0.290248 0
    outer loop
      vertex 88.1522 35.7346 8
      vertex 88.0384 36.1098 4
      vertex 88.0384 36.1098 8
    endloop
  endfacet
  facet normal 0.956951 0.290248 0
    outer loop
      vertex 88.0384 36.1098 4
      vertex 88.1522 35.7346 8
      vertex 88.1522 35.7346 4
    endloop
  endfacet
  facet normal -0.77307 0.634321 0
    outer loop
      vertex 91.4142 35.0858 4
      vertex 91.6629 35.3889 8
      vertex 91.6629 35.3889 4
    endloop
  endfacet
  facet normal -0.77307 0.634321 0
    outer loop
      vertex 91.6629 35.3889 8
      vertex 91.4142 35.0858 4
      vertex 91.4142 35.0858 8
    endloop
  endfacet
  facet normal -0.956951 0.290248 0
    outer loop
      vertex 91.8478 35.7346 4
      vertex 91.9616 36.1098 8
      vertex 91.9616 36.1098 4
    endloop
  endfacet
  facet normal -0.956951 0.290248 0
    outer loop
      vertex 91.9616 36.1098 8
      vertex 91.8478 35.7346 4
      vertex 91.8478 35.7346 8
    endloop
  endfacet
  facet normal -0.881795 0.471634 0
    outer loop
      vertex 91.6629 35.3889 4
      vertex 91.8478 35.7346 8
      vertex 91.8478 35.7346 4
    endloop
  endfacet
  facet normal -0.881795 0.471634 0
    outer loop
      vertex 91.8478 35.7346 8
      vertex 91.6629 35.3889 4
      vertex 91.6629 35.3889 8
    endloop
  endfacet
  facet normal 0.471634 0.881795 -0
    outer loop
      vertex 89.2346 34.6522 4
      vertex 88.8889 34.8371 8
      vertex 89.2346 34.6522 8
    endloop
  endfacet
  facet normal 0.471634 0.881795 0
    outer loop
      vertex 88.8889 34.8371 8
      vertex 89.2346 34.6522 4
      vertex 88.8889 34.8371 4
    endloop
  endfacet
  facet normal 0.097938 0.995193 -0
    outer loop
      vertex 90 34.5 4
      vertex 89.6098 34.5384 8
      vertex 90 34.5 8
    endloop
  endfacet
  facet normal 0.097938 0.995193 0
    outer loop
      vertex 89.6098 34.5384 8
      vertex 90 34.5 4
      vertex 89.6098 34.5384 4
    endloop
  endfacet
  facet normal -0.471634 0.881795 0
    outer loop
      vertex 91.1111 34.8371 4
      vertex 90.7654 34.6522 8
      vertex 91.1111 34.8371 8
    endloop
  endfacet
  facet normal -0.471634 0.881795 0
    outer loop
      vertex 90.7654 34.6522 8
      vertex 91.1111 34.8371 4
      vertex 90.7654 34.6522 4
    endloop
  endfacet
  facet normal 0.995182 0.098049 0
    outer loop
      vertex 27 87 9
      vertex 26.9039 87.9754 4
      vertex 26.9039 87.9754 9
    endloop
  endfacet
  facet normal 0.995182 0.098049 0
    outer loop
      vertex 26.9039 87.9754 4
      vertex 27 87 9
      vertex 27 87 4
    endloop
  endfacet
  facet normal -0.995182 0.098049 0
    outer loop
      vertex 17 87 4
      vertex 17.0961 87.9754 9
      vertex 17.0961 87.9754 4
    endloop
  endfacet
  facet normal -0.995182 0.098049 0
    outer loop
      vertex 17.0961 87.9754 9
      vertex 17 87 4
      vertex 17 87 9
    endloop
  endfacet
  facet normal 0.098039 0.995183 -0
    outer loop
      vertex 22.9755 91.9039 4
      vertex 22 92 9
      vertex 22.9755 91.9039 9
    endloop
  endfacet
  facet normal 0.098039 0.995183 0
    outer loop
      vertex 22 92 9
      vertex 22.9755 91.9039 4
      vertex 22 92 4
    endloop
  endfacet
  facet normal 0.773025 0.634376 0
    outer loop
      vertex 26.1573 89.7778 9
      vertex 25.5355 90.5355 4
      vertex 25.5355 90.5355 9
    endloop
  endfacet
  facet normal 0.773025 0.634376 0
    outer loop
      vertex 25.5355 90.5355 4
      vertex 26.1573 89.7778 9
      vertex 26.1573 89.7778 4
    endloop
  endfacet
  facet normal -0.634426 0.772984 0
    outer loop
      vertex 19.2221 91.1573 4
      vertex 18.4645 90.5355 9
      vertex 19.2221 91.1573 9
    endloop
  endfacet
  facet normal -0.634426 0.772984 0
    outer loop
      vertex 18.4645 90.5355 9
      vertex 19.2221 91.1573 4
      vertex 18.4645 90.5355 4
    endloop
  endfacet
  facet normal -0.290276 0.956943 0
    outer loop
      vertex 21.0245 91.9039 4
      vertex 20.0866 91.6194 9
      vertex 21.0245 91.9039 9
    endloop
  endfacet
  facet normal -0.290276 0.956943 0
    outer loop
      vertex 20.0866 91.6194 9
      vertex 21.0245 91.9039 4
      vertex 20.0866 91.6194 4
    endloop
  endfacet
  facet normal -0.773025 -0.634376 0
    outer loop
      vertex 18.4645 83.4645 4
      vertex 17.8427 84.2222 9
      vertex 17.8427 84.2222 4
    endloop
  endfacet
  facet normal -0.773025 -0.634376 0
    outer loop
      vertex 17.8427 84.2222 9
      vertex 18.4645 83.4645 4
      vertex 18.4645 83.4645 9
    endloop
  endfacet
  facet normal 0.881892 0.471451 0
    outer loop
      vertex 26.6194 88.9134 9
      vertex 26.1573 89.7778 4
      vertex 26.1573 89.7778 9
    endloop
  endfacet
  facet normal 0.881892 0.471451 0
    outer loop
      vertex 26.1573 89.7778 4
      vertex 26.6194 88.9134 9
      vertex 26.6194 88.9134 4
    endloop
  endfacet
  facet normal 0.956951 0.290248 0
    outer loop
      vertex 26.9039 87.9754 9
      vertex 26.6194 88.9134 4
      vertex 26.6194 88.9134 9
    endloop
  endfacet
  facet normal 0.956951 0.290248 0
    outer loop
      vertex 26.6194 88.9134 4
      vertex 26.9039 87.9754 9
      vertex 26.9039 87.9754 4
    endloop
  endfacet
  facet normal 0.471409 0.881915 -0
    outer loop
      vertex 24.7779 91.1573 4
      vertex 23.9134 91.6194 9
      vertex 24.7779 91.1573 9
    endloop
  endfacet
  facet normal 0.471409 0.881915 0
    outer loop
      vertex 23.9134 91.6194 9
      vertex 24.7779 91.1573 4
      vertex 23.9134 91.6194 4
    endloop
  endfacet
  facet normal 0.290276 0.956943 -0
    outer loop
      vertex 23.9134 91.6194 4
      vertex 22.9755 91.9039 9
      vertex 23.9134 91.6194 9
    endloop
  endfacet
  facet normal 0.290276 0.956943 0
    outer loop
      vertex 22.9755 91.9039 9
      vertex 23.9134 91.6194 4
      vertex 22.9755 91.9039 4
    endloop
  endfacet
  facet normal 0.634426 0.772984 -0
    outer loop
      vertex 25.5355 90.5355 4
      vertex 24.7779 91.1573 9
      vertex 25.5355 90.5355 9
    endloop
  endfacet
  facet normal 0.634426 0.772984 0
    outer loop
      vertex 24.7779 91.1573 9
      vertex 25.5355 90.5355 4
      vertex 24.7779 91.1573 4
    endloop
  endfacet
  facet normal -0.881892 0.471451 0
    outer loop
      vertex 17.3806 88.9134 4
      vertex 17.8427 89.7778 9
      vertex 17.8427 89.7778 4
    endloop
  endfacet
  facet normal -0.881892 0.471451 0
    outer loop
      vertex 17.8427 89.7778 9
      vertex 17.3806 88.9134 4
      vertex 17.3806 88.9134 9
    endloop
  endfacet
  facet normal -0.773025 0.634376 0
    outer loop
      vertex 17.8427 89.7778 4
      vertex 18.4645 90.5355 9
      vertex 18.4645 90.5355 4
    endloop
  endfacet
  facet normal -0.773025 0.634376 0
    outer loop
      vertex 18.4645 90.5355 9
      vertex 17.8427 89.7778 4
      vertex 17.8427 89.7778 9
    endloop
  endfacet
  facet normal -0.956951 0.290248 0
    outer loop
      vertex 17.0961 87.9754 4
      vertex 17.3806 88.9134 9
      vertex 17.3806 88.9134 4
    endloop
  endfacet
  facet normal -0.956951 0.290248 0
    outer loop
      vertex 17.3806 88.9134 9
      vertex 17.0961 87.9754 4
      vertex 17.0961 87.9754 9
    endloop
  endfacet
  facet normal 0 0 1
    outer loop
      vertex 24.8 87 9
      vertex 27 87 9
      vertex 26.9039 87.9754 9
    endloop
  endfacet
  facet normal 0 0 1
    outer loop
      vertex 24.7462 87.5462 9
      vertex 26.9039 87.9754 9
      vertex 26.6194 88.9134 9
    endloop
  endfacet
  facet normal 0 0 1
    outer loop
      vertex 27 87 9
      vertex 24.8 87 9
      vertex 26.9039 86.0246 9
    endloop
  endfacet
  facet normal 0 0 1
    outer loop
      vertex 24.5869 88.0715 9
      vertex 26.6194 88.9134 9
      vertex 26.1573 89.7778 9
    endloop
  endfacet
  facet normal -0 0 1
    outer loop
      vertex 24.7462 86.4538 9
      vertex 26.9039 86.0246 9
      vertex 24.8 87 9
    endloop
  endfacet
  facet normal 0 0 1
    outer loop
      vertex 24.3281 88.5556 9
      vertex 26.1573 89.7778 9
      vertex 25.5355 90.5355 9
    endloop
  endfacet
  facet normal 0 0 1
    outer loop
      vertex 26.9039 86.0246 9
      vertex 24.7462 86.4538 9
      vertex 26.6194 85.0866 9
    endloop
  endfacet
  facet normal -0 0 1
    outer loop
      vertex 24.5869 85.9285 9
      vertex 26.6194 85.0866 9
      vertex 24.7462 86.4538 9
    endloop
  endfacet
  facet normal 0 0 1
    outer loop
      vertex 23.9799 88.9799 9
      vertex 25.5355 90.5355 9
      vertex 24.7779 91.1573 9
    endloop
  endfacet
  facet normal 0 0 1
    outer loop
      vertex 26.9039 87.9754 9
      vertex 24.7462 87.5462 9
      vertex 24.8 87 9
    endloop
  endfacet
  facet normal 0 0 1
    outer loop
      vertex 26.6194 88.9134 9
      vertex 24.5869 88.0715 9
      vertex 24.7462 87.5462 9
    endloop
  endfacet
  facet normal 0 0 1
    outer loop
      vertex 26.1573 89.7778 9
      vertex 24.3281 88.5556 9
      vertex 24.5869 88.0715 9
    endloop
  endfacet
  facet normal 0 0 1
    outer loop
      vertex 25.5355 90.5355 9
      vertex 23.9799 88.9799 9
      vertex 24.3281 88.5556 9
    endloop
  endfacet
  facet normal 0 0 1
    outer loop
      vertex 23.5556 89.3281 9
      vertex 24.7779 91.1573 9
      vertex 23.9134 91.6194 9
    endloop
  endfacet
  facet normal 0 0 1
    outer loop
      vertex 24.7779 91.1573 9
      vertex 23.5556 89.3281 9
      vertex 23.9799 88.9799 9
    endloop
  endfacet
  facet normal 0 0 1
    outer loop
      vertex 23.9134 91.6194 9
      vertex 23.0715 89.5869 9
      vertex 23.5556 89.3281 9
    endloop
  endfacet
  facet normal 0 0 1
    outer loop
      vertex 22.9755 91.9039 9
      vertex 23.0715 89.5869 9
      vertex 23.9134 91.6194 9
    endloop
  endfacet
  facet normal 0 0 1
    outer loop
      vertex 22.9755 91.9039 9
      vertex 22.5463 89.7462 9
      vertex 23.0715 89.5869 9
    endloop
  endfacet
  facet normal 0 0 1
    outer loop
      vertex 22 92 9
      vertex 22.5463 89.7462 9
      vertex 22.9755 91.9039 9
    endloop
  endfacet
  facet normal 0 0 1
    outer loop
      vertex 22 92 9
      vertex 22 89.8 9
      vertex 22.5463 89.7462 9
    endloop
  endfacet
  facet normal 0 0 1
    outer loop
      vertex 22 92 9
      vertex 21.4537 89.7462 9
      vertex 22 89.8 9
    endloop
  endfacet
  facet normal -0 0 1
    outer loop
      vertex 21.0245 91.9039 9
      vertex 21.4537 89.7462 9
      vertex 22 92 9
    endloop
  endfacet
  facet normal 0 0 1
    outer loop
      vertex 21.0245 91.9039 9
      vertex 20.9285 89.5869 9
      vertex 21.4537 89.7462 9
    endloop
  endfacet
  facet normal -0 0 1
    outer loop
      vertex 20.0866 91.6194 9
      vertex 20.9285 89.5869 9
      vertex 21.0245 91.9039 9
    endloop
  endfacet
  facet normal 0 0 1
    outer loop
      vertex 20.9285 89.5869 9
      vertex 20.0866 91.6194 9
      vertex 20.4444 89.3281 9
    endloop
  endfacet
  facet normal -0 0 1
    outer loop
      vertex 19.2221 91.1573 9
      vertex 20.4444 89.3281 9
      vertex 20.0866 91.6194 9
    endloop
  endfacet
  facet normal 0 0 1
    outer loop
      vertex 20.4444 89.3281 9
      vertex 19.2221 91.1573 9
      vertex 20.0201 88.9799 9
    endloop
  endfacet
  facet normal -0 0 1
    outer loop
      vertex 18.4645 90.5355 9
      vertex 20.0201 88.9799 9
      vertex 19.2221 91.1573 9
    endloop
  endfacet
  facet normal 0 0 1
    outer loop
      vertex 20.0201 88.9799 9
      vertex 18.4645 90.5355 9
      vertex 19.6719 88.5556 9
    endloop
  endfacet
  facet normal -0 0 1
    outer loop
      vertex 17.8427 89.7778 9
      vertex 19.6719 88.5556 9
      vertex 18.4645 90.5355 9
    endloop
  endfacet
  facet normal 0 0 1
    outer loop
      vertex 19.6719 88.5556 9
      vertex 17.8427 89.7778 9
      vertex 19.4131 88.0715 9
    endloop
  endfacet
  facet normal -0 0 1
    outer loop
      vertex 17.3806 88.9134 9
      vertex 19.4131 88.0715 9
      vertex 17.8427 89.7778 9
    endloop
  endfacet
  facet normal 0 0 1
    outer loop
      vertex 26.6194 85.0866 9
      vertex 24.5869 85.9285 9
      vertex 26.1573 84.2222 9
    endloop
  endfacet
  facet normal -0 0 1
    outer loop
      vertex 24.3281 85.4444 9
      vertex 26.1573 84.2222 9
      vertex 24.5869 85.9285 9
    endloop
  endfacet
  facet normal 0 0 1
    outer loop
      vertex 26.1573 84.2222 9
      vertex 24.3281 85.4444 9
      vertex 25.5355 83.4645 9
    endloop
  endfacet
  facet normal -0 0 1
    outer loop
      vertex 23.9799 85.0201 9
      vertex 25.5355 83.4645 9
      vertex 24.3281 85.4444 9
    endloop
  endfacet
  facet normal 0 0 1
    outer loop
      vertex 25.5355 83.4645 9
      vertex 23.9799 85.0201 9
      vertex 24.7779 82.8427 9
    endloop
  endfacet
  facet normal -0 0 1
    outer loop
      vertex 23.5556 84.6719 9
      vertex 24.7779 82.8427 9
      vertex 23.9799 85.0201 9
    endloop
  endfacet
  facet normal 0 0 1
    outer loop
      vertex 24.7779 82.8427 9
      vertex 23.5556 84.6719 9
      vertex 23.9134 82.3806 9
    endloop
  endfacet
  facet normal -0 0 1
    outer loop
      vertex 23.0715 84.4131 9
      vertex 23.9134 82.3806 9
      vertex 23.5556 84.6719 9
    endloop
  endfacet
  facet normal 0 0 1
    outer loop
      vertex 23.0715 84.4131 9
      vertex 22.9755 82.0961 9
      vertex 23.9134 82.3806 9
    endloop
  endfacet
  facet normal -0 0 1
    outer loop
      vertex 22.5463 84.2538 9
      vertex 22.9755 82.0961 9
      vertex 23.0715 84.4131 9
    endloop
  endfacet
  facet normal -0 0 1
    outer loop
      vertex 22 84.2 9
      vertex 22.9755 82.0961 9
      vertex 22.5463 84.2538 9
    endloop
  endfacet
  facet normal 0 0 1
    outer loop
      vertex 22 84.2 9
      vertex 22 82 9
      vertex 22.9755 82.0961 9
    endloop
  endfacet
  facet normal 0 0 1
    outer loop
      vertex 21.4537 84.2538 9
      vertex 22 82 9
      vertex 22 84.2 9
    endloop
  endfacet
  facet normal 0 0 1
    outer loop
      vertex 21.4537 84.2538 9
      vertex 21.0245 82.0961 9
      vertex 22 82 9
    endloop
  endfacet
  facet normal 0 0 1
    outer loop
      vertex 20.9285 84.4131 9
      vertex 21.0245 82.0961 9
      vertex 21.4537 84.2538 9
    endloop
  endfacet
  facet normal 0 0 1
    outer loop
      vertex 20.0866 82.3806 9
      vertex 20.9285 84.4131 9
      vertex 20.4444 84.6719 9
    endloop
  endfacet
  facet normal 0 0 1
    outer loop
      vertex 20.9285 84.4131 9
      vertex 20.0866 82.3806 9
      vertex 21.0245 82.0961 9
    endloop
  endfacet
  facet normal 0 0 1
    outer loop
      vertex 19.2221 82.8427 9
      vertex 20.4444 84.6719 9
      vertex 20.0201 85.0201 9
    endloop
  endfacet
  facet normal 0 0 1
    outer loop
      vertex 18.4645 83.4645 9
      vertex 20.0201 85.0201 9
      vertex 19.6719 85.4444 9
    endloop
  endfacet
  facet normal 0 0 1
    outer loop
      vertex 17.8427 84.2222 9
      vertex 19.6719 85.4444 9
      vertex 19.4131 85.9285 9
    endloop
  endfacet
  facet normal 0 0 1
    outer loop
      vertex 17.3806 85.0866 9
      vertex 19.4131 85.9285 9
      vertex 19.2538 86.4538 9
    endloop
  endfacet
  facet normal 0 0 1
    outer loop
      vertex 20.4444 84.6719 9
      vertex 19.2221 82.8427 9
      vertex 20.0866 82.3806 9
    endloop
  endfacet
  facet normal 0 0 1
    outer loop
      vertex 17.0961 86.0246 9
      vertex 19.2538 86.4538 9
      vertex 19.2 87 9
    endloop
  endfacet
  facet normal 0 0 1
    outer loop
      vertex 19.4131 88.0715 9
      vertex 17.3806 88.9134 9
      vertex 19.2538 87.5462 9
    endloop
  endfacet
  facet normal 0 0 1
    outer loop
      vertex 20.0201 85.0201 9
      vertex 18.4645 83.4645 9
      vertex 19.2221 82.8427 9
    endloop
  endfacet
  facet normal -0 0 1
    outer loop
      vertex 17.0961 87.9754 9
      vertex 19.2538 87.5462 9
      vertex 17.3806 88.9134 9
    endloop
  endfacet
  facet normal 0 0 1
    outer loop
      vertex 19.6719 85.4444 9
      vertex 17.8427 84.2222 9
      vertex 18.4645 83.4645 9
    endloop
  endfacet
  facet normal 0 0 1
    outer loop
      vertex 19.2538 87.5462 9
      vertex 17.0961 87.9754 9
      vertex 19.2 87 9
    endloop
  endfacet
  facet normal 0 0 1
    outer loop
      vertex 19.4131 85.9285 9
      vertex 17.3806 85.0866 9
      vertex 17.8427 84.2222 9
    endloop
  endfacet
  facet normal 0 0 1
    outer loop
      vertex 17 87 9
      vertex 19.2 87 9
      vertex 17.0961 87.9754 9
    endloop
  endfacet
  facet normal 0 0 1
    outer loop
      vertex 19.2538 86.4538 9
      vertex 17.0961 86.0246 9
      vertex 17.3806 85.0866 9
    endloop
  endfacet
  facet normal 0 0 1
    outer loop
      vertex 19.2 87 9
      vertex 17 87 9
      vertex 17.0961 86.0246 9
    endloop
  endfacet
  facet normal -0.471409 0.881915 0
    outer loop
      vertex 20.0866 91.6194 4
      vertex 19.2221 91.1573 9
      vertex 20.0866 91.6194 9
    endloop
  endfacet
  facet normal -0.471409 0.881915 0
    outer loop
      vertex 19.2221 91.1573 9
      vertex 20.0866 91.6194 4
      vertex 19.2221 91.1573 4
    endloop
  endfacet
  facet normal -0.098039 0.995183 0
    outer loop
      vertex 22 92 4
      vertex 21.0245 91.9039 9
      vertex 22 92 9
    endloop
  endfacet
  facet normal -0.098039 0.995183 0
    outer loop
      vertex 21.0245 91.9039 9
      vertex 22 92 4
      vertex 21.0245 91.9039 4
    endloop
  endfacet
  facet normal 0.098039 -0.995183 0
    outer loop
      vertex 22 82 4
      vertex 22.9755 82.0961 9
      vertex 22 82 9
    endloop
  endfacet
  facet normal 0.098039 -0.995183 0
    outer loop
      vertex 22.9755 82.0961 9
      vertex 22 82 4
      vertex 22.9755 82.0961 4
    endloop
  endfacet
  facet normal 0.471409 -0.881915 0
    outer loop
      vertex 23.9134 82.3806 4
      vertex 24.7779 82.8427 9
      vertex 23.9134 82.3806 9
    endloop
  endfacet
  facet normal 0.471409 -0.881915 0
    outer loop
      vertex 24.7779 82.8427 9
      vertex 23.9134 82.3806 4
      vertex 24.7779 82.8427 4
    endloop
  endfacet
  facet normal -0.634426 -0.772984 0
    outer loop
      vertex 18.4645 83.4645 4
      vertex 19.2221 82.8427 9
      vertex 18.4645 83.4645 9
    endloop
  endfacet
  facet normal -0.634426 -0.772984 -0
    outer loop
      vertex 19.2221 82.8427 9
      vertex 18.4645 83.4645 4
      vertex 19.2221 82.8427 4
    endloop
  endfacet
  facet normal -0.290276 -0.956943 0
    outer loop
      vertex 20.0866 82.3806 4
      vertex 21.0245 82.0961 9
      vertex 20.0866 82.3806 9
    endloop
  endfacet
  facet normal -0.290276 -0.956943 -0
    outer loop
      vertex 21.0245 82.0961 9
      vertex 20.0866 82.3806 4
      vertex 21.0245 82.0961 4
    endloop
  endfacet
  facet normal -0.995182 -0.098049 0
    outer loop
      vertex 17.0961 86.0246 4
      vertex 17 87 9
      vertex 17 87 4
    endloop
  endfacet
  facet normal -0.995182 -0.098049 0
    outer loop
      vertex 17 87 9
      vertex 17.0961 86.0246 4
      vertex 17.0961 86.0246 9
    endloop
  endfacet
  facet normal -0.881892 -0.471451 0
    outer loop
      vertex 17.8427 84.2222 4
      vertex 17.3806 85.0866 9
      vertex 17.3806 85.0866 4
    endloop
  endfacet
  facet normal -0.881892 -0.471451 0
    outer loop
      vertex 17.3806 85.0866 9
      vertex 17.8427 84.2222 4
      vertex 17.8427 84.2222 9
    endloop
  endfacet
  facet normal -0.956951 -0.290248 0
    outer loop
      vertex 17.3806 85.0866 4
      vertex 17.0961 86.0246 9
      vertex 17.0961 86.0246 4
    endloop
  endfacet
  facet normal -0.956951 -0.290248 0
    outer loop
      vertex 17.0961 86.0246 9
      vertex 17.3806 85.0866 4
      vertex 17.3806 85.0866 9
    endloop
  endfacet
  facet normal 0.290276 -0.956943 0
    outer loop
      vertex 22.9755 82.0961 4
      vertex 23.9134 82.3806 9
      vertex 22.9755 82.0961 9
    endloop
  endfacet
  facet normal 0.290276 -0.956943 0
    outer loop
      vertex 23.9134 82.3806 9
      vertex 22.9755 82.0961 4
      vertex 23.9134 82.3806 4
    endloop
  endfacet
  facet normal 0.634426 -0.772984 0
    outer loop
      vertex 24.7779 82.8427 4
      vertex 25.5355 83.4645 9
      vertex 24.7779 82.8427 9
    endloop
  endfacet
  facet normal 0.634426 -0.772984 0
    outer loop
      vertex 25.5355 83.4645 9
      vertex 24.7779 82.8427 4
      vertex 25.5355 83.4645 4
    endloop
  endfacet
  facet normal 0.773025 -0.634376 0
    outer loop
      vertex 25.5355 83.4645 9
      vertex 26.1573 84.2222 4
      vertex 26.1573 84.2222 9
    endloop
  endfacet
  facet normal 0.773025 -0.634376 0
    outer loop
      vertex 26.1573 84.2222 4
      vertex 25.5355 83.4645 9
      vertex 25.5355 83.4645 4
    endloop
  endfacet
  facet normal -0.471409 -0.881915 0
    outer loop
      vertex 19.2221 82.8427 4
      vertex 20.0866 82.3806 9
      vertex 19.2221 82.8427 9
    endloop
  endfacet
  facet normal -0.471409 -0.881915 -0
    outer loop
      vertex 20.0866 82.3806 9
      vertex 19.2221 82.8427 4
      vertex 20.0866 82.3806 4
    endloop
  endfacet
  facet normal -0.098039 -0.995183 0
    outer loop
      vertex 21.0245 82.0961 4
      vertex 22 82 9
      vertex 21.0245 82.0961 9
    endloop
  endfacet
  facet normal -0.098039 -0.995183 -0
    outer loop
      vertex 22 82 9
      vertex 21.0245 82.0961 4
      vertex 22 82 4
    endloop
  endfacet
  facet normal 0.956951 -0.290248 0
    outer loop
      vertex 26.6194 85.0866 9
      vertex 26.9039 86.0246 4
      vertex 26.9039 86.0246 9
    endloop
  endfacet
  facet normal 0.956951 -0.290248 0
    outer loop
      vertex 26.9039 86.0246 4
      vertex 26.6194 85.0866 9
      vertex 26.6194 85.0866 4
    endloop
  endfacet
  facet normal 0.881892 -0.471451 0
    outer loop
      vertex 26.1573 84.2222 9
      vertex 26.6194 85.0866 4
      vertex 26.6194 85.0866 9
    endloop
  endfacet
  facet normal 0.881892 -0.471451 0
    outer loop
      vertex 26.6194 85.0866 4
      vertex 26.1573 84.2222 9
      vertex 26.1573 84.2222 4
    endloop
  endfacet
  facet normal 0.995182 -0.098049 0
    outer loop
      vertex 26.9039 86.0246 9
      vertex 27 87 4
      vertex 27 87 9
    endloop
  endfacet
  facet normal 0.995182 -0.098049 0
    outer loop
      vertex 27 87 4
      vertex 26.9039 86.0246 9
      vertex 26.9039 86.0246 4
    endloop
  endfacet
  facet normal -0.995184 -0.0980244 0
    outer loop
      vertex 24.8 87 4
      vertex 24.7462 87.5462 9
      vertex 24.7462 87.5462 4
    endloop
  endfacet
  facet normal -0.995184 -0.0980244 0
    outer loop
      vertex 24.7462 87.5462 9
      vertex 24.8 87 4
      vertex 24.8 87 9
    endloop
  endfacet
  facet normal 0.995184 -0.0980244 0
    outer loop
      vertex 19.2 87 9
      vertex 19.2538 87.5462 4
      vertex 19.2538 87.5462 9
    endloop
  endfacet
  facet normal 0.995184 -0.0980244 0
    outer loop
      vertex 19.2538 87.5462 4
      vertex 19.2 87 9
      vertex 19.2 87 4
    endloop
  endfacet
  facet normal 0.0980066 -0.995186 0
    outer loop
      vertex 21.4537 89.7462 4
      vertex 22 89.8 9
      vertex 21.4537 89.7462 9
    endloop
  endfacet
  facet normal 0.0980066 -0.995186 0
    outer loop
      vertex 22 89.8 9
      vertex 21.4537 89.7462 4
      vertex 22 89.8 4
    endloop
  endfacet
  facet normal -0.634378 -0.773023 0
    outer loop
      vertex 23.5556 89.3281 4
      vertex 23.9799 88.9799 9
      vertex 23.5556 89.3281 9
    endloop
  endfacet
  facet normal -0.634378 -0.773023 -0
    outer loop
      vertex 23.9799 88.9799 9
      vertex 23.5556 89.3281 4
      vertex 23.9799 88.9799 4
    endloop
  endfacet
  facet normal 0.773023 -0.634378 0
    outer loop
      vertex 19.6719 88.5556 9
      vertex 20.0201 88.9799 4
      vertex 20.0201 88.9799 9
    endloop
  endfacet
  facet normal 0.773023 -0.634378 0
    outer loop
      vertex 20.0201 88.9799 4
      vertex 19.6719 88.5556 9
      vertex 19.6719 88.5556 4
    endloop
  endfacet
  facet normal 0.471458 -0.881889 0
    outer loop
      vertex 20.4444 89.3281 4
      vertex 20.9285 89.5869 9
      vertex 20.4444 89.3281 9
    endloop
  endfacet
  facet normal 0.471458 -0.881889 0
    outer loop
      vertex 20.9285 89.5869 9
      vertex 20.4444 89.3281 4
      vertex 20.9285 89.5869 4
    endloop
  endfacet
  facet normal -0.881889 0.471458 0
    outer loop
      vertex 24.3281 85.4444 4
      vertex 24.5869 85.9285 9
      vertex 24.5869 85.9285 4
    endloop
  endfacet
  facet normal -0.881889 0.471458 0
    outer loop
      vertex 24.5869 85.9285 9
      vertex 24.3281 85.4444 4
      vertex 24.3281 85.4444 9
    endloop
  endfacet
  facet normal -0.881889 -0.471458 0
    outer loop
      vertex 24.5869 88.0715 4
      vertex 24.3281 88.5556 9
      vertex 24.3281 88.5556 4
    endloop
  endfacet
  facet normal -0.881889 -0.471458 0
    outer loop
      vertex 24.3281 88.5556 9
      vertex 24.5869 88.0715 4
      vertex 24.5869 88.0715 9
    endloop
  endfacet
  facet normal -0.956965 -0.290205 0
    outer loop
      vertex 24.7462 87.5462 4
      vertex 24.5869 88.0715 9
      vertex 24.5869 88.0715 4
    endloop
  endfacet
  facet normal -0.956965 -0.290205 0
    outer loop
      vertex 24.5869 88.0715 9
      vertex 24.7462 87.5462 4
      vertex 24.7462 87.5462 9
    endloop
  endfacet
  facet normal -0.773023 -0.634378 0
    outer loop
      vertex 24.3281 88.5556 4
      vertex 23.9799 88.9799 9
      vertex 23.9799 88.9799 4
    endloop
  endfacet
  facet normal -0.773023 -0.634378 0
    outer loop
      vertex 23.9799 88.9799 9
      vertex 24.3281 88.5556 4
      vertex 24.3281 88.5556 9
    endloop
  endfacet
  facet normal -0.290255 -0.956949 0
    outer loop
      vertex 22.5463 89.7462 4
      vertex 23.0715 89.5869 9
      vertex 22.5463 89.7462 9
    endloop
  endfacet
  facet normal -0.290255 -0.956949 -0
    outer loop
      vertex 23.0715 89.5869 9
      vertex 22.5463 89.7462 4
      vertex 23.0715 89.5869 4
    endloop
  endfacet
  facet normal -0.0980066 -0.995186 0
    outer loop
      vertex 22 89.8 4
      vertex 22.5463 89.7462 9
      vertex 22 89.8 9
    endloop
  endfacet
  facet normal -0.0980066 -0.995186 -0
    outer loop
      vertex 22.5463 89.7462 9
      vertex 22 89.8 4
      vertex 22.5463 89.7462 4
    endloop
  endfacet
  facet normal -0.471458 -0.881889 0
    outer loop
      vertex 23.0715 89.5869 4
      vertex 23.5556 89.3281 9
      vertex 23.0715 89.5869 9
    endloop
  endfacet
  facet normal -0.471458 -0.881889 -0
    outer loop
      vertex 23.5556 89.3281 9
      vertex 23.0715 89.5869 4
      vertex 23.5556 89.3281 4
    endloop
  endfacet
  facet normal 0.881889 -0.471458 0
    outer loop
      vertex 19.4131 88.0715 9
      vertex 19.6719 88.5556 4
      vertex 19.6719 88.5556 9
    endloop
  endfacet
  facet normal 0.881889 -0.471458 0
    outer loop
      vertex 19.6719 88.5556 4
      vertex 19.4131 88.0715 9
      vertex 19.4131 88.0715 4
    endloop
  endfacet
  facet normal 0.956965 -0.290205 0
    outer loop
      vertex 19.2538 87.5462 9
      vertex 19.4131 88.0715 4
      vertex 19.4131 88.0715 9
    endloop
  endfacet
  facet normal 0.956965 -0.290205 0
    outer loop
      vertex 19.4131 88.0715 4
      vertex 19.2538 87.5462 9
      vertex 19.2538 87.5462 4
    endloop
  endfacet
  facet normal 0.634378 -0.773023 0
    outer loop
      vertex 20.0201 88.9799 4
      vertex 20.4444 89.3281 9
      vertex 20.0201 88.9799 9
    endloop
  endfacet
  facet normal 0.634378 -0.773023 0
    outer loop
      vertex 20.4444 89.3281 9
      vertex 20.0201 88.9799 4
      vertex 20.4444 89.3281 4
    endloop
  endfacet
  facet normal 0.290255 -0.956949 0
    outer loop
      vertex 20.9285 89.5869 4
      vertex 21.4537 89.7462 9
      vertex 20.9285 89.5869 9
    endloop
  endfacet
  facet normal 0.290255 -0.956949 0
    outer loop
      vertex 21.4537 89.7462 9
      vertex 20.9285 89.5869 4
      vertex 21.4537 89.7462 4
    endloop
  endfacet
  facet normal -0.995184 0.0980244 0
    outer loop
      vertex 24.7462 86.4538 4
      vertex 24.8 87 9
      vertex 24.8 87 4
    endloop
  endfacet
  facet normal -0.995184 0.0980244 0
    outer loop
      vertex 24.8 87 9
      vertex 24.7462 86.4538 4
      vertex 24.7462 86.4538 9
    endloop
  endfacet
  facet normal 0.0980066 0.995186 -0
    outer loop
      vertex 22 84.2 4
      vertex 21.4537 84.2538 9
      vertex 22 84.2 9
    endloop
  endfacet
  facet normal 0.0980066 0.995186 0
    outer loop
      vertex 21.4537 84.2538 9
      vertex 22 84.2 4
      vertex 21.4537 84.2538 4
    endloop
  endfacet
  facet normal -0.634378 0.773023 0
    outer loop
      vertex 23.9799 85.0201 4
      vertex 23.5556 84.6719 9
      vertex 23.9799 85.0201 9
    endloop
  endfacet
  facet normal -0.634378 0.773023 0
    outer loop
      vertex 23.5556 84.6719 9
      vertex 23.9799 85.0201 4
      vertex 23.5556 84.6719 4
    endloop
  endfacet
  facet normal -0.956965 0.290205 0
    outer loop
      vertex 24.5869 85.9285 4
      vertex 24.7462 86.4538 9
      vertex 24.7462 86.4538 4
    endloop
  endfacet
  facet normal -0.956965 0.290205 0
    outer loop
      vertex 24.7462 86.4538 9
      vertex 24.5869 85.9285 4
      vertex 24.5869 85.9285 9
    endloop
  endfacet
  facet normal 0.995184 0.0980244 0
    outer loop
      vertex 19.2538 86.4538 9
      vertex 19.2 87 4
      vertex 19.2 87 9
    endloop
  endfacet
  facet normal 0.995184 0.0980244 0
    outer loop
      vertex 19.2 87 4
      vertex 19.2538 86.4538 9
      vertex 19.2538 86.4538 4
    endloop
  endfacet
  facet normal 0.956965 0.290205 0
    outer loop
      vertex 19.4131 85.9285 9
      vertex 19.2538 86.4538 4
      vertex 19.2538 86.4538 9
    endloop
  endfacet
  facet normal 0.956965 0.290205 0
    outer loop
      vertex 19.2538 86.4538 4
      vertex 19.4131 85.9285 9
      vertex 19.4131 85.9285 4
    endloop
  endfacet
  facet normal -0.290255 0.956949 0
    outer loop
      vertex 23.0715 84.4131 4
      vertex 22.5463 84.2538 9
      vertex 23.0715 84.4131 9
    endloop
  endfacet
  facet normal -0.290255 0.956949 0
    outer loop
      vertex 22.5463 84.2538 9
      vertex 23.0715 84.4131 4
      vertex 22.5463 84.2538 4
    endloop
  endfacet
  facet normal -0.0980066 0.995186 0
    outer loop
      vertex 22.5463 84.2538 4
      vertex 22 84.2 9
      vertex 22.5463 84.2538 9
    endloop
  endfacet
  facet normal -0.0980066 0.995186 0
    outer loop
      vertex 22 84.2 9
      vertex 22.5463 84.2538 4
      vertex 22 84.2 4
    endloop
  endfacet
  facet normal 0.290255 0.956949 -0
    outer loop
      vertex 21.4537 84.2538 4
      vertex 20.9285 84.4131 9
      vertex 21.4537 84.2538 9
    endloop
  endfacet
  facet normal 0.290255 0.956949 0
    outer loop
      vertex 20.9285 84.4131 9
      vertex 21.4537 84.2538 4
      vertex 20.9285 84.4131 4
    endloop
  endfacet
  facet normal 0.773023 0.634378 0
    outer loop
      vertex 20.0201 85.0201 9
      vertex 19.6719 85.4444 4
      vertex 19.6719 85.4444 9
    endloop
  endfacet
  facet normal 0.773023 0.634378 0
    outer loop
      vertex 19.6719 85.4444 4
      vertex 20.0201 85.0201 9
      vertex 20.0201 85.0201 4
    endloop
  endfacet
  facet normal 0.881889 0.471458 0
    outer loop
      vertex 19.6719 85.4444 9
      vertex 19.4131 85.9285 4
      vertex 19.4131 85.9285 9
    endloop
  endfacet
  facet normal 0.881889 0.471458 0
    outer loop
      vertex 19.4131 85.9285 4
      vertex 19.6719 85.4444 9
      vertex 19.6719 85.4444 4
    endloop
  endfacet
  facet normal -0.471458 0.881889 0
    outer loop
      vertex 23.5556 84.6719 4
      vertex 23.0715 84.4131 9
      vertex 23.5556 84.6719 9
    endloop
  endfacet
  facet normal -0.471458 0.881889 0
    outer loop
      vertex 23.0715 84.4131 9
      vertex 23.5556 84.6719 4
      vertex 23.0715 84.4131 4
    endloop
  endfacet
  facet normal -0.773023 0.634378 0
    outer loop
      vertex 23.9799 85.0201 4
      vertex 24.3281 85.4444 9
      vertex 24.3281 85.4444 4
    endloop
  endfacet
  facet normal -0.773023 0.634378 0
    outer loop
      vertex 24.3281 85.4444 9
      vertex 23.9799 85.0201 4
      vertex 23.9799 85.0201 9
    endloop
  endfacet
  facet normal 0.471458 0.881889 -0
    outer loop
      vertex 20.9285 84.4131 4
      vertex 20.4444 84.6719 9
      vertex 20.9285 84.4131 9
    endloop
  endfacet
  facet normal 0.471458 0.881889 0
    outer loop
      vertex 20.4444 84.6719 9
      vertex 20.9285 84.4131 4
      vertex 20.4444 84.6719 4
    endloop
  endfacet
  facet normal 0.634378 0.773023 -0
    outer loop
      vertex 20.4444 84.6719 4
      vertex 20.0201 85.0201 9
      vertex 20.4444 84.6719 9
    endloop
  endfacet
  facet normal 0.634378 0.773023 0
    outer loop
      vertex 20.0201 85.0201 9
      vertex 20.4444 84.6719 4
      vertex 20.0201 85.0201 4
    endloop
  endfacet
  facet normal 0.995182 0.098049 0
    outer loop
      vertex 60 87 9
      vertex 59.9039 87.9754 4
      vertex 59.9039 87.9754 9
    endloop
  endfacet
  facet normal 0.995182 0.098049 0
    outer loop
      vertex 59.9039 87.9754 4
      vertex 60 87 9
      vertex 60 87 4
    endloop
  endfacet
  facet normal -0.995182 0.098049 0
    outer loop
      vertex 50 87 4
      vertex 50.0961 87.9754 9
      vertex 50.0961 87.9754 4
    endloop
  endfacet
  facet normal -0.995182 0.098049 0
    outer loop
      vertex 50.0961 87.9754 9
      vertex 50 87 4
      vertex 50 87 9
    endloop
  endfacet
  facet normal 0.098039 0.995183 -0
    outer loop
      vertex 55.9755 91.9039 4
      vertex 55 92 9
      vertex 55.9755 91.9039 9
    endloop
  endfacet
  facet normal 0.098039 0.995183 0
    outer loop
      vertex 55 92 9
      vertex 55.9755 91.9039 4
      vertex 55 92 4
    endloop
  endfacet
  facet normal 0.773025 0.634376 0
    outer loop
      vertex 59.1573 89.7778 9
      vertex 58.5355 90.5355 4
      vertex 58.5355 90.5355 9
    endloop
  endfacet
  facet normal 0.773025 0.634376 0
    outer loop
      vertex 58.5355 90.5355 4
      vertex 59.1573 89.7778 9
      vertex 59.1573 89.7778 4
    endloop
  endfacet
  facet normal -0.634426 0.772984 0
    outer loop
      vertex 52.2221 91.1573 4
      vertex 51.4645 90.5355 9
      vertex 52.2221 91.1573 9
    endloop
  endfacet
  facet normal -0.634426 0.772984 0
    outer loop
      vertex 51.4645 90.5355 9
      vertex 52.2221 91.1573 4
      vertex 51.4645 90.5355 4
    endloop
  endfacet
  facet normal -0.290276 0.956943 0
    outer loop
      vertex 54.0245 91.9039 4
      vertex 53.0866 91.6194 9
      vertex 54.0245 91.9039 9
    endloop
  endfacet
  facet normal -0.290276 0.956943 0
    outer loop
      vertex 53.0866 91.6194 9
      vertex 54.0245 91.9039 4
      vertex 53.0866 91.6194 4
    endloop
  endfacet
  facet normal -0.773025 -0.634376 0
    outer loop
      vertex 51.4645 83.4645 4
      vertex 50.8427 84.2222 9
      vertex 50.8427 84.2222 4
    endloop
  endfacet
  facet normal -0.773025 -0.634376 0
    outer loop
      vertex 50.8427 84.2222 9
      vertex 51.4645 83.4645 4
      vertex 51.4645 83.4645 9
    endloop
  endfacet
  facet normal 0.881892 0.471451 0
    outer loop
      vertex 59.6194 88.9134 9
      vertex 59.1573 89.7778 4
      vertex 59.1573 89.7778 9
    endloop
  endfacet
  facet normal 0.881892 0.471451 0
    outer loop
      vertex 59.1573 89.7778 4
      vertex 59.6194 88.9134 9
      vertex 59.6194 88.9134 4
    endloop
  endfacet
  facet normal 0.956951 0.290248 0
    outer loop
      vertex 59.9039 87.9754 9
      vertex 59.6194 88.9134 4
      vertex 59.6194 88.9134 9
    endloop
  endfacet
  facet normal 0.956951 0.290248 0
    outer loop
      vertex 59.6194 88.9134 4
      vertex 59.9039 87.9754 9
      vertex 59.9039 87.9754 4
    endloop
  endfacet
  facet normal 0.471409 0.881915 -0
    outer loop
      vertex 57.7779 91.1573 4
      vertex 56.9134 91.6194 9
      vertex 57.7779 91.1573 9
    endloop
  endfacet
  facet normal 0.471409 0.881915 0
    outer loop
      vertex 56.9134 91.6194 9
      vertex 57.7779 91.1573 4
      vertex 56.9134 91.6194 4
    endloop
  endfacet
  facet normal 0.290276 0.956943 -0
    outer loop
      vertex 56.9134 91.6194 4
      vertex 55.9755 91.9039 9
      vertex 56.9134 91.6194 9
    endloop
  endfacet
  facet normal 0.290276 0.956943 0
    outer loop
      vertex 55.9755 91.9039 9
      vertex 56.9134 91.6194 4
      vertex 55.9755 91.9039 4
    endloop
  endfacet
  facet normal 0.634426 0.772984 -0
    outer loop
      vertex 58.5355 90.5355 4
      vertex 57.7779 91.1573 9
      vertex 58.5355 90.5355 9
    endloop
  endfacet
  facet normal 0.634426 0.772984 0
    outer loop
      vertex 57.7779 91.1573 9
      vertex 58.5355 90.5355 4
      vertex 57.7779 91.1573 4
    endloop
  endfacet
  facet normal -0.881892 0.471451 0
    outer loop
      vertex 50.3806 88.9134 4
      vertex 50.8427 89.7778 9
      vertex 50.8427 89.7778 4
    endloop
  endfacet
  facet normal -0.881892 0.471451 0
    outer loop
      vertex 50.8427 89.7778 9
      vertex 50.3806 88.9134 4
      vertex 50.3806 88.9134 9
    endloop
  endfacet
  facet normal -0.773025 0.634376 0
    outer loop
      vertex 50.8427 89.7778 4
      vertex 51.4645 90.5355 9
      vertex 51.4645 90.5355 4
    endloop
  endfacet
  facet normal -0.773025 0.634376 0
    outer loop
      vertex 51.4645 90.5355 9
      vertex 50.8427 89.7778 4
      vertex 50.8427 89.7778 9
    endloop
  endfacet
  facet normal -0.956951 0.290248 0
    outer loop
      vertex 50.0961 87.9754 4
      vertex 50.3806 88.9134 9
      vertex 50.3806 88.9134 4
    endloop
  endfacet
  facet normal -0.956951 0.290248 0
    outer loop
      vertex 50.3806 88.9134 9
      vertex 50.0961 87.9754 4
      vertex 50.0961 87.9754 9
    endloop
  endfacet
  facet normal 0 0 1
    outer loop
      vertex 57.8 87 9
      vertex 60 87 9
      vertex 59.9039 87.9754 9
    endloop
  endfacet
  facet normal 0 0 1
    outer loop
      vertex 57.7462 87.5462 9
      vertex 59.9039 87.9754 9
      vertex 59.6194 88.9134 9
    endloop
  endfacet
  facet normal 0 0 1
    outer loop
      vertex 60 87 9
      vertex 57.8 87 9
      vertex 59.9039 86.0246 9
    endloop
  endfacet
  facet normal 0 0 1
    outer loop
      vertex 57.5869 88.0715 9
      vertex 59.6194 88.9134 9
      vertex 59.1573 89.7778 9
    endloop
  endfacet
  facet normal -0 0 1
    outer loop
      vertex 57.7462 86.4538 9
      vertex 59.9039 86.0246 9
      vertex 57.8 87 9
    endloop
  endfacet
  facet normal 0 0 1
    outer loop
      vertex 57.3281 88.5556 9
      vertex 59.1573 89.7778 9
      vertex 58.5355 90.5355 9
    endloop
  endfacet
  facet normal 0 0 1
    outer loop
      vertex 59.9039 86.0246 9
      vertex 57.7462 86.4538 9
      vertex 59.6194 85.0866 9
    endloop
  endfacet
  facet normal -0 0 1
    outer loop
      vertex 57.5869 85.9285 9
      vertex 59.6194 85.0866 9
      vertex 57.7462 86.4538 9
    endloop
  endfacet
  facet normal 0 0 1
    outer loop
      vertex 56.9799 88.9799 9
      vertex 58.5355 90.5355 9
      vertex 57.7779 91.1573 9
    endloop
  endfacet
  facet normal 0 0 1
    outer loop
      vertex 59.9039 87.9754 9
      vertex 57.7462 87.5462 9
      vertex 57.8 87 9
    endloop
  endfacet
  facet normal 0 0 1
    outer loop
      vertex 59.6194 88.9134 9
      vertex 57.5869 88.0715 9
      vertex 57.7462 87.5462 9
    endloop
  endfacet
  facet normal 0 0 1
    outer loop
      vertex 59.1573 89.7778 9
      vertex 57.3281 88.5556 9
      vertex 57.5869 88.0715 9
    endloop
  endfacet
  facet normal 0 0 1
    outer loop
      vertex 58.5355 90.5355 9
      vertex 56.9799 88.9799 9
      vertex 57.3281 88.5556 9
    endloop
  endfacet
  facet normal 0 0 1
    outer loop
      vertex 56.5556 89.3281 9
      vertex 57.7779 91.1573 9
      vertex 56.9134 91.6194 9
    endloop
  endfacet
  facet normal 0 0 1
    outer loop
      vertex 57.7779 91.1573 9
      vertex 56.5556 89.3281 9
      vertex 56.9799 88.9799 9
    endloop
  endfacet
  facet normal 0 0 1
    outer loop
      vertex 56.9134 91.6194 9
      vertex 56.0715 89.5869 9
      vertex 56.5556 89.3281 9
    endloop
  endfacet
  facet normal 0 0 1
    outer loop
      vertex 55.9755 91.9039 9
      vertex 56.0715 89.5869 9
      vertex 56.9134 91.6194 9
    endloop
  endfacet
  facet normal 0 0 1
    outer loop
      vertex 55.9755 91.9039 9
      vertex 55.5463 89.7462 9
      vertex 56.0715 89.5869 9
    endloop
  endfacet
  facet normal 0 0 1
    outer loop
      vertex 55 92 9
      vertex 55.5463 89.7462 9
      vertex 55.9755 91.9039 9
    endloop
  endfacet
  facet normal 0 0 1
    outer loop
      vertex 55 92 9
      vertex 55 89.8 9
      vertex 55.5463 89.7462 9
    endloop
  endfacet
  facet normal 0 0 1
    outer loop
      vertex 55 92 9
      vertex 54.4537 89.7462 9
      vertex 55 89.8 9
    endloop
  endfacet
  facet normal -0 0 1
    outer loop
      vertex 54.0245 91.9039 9
      vertex 54.4537 89.7462 9
      vertex 55 92 9
    endloop
  endfacet
  facet normal 0 0 1
    outer loop
      vertex 54.0245 91.9039 9
      vertex 53.9285 89.5869 9
      vertex 54.4537 89.7462 9
    endloop
  endfacet
  facet normal -0 0 1
    outer loop
      vertex 53.0866 91.6194 9
      vertex 53.9285 89.5869 9
      vertex 54.0245 91.9039 9
    endloop
  endfacet
  facet normal 0 0 1
    outer loop
      vertex 53.9285 89.5869 9
      vertex 53.0866 91.6194 9
      vertex 53.4444 89.3281 9
    endloop
  endfacet
  facet normal -0 0 1
    outer loop
      vertex 52.2221 91.1573 9
      vertex 53.4444 89.3281 9
      vertex 53.0866 91.6194 9
    endloop
  endfacet
  facet normal 0 0 1
    outer loop
      vertex 53.4444 89.3281 9
      vertex 52.2221 91.1573 9
      vertex 53.0201 88.9799 9
    endloop
  endfacet
  facet normal -0 0 1
    outer loop
      vertex 51.4645 90.5355 9
      vertex 53.0201 88.9799 9
      vertex 52.2221 91.1573 9
    endloop
  endfacet
  facet normal 0 0 1
    outer loop
      vertex 53.0201 88.9799 9
      vertex 51.4645 90.5355 9
      vertex 52.6719 88.5556 9
    endloop
  endfacet
  facet normal -0 0 1
    outer loop
      vertex 50.8427 89.7778 9
      vertex 52.6719 88.5556 9
      vertex 51.4645 90.5355 9
    endloop
  endfacet
  facet normal 0 0 1
    outer loop
      vertex 52.6719 88.5556 9
      vertex 50.8427 89.7778 9
      vertex 52.4131 88.0715 9
    endloop
  endfacet
  facet normal -0 0 1
    outer loop
      vertex 50.3806 88.9134 9
      vertex 52.4131 88.0715 9
      vertex 50.8427 89.7778 9
    endloop
  endfacet
  facet normal 0 0 1
    outer loop
      vertex 59.6194 85.0866 9
      vertex 57.5869 85.9285 9
      vertex 59.1573 84.2222 9
    endloop
  endfacet
  facet normal -0 0 1
    outer loop
      vertex 57.3281 85.4444 9
      vertex 59.1573 84.2222 9
      vertex 57.5869 85.9285 9
    endloop
  endfacet
  facet normal 0 0 1
    outer loop
      vertex 59.1573 84.2222 9
      vertex 57.3281 85.4444 9
      vertex 58.5355 83.4645 9
    endloop
  endfacet
  facet normal -0 0 1
    outer loop
      vertex 56.9799 85.0201 9
      vertex 58.5355 83.4645 9
      vertex 57.3281 85.4444 9
    endloop
  endfacet
  facet normal 0 0 1
    outer loop
      vertex 58.5355 83.4645 9
      vertex 56.9799 85.0201 9
      vertex 57.7779 82.8427 9
    endloop
  endfacet
  facet normal -0 0 1
    outer loop
      vertex 56.5556 84.6719 9
      vertex 57.7779 82.8427 9
      vertex 56.9799 85.0201 9
    endloop
  endfacet
  facet normal 0 0 1
    outer loop
      vertex 57.7779 82.8427 9
      vertex 56.5556 84.6719 9
      vertex 56.9134 82.3806 9
    endloop
  endfacet
  facet normal -0 0 1
    outer loop
      vertex 56.0715 84.4131 9
      vertex 56.9134 82.3806 9
      vertex 56.5556 84.6719 9
    endloop
  endfacet
  facet normal 0 0 1
    outer loop
      vertex 56.0715 84.4131 9
      vertex 55.9755 82.0961 9
      vertex 56.9134 82.3806 9
    endloop
  endfacet
  facet normal -0 0 1
    outer loop
      vertex 55.5463 84.2538 9
      vertex 55.9755 82.0961 9
      vertex 56.0715 84.4131 9
    endloop
  endfacet
  facet normal -0 0 1
    outer loop
      vertex 55 84.2 9
      vertex 55.9755 82.0961 9
      vertex 55.5463 84.2538 9
    endloop
  endfacet
  facet normal 0 0 1
    outer loop
      vertex 55 84.2 9
      vertex 55 82 9
      vertex 55.9755 82.0961 9
    endloop
  endfacet
  facet normal 0 0 1
    outer loop
      vertex 54.4537 84.2538 9
      vertex 55 82 9
      vertex 55 84.2 9
    endloop
  endfacet
  facet normal 0 0 1
    outer loop
      vertex 54.4537 84.2538 9
      vertex 54.0245 82.0961 9
      vertex 55 82 9
    endloop
  endfacet
  facet normal 0 0 1
    outer loop
      vertex 53.9285 84.4131 9
      vertex 54.0245 82.0961 9
      vertex 54.4537 84.2538 9
    endloop
  endfacet
  facet normal 0 0 1
    outer loop
      vertex 53.0866 82.3806 9
      vertex 53.9285 84.4131 9
      vertex 53.4444 84.6719 9
    endloop
  endfacet
  facet normal 0 0 1
    outer loop
      vertex 53.9285 84.4131 9
      vertex 53.0866 82.3806 9
      vertex 54.0245 82.0961 9
    endloop
  endfacet
  facet normal 0 0 1
    outer loop
      vertex 52.2221 82.8427 9
      vertex 53.4444 84.6719 9
      vertex 53.0201 85.0201 9
    endloop
  endfacet
  facet normal 0 0 1
    outer loop
      vertex 51.4645 83.4645 9
      vertex 53.0201 85.0201 9
      vertex 52.6719 85.4444 9
    endloop
  endfacet
  facet normal 0 0 1
    outer loop
      vertex 50.8427 84.2222 9
      vertex 52.6719 85.4444 9
      vertex 52.4131 85.9285 9
    endloop
  endfacet
  facet normal 0 0 1
    outer loop
      vertex 50.3806 85.0866 9
      vertex 52.4131 85.9285 9
      vertex 52.2538 86.4538 9
    endloop
  endfacet
  facet normal 0 0 1
    outer loop
      vertex 53.4444 84.6719 9
      vertex 52.2221 82.8427 9
      vertex 53.0866 82.3806 9
    endloop
  endfacet
  facet normal 0 0 1
    outer loop
      vertex 50.0961 86.0246 9
      vertex 52.2538 86.4538 9
      vertex 52.2 87 9
    endloop
  endfacet
  facet normal 0 0 1
    outer loop
      vertex 52.4131 88.0715 9
      vertex 50.3806 88.9134 9
      vertex 52.2538 87.5462 9
    endloop
  endfacet
  facet normal 0 0 1
    outer loop
      vertex 53.0201 85.0201 9
      vertex 51.4645 83.4645 9
      vertex 52.2221 82.8427 9
    endloop
  endfacet
  facet normal -0 0 1
    outer loop
      vertex 50.0961 87.9754 9
      vertex 52.2538 87.5462 9
      vertex 50.3806 88.9134 9
    endloop
  endfacet
  facet normal 0 0 1
    outer loop
      vertex 52.6719 85.4444 9
      vertex 50.8427 84.2222 9
      vertex 51.4645 83.4645 9
    endloop
  endfacet
  facet normal 0 0 1
    outer loop
      vertex 52.2538 87.5462 9
      vertex 50.0961 87.9754 9
      vertex 52.2 87 9
    endloop
  endfacet
  facet normal 0 0 1
    outer loop
      vertex 52.4131 85.9285 9
      vertex 50.3806 85.0866 9
      vertex 50.8427 84.2222 9
    endloop
  endfacet
  facet normal 0 0 1
    outer loop
      vertex 50 87 9
      vertex 52.2 87 9
      vertex 50.0961 87.9754 9
    endloop
  endfacet
  facet normal 0 0 1
    outer loop
      vertex 52.2538 86.4538 9
      vertex 50.0961 86.0246 9
      vertex 50.3806 85.0866 9
    endloop
  endfacet
  facet normal 0 0 1
    outer loop
      vertex 52.2 87 9
      vertex 50 87 9
      vertex 50.0961 86.0246 9
    endloop
  endfacet
  facet normal -0.471409 0.881915 0
    outer loop
      vertex 53.0866 91.6194 4
      vertex 52.2221 91.1573 9
      vertex 53.0866 91.6194 9
    endloop
  endfacet
  facet normal -0.471409 0.881915 0
    outer loop
      vertex 52.2221 91.1573 9
      vertex 53.0866 91.6194 4
      vertex 52.2221 91.1573 4
    endloop
  endfacet
  facet normal -0.098039 0.995183 0
    outer loop
      vertex 55 92 4
      vertex 54.0245 91.9039 9
      vertex 55 92 9
    endloop
  endfacet
  facet normal -0.098039 0.995183 0
    outer loop
      vertex 54.0245 91.9039 9
      vertex 55 92 4
      vertex 54.0245 91.9039 4
    endloop
  endfacet
  facet normal 0.098039 -0.995183 0
    outer loop
      vertex 55 82 4
      vertex 55.9755 82.0961 9
      vertex 55 82 9
    endloop
  endfacet
  facet normal 0.098039 -0.995183 0
    outer loop
      vertex 55.9755 82.0961 9
      vertex 55 82 4
      vertex 55.9755 82.0961 4
    endloop
  endfacet
  facet normal 0.471409 -0.881915 0
    outer loop
      vertex 56.9134 82.3806 4
      vertex 57.7779 82.8427 9
      vertex 56.9134 82.3806 9
    endloop
  endfacet
  facet normal 0.471409 -0.881915 0
    outer loop
      vertex 57.7779 82.8427 9
      vertex 56.9134 82.3806 4
      vertex 57.7779 82.8427 4
    endloop
  endfacet
  facet normal -0.634426 -0.772984 0
    outer loop
      vertex 51.4645 83.4645 4
      vertex 52.2221 82.8427 9
      vertex 51.4645 83.4645 9
    endloop
  endfacet
  facet normal -0.634426 -0.772984 -0
    outer loop
      vertex 52.2221 82.8427 9
      vertex 51.4645 83.4645 4
      vertex 52.2221 82.8427 4
    endloop
  endfacet
  facet normal -0.290276 -0.956943 0
    outer loop
      vertex 53.0866 82.3806 4
      vertex 54.0245 82.0961 9
      vertex 53.0866 82.3806 9
    endloop
  endfacet
  facet normal -0.290276 -0.956943 -0
    outer loop
      vertex 54.0245 82.0961 9
      vertex 53.0866 82.3806 4
      vertex 54.0245 82.0961 4
    endloop
  endfacet
  facet normal -0.995182 -0.098049 0
    outer loop
      vertex 50.0961 86.0246 4
      vertex 50 87 9
      vertex 50 87 4
    endloop
  endfacet
  facet normal -0.995182 -0.098049 0
    outer loop
      vertex 50 87 9
      vertex 50.0961 86.0246 4
      vertex 50.0961 86.0246 9
    endloop
  endfacet
  facet normal -0.881892 -0.471451 0
    outer loop
      vertex 50.8427 84.2222 4
      vertex 50.3806 85.0866 9
      vertex 50.3806 85.0866 4
    endloop
  endfacet
  facet normal -0.881892 -0.471451 0
    outer loop
      vertex 50.3806 85.0866 9
      vertex 50.8427 84.2222 4
      vertex 50.8427 84.2222 9
    endloop
  endfacet
  facet normal -0.956951 -0.290248 0
    outer loop
      vertex 50.3806 85.0866 4
      vertex 50.0961 86.0246 9
      vertex 50.0961 86.0246 4
    endloop
  endfacet
  facet normal -0.956951 -0.290248 0
    outer loop
      vertex 50.0961 86.0246 9
      vertex 50.3806 85.0866 4
      vertex 50.3806 85.0866 9
    endloop
  endfacet
  facet normal 0.290276 -0.956943 0
    outer loop
      vertex 55.9755 82.0961 4
      vertex 56.9134 82.3806 9
      vertex 55.9755 82.0961 9
    endloop
  endfacet
  facet normal 0.290276 -0.956943 0
    outer loop
      vertex 56.9134 82.3806 9
      vertex 55.9755 82.0961 4
      vertex 56.9134 82.3806 4
    endloop
  endfacet
  facet normal 0.634426 -0.772984 0
    outer loop
      vertex 57.7779 82.8427 4
      vertex 58.5355 83.4645 9
      vertex 57.7779 82.8427 9
    endloop
  endfacet
  facet normal 0.634426 -0.772984 0
    outer loop
      vertex 58.5355 83.4645 9
      vertex 57.7779 82.8427 4
      vertex 58.5355 83.4645 4
    endloop
  endfacet
  facet normal 0.773025 -0.634376 0
    outer loop
      vertex 58.5355 83.4645 9
      vertex 59.1573 84.2222 4
      vertex 59.1573 84.2222 9
    endloop
  endfacet
  facet normal 0.773025 -0.634376 0
    outer loop
      vertex 59.1573 84.2222 4
      vertex 58.5355 83.4645 9
      vertex 58.5355 83.4645 4
    endloop
  endfacet
  facet normal -0.471409 -0.881915 0
    outer loop
      vertex 52.2221 82.8427 4
      vertex 53.0866 82.3806 9
      vertex 52.2221 82.8427 9
    endloop
  endfacet
  facet normal -0.471409 -0.881915 -0
    outer loop
      vertex 53.0866 82.3806 9
      vertex 52.2221 82.8427 4
      vertex 53.0866 82.3806 4
    endloop
  endfacet
  facet normal -0.098039 -0.995183 0
    outer loop
      vertex 54.0245 82.0961 4
      vertex 55 82 9
      vertex 54.0245 82.0961 9
    endloop
  endfacet
  facet normal -0.098039 -0.995183 -0
    outer loop
      vertex 55 82 9
      vertex 54.0245 82.0961 4
      vertex 55 82 4
    endloop
  endfacet
  facet normal 0.956951 -0.290248 0
    outer loop
      vertex 59.6194 85.0866 9
      vertex 59.9039 86.0246 4
      vertex 59.9039 86.0246 9
    endloop
  endfacet
  facet normal 0.956951 -0.290248 0
    outer loop
      vertex 59.9039 86.0246 4
      vertex 59.6194 85.0866 9
      vertex 59.6194 85.0866 4
    endloop
  endfacet
  facet normal 0.881892 -0.471451 0
    outer loop
      vertex 59.1573 84.2222 9
      vertex 59.6194 85.0866 4
      vertex 59.6194 85.0866 9
    endloop
  endfacet
  facet normal 0.881892 -0.471451 0
    outer loop
      vertex 59.6194 85.0866 4
      vertex 59.1573 84.2222 9
      vertex 59.1573 84.2222 4
    endloop
  endfacet
  facet normal 0.995182 -0.098049 0
    outer loop
      vertex 59.9039 86.0246 9
      vertex 60 87 4
      vertex 60 87 9
    endloop
  endfacet
  facet normal 0.995182 -0.098049 0
    outer loop
      vertex 60 87 4
      vertex 59.9039 86.0246 9
      vertex 59.9039 86.0246 4
    endloop
  endfacet
  facet normal -0.995184 -0.0980244 0
    outer loop
      vertex 57.8 87 4
      vertex 57.7462 87.5462 9
      vertex 57.7462 87.5462 4
    endloop
  endfacet
  facet normal -0.995184 -0.0980244 0
    outer loop
      vertex 57.7462 87.5462 9
      vertex 57.8 87 4
      vertex 57.8 87 9
    endloop
  endfacet
  facet normal 0.995184 -0.0980244 0
    outer loop
      vertex 52.2 87 9
      vertex 52.2538 87.5462 4
      vertex 52.2538 87.5462 9
    endloop
  endfacet
  facet normal 0.995184 -0.0980244 0
    outer loop
      vertex 52.2538 87.5462 4
      vertex 52.2 87 9
      vertex 52.2 87 4
    endloop
  endfacet
  facet normal 0.0980066 -0.995186 0
    outer loop
      vertex 54.4537 89.7462 4
      vertex 55 89.8 9
      vertex 54.4537 89.7462 9
    endloop
  endfacet
  facet normal 0.0980066 -0.995186 0
    outer loop
      vertex 55 89.8 9
      vertex 54.4537 89.7462 4
      vertex 55 89.8 4
    endloop
  endfacet
  facet normal -0.634378 -0.773023 0
    outer loop
      vertex 56.5556 89.3281 4
      vertex 56.9799 88.9799 9
      vertex 56.5556 89.3281 9
    endloop
  endfacet
  facet normal -0.634378 -0.773023 -0
    outer loop
      vertex 56.9799 88.9799 9
      vertex 56.5556 89.3281 4
      vertex 56.9799 88.9799 4
    endloop
  endfacet
  facet normal 0.773023 -0.634378 0
    outer loop
      vertex 52.6719 88.5556 9
      vertex 53.0201 88.9799 4
      vertex 53.0201 88.9799 9
    endloop
  endfacet
  facet normal 0.773023 -0.634378 0
    outer loop
      vertex 53.0201 88.9799 4
      vertex 52.6719 88.5556 9
      vertex 52.6719 88.5556 4
    endloop
  endfacet
  facet normal 0.471458 -0.881889 0
    outer loop
      vertex 53.4444 89.3281 4
      vertex 53.9285 89.5869 9
      vertex 53.4444 89.3281 9
    endloop
  endfacet
  facet normal 0.471458 -0.881889 0
    outer loop
      vertex 53.9285 89.5869 9
      vertex 53.4444 89.3281 4
      vertex 53.9285 89.5869 4
    endloop
  endfacet
  facet normal -0.881889 0.471458 0
    outer loop
      vertex 57.3281 85.4444 4
      vertex 57.5869 85.9285 9
      vertex 57.5869 85.9285 4
    endloop
  endfacet
  facet normal -0.881889 0.471458 0
    outer loop
      vertex 57.5869 85.9285 9
      vertex 57.3281 85.4444 4
      vertex 57.3281 85.4444 9
    endloop
  endfacet
  facet normal -0.881889 -0.471458 0
    outer loop
      vertex 57.5869 88.0715 4
      vertex 57.3281 88.5556 9
      vertex 57.3281 88.5556 4
    endloop
  endfacet
  facet normal -0.881889 -0.471458 0
    outer loop
      vertex 57.3281 88.5556 9
      vertex 57.5869 88.0715 4
      vertex 57.5869 88.0715 9
    endloop
  endfacet
  facet normal -0.956965 -0.290205 0
    outer loop
      vertex 57.7462 87.5462 4
      vertex 57.5869 88.0715 9
      vertex 57.5869 88.0715 4
    endloop
  endfacet
  facet normal -0.956965 -0.290205 0
    outer loop
      vertex 57.5869 88.0715 9
      vertex 57.7462 87.5462 4
      vertex 57.7462 87.5462 9
    endloop
  endfacet
  facet normal -0.773023 -0.634378 0
    outer loop
      vertex 57.3281 88.5556 4
      vertex 56.9799 88.9799 9
      vertex 56.9799 88.9799 4
    endloop
  endfacet
  facet normal -0.773023 -0.634378 0
    outer loop
      vertex 56.9799 88.9799 9
      vertex 57.3281 88.5556 4
      vertex 57.3281 88.5556 9
    endloop
  endfacet
  facet normal -0.290255 -0.956949 0
    outer loop
      vertex 55.5463 89.7462 4
      vertex 56.0715 89.5869 9
      vertex 55.5463 89.7462 9
    endloop
  endfacet
  facet normal -0.290255 -0.956949 -0
    outer loop
      vertex 56.0715 89.5869 9
      vertex 55.5463 89.7462 4
      vertex 56.0715 89.5869 4
    endloop
  endfacet
  facet normal -0.0980066 -0.995186 0
    outer loop
      vertex 55 89.8 4
      vertex 55.5463 89.7462 9
      vertex 55 89.8 9
    endloop
  endfacet
  facet normal -0.0980066 -0.995186 -0
    outer loop
      vertex 55.5463 89.7462 9
      vertex 55 89.8 4
      vertex 55.5463 89.7462 4
    endloop
  endfacet
  facet normal -0.471458 -0.881889 0
    outer loop
      vertex 56.0715 89.5869 4
      vertex 56.5556 89.3281 9
      vertex 56.0715 89.5869 9
    endloop
  endfacet
  facet normal -0.471458 -0.881889 -0
    outer loop
      vertex 56.5556 89.3281 9
      vertex 56.0715 89.5869 4
      vertex 56.5556 89.3281 4
    endloop
  endfacet
  facet normal 0.881889 -0.471458 0
    outer loop
      vertex 52.4131 88.0715 9
      vertex 52.6719 88.5556 4
      vertex 52.6719 88.5556 9
    endloop
  endfacet
  facet normal 0.881889 -0.471458 0
    outer loop
      vertex 52.6719 88.5556 4
      vertex 52.4131 88.0715 9
      vertex 52.4131 88.0715 4
    endloop
  endfacet
  facet normal 0.956965 -0.290205 0
    outer loop
      vertex 52.2538 87.5462 9
      vertex 52.4131 88.0715 4
      vertex 52.4131 88.0715 9
    endloop
  endfacet
  facet normal 0.956965 -0.290205 0
    outer loop
      vertex 52.4131 88.0715 4
      vertex 52.2538 87.5462 9
      vertex 52.2538 87.5462 4
    endloop
  endfacet
  facet normal 0.634378 -0.773023 0
    outer loop
      vertex 53.0201 88.9799 4
      vertex 53.4444 89.3281 9
      vertex 53.0201 88.9799 9
    endloop
  endfacet
  facet normal 0.634378 -0.773023 0
    outer loop
      vertex 53.4444 89.3281 9
      vertex 53.0201 88.9799 4
      vertex 53.4444 89.3281 4
    endloop
  endfacet
  facet normal 0.290255 -0.956949 0
    outer loop
      vertex 53.9285 89.5869 4
      vertex 54.4537 89.7462 9
      vertex 53.9285 89.5869 9
    endloop
  endfacet
  facet normal 0.290255 -0.956949 0
    outer loop
      vertex 54.4537 89.7462 9
      vertex 53.9285 89.5869 4
      vertex 54.4537 89.7462 4
    endloop
  endfacet
  facet normal -0.995184 0.0980244 0
    outer loop
      vertex 57.7462 86.4538 4
      vertex 57.8 87 9
      vertex 57.8 87 4
    endloop
  endfacet
  facet normal -0.995184 0.0980244 0
    outer loop
      vertex 57.8 87 9
      vertex 57.7462 86.4538 4
      vertex 57.7462 86.4538 9
    endloop
  endfacet
  facet normal 0.0980066 0.995186 -0
    outer loop
      vertex 55 84.2 4
      vertex 54.4537 84.2538 9
      vertex 55 84.2 9
    endloop
  endfacet
  facet normal 0.0980066 0.995186 0
    outer loop
      vertex 54.4537 84.2538 9
      vertex 55 84.2 4
      vertex 54.4537 84.2538 4
    endloop
  endfacet
  facet normal -0.634378 0.773023 0
    outer loop
      vertex 56.9799 85.0201 4
      vertex 56.5556 84.6719 9
      vertex 56.9799 85.0201 9
    endloop
  endfacet
  facet normal -0.634378 0.773023 0
    outer loop
      vertex 56.5556 84.6719 9
      vertex 56.9799 85.0201 4
      vertex 56.5556 84.6719 4
    endloop
  endfacet
  facet normal -0.956965 0.290205 0
    outer loop
      vertex 57.5869 85.9285 4
      vertex 57.7462 86.4538 9
      vertex 57.7462 86.4538 4
    endloop
  endfacet
  facet normal -0.956965 0.290205 0
    outer loop
      vertex 57.7462 86.4538 9
      vertex 57.5869 85.9285 4
      vertex 57.5869 85.9285 9
    endloop
  endfacet
  facet normal 0.995184 0.0980244 0
    outer loop
      vertex 52.2538 86.4538 9
      vertex 52.2 87 4
      vertex 52.2 87 9
    endloop
  endfacet
  facet normal 0.995184 0.0980244 0
    outer loop
      vertex 52.2 87 4
      vertex 52.2538 86.4538 9
      vertex 52.2538 86.4538 4
    endloop
  endfacet
  facet normal 0.956965 0.290205 0
    outer loop
      vertex 52.4131 85.9285 9
      vertex 52.2538 86.4538 4
      vertex 52.2538 86.4538 9
    endloop
  endfacet
  facet normal 0.956965 0.290205 0
    outer loop
      vertex 52.2538 86.4538 4
      vertex 52.4131 85.9285 9
      vertex 52.4131 85.9285 4
    endloop
  endfacet
  facet normal -0.290255 0.956949 0
    outer loop
      vertex 56.0715 84.4131 4
      vertex 55.5463 84.2538 9
      vertex 56.0715 84.4131 9
    endloop
  endfacet
  facet normal -0.290255 0.956949 0
    outer loop
      vertex 55.5463 84.2538 9
      vertex 56.0715 84.4131 4
      vertex 55.5463 84.2538 4
    endloop
  endfacet
  facet normal -0.0980066 0.995186 0
    outer loop
      vertex 55.5463 84.2538 4
      vertex 55 84.2 9
      vertex 55.5463 84.2538 9
    endloop
  endfacet
  facet normal -0.0980066 0.995186 0
    outer loop
      vertex 55 84.2 9
      vertex 55.5463 84.2538 4
      vertex 55 84.2 4
    endloop
  endfacet
  facet normal 0.290255 0.956949 -0
    outer loop
      vertex 54.4537 84.2538 4
      vertex 53.9285 84.4131 9
      vertex 54.4537 84.2538 9
    endloop
  endfacet
  facet normal 0.290255 0.956949 0
    outer loop
      vertex 53.9285 84.4131 9
      vertex 54.4537 84.2538 4
      vertex 53.9285 84.4131 4
    endloop
  endfacet
  facet normal 0.773023 0.634378 0
    outer loop
      vertex 53.0201 85.0201 9
      vertex 52.6719 85.4444 4
      vertex 52.6719 85.4444 9
    endloop
  endfacet
  facet normal 0.773023 0.634378 0
    outer loop
      vertex 52.6719 85.4444 4
      vertex 53.0201 85.0201 9
      vertex 53.0201 85.0201 4
    endloop
  endfacet
  facet normal 0.881889 0.471458 0
    outer loop
      vertex 52.6719 85.4444 9
      vertex 52.4131 85.9285 4
      vertex 52.4131 85.9285 9
    endloop
  endfacet
  facet normal 0.881889 0.471458 0
    outer loop
      vertex 52.4131 85.9285 4
      vertex 52.6719 85.4444 9
      vertex 52.6719 85.4444 4
    endloop
  endfacet
  facet normal -0.471458 0.881889 0
    outer loop
      vertex 56.5556 84.6719 4
      vertex 56.0715 84.4131 9
      vertex 56.5556 84.6719 9
    endloop
  endfacet
  facet normal -0.471458 0.881889 0
    outer loop
      vertex 56.0715 84.4131 9
      vertex 56.5556 84.6719 4
      vertex 56.0715 84.4131 4
    endloop
  endfacet
  facet normal -0.773023 0.634378 0
    outer loop
      vertex 56.9799 85.0201 4
      vertex 57.3281 85.4444 9
      vertex 57.3281 85.4444 4
    endloop
  endfacet
  facet normal -0.773023 0.634378 0
    outer loop
      vertex 57.3281 85.4444 9
      vertex 56.9799 85.0201 4
      vertex 56.9799 85.0201 9
    endloop
  endfacet
  facet normal 0.471458 0.881889 -0
    outer loop
      vertex 53.9285 84.4131 4
      vertex 53.4444 84.6719 9
      vertex 53.9285 84.4131 9
    endloop
  endfacet
  facet normal 0.471458 0.881889 0
    outer loop
      vertex 53.4444 84.6719 9
      vertex 53.9285 84.4131 4
      vertex 53.4444 84.6719 4
    endloop
  endfacet
  facet normal 0.634378 0.773023 -0
    outer loop
      vertex 53.4444 84.6719 4
      vertex 53.0201 85.0201 9
      vertex 53.4444 84.6719 9
    endloop
  endfacet
  facet normal 0.634378 0.773023 0
    outer loop
      vertex 53.0201 85.0201 9
      vertex 53.4444 84.6719 4
      vertex 53.0201 85.0201 4
    endloop
  endfacet
  facet normal 0.995182 0.098049 0
    outer loop
      vertex 93 87 9
      vertex 92.9039 87.9754 4
      vertex 92.9039 87.9754 9
    endloop
  endfacet
  facet normal 0.995182 0.098049 0
    outer loop
      vertex 92.9039 87.9754 4
      vertex 93 87 9
      vertex 93 87 4
    endloop
  endfacet
  facet normal -0.995182 0.098049 0
    outer loop
      vertex 83 87 4
      vertex 83.0961 87.9754 9
      vertex 83.0961 87.9754 4
    endloop
  endfacet
  facet normal -0.995182 0.098049 0
    outer loop
      vertex 83.0961 87.9754 9
      vertex 83 87 4
      vertex 83 87 9
    endloop
  endfacet
  facet normal 0.098049 0.995182 -0
    outer loop
      vertex 88.9754 91.9039 4
      vertex 88 92 9
      vertex 88.9754 91.9039 9
    endloop
  endfacet
  facet normal 0.098049 0.995182 0
    outer loop
      vertex 88 92 9
      vertex 88.9754 91.9039 4
      vertex 88 92 4
    endloop
  endfacet
  facet normal 0.773025 0.634376 0
    outer loop
      vertex 92.1573 89.7778 9
      vertex 91.5355 90.5355 4
      vertex 91.5355 90.5355 9
    endloop
  endfacet
  facet normal 0.773025 0.634376 0
    outer loop
      vertex 91.5355 90.5355 4
      vertex 92.1573 89.7778 9
      vertex 92.1573 89.7778 4
    endloop
  endfacet
  facet normal -0.634376 0.773025 0
    outer loop
      vertex 85.2222 91.1573 4
      vertex 84.4645 90.5355 9
      vertex 85.2222 91.1573 9
    endloop
  endfacet
  facet normal -0.634376 0.773025 0
    outer loop
      vertex 84.4645 90.5355 9
      vertex 85.2222 91.1573 4
      vertex 84.4645 90.5355 4
    endloop
  endfacet
  facet normal -0.290248 0.956951 0
    outer loop
      vertex 87.0246 91.9039 4
      vertex 86.0866 91.6194 9
      vertex 87.0246 91.9039 9
    endloop
  endfacet
  facet normal -0.290248 0.956951 0
    outer loop
      vertex 86.0866 91.6194 9
      vertex 87.0246 91.9039 4
      vertex 86.0866 91.6194 4
    endloop
  endfacet
  facet normal -0.773025 -0.634376 0
    outer loop
      vertex 84.4645 83.4645 4
      vertex 83.8427 84.2222 9
      vertex 83.8427 84.2222 4
    endloop
  endfacet
  facet normal -0.773025 -0.634376 0
    outer loop
      vertex 83.8427 84.2222 9
      vertex 84.4645 83.4645 4
      vertex 84.4645 83.4645 9
    endloop
  endfacet
  facet normal 0.881892 0.471451 0
    outer loop
      vertex 92.6194 88.9134 9
      vertex 92.1573 89.7778 4
      vertex 92.1573 89.7778 9
    endloop
  endfacet
  facet normal 0.881892 0.471451 0
    outer loop
      vertex 92.1573 89.7778 4
      vertex 92.6194 88.9134 9
      vertex 92.6194 88.9134 4
    endloop
  endfacet
  facet normal 0.956951 0.290248 0
    outer loop
      vertex 92.9039 87.9754 9
      vertex 92.6194 88.9134 4
      vertex 92.6194 88.9134 9
    endloop
  endfacet
  facet normal 0.956951 0.290248 0
    outer loop
      vertex 92.6194 88.9134 4
      vertex 92.9039 87.9754 9
      vertex 92.9039 87.9754 4
    endloop
  endfacet
  facet normal 0.471451 0.881892 -0
    outer loop
      vertex 90.7778 91.1573 4
      vertex 89.9134 91.6194 9
      vertex 90.7778 91.1573 9
    endloop
  endfacet
  facet normal 0.471451 0.881892 0
    outer loop
      vertex 89.9134 91.6194 9
      vertex 90.7778 91.1573 4
      vertex 89.9134 91.6194 4
    endloop
  endfacet
  facet normal 0.290248 0.956951 -0
    outer loop
      vertex 89.9134 91.6194 4
      vertex 88.9754 91.9039 9
      vertex 89.9134 91.6194 9
    endloop
  endfacet
  facet normal 0.290248 0.956951 0
    outer loop
      vertex 88.9754 91.9039 9
      vertex 89.9134 91.6194 4
      vertex 88.9754 91.9039 4
    endloop
  endfacet
  facet normal 0.634376 0.773025 -0
    outer loop
      vertex 91.5355 90.5355 4
      vertex 90.7778 91.1573 9
      vertex 91.5355 90.5355 9
    endloop
  endfacet
  facet normal 0.634376 0.773025 0
    outer loop
      vertex 90.7778 91.1573 9
      vertex 91.5355 90.5355 4
      vertex 90.7778 91.1573 4
    endloop
  endfacet
  facet normal -0.881892 0.471451 0
    outer loop
      vertex 83.3806 88.9134 4
      vertex 83.8427 89.7778 9
      vertex 83.8427 89.7778 4
    endloop
  endfacet
  facet normal -0.881892 0.471451 0
    outer loop
      vertex 83.8427 89.7778 9
      vertex 83.3806 88.9134 4
      vertex 83.3806 88.9134 9
    endloop
  endfacet
  facet normal -0.773025 0.634376 0
    outer loop
      vertex 83.8427 89.7778 4
      vertex 84.4645 90.5355 9
      vertex 84.4645 90.5355 4
    endloop
  endfacet
  facet normal -0.773025 0.634376 0
    outer loop
      vertex 84.4645 90.5355 9
      vertex 83.8427 89.7778 4
      vertex 83.8427 89.7778 9
    endloop
  endfacet
  facet normal -0.956951 0.290248 0
    outer loop
      vertex 83.0961 87.9754 4
      vertex 83.3806 88.9134 9
      vertex 83.3806 88.9134 4
    endloop
  endfacet
  facet normal -0.956951 0.290248 0
    outer loop
      vertex 83.3806 88.9134 9
      vertex 83.0961 87.9754 4
      vertex 83.0961 87.9754 9
    endloop
  endfacet
  facet normal 0 0 1
    outer loop
      vertex 90.8 87 9
      vertex 93 87 9
      vertex 92.9039 87.9754 9
    endloop
  endfacet
  facet normal 0 0 1
    outer loop
      vertex 90.7462 87.5462 9
      vertex 92.9039 87.9754 9
      vertex 92.6194 88.9134 9
    endloop
  endfacet
  facet normal 0 0 1
    outer loop
      vertex 93 87 9
      vertex 90.8 87 9
      vertex 92.9039 86.0246 9
    endloop
  endfacet
  facet normal 0 0 1
    outer loop
      vertex 90.5869 88.0715 9
      vertex 92.6194 88.9134 9
      vertex 92.1573 89.7778 9
    endloop
  endfacet
  facet normal -0 0 1
    outer loop
      vertex 90.7462 86.4538 9
      vertex 92.9039 86.0246 9
      vertex 90.8 87 9
    endloop
  endfacet
  facet normal 0 0 1
    outer loop
      vertex 90.3281 88.5556 9
      vertex 92.1573 89.7778 9
      vertex 91.5355 90.5355 9
    endloop
  endfacet
  facet normal 0 0 1
    outer loop
      vertex 92.9039 86.0246 9
      vertex 90.7462 86.4538 9
      vertex 92.6194 85.0866 9
    endloop
  endfacet
  facet normal -0 0 1
    outer loop
      vertex 90.5869 85.9285 9
      vertex 92.6194 85.0866 9
      vertex 90.7462 86.4538 9
    endloop
  endfacet
  facet normal 0 0 1
    outer loop
      vertex 89.9799 88.9799 9
      vertex 91.5355 90.5355 9
      vertex 90.7778 91.1573 9
    endloop
  endfacet
  facet normal 0 0 1
    outer loop
      vertex 92.9039 87.9754 9
      vertex 90.7462 87.5462 9
      vertex 90.8 87 9
    endloop
  endfacet
  facet normal 0 0 1
    outer loop
      vertex 92.6194 88.9134 9
      vertex 90.5869 88.0715 9
      vertex 90.7462 87.5462 9
    endloop
  endfacet
  facet normal 0 0 1
    outer loop
      vertex 92.1573 89.7778 9
      vertex 90.3281 88.5556 9
      vertex 90.5869 88.0715 9
    endloop
  endfacet
  facet normal 0 0 1
    outer loop
      vertex 91.5355 90.5355 9
      vertex 89.9799 88.9799 9
      vertex 90.3281 88.5556 9
    endloop
  endfacet
  facet normal 0 0 1
    outer loop
      vertex 89.5556 89.3281 9
      vertex 90.7778 91.1573 9
      vertex 89.9134 91.6194 9
    endloop
  endfacet
  facet normal 0 0 1
    outer loop
      vertex 90.7778 91.1573 9
      vertex 89.5556 89.3281 9
      vertex 89.9799 88.9799 9
    endloop
  endfacet
  facet normal 0 0 1
    outer loop
      vertex 89.9134 91.6194 9
      vertex 89.0715 89.5869 9
      vertex 89.5556 89.3281 9
    endloop
  endfacet
  facet normal 0 0 1
    outer loop
      vertex 88.9754 91.9039 9
      vertex 89.0715 89.5869 9
      vertex 89.9134 91.6194 9
    endloop
  endfacet
  facet normal 0 0 1
    outer loop
      vertex 88.9754 91.9039 9
      vertex 88.5462 89.7462 9
      vertex 89.0715 89.5869 9
    endloop
  endfacet
  facet normal 0 0 1
    outer loop
      vertex 88 92 9
      vertex 88.5462 89.7462 9
      vertex 88.9754 91.9039 9
    endloop
  endfacet
  facet normal 0 0 1
    outer loop
      vertex 88 92 9
      vertex 88 89.8 9
      vertex 88.5462 89.7462 9
    endloop
  endfacet
  facet normal 0 0 1
    outer loop
      vertex 88 92 9
      vertex 87.4538 89.7462 9
      vertex 88 89.8 9
    endloop
  endfacet
  facet normal -0 0 1
    outer loop
      vertex 87.0246 91.9039 9
      vertex 87.4538 89.7462 9
      vertex 88 92 9
    endloop
  endfacet
  facet normal 0 0 1
    outer loop
      vertex 87.0246 91.9039 9
      vertex 86.9285 89.5869 9
      vertex 87.4538 89.7462 9
    endloop
  endfacet
  facet normal -0 0 1
    outer loop
      vertex 86.0866 91.6194 9
      vertex 86.9285 89.5869 9
      vertex 87.0246 91.9039 9
    endloop
  endfacet
  facet normal 0 0 1
    outer loop
      vertex 86.9285 89.5869 9
      vertex 86.0866 91.6194 9
      vertex 86.4444 89.3281 9
    endloop
  endfacet
  facet normal -0 0 1
    outer loop
      vertex 85.2222 91.1573 9
      vertex 86.4444 89.3281 9
      vertex 86.0866 91.6194 9
    endloop
  endfacet
  facet normal 0 0 1
    outer loop
      vertex 86.4444 89.3281 9
      vertex 85.2222 91.1573 9
      vertex 86.0201 88.9799 9
    endloop
  endfacet
  facet normal -0 0 1
    outer loop
      vertex 84.4645 90.5355 9
      vertex 86.0201 88.9799 9
      vertex 85.2222 91.1573 9
    endloop
  endfacet
  facet normal 0 0 1
    outer loop
      vertex 86.0201 88.9799 9
      vertex 84.4645 90.5355 9
      vertex 85.6719 88.5556 9
    endloop
  endfacet
  facet normal -0 0 1
    outer loop
      vertex 83.8427 89.7778 9
      vertex 85.6719 88.5556 9
      vertex 84.4645 90.5355 9
    endloop
  endfacet
  facet normal 0 0 1
    outer loop
      vertex 85.6719 88.5556 9
      vertex 83.8427 89.7778 9
      vertex 85.4131 88.0715 9
    endloop
  endfacet
  facet normal -0 0 1
    outer loop
      vertex 83.3806 88.9134 9
      vertex 85.4131 88.0715 9
      vertex 83.8427 89.7778 9
    endloop
  endfacet
  facet normal 0 0 1
    outer loop
      vertex 92.6194 85.0866 9
      vertex 90.5869 85.9285 9
      vertex 92.1573 84.2222 9
    endloop
  endfacet
  facet normal -0 0 1
    outer loop
      vertex 90.3281 85.4444 9
      vertex 92.1573 84.2222 9
      vertex 90.5869 85.9285 9
    endloop
  endfacet
  facet normal 0 0 1
    outer loop
      vertex 92.1573 84.2222 9
      vertex 90.3281 85.4444 9
      vertex 91.5355 83.4645 9
    endloop
  endfacet
  facet normal -0 0 1
    outer loop
      vertex 89.9799 85.0201 9
      vertex 91.5355 83.4645 9
      vertex 90.3281 85.4444 9
    endloop
  endfacet
  facet normal 0 0 1
    outer loop
      vertex 91.5355 83.4645 9
      vertex 89.9799 85.0201 9
      vertex 90.7778 82.8427 9
    endloop
  endfacet
  facet normal -0 0 1
    outer loop
      vertex 89.5556 84.6719 9
      vertex 90.7778 82.8427 9
      vertex 89.9799 85.0201 9
    endloop
  endfacet
  facet normal 0 0 1
    outer loop
      vertex 90.7778 82.8427 9
      vertex 89.5556 84.6719 9
      vertex 89.9134 82.3806 9
    endloop
  endfacet
  facet normal -0 0 1
    outer loop
      vertex 89.0715 84.4131 9
      vertex 89.9134 82.3806 9
      vertex 89.5556 84.6719 9
    endloop
  endfacet
  facet normal 0 0 1
    outer loop
      vertex 89.0715 84.4131 9
      vertex 88.9754 82.0961 9
      vertex 89.9134 82.3806 9
    endloop
  endfacet
  facet normal -0 0 1
    outer loop
      vertex 88.5462 84.2538 9
      vertex 88.9754 82.0961 9
      vertex 89.0715 84.4131 9
    endloop
  endfacet
  facet normal -0 0 1
    outer loop
      vertex 88 84.2 9
      vertex 88.9754 82.0961 9
      vertex 88.5462 84.2538 9
    endloop
  endfacet
  facet normal 0 0 1
    outer loop
      vertex 88 84.2 9
      vertex 88 82 9
      vertex 88.9754 82.0961 9
    endloop
  endfacet
  facet normal 0 0 1
    outer loop
      vertex 87.4538 84.2538 9
      vertex 88 82 9
      vertex 88 84.2 9
    endloop
  endfacet
  facet normal 0 0 1
    outer loop
      vertex 87.4538 84.2538 9
      vertex 87.0246 82.0961 9
      vertex 88 82 9
    endloop
  endfacet
  facet normal 0 0 1
    outer loop
      vertex 86.9285 84.4131 9
      vertex 87.0246 82.0961 9
      vertex 87.4538 84.2538 9
    endloop
  endfacet
  facet normal 0 0 1
    outer loop
      vertex 86.0866 82.3806 9
      vertex 86.9285 84.4131 9
      vertex 86.4444 84.6719 9
    endloop
  endfacet
  facet normal 0 0 1
    outer loop
      vertex 86.9285 84.4131 9
      vertex 86.0866 82.3806 9
      vertex 87.0246 82.0961 9
    endloop
  endfacet
  facet normal 0 0 1
    outer loop
      vertex 85.2222 82.8427 9
      vertex 86.4444 84.6719 9
      vertex 86.0201 85.0201 9
    endloop
  endfacet
  facet normal 0 0 1
    outer loop
      vertex 84.4645 83.4645 9
      vertex 86.0201 85.0201 9
      vertex 85.6719 85.4444 9
    endloop
  endfacet
  facet normal 0 0 1
    outer loop
      vertex 83.8427 84.2222 9
      vertex 85.6719 85.4444 9
      vertex 85.4131 85.9285 9
    endloop
  endfacet
  facet normal 0 0 1
    outer loop
      vertex 83.3806 85.0866 9
      vertex 85.4131 85.9285 9
      vertex 85.2538 86.4538 9
    endloop
  endfacet
  facet normal 0 0 1
    outer loop
      vertex 86.4444 84.6719 9
      vertex 85.2222 82.8427 9
      vertex 86.0866 82.3806 9
    endloop
  endfacet
  facet normal 0 0 1
    outer loop
      vertex 83.0961 86.0246 9
      vertex 85.2538 86.4538 9
      vertex 85.2 87 9
    endloop
  endfacet
  facet normal 0 0 1
    outer loop
      vertex 85.4131 88.0715 9
      vertex 83.3806 88.9134 9
      vertex 85.2538 87.5462 9
    endloop
  endfacet
  facet normal 0 0 1
    outer loop
      vertex 86.0201 85.0201 9
      vertex 84.4645 83.4645 9
      vertex 85.2222 82.8427 9
    endloop
  endfacet
  facet normal -0 0 1
    outer loop
      vertex 83.0961 87.9754 9
      vertex 85.2538 87.5462 9
      vertex 83.3806 88.9134 9
    endloop
  endfacet
  facet normal 0 0 1
    outer loop
      vertex 85.6719 85.4444 9
      vertex 83.8427 84.2222 9
      vertex 84.4645 83.4645 9
    endloop
  endfacet
  facet normal 0 0 1
    outer loop
      vertex 85.2538 87.5462 9
      vertex 83.0961 87.9754 9
      vertex 85.2 87 9
    endloop
  endfacet
  facet normal 0 0 1
    outer loop
      vertex 85.4131 85.9285 9
      vertex 83.3806 85.0866 9
      vertex 83.8427 84.2222 9
    endloop
  endfacet
  facet normal 0 0 1
    outer loop
      vertex 83 87 9
      vertex 85.2 87 9
      vertex 83.0961 87.9754 9
    endloop
  endfacet
  facet normal 0 0 1
    outer loop
      vertex 85.2538 86.4538 9
      vertex 83.0961 86.0246 9
      vertex 83.3806 85.0866 9
    endloop
  endfacet
  facet normal 0 0 1
    outer loop
      vertex 85.2 87 9
      vertex 83 87 9
      vertex 83.0961 86.0246 9
    endloop
  endfacet
  facet normal -0.471451 0.881892 0
    outer loop
      vertex 86.0866 91.6194 4
      vertex 85.2222 91.1573 9
      vertex 86.0866 91.6194 9
    endloop
  endfacet
  facet normal -0.471451 0.881892 0
    outer loop
      vertex 85.2222 91.1573 9
      vertex 86.0866 91.6194 4
      vertex 85.2222 91.1573 4
    endloop
  endfacet
  facet normal -0.098049 0.995182 0
    outer loop
      vertex 88 92 4
      vertex 87.0246 91.9039 9
      vertex 88 92 9
    endloop
  endfacet
  facet normal -0.098049 0.995182 0
    outer loop
      vertex 87.0246 91.9039 9
      vertex 88 92 4
      vertex 87.0246 91.9039 4
    endloop
  endfacet
  facet normal 0.098049 -0.995182 0
    outer loop
      vertex 88 82 4
      vertex 88.9754 82.0961 9
      vertex 88 82 9
    endloop
  endfacet
  facet normal 0.098049 -0.995182 0
    outer loop
      vertex 88.9754 82.0961 9
      vertex 88 82 4
      vertex 88.9754 82.0961 4
    endloop
  endfacet
  facet normal 0.471451 -0.881892 0
    outer loop
      vertex 89.9134 82.3806 4
      vertex 90.7778 82.8427 9
      vertex 89.9134 82.3806 9
    endloop
  endfacet
  facet normal 0.471451 -0.881892 0
    outer loop
      vertex 90.7778 82.8427 9
      vertex 89.9134 82.3806 4
      vertex 90.7778 82.8427 4
    endloop
  endfacet
  facet normal -0.634376 -0.773025 0
    outer loop
      vertex 84.4645 83.4645 4
      vertex 85.2222 82.8427 9
      vertex 84.4645 83.4645 9
    endloop
  endfacet
  facet normal -0.634376 -0.773025 -0
    outer loop
      vertex 85.2222 82.8427 9
      vertex 84.4645 83.4645 4
      vertex 85.2222 82.8427 4
    endloop
  endfacet
  facet normal -0.290248 -0.956951 0
    outer loop
      vertex 86.0866 82.3806 4
      vertex 87.0246 82.0961 9
      vertex 86.0866 82.3806 9
    endloop
  endfacet
  facet normal -0.290248 -0.956951 -0
    outer loop
      vertex 87.0246 82.0961 9
      vertex 86.0866 82.3806 4
      vertex 87.0246 82.0961 4
    endloop
  endfacet
  facet normal -0.995182 -0.098049 0
    outer loop
      vertex 83.0961 86.0246 4
      vertex 83 87 9
      vertex 83 87 4
    endloop
  endfacet
  facet normal -0.995182 -0.098049 0
    outer loop
      vertex 83 87 9
      vertex 83.0961 86.0246 4
      vertex 83.0961 86.0246 9
    endloop
  endfacet
  facet normal -0.881892 -0.471451 0
    outer loop
      vertex 83.8427 84.2222 4
      vertex 83.3806 85.0866 9
      vertex 83.3806 85.0866 4
    endloop
  endfacet
  facet normal -0.881892 -0.471451 0
    outer loop
      vertex 83.3806 85.0866 9
      vertex 83.8427 84.2222 4
      vertex 83.8427 84.2222 9
    endloop
  endfacet
  facet normal -0.956951 -0.290248 0
    outer loop
      vertex 83.3806 85.0866 4
      vertex 83.0961 86.0246 9
      vertex 83.0961 86.0246 4
    endloop
  endfacet
  facet normal -0.956951 -0.290248 0
    outer loop
      vertex 83.0961 86.0246 9
      vertex 83.3806 85.0866 4
      vertex 83.3806 85.0866 9
    endloop
  endfacet
  facet normal 0.290248 -0.956951 0
    outer loop
      vertex 88.9754 82.0961 4
      vertex 89.9134 82.3806 9
      vertex 88.9754 82.0961 9
    endloop
  endfacet
  facet normal 0.290248 -0.956951 0
    outer loop
      vertex 89.9134 82.3806 9
      vertex 88.9754 82.0961 4
      vertex 89.9134 82.3806 4
    endloop
  endfacet
  facet normal 0.634376 -0.773025 0
    outer loop
      vertex 90.7778 82.8427 4
      vertex 91.5355 83.4645 9
      vertex 90.7778 82.8427 9
    endloop
  endfacet
  facet normal 0.634376 -0.773025 0
    outer loop
      vertex 91.5355 83.4645 9
      vertex 90.7778 82.8427 4
      vertex 91.5355 83.4645 4
    endloop
  endfacet
  facet normal 0.773025 -0.634376 0
    outer loop
      vertex 91.5355 83.4645 9
      vertex 92.1573 84.2222 4
      vertex 92.1573 84.2222 9
    endloop
  endfacet
  facet normal 0.773025 -0.634376 0
    outer loop
      vertex 92.1573 84.2222 4
      vertex 91.5355 83.4645 9
      vertex 91.5355 83.4645 4
    endloop
  endfacet
  facet normal -0.471451 -0.881892 0
    outer loop
      vertex 85.2222 82.8427 4
      vertex 86.0866 82.3806 9
      vertex 85.2222 82.8427 9
    endloop
  endfacet
  facet normal -0.471451 -0.881892 -0
    outer loop
      vertex 86.0866 82.3806 9
      vertex 85.2222 82.8427 4
      vertex 86.0866 82.3806 4
    endloop
  endfacet
  facet normal -0.098049 -0.995182 0
    outer loop
      vertex 87.0246 82.0961 4
      vertex 88 82 9
      vertex 87.0246 82.0961 9
    endloop
  endfacet
  facet normal -0.098049 -0.995182 -0
    outer loop
      vertex 88 82 9
      vertex 87.0246 82.0961 4
      vertex 88 82 4
    endloop
  endfacet
  facet normal 0.956951 -0.290248 0
    outer loop
      vertex 92.6194 85.0866 9
      vertex 92.9039 86.0246 4
      vertex 92.9039 86.0246 9
    endloop
  endfacet
  facet normal 0.956951 -0.290248 0
    outer loop
      vertex 92.9039 86.0246 4
      vertex 92.6194 85.0866 9
      vertex 92.6194 85.0866 4
    endloop
  endfacet
  facet normal 0.881892 -0.471451 0
    outer loop
      vertex 92.1573 84.2222 9
      vertex 92.6194 85.0866 4
      vertex 92.6194 85.0866 9
    endloop
  endfacet
  facet normal 0.881892 -0.471451 0
    outer loop
      vertex 92.6194 85.0866 4
      vertex 92.1573 84.2222 9
      vertex 92.1573 84.2222 4
    endloop
  endfacet
  facet normal 0.995182 -0.098049 0
    outer loop
      vertex 92.9039 86.0246 9
      vertex 93 87 4
      vertex 93 87 9
    endloop
  endfacet
  facet normal 0.995182 -0.098049 0
    outer loop
      vertex 93 87 4
      vertex 92.9039 86.0246 9
      vertex 92.9039 86.0246 4
    endloop
  endfacet
  facet normal -0.995184 -0.0980244 0
    outer loop
      vertex 90.8 87 4
      vertex 90.7462 87.5462 9
      vertex 90.7462 87.5462 4
    endloop
  endfacet
  facet normal -0.995184 -0.0980244 0
    outer loop
      vertex 90.7462 87.5462 9
      vertex 90.8 87 4
      vertex 90.8 87 9
    endloop
  endfacet
  facet normal 0.995184 -0.0980244 0
    outer loop
      vertex 85.2 87 9
      vertex 85.2538 87.5462 4
      vertex 85.2538 87.5462 9
    endloop
  endfacet
  facet normal 0.995184 -0.0980244 0
    outer loop
      vertex 85.2538 87.5462 4
      vertex 85.2 87 9
      vertex 85.2 87 4
    endloop
  endfacet
  facet normal 0.0980244 -0.995184 0
    outer loop
      vertex 87.4538 89.7462 4
      vertex 88 89.8 9
      vertex 87.4538 89.7462 9
    endloop
  endfacet
  facet normal 0.0980244 -0.995184 0
    outer loop
      vertex 88 89.8 9
      vertex 87.4538 89.7462 4
      vertex 88 89.8 4
    endloop
  endfacet
  facet normal -0.634378 -0.773023 0
    outer loop
      vertex 89.5556 89.3281 4
      vertex 89.9799 88.9799 9
      vertex 89.5556 89.3281 9
    endloop
  endfacet
  facet normal -0.634378 -0.773023 -0
    outer loop
      vertex 89.9799 88.9799 9
      vertex 89.5556 89.3281 4
      vertex 89.9799 88.9799 4
    endloop
  endfacet
  facet normal 0.773023 -0.634378 0
    outer loop
      vertex 85.6719 88.5556 9
      vertex 86.0201 88.9799 4
      vertex 86.0201 88.9799 9
    endloop
  endfacet
  facet normal 0.773023 -0.634378 0
    outer loop
      vertex 86.0201 88.9799 4
      vertex 85.6719 88.5556 9
      vertex 85.6719 88.5556 4
    endloop
  endfacet
  facet normal 0.471458 -0.881889 0
    outer loop
      vertex 86.4444 89.3281 4
      vertex 86.9285 89.5869 9
      vertex 86.4444 89.3281 9
    endloop
  endfacet
  facet normal 0.471458 -0.881889 0
    outer loop
      vertex 86.9285 89.5869 9
      vertex 86.4444 89.3281 4
      vertex 86.9285 89.5869 4
    endloop
  endfacet
  facet normal -0.881889 0.471458 0
    outer loop
      vertex 90.3281 85.4444 4
      vertex 90.5869 85.9285 9
      vertex 90.5869 85.9285 4
    endloop
  endfacet
  facet normal -0.881889 0.471458 0
    outer loop
      vertex 90.5869 85.9285 9
      vertex 90.3281 85.4444 4
      vertex 90.3281 85.4444 9
    endloop
  endfacet
  facet normal -0.881889 -0.471458 0
    outer loop
      vertex 90.5869 88.0715 4
      vertex 90.3281 88.5556 9
      vertex 90.3281 88.5556 4
    endloop
  endfacet
  facet normal -0.881889 -0.471458 0
    outer loop
      vertex 90.3281 88.5556 9
      vertex 90.5869 88.0715 4
      vertex 90.5869 88.0715 9
    endloop
  endfacet
  facet normal -0.956965 -0.290205 0
    outer loop
      vertex 90.7462 87.5462 4
      vertex 90.5869 88.0715 9
      vertex 90.5869 88.0715 4
    endloop
  endfacet
  facet normal -0.956965 -0.290205 0
    outer loop
      vertex 90.5869 88.0715 9
      vertex 90.7462 87.5462 4
      vertex 90.7462 87.5462 9
    endloop
  endfacet
  facet normal -0.773023 -0.634378 0
    outer loop
      vertex 90.3281 88.5556 4
      vertex 89.9799 88.9799 9
      vertex 89.9799 88.9799 4
    endloop
  endfacet
  facet normal -0.773023 -0.634378 0
    outer loop
      vertex 89.9799 88.9799 9
      vertex 90.3281 88.5556 4
      vertex 90.3281 88.5556 9
    endloop
  endfacet
  facet normal -0.290205 -0.956965 0
    outer loop
      vertex 88.5462 89.7462 4
      vertex 89.0715 89.5869 9
      vertex 88.5462 89.7462 9
    endloop
  endfacet
  facet normal -0.290205 -0.956965 -0
    outer loop
      vertex 89.0715 89.5869 9
      vertex 88.5462 89.7462 4
      vertex 89.0715 89.5869 4
    endloop
  endfacet
  facet normal -0.0980244 -0.995184 0
    outer loop
      vertex 88 89.8 4
      vertex 88.5462 89.7462 9
      vertex 88 89.8 9
    endloop
  endfacet
  facet normal -0.0980244 -0.995184 -0
    outer loop
      vertex 88.5462 89.7462 9
      vertex 88 89.8 4
      vertex 88.5462 89.7462 4
    endloop
  endfacet
  facet normal -0.471458 -0.881889 0
    outer loop
      vertex 89.0715 89.5869 4
      vertex 89.5556 89.3281 9
      vertex 89.0715 89.5869 9
    endloop
  endfacet
  facet normal -0.471458 -0.881889 -0
    outer loop
      vertex 89.5556 89.3281 9
      vertex 89.0715 89.5869 4
      vertex 89.5556 89.3281 4
    endloop
  endfacet
  facet normal 0.881889 -0.471458 0
    outer loop
      vertex 85.4131 88.0715 9
      vertex 85.6719 88.5556 4
      vertex 85.6719 88.5556 9
    endloop
  endfacet
  facet normal 0.881889 -0.471458 0
    outer loop
      vertex 85.6719 88.5556 4
      vertex 85.4131 88.0715 9
      vertex 85.4131 88.0715 4
    endloop
  endfacet
  facet normal 0.956965 -0.290205 0
    outer loop
      vertex 85.2538 87.5462 9
      vertex 85.4131 88.0715 4
      vertex 85.4131 88.0715 9
    endloop
  endfacet
  facet normal 0.956965 -0.290205 0
    outer loop
      vertex 85.4131 88.0715 4
      vertex 85.2538 87.5462 9
      vertex 85.2538 87.5462 4
    endloop
  endfacet
  facet normal 0.634378 -0.773023 0
    outer loop
      vertex 86.0201 88.9799 4
      vertex 86.4444 89.3281 9
      vertex 86.0201 88.9799 9
    endloop
  endfacet
  facet normal 0.634378 -0.773023 0
    outer loop
      vertex 86.4444 89.3281 9
      vertex 86.0201 88.9799 4
      vertex 86.4444 89.3281 4
    endloop
  endfacet
  facet normal 0.290205 -0.956965 0
    outer loop
      vertex 86.9285 89.5869 4
      vertex 87.4538 89.7462 9
      vertex 86.9285 89.5869 9
    endloop
  endfacet
  facet normal 0.290205 -0.956965 0
    outer loop
      vertex 87.4538 89.7462 9
      vertex 86.9285 89.5869 4
      vertex 87.4538 89.7462 4
    endloop
  endfacet
  facet normal -0.995184 0.0980244 0
    outer loop
      vertex 90.7462 86.4538 4
      vertex 90.8 87 9
      vertex 90.8 87 4
    endloop
  endfacet
  facet normal -0.995184 0.0980244 0
    outer loop
      vertex 90.8 87 9
      vertex 90.7462 86.4538 4
      vertex 90.7462 86.4538 9
    endloop
  endfacet
  facet normal 0.0980244 0.995184 -0
    outer loop
      vertex 88 84.2 4
      vertex 87.4538 84.2538 9
      vertex 88 84.2 9
    endloop
  endfacet
  facet normal 0.0980244 0.995184 0
    outer loop
      vertex 87.4538 84.2538 9
      vertex 88 84.2 4
      vertex 87.4538 84.2538 4
    endloop
  endfacet
  facet normal -0.634378 0.773023 0
    outer loop
      vertex 89.9799 85.0201 4
      vertex 89.5556 84.6719 9
      vertex 89.9799 85.0201 9
    endloop
  endfacet
  facet normal -0.634378 0.773023 0
    outer loop
      vertex 89.5556 84.6719 9
      vertex 89.9799 85.0201 4
      vertex 89.5556 84.6719 4
    endloop
  endfacet
  facet normal -0.956965 0.290205 0
    outer loop
      vertex 90.5869 85.9285 4
      vertex 90.7462 86.4538 9
      vertex 90.7462 86.4538 4
    endloop
  endfacet
  facet normal -0.956965 0.290205 0
    outer loop
      vertex 90.7462 86.4538 9
      vertex 90.5869 85.9285 4
      vertex 90.5869 85.9285 9
    endloop
  endfacet
  facet normal 0.995184 0.0980244 0
    outer loop
      vertex 85.2538 86.4538 9
      vertex 85.2 87 4
      vertex 85.2 87 9
    endloop
  endfacet
  facet normal 0.995184 0.0980244 0
    outer loop
      vertex 85.2 87 4
      vertex 85.2538 86.4538 9
      vertex 85.2538 86.4538 4
    endloop
  endfacet
  facet normal 0.956965 0.290205 0
    outer loop
      vertex 85.4131 85.9285 9
      vertex 85.2538 86.4538 4
      vertex 85.2538 86.4538 9
    endloop
  endfacet
  facet normal 0.956965 0.290205 0
    outer loop
      vertex 85.2538 86.4538 4
      vertex 85.4131 85.9285 9
      vertex 85.4131 85.9285 4
    endloop
  endfacet
  facet normal -0.290205 0.956965 0
    outer loop
      vertex 89.0715 84.4131 4
      vertex 88.5462 84.2538 9
      vertex 89.0715 84.4131 9
    endloop
  endfacet
  facet normal -0.290205 0.956965 0
    outer loop
      vertex 88.5462 84.2538 9
      vertex 89.0715 84.4131 4
      vertex 88.5462 84.2538 4
    endloop
  endfacet
  facet normal -0.0980244 0.995184 0
    outer loop
      vertex 88.5462 84.2538 4
      vertex 88 84.2 9
      vertex 88.5462 84.2538 9
    endloop
  endfacet
  facet normal -0.0980244 0.995184 0
    outer loop
      vertex 88 84.2 9
      vertex 88.5462 84.2538 4
      vertex 88 84.2 4
    endloop
  endfacet
  facet normal 0.290205 0.956965 -0
    outer loop
      vertex 87.4538 84.2538 4
      vertex 86.9285 84.4131 9
      vertex 87.4538 84.2538 9
    endloop
  endfacet
  facet normal 0.290205 0.956965 0
    outer loop
      vertex 86.9285 84.4131 9
      vertex 87.4538 84.2538 4
      vertex 86.9285 84.4131 4
    endloop
  endfacet
  facet normal 0.773023 0.634378 0
    outer loop
      vertex 86.0201 85.0201 9
      vertex 85.6719 85.4444 4
      vertex 85.6719 85.4444 9
    endloop
  endfacet
  facet normal 0.773023 0.634378 0
    outer loop
      vertex 85.6719 85.4444 4
      vertex 86.0201 85.0201 9
      vertex 86.0201 85.0201 4
    endloop
  endfacet
  facet normal 0.881889 0.471458 0
    outer loop
      vertex 85.6719 85.4444 9
      vertex 85.4131 85.9285 4
      vertex 85.4131 85.9285 9
    endloop
  endfacet
  facet normal 0.881889 0.471458 0
    outer loop
      vertex 85.4131 85.9285 4
      vertex 85.6719 85.4444 9
      vertex 85.6719 85.4444 4
    endloop
  endfacet
  facet normal -0.471458 0.881889 0
    outer loop
      vertex 89.5556 84.6719 4
      vertex 89.0715 84.4131 9
      vertex 89.5556 84.6719 9
    endloop
  endfacet
  facet normal -0.471458 0.881889 0
    outer loop
      vertex 89.0715 84.4131 9
      vertex 89.5556 84.6719 4
      vertex 89.0715 84.4131 4
    endloop
  endfacet
  facet normal -0.773023 0.634378 0
    outer loop
      vertex 89.9799 85.0201 4
      vertex 90.3281 85.4444 9
      vertex 90.3281 85.4444 4
    endloop
  endfacet
  facet normal -0.773023 0.634378 0
    outer loop
      vertex 90.3281 85.4444 9
      vertex 89.9799 85.0201 4
      vertex 89.9799 85.0201 9
    endloop
  endfacet
  facet normal 0.471458 0.881889 -0
    outer loop
      vertex 86.9285 84.4131 4
      vertex 86.4444 84.6719 9
      vertex 86.9285 84.4131 9
    endloop
  endfacet
  facet normal 0.471458 0.881889 0
    outer loop
      vertex 86.4444 84.6719 9
      vertex 86.9285 84.4131 4
      vertex 86.4444 84.6719 4
    endloop
  endfacet
  facet normal 0.634378 0.773023 -0
    outer loop
      vertex 86.4444 84.6719 4
      vertex 86.0201 85.0201 9
      vertex 86.4444 84.6719 9
    endloop
  endfacet
  facet normal 0.634378 0.773023 0
    outer loop
      vertex 86.0201 85.0201 9
      vertex 86.4444 84.6719 4
      vertex 86.0201 85.0201 4
    endloop
  endfacet
  facet normal 0.995192 0.0979479 0
    outer loop
      vertex 126 87 9
      vertex 125.904 87.9754 4
      vertex 125.904 87.9754 9
    endloop
  endfacet
  facet normal 0.995192 0.0979479 0
    outer loop
      vertex 125.904 87.9754 4
      vertex 126 87 9
      vertex 126 87 4
    endloop
  endfacet
  facet normal -0.995192 0.0979479 0
    outer loop
      vertex 116 87 4
      vertex 116.096 87.9754 9
      vertex 116.096 87.9754 4
    endloop
  endfacet
  facet normal -0.995192 0.0979479 0
    outer loop
      vertex 116.096 87.9754 9
      vertex 116 87 4
      vertex 116 87 9
    endloop
  endfacet
  facet normal 0.0980888 0.995178 -0
    outer loop
      vertex 121.975 91.9039 4
      vertex 121 92 9
      vertex 121.975 91.9039 9
    endloop
  endfacet
  facet normal 0.0980888 0.995178 0
    outer loop
      vertex 121 92 9
      vertex 121.975 91.9039 4
      vertex 121 92 4
    endloop
  endfacet
  facet normal 0.773425 0.633888 0
    outer loop
      vertex 125.157 89.7778 9
      vertex 124.536 90.5355 4
      vertex 124.536 90.5355 9
    endloop
  endfacet
  facet normal 0.773425 0.633888 0
    outer loop
      vertex 124.536 90.5355 4
      vertex 125.157 89.7778 9
      vertex 125.157 89.7778 4
    endloop
  endfacet
  facet normal -0.634226 0.773148 0
    outer loop
      vertex 118.222 91.1573 4
      vertex 117.464 90.5355 9
      vertex 118.222 91.1573 9
    endloop
  endfacet
  facet normal -0.634226 0.773148 0
    outer loop
      vertex 117.464 90.5355 9
      vertex 118.222 91.1573 4
      vertex 117.464 90.5355 4
    endloop
  endfacet
  facet normal -0.290248 0.956951 0
    outer loop
      vertex 120.025 91.9039 4
      vertex 119.087 91.6194 9
      vertex 120.025 91.9039 9
    endloop
  endfacet
  facet normal -0.290248 0.956951 0
    outer loop
      vertex 119.087 91.6194 9
      vertex 120.025 91.9039 4
      vertex 119.087 91.6194 4
    endloop
  endfacet
  facet normal -0.773425 -0.633888 0
    outer loop
      vertex 117.464 83.4645 4
      vertex 116.843 84.2222 9
      vertex 116.843 84.2222 4
    endloop
  endfacet
  facet normal -0.773425 -0.633888 0
    outer loop
      vertex 116.843 84.2222 9
      vertex 117.464 83.4645 4
      vertex 117.464 83.4645 9
    endloop
  endfacet
  facet normal 0.881935 0.471372 0
    outer loop
      vertex 125.619 88.9134 9
      vertex 125.157 89.7778 4
      vertex 125.157 89.7778 9
    endloop
  endfacet
  facet normal 0.881935 0.471372 0
    outer loop
      vertex 125.157 89.7778 4
      vertex 125.619 88.9134 9
      vertex 125.619 88.9134 4
    endloop
  endfacet
  facet normal 0.95681 0.290715 0
    outer loop
      vertex 125.904 87.9754 9
      vertex 125.619 88.9134 4
      vertex 125.619 88.9134 9
    endloop
  endfacet
  facet normal 0.95681 0.290715 0
    outer loop
      vertex 125.619 88.9134 4
      vertex 125.904 87.9754 9
      vertex 125.904 87.9754 4
    endloop
  endfacet
  facet normal 0.471197 0.882028 -0
    outer loop
      vertex 123.778 91.1573 4
      vertex 122.913 91.6194 9
      vertex 123.778 91.1573 9
    endloop
  endfacet
  facet normal 0.471197 0.882028 0
    outer loop
      vertex 122.913 91.6194 9
      vertex 123.778 91.1573 4
      vertex 122.913 91.6194 4
    endloop
  endfacet
  facet normal 0.290248 0.956951 -0
    outer loop
      vertex 122.913 91.6194 4
      vertex 121.975 91.9039 9
      vertex 122.913 91.6194 9
    endloop
  endfacet
  facet normal 0.290248 0.956951 0
    outer loop
      vertex 121.975 91.9039 9
      vertex 122.913 91.6194 4
      vertex 121.975 91.9039 4
    endloop
  endfacet
  facet normal 0.634226 0.773148 -0
    outer loop
      vertex 124.536 90.5355 4
      vertex 123.778 91.1573 9
      vertex 124.536 90.5355 9
    endloop
  endfacet
  facet normal 0.634226 0.773148 0
    outer loop
      vertex 123.778 91.1573 9
      vertex 124.536 90.5355 4
      vertex 123.778 91.1573 4
    endloop
  endfacet
  facet normal -0.881935 0.471372 0
    outer loop
      vertex 116.381 88.9134 4
      vertex 116.843 89.7778 9
      vertex 116.843 89.7778 4
    endloop
  endfacet
  facet normal -0.881935 0.471372 0
    outer loop
      vertex 116.843 89.7778 9
      vertex 116.381 88.9134 4
      vertex 116.381 88.9134 9
    endloop
  endfacet
  facet normal -0.773425 0.633888 0
    outer loop
      vertex 116.843 89.7778 4
      vertex 117.464 90.5355 9
      vertex 117.464 90.5355 4
    endloop
  endfacet
  facet normal -0.773425 0.633888 0
    outer loop
      vertex 117.464 90.5355 9
      vertex 116.843 89.7778 4
      vertex 116.843 89.7778 9
    endloop
  endfacet
  facet normal -0.95681 0.290715 0
    outer loop
      vertex 116.096 87.9754 4
      vertex 116.381 88.9134 9
      vertex 116.381 88.9134 4
    endloop
  endfacet
  facet normal -0.95681 0.290715 0
    outer loop
      vertex 116.381 88.9134 9
      vertex 116.096 87.9754 4
      vertex 116.096 87.9754 9
    endloop
  endfacet
  facet normal 0 0 1
    outer loop
      vertex 123.8 87 9
      vertex 126 87 9
      vertex 125.904 87.9754 9
    endloop
  endfacet
  facet normal 0 0 1
    outer loop
      vertex 123.746 87.5462 9
      vertex 125.904 87.9754 9
      vertex 125.619 88.9134 9
    endloop
  endfacet
  facet normal 0 0 1
    outer loop
      vertex 126 87 9
      vertex 123.8 87 9
      vertex 125.904 86.0246 9
    endloop
  endfacet
  facet normal 0 0 1
    outer loop
      vertex 123.587 88.0715 9
      vertex 125.619 88.9134 9
      vertex 125.157 89.7778 9
    endloop
  endfacet
  facet normal -0 0 1
    outer loop
      vertex 123.746 86.4538 9
      vertex 125.904 86.0246 9
      vertex 123.8 87 9
    endloop
  endfacet
  facet normal 0 0 1
    outer loop
      vertex 123.328 88.5556 9
      vertex 125.157 89.7778 9
      vertex 124.536 90.5355 9
    endloop
  endfacet
  facet normal 0 0 1
    outer loop
      vertex 125.904 86.0246 9
      vertex 123.746 86.4538 9
      vertex 125.619 85.0866 9
    endloop
  endfacet
  facet normal -0 0 1
    outer loop
      vertex 123.587 85.9285 9
      vertex 125.619 85.0866 9
      vertex 123.746 86.4538 9
    endloop
  endfacet
  facet normal 0 0 1
    outer loop
      vertex 122.98 88.9799 9
      vertex 124.536 90.5355 9
      vertex 123.778 91.1573 9
    endloop
  endfacet
  facet normal 0 0 1
    outer loop
      vertex 125.904 87.9754 9
      vertex 123.746 87.5462 9
      vertex 123.8 87 9
    endloop
  endfacet
  facet normal 0 0 1
    outer loop
      vertex 125.619 88.9134 9
      vertex 123.587 88.0715 9
      vertex 123.746 87.5462 9
    endloop
  endfacet
  facet normal 0 0 1
    outer loop
      vertex 125.157 89.7778 9
      vertex 123.328 88.5556 9
      vertex 123.587 88.0715 9
    endloop
  endfacet
  facet normal 0 0 1
    outer loop
      vertex 124.536 90.5355 9
      vertex 122.98 88.9799 9
      vertex 123.328 88.5556 9
    endloop
  endfacet
  facet normal 0 0 1
    outer loop
      vertex 122.556 89.3281 9
      vertex 123.778 91.1573 9
      vertex 122.913 91.6194 9
    endloop
  endfacet
  facet normal 0 0 1
    outer loop
      vertex 123.778 91.1573 9
      vertex 122.556 89.3281 9
      vertex 122.98 88.9799 9
    endloop
  endfacet
  facet normal 0 0 1
    outer loop
      vertex 122.913 91.6194 9
      vertex 122.072 89.5869 9
      vertex 122.556 89.3281 9
    endloop
  endfacet
  facet normal 0 0 1
    outer loop
      vertex 121.975 91.9039 9
      vertex 122.072 89.5869 9
      vertex 122.913 91.6194 9
    endloop
  endfacet
  facet normal 0 0 1
    outer loop
      vertex 121.975 91.9039 9
      vertex 121.546 89.7462 9
      vertex 122.072 89.5869 9
    endloop
  endfacet
  facet normal 0 0 1
    outer loop
      vertex 121 92 9
      vertex 121.546 89.7462 9
      vertex 121.975 91.9039 9
    endloop
  endfacet
  facet normal 0 0 1
    outer loop
      vertex 121 92 9
      vertex 121 89.8 9
      vertex 121.546 89.7462 9
    endloop
  endfacet
  facet normal 0 0 1
    outer loop
      vertex 121 92 9
      vertex 120.454 89.7462 9
      vertex 121 89.8 9
    endloop
  endfacet
  facet normal -0 0 1
    outer loop
      vertex 120.025 91.9039 9
      vertex 120.454 89.7462 9
      vertex 121 92 9
    endloop
  endfacet
  facet normal 0 0 1
    outer loop
      vertex 120.025 91.9039 9
      vertex 119.928 89.5869 9
      vertex 120.454 89.7462 9
    endloop
  endfacet
  facet normal -0 0 1
    outer loop
      vertex 119.087 91.6194 9
      vertex 119.928 89.5869 9
      vertex 120.025 91.9039 9
    endloop
  endfacet
  facet normal 0 0 1
    outer loop
      vertex 119.928 89.5869 9
      vertex 119.087 91.6194 9
      vertex 119.444 89.3281 9
    endloop
  endfacet
  facet normal -0 0 1
    outer loop
      vertex 118.222 91.1573 9
      vertex 119.444 89.3281 9
      vertex 119.087 91.6194 9
    endloop
  endfacet
  facet normal 0 0 1
    outer loop
      vertex 119.444 89.3281 9
      vertex 118.222 91.1573 9
      vertex 119.02 88.9799 9
    endloop
  endfacet
  facet normal -0 0 1
    outer loop
      vertex 117.464 90.5355 9
      vertex 119.02 88.9799 9
      vertex 118.222 91.1573 9
    endloop
  endfacet
  facet normal 0 0 1
    outer loop
      vertex 119.02 88.9799 9
      vertex 117.464 90.5355 9
      vertex 118.672 88.5556 9
    endloop
  endfacet
  facet normal -0 0 1
    outer loop
      vertex 116.843 89.7778 9
      vertex 118.672 88.5556 9
      vertex 117.464 90.5355 9
    endloop
  endfacet
  facet normal 0 0 1
    outer loop
      vertex 118.672 88.5556 9
      vertex 116.843 89.7778 9
      vertex 118.413 88.0715 9
    endloop
  endfacet
  facet normal -0 0 1
    outer loop
      vertex 116.381 88.9134 9
      vertex 118.413 88.0715 9
      vertex 116.843 89.7778 9
    endloop
  endfacet
  facet normal 0 0 1
    outer loop
      vertex 125.619 85.0866 9
      vertex 123.587 85.9285 9
      vertex 125.157 84.2222 9
    endloop
  endfacet
  facet normal -0 0 1
    outer loop
      vertex 123.328 85.4444 9
      vertex 125.157 84.2222 9
      vertex 123.587 85.9285 9
    endloop
  endfacet
  facet normal 0 0 1
    outer loop
      vertex 125.157 84.2222 9
      vertex 123.328 85.4444 9
      vertex 124.536 83.4645 9
    endloop
  endfacet
  facet normal -0 0 1
    outer loop
      vertex 122.98 85.0201 9
      vertex 124.536 83.4645 9
      vertex 123.328 85.4444 9
    endloop
  endfacet
  facet normal 0 0 1
    outer loop
      vertex 124.536 83.4645 9
      vertex 122.98 85.0201 9
      vertex 123.778 82.8427 9
    endloop
  endfacet
  facet normal -0 0 1
    outer loop
      vertex 122.556 84.6719 9
      vertex 123.778 82.8427 9
      vertex 122.98 85.0201 9
    endloop
  endfacet
  facet normal 0 0 1
    outer loop
      vertex 123.778 82.8427 9
      vertex 122.556 84.6719 9
      vertex 122.913 82.3806 9
    endloop
  endfacet
  facet normal -0 0 1
    outer loop
      vertex 122.072 84.4131 9
      vertex 122.913 82.3806 9
      vertex 122.556 84.6719 9
    endloop
  endfacet
  facet normal 0 0 1
    outer loop
      vertex 122.072 84.4131 9
      vertex 121.975 82.0961 9
      vertex 122.913 82.3806 9
    endloop
  endfacet
  facet normal -0 0 1
    outer loop
      vertex 121.546 84.2538 9
      vertex 121.975 82.0961 9
      vertex 122.072 84.4131 9
    endloop
  endfacet
  facet normal -0 0 1
    outer loop
      vertex 121 84.2 9
      vertex 121.975 82.0961 9
      vertex 121.546 84.2538 9
    endloop
  endfacet
  facet normal 0 0 1
    outer loop
      vertex 121 84.2 9
      vertex 121 82 9
      vertex 121.975 82.0961 9
    endloop
  endfacet
  facet normal 0 0 1
    outer loop
      vertex 120.454 84.2538 9
      vertex 121 82 9
      vertex 121 84.2 9
    endloop
  endfacet
  facet normal 0 0 1
    outer loop
      vertex 120.454 84.2538 9
      vertex 120.025 82.0961 9
      vertex 121 82 9
    endloop
  endfacet
  facet normal 0 0 1
    outer loop
      vertex 119.928 84.4131 9
      vertex 120.025 82.0961 9
      vertex 120.454 84.2538 9
    endloop
  endfacet
  facet normal 0 0 1
    outer loop
      vertex 119.087 82.3806 9
      vertex 119.928 84.4131 9
      vertex 119.444 84.6719 9
    endloop
  endfacet
  facet normal 0 0 1
    outer loop
      vertex 119.928 84.4131 9
      vertex 119.087 82.3806 9
      vertex 120.025 82.0961 9
    endloop
  endfacet
  facet normal 0 0 1
    outer loop
      vertex 118.222 82.8427 9
      vertex 119.444 84.6719 9
      vertex 119.02 85.0201 9
    endloop
  endfacet
  facet normal 0 0 1
    outer loop
      vertex 117.464 83.4645 9
      vertex 119.02 85.0201 9
      vertex 118.672 85.4444 9
    endloop
  endfacet
  facet normal 0 0 1
    outer loop
      vertex 116.843 84.2222 9
      vertex 118.672 85.4444 9
      vertex 118.413 85.9285 9
    endloop
  endfacet
  facet normal 0 0 1
    outer loop
      vertex 116.381 85.0866 9
      vertex 118.413 85.9285 9
      vertex 118.254 86.4538 9
    endloop
  endfacet
  facet normal 0 0 1
    outer loop
      vertex 119.444 84.6719 9
      vertex 118.222 82.8427 9
      vertex 119.087 82.3806 9
    endloop
  endfacet
  facet normal 0 0 1
    outer loop
      vertex 116.096 86.0246 9
      vertex 118.254 86.4538 9
      vertex 118.2 87 9
    endloop
  endfacet
  facet normal 0 0 1
    outer loop
      vertex 118.413 88.0715 9
      vertex 116.381 88.9134 9
      vertex 118.254 87.5462 9
    endloop
  endfacet
  facet normal 0 0 1
    outer loop
      vertex 119.02 85.0201 9
      vertex 117.464 83.4645 9
      vertex 118.222 82.8427 9
    endloop
  endfacet
  facet normal -0 0 1
    outer loop
      vertex 116.096 87.9754 9
      vertex 118.254 87.5462 9
      vertex 116.381 88.9134 9
    endloop
  endfacet
  facet normal 0 0 1
    outer loop
      vertex 118.672 85.4444 9
      vertex 116.843 84.2222 9
      vertex 117.464 83.4645 9
    endloop
  endfacet
  facet normal 0 0 1
    outer loop
      vertex 118.254 87.5462 9
      vertex 116.096 87.9754 9
      vertex 118.2 87 9
    endloop
  endfacet
  facet normal 0 0 1
    outer loop
      vertex 118.413 85.9285 9
      vertex 116.381 85.0866 9
      vertex 116.843 84.2222 9
    endloop
  endfacet
  facet normal 0 0 1
    outer loop
      vertex 116 87 9
      vertex 118.2 87 9
      vertex 116.096 87.9754 9
    endloop
  endfacet
  facet normal 0 0 1
    outer loop
      vertex 118.254 86.4538 9
      vertex 116.096 86.0246 9
      vertex 116.381 85.0866 9
    endloop
  endfacet
  facet normal 0 0 1
    outer loop
      vertex 118.2 87 9
      vertex 116 87 9
      vertex 116.096 86.0246 9
    endloop
  endfacet
  facet normal -0.471197 0.882028 0
    outer loop
      vertex 119.087 91.6194 4
      vertex 118.222 91.1573 9
      vertex 119.087 91.6194 9
    endloop
  endfacet
  facet normal -0.471197 0.882028 0
    outer loop
      vertex 118.222 91.1573 9
      vertex 119.087 91.6194 4
      vertex 118.222 91.1573 4
    endloop
  endfacet
  facet normal -0.0980888 0.995178 0
    outer loop
      vertex 121 92 4
      vertex 120.025 91.9039 9
      vertex 121 92 9
    endloop
  endfacet
  facet normal -0.0980888 0.995178 0
    outer loop
      vertex 120.025 91.9039 9
      vertex 121 92 4
      vertex 120.025 91.9039 4
    endloop
  endfacet
  facet normal 0.0980888 -0.995178 0
    outer loop
      vertex 121 82 4
      vertex 121.975 82.0961 9
      vertex 121 82 9
    endloop
  endfacet
  facet normal 0.0980888 -0.995178 0
    outer loop
      vertex 121.975 82.0961 9
      vertex 121 82 4
      vertex 121.975 82.0961 4
    endloop
  endfacet
  facet normal 0.471197 -0.882028 0
    outer loop
      vertex 122.913 82.3806 4
      vertex 123.778 82.8427 9
      vertex 122.913 82.3806 9
    endloop
  endfacet
  facet normal 0.471197 -0.882028 0
    outer loop
      vertex 123.778 82.8427 9
      vertex 122.913 82.3806 4
      vertex 123.778 82.8427 4
    endloop
  endfacet
  facet normal -0.634226 -0.773148 0
    outer loop
      vertex 117.464 83.4645 4
      vertex 118.222 82.8427 9
      vertex 117.464 83.4645 9
    endloop
  endfacet
  facet normal -0.634226 -0.773148 -0
    outer loop
      vertex 118.222 82.8427 9
      vertex 117.464 83.4645 4
      vertex 118.222 82.8427 4
    endloop
  endfacet
  facet normal -0.290248 -0.956951 0
    outer loop
      vertex 119.087 82.3806 4
      vertex 120.025 82.0961 9
      vertex 119.087 82.3806 9
    endloop
  endfacet
  facet normal -0.290248 -0.956951 -0
    outer loop
      vertex 120.025 82.0961 9
      vertex 119.087 82.3806 4
      vertex 120.025 82.0961 4
    endloop
  endfacet
  facet normal -0.995192 -0.0979479 0
    outer loop
      vertex 116.096 86.0246 4
      vertex 116 87 9
      vertex 116 87 4
    endloop
  endfacet
  facet normal -0.995192 -0.0979479 0
    outer loop
      vertex 116 87 9
      vertex 116.096 86.0246 4
      vertex 116.096 86.0246 9
    endloop
  endfacet
  facet normal -0.881935 -0.471372 0
    outer loop
      vertex 116.843 84.2222 4
      vertex 116.381 85.0866 9
      vertex 116.381 85.0866 4
    endloop
  endfacet
  facet normal -0.881935 -0.471372 0
    outer loop
      vertex 116.381 85.0866 9
      vertex 116.843 84.2222 4
      vertex 116.843 84.2222 9
    endloop
  endfacet
  facet normal -0.95681 -0.290715 0
    outer loop
      vertex 116.381 85.0866 4
      vertex 116.096 86.0246 9
      vertex 116.096 86.0246 4
    endloop
  endfacet
  facet normal -0.95681 -0.290715 0
    outer loop
      vertex 116.096 86.0246 9
      vertex 116.381 85.0866 4
      vertex 116.381 85.0866 9
    endloop
  endfacet
  facet normal 0.290248 -0.956951 0
    outer loop
      vertex 121.975 82.0961 4
      vertex 122.913 82.3806 9
      vertex 121.975 82.0961 9
    endloop
  endfacet
  facet normal 0.290248 -0.956951 0
    outer loop
      vertex 122.913 82.3806 9
      vertex 121.975 82.0961 4
      vertex 122.913 82.3806 4
    endloop
  endfacet
  facet normal 0.634226 -0.773148 0
    outer loop
      vertex 123.778 82.8427 4
      vertex 124.536 83.4645 9
      vertex 123.778 82.8427 9
    endloop
  endfacet
  facet normal 0.634226 -0.773148 0
    outer loop
      vertex 124.536 83.4645 9
      vertex 123.778 82.8427 4
      vertex 124.536 83.4645 4
    endloop
  endfacet
  facet normal 0.773425 -0.633888 0
    outer loop
      vertex 124.536 83.4645 9
      vertex 125.157 84.2222 4
      vertex 125.157 84.2222 9
    endloop
  endfacet
  facet normal 0.773425 -0.633888 0
    outer loop
      vertex 125.157 84.2222 4
      vertex 124.536 83.4645 9
      vertex 124.536 83.4645 4
    endloop
  endfacet
  facet normal -0.471197 -0.882028 0
    outer loop
      vertex 118.222 82.8427 4
      vertex 119.087 82.3806 9
      vertex 118.222 82.8427 9
    endloop
  endfacet
  facet normal -0.471197 -0.882028 -0
    outer loop
      vertex 119.087 82.3806 9
      vertex 118.222 82.8427 4
      vertex 119.087 82.3806 4
    endloop
  endfacet
  facet normal -0.0980888 -0.995178 0
    outer loop
      vertex 120.025 82.0961 4
      vertex 121 82 9
      vertex 120.025 82.0961 9
    endloop
  endfacet
  facet normal -0.0980888 -0.995178 -0
    outer loop
      vertex 121 82 9
      vertex 120.025 82.0961 4
      vertex 121 82 4
    endloop
  endfacet
  facet normal 0.95681 -0.290715 0
    outer loop
      vertex 125.619 85.0866 9
      vertex 125.904 86.0246 4
      vertex 125.904 86.0246 9
    endloop
  endfacet
  facet normal 0.95681 -0.290715 0
    outer loop
      vertex 125.904 86.0246 4
      vertex 125.619 85.0866 9
      vertex 125.619 85.0866 4
    endloop
  endfacet
  facet normal 0.881935 -0.471372 0
    outer loop
      vertex 125.157 84.2222 9
      vertex 125.619 85.0866 4
      vertex 125.619 85.0866 9
    endloop
  endfacet
  facet normal 0.881935 -0.471372 0
    outer loop
      vertex 125.619 85.0866 4
      vertex 125.157 84.2222 9
      vertex 125.157 84.2222 4
    endloop
  endfacet
  facet normal 0.995192 -0.0979479 0
    outer loop
      vertex 125.904 86.0246 9
      vertex 126 87 4
      vertex 126 87 9
    endloop
  endfacet
  facet normal 0.995192 -0.0979479 0
    outer loop
      vertex 126 87 4
      vertex 125.904 86.0246 9
      vertex 125.904 86.0246 4
    endloop
  endfacet
  facet normal -0.995148 -0.0983852 0
    outer loop
      vertex 123.8 87 4
      vertex 123.746 87.5462 9
      vertex 123.746 87.5462 4
    endloop
  endfacet
  facet normal -0.995148 -0.0983852 0
    outer loop
      vertex 123.746 87.5462 9
      vertex 123.8 87 4
      vertex 123.8 87 9
    endloop
  endfacet
  facet normal 0.995148 -0.0983852 0
    outer loop
      vertex 118.2 87 9
      vertex 118.254 87.5462 4
      vertex 118.254 87.5462 9
    endloop
  endfacet
  facet normal 0.995148 -0.0983852 0
    outer loop
      vertex 118.254 87.5462 4
      vertex 118.2 87 9
      vertex 118.2 87 4
    endloop
  endfacet
  facet normal 0.0980599 -0.995181 0
    outer loop
      vertex 120.454 89.7462 4
      vertex 121 89.8 9
      vertex 120.454 89.7462 9
    endloop
  endfacet
  facet normal 0.0980599 -0.995181 0
    outer loop
      vertex 121 89.8 9
      vertex 120.454 89.7462 4
      vertex 121 89.8 4
    endloop
  endfacet
  facet normal -0.634646 -0.772803 0
    outer loop
      vertex 122.556 89.3281 4
      vertex 122.98 88.9799 9
      vertex 122.556 89.3281 9
    endloop
  endfacet
  facet normal -0.634646 -0.772803 -0
    outer loop
      vertex 122.98 88.9799 9
      vertex 122.556 89.3281 4
      vertex 122.98 88.9799 4
    endloop
  endfacet
  facet normal 0.773202 -0.63416 0
    outer loop
      vertex 118.672 88.5556 9
      vertex 119.02 88.9799 4
      vertex 119.02 88.9799 9
    endloop
  endfacet
  facet normal 0.773202 -0.63416 0
    outer loop
      vertex 119.02 88.9799 4
      vertex 118.672 88.5556 9
      vertex 118.672 88.5556 4
    endloop
  endfacet
  facet normal 0.471534 -0.881848 0
    outer loop
      vertex 119.444 89.3281 4
      vertex 119.928 89.5869 9
      vertex 119.444 89.3281 9
    endloop
  endfacet
  facet normal 0.471534 -0.881848 0
    outer loop
      vertex 119.928 89.5869 9
      vertex 119.444 89.3281 4
      vertex 119.928 89.5869 4
    endloop
  endfacet
  facet normal -0.881737 0.471741 0
    outer loop
      vertex 123.328 85.4444 4
      vertex 123.587 85.9285 9
      vertex 123.587 85.9285 4
    endloop
  endfacet
  facet normal -0.881737 0.471741 0
    outer loop
      vertex 123.587 85.9285 9
      vertex 123.328 85.4444 4
      vertex 123.328 85.4444 9
    endloop
  endfacet
  facet normal -0.881737 -0.471741 0
    outer loop
      vertex 123.587 88.0715 4
      vertex 123.328 88.5556 9
      vertex 123.328 88.5556 4
    endloop
  endfacet
  facet normal -0.881737 -0.471741 0
    outer loop
      vertex 123.328 88.5556 9
      vertex 123.587 88.0715 4
      vertex 123.587 88.0715 9
    endloop
  endfacet
  facet normal -0.957116 -0.289704 0
    outer loop
      vertex 123.746 87.5462 4
      vertex 123.587 88.0715 9
      vertex 123.587 88.0715 4
    endloop
  endfacet
  facet normal -0.957116 -0.289704 0
    outer loop
      vertex 123.587 88.0715 9
      vertex 123.746 87.5462 4
      vertex 123.746 87.5462 9
    endloop
  endfacet
  facet normal -0.773202 -0.63416 0
    outer loop
      vertex 123.328 88.5556 4
      vertex 122.98 88.9799 9
      vertex 122.98 88.9799 4
    endloop
  endfacet
  facet normal -0.773202 -0.63416 0
    outer loop
      vertex 122.98 88.9799 9
      vertex 123.328 88.5556 4
      vertex 123.328 88.5556 9
    endloop
  endfacet
  facet normal -0.289851 -0.957072 0
    outer loop
      vertex 121.546 89.7462 4
      vertex 122.072 89.5869 9
      vertex 121.546 89.7462 9
    endloop
  endfacet
  facet normal -0.289851 -0.957072 -0
    outer loop
      vertex 122.072 89.5869 9
      vertex 121.546 89.7462 4
      vertex 122.072 89.5869 4
    endloop
  endfacet
  facet normal -0.0980599 -0.995181 0
    outer loop
      vertex 121 89.8 4
      vertex 121.546 89.7462 9
      vertex 121 89.8 9
    endloop
  endfacet
  facet normal -0.0980599 -0.995181 -0
    outer loop
      vertex 121.546 89.7462 9
      vertex 121 89.8 4
      vertex 121.546 89.7462 4
    endloop
  endfacet
  facet normal -0.471534 -0.881848 0
    outer loop
      vertex 122.072 89.5869 4
      vertex 122.556 89.3281 9
      vertex 122.072 89.5869 9
    endloop
  endfacet
  facet normal -0.471534 -0.881848 -0
    outer loop
      vertex 122.556 89.3281 9
      vertex 122.072 89.5869 4
      vertex 122.556 89.3281 4
    endloop
  endfacet
  facet normal 0.881737 -0.471741 0
    outer loop
      vertex 118.413 88.0715 9
      vertex 118.672 88.5556 4
      vertex 118.672 88.5556 9
    endloop
  endfacet
  facet normal 0.881737 -0.471741 0
    outer loop
      vertex 118.672 88.5556 4
      vertex 118.413 88.0715 9
      vertex 118.413 88.0715 4
    endloop
  endfacet
  facet normal 0.957116 -0.289704 0
    outer loop
      vertex 118.254 87.5462 9
      vertex 118.413 88.0715 4
      vertex 118.413 88.0715 9
    endloop
  endfacet
  facet normal 0.957116 -0.289704 0
    outer loop
      vertex 118.413 88.0715 4
      vertex 118.254 87.5462 9
      vertex 118.254 87.5462 4
    endloop
  endfacet
  facet normal 0.634646 -0.772803 0
    outer loop
      vertex 119.02 88.9799 4
      vertex 119.444 89.3281 9
      vertex 119.02 88.9799 9
    endloop
  endfacet
  facet normal 0.634646 -0.772803 0
    outer loop
      vertex 119.444 89.3281 9
      vertex 119.02 88.9799 4
      vertex 119.444 89.3281 4
    endloop
  endfacet
  facet normal 0.289851 -0.957072 0
    outer loop
      vertex 119.928 89.5869 4
      vertex 120.454 89.7462 9
      vertex 119.928 89.5869 9
    endloop
  endfacet
  facet normal 0.289851 -0.957072 0
    outer loop
      vertex 120.454 89.7462 9
      vertex 119.928 89.5869 4
      vertex 120.454 89.7462 4
    endloop
  endfacet
  facet normal -0.995148 0.0983852 0
    outer loop
      vertex 123.746 86.4538 4
      vertex 123.8 87 9
      vertex 123.8 87 4
    endloop
  endfacet
  facet normal -0.995148 0.0983852 0
    outer loop
      vertex 123.8 87 9
      vertex 123.746 86.4538 4
      vertex 123.746 86.4538 9
    endloop
  endfacet
  facet normal 0.0980599 0.995181 -0
    outer loop
      vertex 121 84.2 4
      vertex 120.454 84.2538 9
      vertex 121 84.2 9
    endloop
  endfacet
  facet normal 0.0980599 0.995181 0
    outer loop
      vertex 120.454 84.2538 9
      vertex 121 84.2 4
      vertex 120.454 84.2538 4
    endloop
  endfacet
  facet normal -0.634646 0.772803 0
    outer loop
      vertex 122.98 85.0201 4
      vertex 122.556 84.6719 9
      vertex 122.98 85.0201 9
    endloop
  endfacet
  facet normal -0.634646 0.772803 0
    outer loop
      vertex 122.556 84.6719 9
      vertex 122.98 85.0201 4
      vertex 122.556 84.6719 4
    endloop
  endfacet
  facet normal -0.957116 0.289704 0
    outer loop
      vertex 123.587 85.9285 4
      vertex 123.746 86.4538 9
      vertex 123.746 86.4538 4
    endloop
  endfacet
  facet normal -0.957116 0.289704 0
    outer loop
      vertex 123.746 86.4538 9
      vertex 123.587 85.9285 4
      vertex 123.587 85.9285 9
    endloop
  endfacet
  facet normal 0.995148 0.0983852 0
    outer loop
      vertex 118.254 86.4538 9
      vertex 118.2 87 4
      vertex 118.2 87 9
    endloop
  endfacet
  facet normal 0.995148 0.0983852 0
    outer loop
      vertex 118.2 87 4
      vertex 118.254 86.4538 9
      vertex 118.254 86.4538 4
    endloop
  endfacet
  facet normal 0.957116 0.289704 0
    outer loop
      vertex 118.413 85.9285 9
      vertex 118.254 86.4538 4
      vertex 118.254 86.4538 9
    endloop
  endfacet
  facet normal 0.957116 0.289704 0
    outer loop
      vertex 118.254 86.4538 4
      vertex 118.413 85.9285 9
      vertex 118.413 85.9285 4
    endloop
  endfacet
  facet normal -0.289851 0.957072 0
    outer loop
      vertex 122.072 84.4131 4
      vertex 121.546 84.2538 9
      vertex 122.072 84.4131 9
    endloop
  endfacet
  facet normal -0.289851 0.957072 0
    outer loop
      vertex 121.546 84.2538 9
      vertex 122.072 84.4131 4
      vertex 121.546 84.2538 4
    endloop
  endfacet
  facet normal -0.0980599 0.995181 0
    outer loop
      vertex 121.546 84.2538 4
      vertex 121 84.2 9
      vertex 121.546 84.2538 9
    endloop
  endfacet
  facet normal -0.0980599 0.995181 0
    outer loop
      vertex 121 84.2 9
      vertex 121.546 84.2538 4
      vertex 121 84.2 4
    endloop
  endfacet
  facet normal 0.289851 0.957072 -0
    outer loop
      vertex 120.454 84.2538 4
      vertex 119.928 84.4131 9
      vertex 120.454 84.2538 9
    endloop
  endfacet
  facet normal 0.289851 0.957072 0
    outer loop
      vertex 119.928 84.4131 9
      vertex 120.454 84.2538 4
      vertex 119.928 84.4131 4
    endloop
  endfacet
  facet normal 0.773202 0.63416 0
    outer loop
      vertex 119.02 85.0201 9
      vertex 118.672 85.4444 4
      vertex 118.672 85.4444 9
    endloop
  endfacet
  facet normal 0.773202 0.63416 0
    outer loop
      vertex 118.672 85.4444 4
      vertex 119.02 85.0201 9
      vertex 119.02 85.0201 4
    endloop
  endfacet
  facet normal 0.881737 0.471741 0
    outer loop
      vertex 118.672 85.4444 9
      vertex 118.413 85.9285 4
      vertex 118.413 85.9285 9
    endloop
  endfacet
  facet normal 0.881737 0.471741 0
    outer loop
      vertex 118.413 85.9285 4
      vertex 118.672 85.4444 9
      vertex 118.672 85.4444 4
    endloop
  endfacet
  facet normal -0.471534 0.881848 0
    outer loop
      vertex 122.556 84.6719 4
      vertex 122.072 84.4131 9
      vertex 122.556 84.6719 9
    endloop
  endfacet
  facet normal -0.471534 0.881848 0
    outer loop
      vertex 122.072 84.4131 9
      vertex 122.556 84.6719 4
      vertex 122.072 84.4131 4
    endloop
  endfacet
  facet normal -0.773202 0.63416 0
    outer loop
      vertex 122.98 85.0201 4
      vertex 123.328 85.4444 9
      vertex 123.328 85.4444 4
    endloop
  endfacet
  facet normal -0.773202 0.63416 0
    outer loop
      vertex 123.328 85.4444 9
      vertex 122.98 85.0201 4
      vertex 122.98 85.0201 9
    endloop
  endfacet
  facet normal 0.471534 0.881848 -0
    outer loop
      vertex 119.928 84.4131 4
      vertex 119.444 84.6719 9
      vertex 119.928 84.4131 9
    endloop
  endfacet
  facet normal 0.471534 0.881848 0
    outer loop
      vertex 119.444 84.6719 9
      vertex 119.928 84.4131 4
      vertex 119.444 84.6719 4
    endloop
  endfacet
  facet normal 0.634646 0.772803 -0
    outer loop
      vertex 119.444 84.6719 4
      vertex 119.02 85.0201 9
      vertex 119.444 84.6719 9
    endloop
  endfacet
  facet normal 0.634646 0.772803 0
    outer loop
      vertex 119.02 85.0201 9
      vertex 119.444 84.6719 4
      vertex 119.02 85.0201 4
    endloop
  endfacet
  facet normal 0.995192 0.0979479 0
    outer loop
      vertex 159 87 9
      vertex 158.904 87.9754 4
      vertex 158.904 87.9754 9
    endloop
  endfacet
  facet normal 0.995192 0.0979479 0
    outer loop
      vertex 158.904 87.9754 4
      vertex 159 87 9
      vertex 159 87 4
    endloop
  endfacet
  facet normal -0.995192 0.0979479 0
    outer loop
      vertex 149 87 4
      vertex 149.096 87.9754 9
      vertex 149.096 87.9754 4
    endloop
  endfacet
  facet normal -0.995192 0.0979479 0
    outer loop
      vertex 149.096 87.9754 9
      vertex 149 87 4
      vertex 149 87 9
    endloop
  endfacet
  facet normal 0.0980888 0.995178 -0
    outer loop
      vertex 154.975 91.9039 4
      vertex 154 92 9
      vertex 154.975 91.9039 9
    endloop
  endfacet
  facet normal 0.0980888 0.995178 0
    outer loop
      vertex 154 92 9
      vertex 154.975 91.9039 4
      vertex 154 92 4
    endloop
  endfacet
  facet normal 0.773425 0.633888 0
    outer loop
      vertex 158.157 89.7778 9
      vertex 157.536 90.5355 4
      vertex 157.536 90.5355 9
    endloop
  endfacet
  facet normal 0.773425 0.633888 0
    outer loop
      vertex 157.536 90.5355 4
      vertex 158.157 89.7778 9
      vertex 158.157 89.7778 4
    endloop
  endfacet
  facet normal -0.634226 0.773148 0
    outer loop
      vertex 151.222 91.1573 4
      vertex 150.464 90.5355 9
      vertex 151.222 91.1573 9
    endloop
  endfacet
  facet normal -0.634226 0.773148 0
    outer loop
      vertex 150.464 90.5355 9
      vertex 151.222 91.1573 4
      vertex 150.464 90.5355 4
    endloop
  endfacet
  facet normal -0.290248 0.956951 0
    outer loop
      vertex 153.025 91.9039 4
      vertex 152.087 91.6194 9
      vertex 153.025 91.9039 9
    endloop
  endfacet
  facet normal -0.290248 0.956951 0
    outer loop
      vertex 152.087 91.6194 9
      vertex 153.025 91.9039 4
      vertex 152.087 91.6194 4
    endloop
  endfacet
  facet normal -0.773425 -0.633888 0
    outer loop
      vertex 150.464 83.4645 4
      vertex 149.843 84.2222 9
      vertex 149.843 84.2222 4
    endloop
  endfacet
  facet normal -0.773425 -0.633888 0
    outer loop
      vertex 149.843 84.2222 9
      vertex 150.464 83.4645 4
      vertex 150.464 83.4645 9
    endloop
  endfacet
  facet normal 0.881935 0.471372 0
    outer loop
      vertex 158.619 88.9134 9
      vertex 158.157 89.7778 4
      vertex 158.157 89.7778 9
    endloop
  endfacet
  facet normal 0.881935 0.471372 0
    outer loop
      vertex 158.157 89.7778 4
      vertex 158.619 88.9134 9
      vertex 158.619 88.9134 4
    endloop
  endfacet
  facet normal 0.95681 0.290715 0
    outer loop
      vertex 158.904 87.9754 9
      vertex 158.619 88.9134 4
      vertex 158.619 88.9134 9
    endloop
  endfacet
  facet normal 0.95681 0.290715 0
    outer loop
      vertex 158.619 88.9134 4
      vertex 158.904 87.9754 9
      vertex 158.904 87.9754 4
    endloop
  endfacet
  facet normal 0.471197 0.882028 -0
    outer loop
      vertex 156.778 91.1573 4
      vertex 155.913 91.6194 9
      vertex 156.778 91.1573 9
    endloop
  endfacet
  facet normal 0.471197 0.882028 0
    outer loop
      vertex 155.913 91.6194 9
      vertex 156.778 91.1573 4
      vertex 155.913 91.6194 4
    endloop
  endfacet
  facet normal 0.290248 0.956951 -0
    outer loop
      vertex 155.913 91.6194 4
      vertex 154.975 91.9039 9
      vertex 155.913 91.6194 9
    endloop
  endfacet
  facet normal 0.290248 0.956951 0
    outer loop
      vertex 154.975 91.9039 9
      vertex 155.913 91.6194 4
      vertex 154.975 91.9039 4
    endloop
  endfacet
  facet normal 0.634226 0.773148 -0
    outer loop
      vertex 157.536 90.5355 4
      vertex 156.778 91.1573 9
      vertex 157.536 90.5355 9
    endloop
  endfacet
  facet normal 0.634226 0.773148 0
    outer loop
      vertex 156.778 91.1573 9
      vertex 157.536 90.5355 4
      vertex 156.778 91.1573 4
    endloop
  endfacet
  facet normal -0.881935 0.471372 0
    outer loop
      vertex 149.381 88.9134 4
      vertex 149.843 89.7778 9
      vertex 149.843 89.7778 4
    endloop
  endfacet
  facet normal -0.881935 0.471372 0
    outer loop
      vertex 149.843 89.7778 9
      vertex 149.381 88.9134 4
      vertex 149.381 88.9134 9
    endloop
  endfacet
  facet normal -0.773425 0.633888 0
    outer loop
      vertex 149.843 89.7778 4
      vertex 150.464 90.5355 9
      vertex 150.464 90.5355 4
    endloop
  endfacet
  facet normal -0.773425 0.633888 0
    outer loop
      vertex 150.464 90.5355 9
      vertex 149.843 89.7778 4
      vertex 149.843 89.7778 9
    endloop
  endfacet
  facet normal -0.95681 0.290715 0
    outer loop
      vertex 149.096 87.9754 4
      vertex 149.381 88.9134 9
      vertex 149.381 88.9134 4
    endloop
  endfacet
  facet normal -0.95681 0.290715 0
    outer loop
      vertex 149.381 88.9134 9
      vertex 149.096 87.9754 4
      vertex 149.096 87.9754 9
    endloop
  endfacet
  facet normal 0 0 1
    outer loop
      vertex 156.8 87 9
      vertex 159 87 9
      vertex 158.904 87.9754 9
    endloop
  endfacet
  facet normal 0 0 1
    outer loop
      vertex 156.746 87.5462 9
      vertex 158.904 87.9754 9
      vertex 158.619 88.9134 9
    endloop
  endfacet
  facet normal 0 0 1
    outer loop
      vertex 159 87 9
      vertex 156.8 87 9
      vertex 158.904 86.0246 9
    endloop
  endfacet
  facet normal 0 0 1
    outer loop
      vertex 156.587 88.0715 9
      vertex 158.619 88.9134 9
      vertex 158.157 89.7778 9
    endloop
  endfacet
  facet normal -0 0 1
    outer loop
      vertex 156.746 86.4538 9
      vertex 158.904 86.0246 9
      vertex 156.8 87 9
    endloop
  endfacet
  facet normal 0 0 1
    outer loop
      vertex 156.328 88.5556 9
      vertex 158.157 89.7778 9
      vertex 157.536 90.5355 9
    endloop
  endfacet
  facet normal 0 0 1
    outer loop
      vertex 158.904 86.0246 9
      vertex 156.746 86.4538 9
      vertex 158.619 85.0866 9
    endloop
  endfacet
  facet normal -0 0 1
    outer loop
      vertex 156.587 85.9285 9
      vertex 158.619 85.0866 9
      vertex 156.746 86.4538 9
    endloop
  endfacet
  facet normal 0 0 1
    outer loop
      vertex 155.98 88.9799 9
      vertex 157.536 90.5355 9
      vertex 156.778 91.1573 9
    endloop
  endfacet
  facet normal 0 0 1
    outer loop
      vertex 158.904 87.9754 9
      vertex 156.746 87.5462 9
      vertex 156.8 87 9
    endloop
  endfacet
  facet normal 0 0 1
    outer loop
      vertex 158.619 88.9134 9
      vertex 156.587 88.0715 9
      vertex 156.746 87.5462 9
    endloop
  endfacet
  facet normal 0 0 1
    outer loop
      vertex 158.157 89.7778 9
      vertex 156.328 88.5556 9
      vertex 156.587 88.0715 9
    endloop
  endfacet
  facet normal 0 0 1
    outer loop
      vertex 157.536 90.5355 9
      vertex 155.98 88.9799 9
      vertex 156.328 88.5556 9
    endloop
  endfacet
  facet normal 0 0 1
    outer loop
      vertex 155.556 89.3281 9
      vertex 156.778 91.1573 9
      vertex 155.913 91.6194 9
    endloop
  endfacet
  facet normal 0 0 1
    outer loop
      vertex 156.778 91.1573 9
      vertex 155.556 89.3281 9
      vertex 155.98 88.9799 9
    endloop
  endfacet
  facet normal 0 0 1
    outer loop
      vertex 155.913 91.6194 9
      vertex 155.072 89.5869 9
      vertex 155.556 89.3281 9
    endloop
  endfacet
  facet normal 0 0 1
    outer loop
      vertex 154.975 91.9039 9
      vertex 155.072 89.5869 9
      vertex 155.913 91.6194 9
    endloop
  endfacet
  facet normal 0 0 1
    outer loop
      vertex 154.975 91.9039 9
      vertex 154.546 89.7462 9
      vertex 155.072 89.5869 9
    endloop
  endfacet
  facet normal 0 0 1
    outer loop
      vertex 154 92 9
      vertex 154.546 89.7462 9
      vertex 154.975 91.9039 9
    endloop
  endfacet
  facet normal 0 0 1
    outer loop
      vertex 154 92 9
      vertex 154 89.8 9
      vertex 154.546 89.7462 9
    endloop
  endfacet
  facet normal 0 0 1
    outer loop
      vertex 154 92 9
      vertex 153.454 89.7462 9
      vertex 154 89.8 9
    endloop
  endfacet
  facet normal -0 0 1
    outer loop
      vertex 153.025 91.9039 9
      vertex 153.454 89.7462 9
      vertex 154 92 9
    endloop
  endfacet
  facet normal 0 0 1
    outer loop
      vertex 153.025 91.9039 9
      vertex 152.928 89.5869 9
      vertex 153.454 89.7462 9
    endloop
  endfacet
  facet normal -0 0 1
    outer loop
      vertex 152.087 91.6194 9
      vertex 152.928 89.5869 9
      vertex 153.025 91.9039 9
    endloop
  endfacet
  facet normal 0 0 1
    outer loop
      vertex 152.928 89.5869 9
      vertex 152.087 91.6194 9
      vertex 152.444 89.3281 9
    endloop
  endfacet
  facet normal -0 0 1
    outer loop
      vertex 151.222 91.1573 9
      vertex 152.444 89.3281 9
      vertex 152.087 91.6194 9
    endloop
  endfacet
  facet normal 0 0 1
    outer loop
      vertex 152.444 89.3281 9
      vertex 151.222 91.1573 9
      vertex 152.02 88.9799 9
    endloop
  endfacet
  facet normal -0 0 1
    outer loop
      vertex 150.464 90.5355 9
      vertex 152.02 88.9799 9
      vertex 151.222 91.1573 9
    endloop
  endfacet
  facet normal 0 0 1
    outer loop
      vertex 152.02 88.9799 9
      vertex 150.464 90.5355 9
      vertex 151.672 88.5556 9
    endloop
  endfacet
  facet normal -0 0 1
    outer loop
      vertex 149.843 89.7778 9
      vertex 151.672 88.5556 9
      vertex 150.464 90.5355 9
    endloop
  endfacet
  facet normal 0 0 1
    outer loop
      vertex 151.672 88.5556 9
      vertex 149.843 89.7778 9
      vertex 151.413 88.0715 9
    endloop
  endfacet
  facet normal -0 0 1
    outer loop
      vertex 149.381 88.9134 9
      vertex 151.413 88.0715 9
      vertex 149.843 89.7778 9
    endloop
  endfacet
  facet normal 0 0 1
    outer loop
      vertex 158.619 85.0866 9
      vertex 156.587 85.9285 9
      vertex 158.157 84.2222 9
    endloop
  endfacet
  facet normal -0 0 1
    outer loop
      vertex 156.328 85.4444 9
      vertex 158.157 84.2222 9
      vertex 156.587 85.9285 9
    endloop
  endfacet
  facet normal 0 0 1
    outer loop
      vertex 158.157 84.2222 9
      vertex 156.328 85.4444 9
      vertex 157.536 83.4645 9
    endloop
  endfacet
  facet normal -0 0 1
    outer loop
      vertex 155.98 85.0201 9
      vertex 157.536 83.4645 9
      vertex 156.328 85.4444 9
    endloop
  endfacet
  facet normal 0 0 1
    outer loop
      vertex 157.536 83.4645 9
      vertex 155.98 85.0201 9
      vertex 156.778 82.8427 9
    endloop
  endfacet
  facet normal -0 0 1
    outer loop
      vertex 155.556 84.6719 9
      vertex 156.778 82.8427 9
      vertex 155.98 85.0201 9
    endloop
  endfacet
  facet normal 0 0 1
    outer loop
      vertex 156.778 82.8427 9
      vertex 155.556 84.6719 9
      vertex 155.913 82.3806 9
    endloop
  endfacet
  facet normal -0 0 1
    outer loop
      vertex 155.072 84.4131 9
      vertex 155.913 82.3806 9
      vertex 155.556 84.6719 9
    endloop
  endfacet
  facet normal 0 0 1
    outer loop
      vertex 155.072 84.4131 9
      vertex 154.975 82.0961 9
      vertex 155.913 82.3806 9
    endloop
  endfacet
  facet normal -0 0 1
    outer loop
      vertex 154.546 84.2538 9
      vertex 154.975 82.0961 9
      vertex 155.072 84.4131 9
    endloop
  endfacet
  facet normal -0 0 1
    outer loop
      vertex 154 84.2 9
      vertex 154.975 82.0961 9
      vertex 154.546 84.2538 9
    endloop
  endfacet
  facet normal 0 0 1
    outer loop
      vertex 154 84.2 9
      vertex 154 82 9
      vertex 154.975 82.0961 9
    endloop
  endfacet
  facet normal 0 0 1
    outer loop
      vertex 153.454 84.2538 9
      vertex 154 82 9
      vertex 154 84.2 9
    endloop
  endfacet
  facet normal 0 0 1
    outer loop
      vertex 153.454 84.2538 9
      vertex 153.025 82.0961 9
      vertex 154 82 9
    endloop
  endfacet
  facet normal 0 0 1
    outer loop
      vertex 152.928 84.4131 9
      vertex 153.025 82.0961 9
      vertex 153.454 84.2538 9
    endloop
  endfacet
  facet normal 0 0 1
    outer loop
      vertex 152.087 82.3806 9
      vertex 152.928 84.4131 9
      vertex 152.444 84.6719 9
    endloop
  endfacet
  facet normal 0 0 1
    outer loop
      vertex 152.928 84.4131 9
      vertex 152.087 82.3806 9
      vertex 153.025 82.0961 9
    endloop
  endfacet
  facet normal 0 0 1
    outer loop
      vertex 151.222 82.8427 9
      vertex 152.444 84.6719 9
      vertex 152.02 85.0201 9
    endloop
  endfacet
  facet normal 0 0 1
    outer loop
      vertex 150.464 83.4645 9
      vertex 152.02 85.0201 9
      vertex 151.672 85.4444 9
    endloop
  endfacet
  facet normal 0 0 1
    outer loop
      vertex 149.843 84.2222 9
      vertex 151.672 85.4444 9
      vertex 151.413 85.9285 9
    endloop
  endfacet
  facet normal 0 0 1
    outer loop
      vertex 149.381 85.0866 9
      vertex 151.413 85.9285 9
      vertex 151.254 86.4538 9
    endloop
  endfacet
  facet normal 0 0 1
    outer loop
      vertex 152.444 84.6719 9
      vertex 151.222 82.8427 9
      vertex 152.087 82.3806 9
    endloop
  endfacet
  facet normal 0 0 1
    outer loop
      vertex 149.096 86.0246 9
      vertex 151.254 86.4538 9
      vertex 151.2 87 9
    endloop
  endfacet
  facet normal 0 0 1
    outer loop
      vertex 151.413 88.0715 9
      vertex 149.381 88.9134 9
      vertex 151.254 87.5462 9
    endloop
  endfacet
  facet normal 0 0 1
    outer loop
      vertex 152.02 85.0201 9
      vertex 150.464 83.4645 9
      vertex 151.222 82.8427 9
    endloop
  endfacet
  facet normal -0 0 1
    outer loop
      vertex 149.096 87.9754 9
      vertex 151.254 87.5462 9
      vertex 149.381 88.9134 9
    endloop
  endfacet
  facet normal 0 0 1
    outer loop
      vertex 151.672 85.4444 9
      vertex 149.843 84.2222 9
      vertex 150.464 83.4645 9
    endloop
  endfacet
  facet normal 0 0 1
    outer loop
      vertex 151.254 87.5462 9
      vertex 149.096 87.9754 9
      vertex 151.2 87 9
    endloop
  endfacet
  facet normal 0 0 1
    outer loop
      vertex 151.413 85.9285 9
      vertex 149.381 85.0866 9
      vertex 149.843 84.2222 9
    endloop
  endfacet
  facet normal 0 0 1
    outer loop
      vertex 149 87 9
      vertex 151.2 87 9
      vertex 149.096 87.9754 9
    endloop
  endfacet
  facet normal 0 0 1
    outer loop
      vertex 151.254 86.4538 9
      vertex 149.096 86.0246 9
      vertex 149.381 85.0866 9
    endloop
  endfacet
  facet normal 0 0 1
    outer loop
      vertex 151.2 87 9
      vertex 149 87 9
      vertex 149.096 86.0246 9
    endloop
  endfacet
  facet normal -0.471197 0.882028 0
    outer loop
      vertex 152.087 91.6194 4
      vertex 151.222 91.1573 9
      vertex 152.087 91.6194 9
    endloop
  endfacet
  facet normal -0.471197 0.882028 0
    outer loop
      vertex 151.222 91.1573 9
      vertex 152.087 91.6194 4
      vertex 151.222 91.1573 4
    endloop
  endfacet
  facet normal -0.0980888 0.995178 0
    outer loop
      vertex 154 92 4
      vertex 153.025 91.9039 9
      vertex 154 92 9
    endloop
  endfacet
  facet normal -0.0980888 0.995178 0
    outer loop
      vertex 153.025 91.9039 9
      vertex 154 92 4
      vertex 153.025 91.9039 4
    endloop
  endfacet
  facet normal 0.0980888 -0.995178 0
    outer loop
      vertex 154 82 4
      vertex 154.975 82.0961 9
      vertex 154 82 9
    endloop
  endfacet
  facet normal 0.0980888 -0.995178 0
    outer loop
      vertex 154.975 82.0961 9
      vertex 154 82 4
      vertex 154.975 82.0961 4
    endloop
  endfacet
  facet normal 0.471197 -0.882028 0
    outer loop
      vertex 155.913 82.3806 4
      vertex 156.778 82.8427 9
      vertex 155.913 82.3806 9
    endloop
  endfacet
  facet normal 0.471197 -0.882028 0
    outer loop
      vertex 156.778 82.8427 9
      vertex 155.913 82.3806 4
      vertex 156.778 82.8427 4
    endloop
  endfacet
  facet normal -0.634226 -0.773148 0
    outer loop
      vertex 150.464 83.4645 4
      vertex 151.222 82.8427 9
      vertex 150.464 83.4645 9
    endloop
  endfacet
  facet normal -0.634226 -0.773148 -0
    outer loop
      vertex 151.222 82.8427 9
      vertex 150.464 83.4645 4
      vertex 151.222 82.8427 4
    endloop
  endfacet
  facet normal -0.290248 -0.956951 0
    outer loop
      vertex 152.087 82.3806 4
      vertex 153.025 82.0961 9
      vertex 152.087 82.3806 9
    endloop
  endfacet
  facet normal -0.290248 -0.956951 -0
    outer loop
      vertex 153.025 82.0961 9
      vertex 152.087 82.3806 4
      vertex 153.025 82.0961 4
    endloop
  endfacet
  facet normal -0.995192 -0.0979479 0
    outer loop
      vertex 149.096 86.0246 4
      vertex 149 87 9
      vertex 149 87 4
    endloop
  endfacet
  facet normal -0.995192 -0.0979479 0
    outer loop
      vertex 149 87 9
      vertex 149.096 86.0246 4
      vertex 149.096 86.0246 9
    endloop
  endfacet
  facet normal -0.881935 -0.471372 0
    outer loop
      vertex 149.843 84.2222 4
      vertex 149.381 85.0866 9
      vertex 149.381 85.0866 4
    endloop
  endfacet
  facet normal -0.881935 -0.471372 0
    outer loop
      vertex 149.381 85.0866 9
      vertex 149.843 84.2222 4
      vertex 149.843 84.2222 9
    endloop
  endfacet
  facet normal -0.95681 -0.290715 0
    outer loop
      vertex 149.381 85.0866 4
      vertex 149.096 86.0246 9
      vertex 149.096 86.0246 4
    endloop
  endfacet
  facet normal -0.95681 -0.290715 0
    outer loop
      vertex 149.096 86.0246 9
      vertex 149.381 85.0866 4
      vertex 149.381 85.0866 9
    endloop
  endfacet
  facet normal 0.290248 -0.956951 0
    outer loop
      vertex 154.975 82.0961 4
      vertex 155.913 82.3806 9
      vertex 154.975 82.0961 9
    endloop
  endfacet
  facet normal 0.290248 -0.956951 0
    outer loop
      vertex 155.913 82.3806 9
      vertex 154.975 82.0961 4
      vertex 155.913 82.3806 4
    endloop
  endfacet
  facet normal 0.634226 -0.773148 0
    outer loop
      vertex 156.778 82.8427 4
      vertex 157.536 83.4645 9
      vertex 156.778 82.8427 9
    endloop
  endfacet
  facet normal 0.634226 -0.773148 0
    outer loop
      vertex 157.536 83.4645 9
      vertex 156.778 82.8427 4
      vertex 157.536 83.4645 4
    endloop
  endfacet
  facet normal 0.773425 -0.633888 0
    outer loop
      vertex 157.536 83.4645 9
      vertex 158.157 84.2222 4
      vertex 158.157 84.2222 9
    endloop
  endfacet
  facet normal 0.773425 -0.633888 0
    outer loop
      vertex 158.157 84.2222 4
      vertex 157.536 83.4645 9
      vertex 157.536 83.4645 4
    endloop
  endfacet
  facet normal -0.471197 -0.882028 0
    outer loop
      vertex 151.222 82.8427 4
      vertex 152.087 82.3806 9
      vertex 151.222 82.8427 9
    endloop
  endfacet
  facet normal -0.471197 -0.882028 -0
    outer loop
      vertex 152.087 82.3806 9
      vertex 151.222 82.8427 4
      vertex 152.087 82.3806 4
    endloop
  endfacet
  facet normal -0.0980888 -0.995178 0
    outer loop
      vertex 153.025 82.0961 4
      vertex 154 82 9
      vertex 153.025 82.0961 9
    endloop
  endfacet
  facet normal -0.0980888 -0.995178 -0
    outer loop
      vertex 154 82 9
      vertex 153.025 82.0961 4
      vertex 154 82 4
    endloop
  endfacet
  facet normal 0.95681 -0.290715 0
    outer loop
      vertex 158.619 85.0866 9
      vertex 158.904 86.0246 4
      vertex 158.904 86.0246 9
    endloop
  endfacet
  facet normal 0.95681 -0.290715 0
    outer loop
      vertex 158.904 86.0246 4
      vertex 158.619 85.0866 9
      vertex 158.619 85.0866 4
    endloop
  endfacet
  facet normal 0.881935 -0.471372 0
    outer loop
      vertex 158.157 84.2222 9
      vertex 158.619 85.0866 4
      vertex 158.619 85.0866 9
    endloop
  endfacet
  facet normal 0.881935 -0.471372 0
    outer loop
      vertex 158.619 85.0866 4
      vertex 158.157 84.2222 9
      vertex 158.157 84.2222 4
    endloop
  endfacet
  facet normal 0.995192 -0.0979479 0
    outer loop
      vertex 158.904 86.0246 9
      vertex 159 87 4
      vertex 159 87 9
    endloop
  endfacet
  facet normal 0.995192 -0.0979479 0
    outer loop
      vertex 159 87 4
      vertex 158.904 86.0246 9
      vertex 158.904 86.0246 4
    endloop
  endfacet
  facet normal -0.995148 -0.0983852 0
    outer loop
      vertex 156.8 87 4
      vertex 156.746 87.5462 9
      vertex 156.746 87.5462 4
    endloop
  endfacet
  facet normal -0.995148 -0.0983852 0
    outer loop
      vertex 156.746 87.5462 9
      vertex 156.8 87 4
      vertex 156.8 87 9
    endloop
  endfacet
  facet normal 0.995148 -0.0983852 0
    outer loop
      vertex 151.2 87 9
      vertex 151.254 87.5462 4
      vertex 151.254 87.5462 9
    endloop
  endfacet
  facet normal 0.995148 -0.0983852 0
    outer loop
      vertex 151.254 87.5462 4
      vertex 151.2 87 9
      vertex 151.2 87 4
    endloop
  endfacet
  facet normal 0.0980599 -0.995181 0
    outer loop
      vertex 153.454 89.7462 4
      vertex 154 89.8 9
      vertex 153.454 89.7462 9
    endloop
  endfacet
  facet normal 0.0980599 -0.995181 0
    outer loop
      vertex 154 89.8 9
      vertex 153.454 89.7462 4
      vertex 154 89.8 4
    endloop
  endfacet
  facet normal -0.634646 -0.772803 0
    outer loop
      vertex 155.556 89.3281 4
      vertex 155.98 88.9799 9
      vertex 155.556 89.3281 9
    endloop
  endfacet
  facet normal -0.634646 -0.772803 -0
    outer loop
      vertex 155.98 88.9799 9
      vertex 155.556 89.3281 4
      vertex 155.98 88.9799 4
    endloop
  endfacet
  facet normal 0.773202 -0.63416 0
    outer loop
      vertex 151.672 88.5556 9
      vertex 152.02 88.9799 4
      vertex 152.02 88.9799 9
    endloop
  endfacet
  facet normal 0.773202 -0.63416 0
    outer loop
      vertex 152.02 88.9799 4
      vertex 151.672 88.5556 9
      vertex 151.672 88.5556 4
    endloop
  endfacet
  facet normal 0.471534 -0.881848 0
    outer loop
      vertex 152.444 89.3281 4
      vertex 152.928 89.5869 9
      vertex 152.444 89.3281 9
    endloop
  endfacet
  facet normal 0.471534 -0.881848 0
    outer loop
      vertex 152.928 89.5869 9
      vertex 152.444 89.3281 4
      vertex 152.928 89.5869 4
    endloop
  endfacet
  facet normal -0.881737 0.471741 0
    outer loop
      vertex 156.328 85.4444 4
      vertex 156.587 85.9285 9
      vertex 156.587 85.9285 4
    endloop
  endfacet
  facet normal -0.881737 0.471741 0
    outer loop
      vertex 156.587 85.9285 9
      vertex 156.328 85.4444 4
      vertex 156.328 85.4444 9
    endloop
  endfacet
  facet normal -0.881737 -0.471741 0
    outer loop
      vertex 156.587 88.0715 4
      vertex 156.328 88.5556 9
      vertex 156.328 88.5556 4
    endloop
  endfacet
  facet normal -0.881737 -0.471741 0
    outer loop
      vertex 156.328 88.5556 9
      vertex 156.587 88.0715 4
      vertex 156.587 88.0715 9
    endloop
  endfacet
  facet normal -0.957116 -0.289704 0
    outer loop
      vertex 156.746 87.5462 4
      vertex 156.587 88.0715 9
      vertex 156.587 88.0715 4
    endloop
  endfacet
  facet normal -0.957116 -0.289704 0
    outer loop
      vertex 156.587 88.0715 9
      vertex 156.746 87.5462 4
      vertex 156.746 87.5462 9
    endloop
  endfacet
  facet normal -0.773202 -0.63416 0
    outer loop
      vertex 156.328 88.5556 4
      vertex 155.98 88.9799 9
      vertex 155.98 88.9799 4
    endloop
  endfacet
  facet normal -0.773202 -0.63416 0
    outer loop
      vertex 155.98 88.9799 9
      vertex 156.328 88.5556 4
      vertex 156.328 88.5556 9
    endloop
  endfacet
  facet normal -0.289851 -0.957072 0
    outer loop
      vertex 154.546 89.7462 4
      vertex 155.072 89.5869 9
      vertex 154.546 89.7462 9
    endloop
  endfacet
  facet normal -0.289851 -0.957072 -0
    outer loop
      vertex 155.072 89.5869 9
      vertex 154.546 89.7462 4
      vertex 155.072 89.5869 4
    endloop
  endfacet
  facet normal -0.0980599 -0.995181 0
    outer loop
      vertex 154 89.8 4
      vertex 154.546 89.7462 9
      vertex 154 89.8 9
    endloop
  endfacet
  facet normal -0.0980599 -0.995181 -0
    outer loop
      vertex 154.546 89.7462 9
      vertex 154 89.8 4
      vertex 154.546 89.7462 4
    endloop
  endfacet
  facet normal -0.471534 -0.881848 0
    outer loop
      vertex 155.072 89.5869 4
      vertex 155.556 89.3281 9
      vertex 155.072 89.5869 9
    endloop
  endfacet
  facet normal -0.471534 -0.881848 -0
    outer loop
      vertex 155.556 89.3281 9
      vertex 155.072 89.5869 4
      vertex 155.556 89.3281 4
    endloop
  endfacet
  facet normal 0.881737 -0.471741 0
    outer loop
      vertex 151.413 88.0715 9
      vertex 151.672 88.5556 4
      vertex 151.672 88.5556 9
    endloop
  endfacet
  facet normal 0.881737 -0.471741 0
    outer loop
      vertex 151.672 88.5556 4
      vertex 151.413 88.0715 9
      vertex 151.413 88.0715 4
    endloop
  endfacet
  facet normal 0.957116 -0.289704 0
    outer loop
      vertex 151.254 87.5462 9
      vertex 151.413 88.0715 4
      vertex 151.413 88.0715 9
    endloop
  endfacet
  facet normal 0.957116 -0.289704 0
    outer loop
      vertex 151.413 88.0715 4
      vertex 151.254 87.5462 9
      vertex 151.254 87.5462 4
    endloop
  endfacet
  facet normal 0.634646 -0.772803 0
    outer loop
      vertex 152.02 88.9799 4
      vertex 152.444 89.3281 9
      vertex 152.02 88.9799 9
    endloop
  endfacet
  facet normal 0.634646 -0.772803 0
    outer loop
      vertex 152.444 89.3281 9
      vertex 152.02 88.9799 4
      vertex 152.444 89.3281 4
    endloop
  endfacet
  facet normal 0.289851 -0.957072 0
    outer loop
      vertex 152.928 89.5869 4
      vertex 153.454 89.7462 9
      vertex 152.928 89.5869 9
    endloop
  endfacet
  facet normal 0.289851 -0.957072 0
    outer loop
      vertex 153.454 89.7462 9
      vertex 152.928 89.5869 4
      vertex 153.454 89.7462 4
    endloop
  endfacet
  facet normal -0.995148 0.0983852 0
    outer loop
      vertex 156.746 86.4538 4
      vertex 156.8 87 9
      vertex 156.8 87 4
    endloop
  endfacet
  facet normal -0.995148 0.0983852 0
    outer loop
      vertex 156.8 87 9
      vertex 156.746 86.4538 4
      vertex 156.746 86.4538 9
    endloop
  endfacet
  facet normal 0.0980599 0.995181 -0
    outer loop
      vertex 154 84.2 4
      vertex 153.454 84.2538 9
      vertex 154 84.2 9
    endloop
  endfacet
  facet normal 0.0980599 0.995181 0
    outer loop
      vertex 153.454 84.2538 9
      vertex 154 84.2 4
      vertex 153.454 84.2538 4
    endloop
  endfacet
  facet normal -0.634646 0.772803 0
    outer loop
      vertex 155.98 85.0201 4
      vertex 155.556 84.6719 9
      vertex 155.98 85.0201 9
    endloop
  endfacet
  facet normal -0.634646 0.772803 0
    outer loop
      vertex 155.556 84.6719 9
      vertex 155.98 85.0201 4
      vertex 155.556 84.6719 4
    endloop
  endfacet
  facet normal -0.957116 0.289704 0
    outer loop
      vertex 156.587 85.9285 4
      vertex 156.746 86.4538 9
      vertex 156.746 86.4538 4
    endloop
  endfacet
  facet normal -0.957116 0.289704 0
    outer loop
      vertex 156.746 86.4538 9
      vertex 156.587 85.9285 4
      vertex 156.587 85.9285 9
    endloop
  endfacet
  facet normal 0.995148 0.0983852 0
    outer loop
      vertex 151.254 86.4538 9
      vertex 151.2 87 4
      vertex 151.2 87 9
    endloop
  endfacet
  facet normal 0.995148 0.0983852 0
    outer loop
      vertex 151.2 87 4
      vertex 151.254 86.4538 9
      vertex 151.254 86.4538 4
    endloop
  endfacet
  facet normal 0.957116 0.289704 0
    outer loop
      vertex 151.413 85.9285 9
      vertex 151.254 86.4538 4
      vertex 151.254 86.4538 9
    endloop
  endfacet
  facet normal 0.957116 0.289704 0
    outer loop
      vertex 151.254 86.4538 4
      vertex 151.413 85.9285 9
      vertex 151.413 85.9285 4
    endloop
  endfacet
  facet normal -0.289851 0.957072 0
    outer loop
      vertex 155.072 84.4131 4
      vertex 154.546 84.2538 9
      vertex 155.072 84.4131 9
    endloop
  endfacet
  facet normal -0.289851 0.957072 0
    outer loop
      vertex 154.546 84.2538 9
      vertex 155.072 84.4131 4
      vertex 154.546 84.2538 4
    endloop
  endfacet
  facet normal -0.0980599 0.995181 0
    outer loop
      vertex 154.546 84.2538 4
      vertex 154 84.2 9
      vertex 154.546 84.2538 9
    endloop
  endfacet
  facet normal -0.0980599 0.995181 0
    outer loop
      vertex 154 84.2 9
      vertex 154.546 84.2538 4
      vertex 154 84.2 4
    endloop
  endfacet
  facet normal 0.289851 0.957072 -0
    outer loop
      vertex 153.454 84.2538 4
      vertex 152.928 84.4131 9
      vertex 153.454 84.2538 9
    endloop
  endfacet
  facet normal 0.289851 0.957072 0
    outer loop
      vertex 152.928 84.4131 9
      vertex 153.454 84.2538 4
      vertex 152.928 84.4131 4
    endloop
  endfacet
  facet normal 0.773202 0.63416 0
    outer loop
      vertex 152.02 85.0201 9
      vertex 151.672 85.4444 4
      vertex 151.672 85.4444 9
    endloop
  endfacet
  facet normal 0.773202 0.63416 0
    outer loop
      vertex 151.672 85.4444 4
      vertex 152.02 85.0201 9
      vertex 152.02 85.0201 4
    endloop
  endfacet
  facet normal 0.881737 0.471741 0
    outer loop
      vertex 151.672 85.4444 9
      vertex 151.413 85.9285 4
      vertex 151.413 85.9285 9
    endloop
  endfacet
  facet normal 0.881737 0.471741 0
    outer loop
      vertex 151.413 85.9285 4
      vertex 151.672 85.4444 9
      vertex 151.672 85.4444 4
    endloop
  endfacet
  facet normal -0.471534 0.881848 0
    outer loop
      vertex 155.556 84.6719 4
      vertex 155.072 84.4131 9
      vertex 155.556 84.6719 9
    endloop
  endfacet
  facet normal -0.471534 0.881848 0
    outer loop
      vertex 155.072 84.4131 9
      vertex 155.556 84.6719 4
      vertex 155.072 84.4131 4
    endloop
  endfacet
  facet normal -0.773202 0.63416 0
    outer loop
      vertex 155.98 85.0201 4
      vertex 156.328 85.4444 9
      vertex 156.328 85.4444 4
    endloop
  endfacet
  facet normal -0.773202 0.63416 0
    outer loop
      vertex 156.328 85.4444 9
      vertex 155.98 85.0201 4
      vertex 155.98 85.0201 9
    endloop
  endfacet
  facet normal 0.471534 0.881848 -0
    outer loop
      vertex 152.928 84.4131 4
      vertex 152.444 84.6719 9
      vertex 152.928 84.4131 9
    endloop
  endfacet
  facet normal 0.471534 0.881848 0
    outer loop
      vertex 152.444 84.6719 9
      vertex 152.928 84.4131 4
      vertex 152.444 84.6719 4
    endloop
  endfacet
  facet normal 0.634646 0.772803 -0
    outer loop
      vertex 152.444 84.6719 4
      vertex 152.02 85.0201 9
      vertex 152.444 84.6719 9
    endloop
  endfacet
  facet normal 0.634646 0.772803 0
    outer loop
      vertex 152.02 85.0201 9
      vertex 152.444 84.6719 4
      vertex 152.02 85.0201 4
    endloop
  endfacet
  facet normal 0.995192 0.0979479 0
    outer loop
      vertex 192 87 9
      vertex 191.904 87.9754 4
      vertex 191.904 87.9754 9
    endloop
  endfacet
  facet normal 0.995192 0.0979479 0
    outer loop
      vertex 191.904 87.9754 4
      vertex 192 87 9
      vertex 192 87 4
    endloop
  endfacet
  facet normal -0.995192 0.0979479 0
    outer loop
      vertex 182 87 4
      vertex 182.096 87.9754 9
      vertex 182.096 87.9754 4
    endloop
  endfacet
  facet normal -0.995192 0.0979479 0
    outer loop
      vertex 182.096 87.9754 9
      vertex 182 87 4
      vertex 182 87 9
    endloop
  endfacet
  facet normal 0.0980888 0.995178 -0
    outer loop
      vertex 187.975 91.9039 4
      vertex 187 92 9
      vertex 187.975 91.9039 9
    endloop
  endfacet
  facet normal 0.0980888 0.995178 0
    outer loop
      vertex 187 92 9
      vertex 187.975 91.9039 4
      vertex 187 92 4
    endloop
  endfacet
  facet normal 0.773425 0.633888 0
    outer loop
      vertex 191.157 89.7778 9
      vertex 190.536 90.5355 4
      vertex 190.536 90.5355 9
    endloop
  endfacet
  facet normal 0.773425 0.633888 0
    outer loop
      vertex 190.536 90.5355 4
      vertex 191.157 89.7778 9
      vertex 191.157 89.7778 4
    endloop
  endfacet
  facet normal -0.634226 0.773148 0
    outer loop
      vertex 184.222 91.1573 4
      vertex 183.464 90.5355 9
      vertex 184.222 91.1573 9
    endloop
  endfacet
  facet normal -0.634226 0.773148 0
    outer loop
      vertex 183.464 90.5355 9
      vertex 184.222 91.1573 4
      vertex 183.464 90.5355 4
    endloop
  endfacet
  facet normal -0.290248 0.956951 0
    outer loop
      vertex 186.025 91.9039 4
      vertex 185.087 91.6194 9
      vertex 186.025 91.9039 9
    endloop
  endfacet
  facet normal -0.290248 0.956951 0
    outer loop
      vertex 185.087 91.6194 9
      vertex 186.025 91.9039 4
      vertex 185.087 91.6194 4
    endloop
  endfacet
  facet normal -0.773425 -0.633888 0
    outer loop
      vertex 183.464 83.4645 4
      vertex 182.843 84.2222 9
      vertex 182.843 84.2222 4
    endloop
  endfacet
  facet normal -0.773425 -0.633888 0
    outer loop
      vertex 182.843 84.2222 9
      vertex 183.464 83.4645 4
      vertex 183.464 83.4645 9
    endloop
  endfacet
  facet normal 0.881935 0.471372 0
    outer loop
      vertex 191.619 88.9134 9
      vertex 191.157 89.7778 4
      vertex 191.157 89.7778 9
    endloop
  endfacet
  facet normal 0.881935 0.471372 0
    outer loop
      vertex 191.157 89.7778 4
      vertex 191.619 88.9134 9
      vertex 191.619 88.9134 4
    endloop
  endfacet
  facet normal 0.95681 0.290715 0
    outer loop
      vertex 191.904 87.9754 9
      vertex 191.619 88.9134 4
      vertex 191.619 88.9134 9
    endloop
  endfacet
  facet normal 0.95681 0.290715 0
    outer loop
      vertex 191.619 88.9134 4
      vertex 191.904 87.9754 9
      vertex 191.904 87.9754 4
    endloop
  endfacet
  facet normal 0.471197 0.882028 -0
    outer loop
      vertex 189.778 91.1573 4
      vertex 188.913 91.6194 9
      vertex 189.778 91.1573 9
    endloop
  endfacet
  facet normal 0.471197 0.882028 0
    outer loop
      vertex 188.913 91.6194 9
      vertex 189.778 91.1573 4
      vertex 188.913 91.6194 4
    endloop
  endfacet
  facet normal 0.290248 0.956951 -0
    outer loop
      vertex 188.913 91.6194 4
      vertex 187.975 91.9039 9
      vertex 188.913 91.6194 9
    endloop
  endfacet
  facet normal 0.290248 0.956951 0
    outer loop
      vertex 187.975 91.9039 9
      vertex 188.913 91.6194 4
      vertex 187.975 91.9039 4
    endloop
  endfacet
  facet normal 0.634226 0.773148 -0
    outer loop
      vertex 190.536 90.5355 4
      vertex 189.778 91.1573 9
      vertex 190.536 90.5355 9
    endloop
  endfacet
  facet normal 0.634226 0.773148 0
    outer loop
      vertex 189.778 91.1573 9
      vertex 190.536 90.5355 4
      vertex 189.778 91.1573 4
    endloop
  endfacet
  facet normal -0.881935 0.471372 0
    outer loop
      vertex 182.381 88.9134 4
      vertex 182.843 89.7778 9
      vertex 182.843 89.7778 4
    endloop
  endfacet
  facet normal -0.881935 0.471372 0
    outer loop
      vertex 182.843 89.7778 9
      vertex 182.381 88.9134 4
      vertex 182.381 88.9134 9
    endloop
  endfacet
  facet normal -0.773425 0.633888 0
    outer loop
      vertex 182.843 89.7778 4
      vertex 183.464 90.5355 9
      vertex 183.464 90.5355 4
    endloop
  endfacet
  facet normal -0.773425 0.633888 0
    outer loop
      vertex 183.464 90.5355 9
      vertex 182.843 89.7778 4
      vertex 182.843 89.7778 9
    endloop
  endfacet
  facet normal -0.95681 0.290715 0
    outer loop
      vertex 182.096 87.9754 4
      vertex 182.381 88.9134 9
      vertex 182.381 88.9134 4
    endloop
  endfacet
  facet normal -0.95681 0.290715 0
    outer loop
      vertex 182.381 88.9134 9
      vertex 182.096 87.9754 4
      vertex 182.096 87.9754 9
    endloop
  endfacet
  facet normal 0 0 1
    outer loop
      vertex 189.8 87 9
      vertex 192 87 9
      vertex 191.904 87.9754 9
    endloop
  endfacet
  facet normal 0 0 1
    outer loop
      vertex 189.746 87.5462 9
      vertex 191.904 87.9754 9
      vertex 191.619 88.9134 9
    endloop
  endfacet
  facet normal 0 0 1
    outer loop
      vertex 192 87 9
      vertex 189.8 87 9
      vertex 191.904 86.0246 9
    endloop
  endfacet
  facet normal 0 0 1
    outer loop
      vertex 189.587 88.0715 9
      vertex 191.619 88.9134 9
      vertex 191.157 89.7778 9
    endloop
  endfacet
  facet normal -0 0 1
    outer loop
      vertex 189.746 86.4538 9
      vertex 191.904 86.0246 9
      vertex 189.8 87 9
    endloop
  endfacet
  facet normal 0 0 1
    outer loop
      vertex 189.328 88.5556 9
      vertex 191.157 89.7778 9
      vertex 190.536 90.5355 9
    endloop
  endfacet
  facet normal 0 0 1
    outer loop
      vertex 191.904 86.0246 9
      vertex 189.746 86.4538 9
      vertex 191.619 85.0866 9
    endloop
  endfacet
  facet normal -0 0 1
    outer loop
      vertex 189.587 85.9285 9
      vertex 191.619 85.0866 9
      vertex 189.746 86.4538 9
    endloop
  endfacet
  facet normal 0 0 1
    outer loop
      vertex 188.98 88.9799 9
      vertex 190.536 90.5355 9
      vertex 189.778 91.1573 9
    endloop
  endfacet
  facet normal 0 0 1
    outer loop
      vertex 191.904 87.9754 9
      vertex 189.746 87.5462 9
      vertex 189.8 87 9
    endloop
  endfacet
  facet normal 0 0 1
    outer loop
      vertex 191.619 88.9134 9
      vertex 189.587 88.0715 9
      vertex 189.746 87.5462 9
    endloop
  endfacet
  facet normal 0 0 1
    outer loop
      vertex 191.157 89.7778 9
      vertex 189.328 88.5556 9
      vertex 189.587 88.0715 9
    endloop
  endfacet
  facet normal 0 0 1
    outer loop
      vertex 190.536 90.5355 9
      vertex 188.98 88.9799 9
      vertex 189.328 88.5556 9
    endloop
  endfacet
  facet normal 0 0 1
    outer loop
      vertex 188.556 89.3281 9
      vertex 189.778 91.1573 9
      vertex 188.913 91.6194 9
    endloop
  endfacet
  facet normal 0 0 1
    outer loop
      vertex 189.778 91.1573 9
      vertex 188.556 89.3281 9
      vertex 188.98 88.9799 9
    endloop
  endfacet
  facet normal 0 0 1
    outer loop
      vertex 188.913 91.6194 9
      vertex 188.072 89.5869 9
      vertex 188.556 89.3281 9
    endloop
  endfacet
  facet normal 0 0 1
    outer loop
      vertex 187.975 91.9039 9
      vertex 188.072 89.5869 9
      vertex 188.913 91.6194 9
    endloop
  endfacet
  facet normal 0 0 1
    outer loop
      vertex 187.975 91.9039 9
      vertex 187.546 89.7462 9
      vertex 188.072 89.5869 9
    endloop
  endfacet
  facet normal 0 0 1
    outer loop
      vertex 187 92 9
      vertex 187.546 89.7462 9
      vertex 187.975 91.9039 9
    endloop
  endfacet
  facet normal 0 0 1
    outer loop
      vertex 187 92 9
      vertex 187 89.8 9
      vertex 187.546 89.7462 9
    endloop
  endfacet
  facet normal 0 0 1
    outer loop
      vertex 187 92 9
      vertex 186.454 89.7462 9
      vertex 187 89.8 9
    endloop
  endfacet
  facet normal -0 0 1
    outer loop
      vertex 186.025 91.9039 9
      vertex 186.454 89.7462 9
      vertex 187 92 9
    endloop
  endfacet
  facet normal 0 0 1
    outer loop
      vertex 186.025 91.9039 9
      vertex 185.928 89.5869 9
      vertex 186.454 89.7462 9
    endloop
  endfacet
  facet normal -0 0 1
    outer loop
      vertex 185.087 91.6194 9
      vertex 185.928 89.5869 9
      vertex 186.025 91.9039 9
    endloop
  endfacet
  facet normal 0 0 1
    outer loop
      vertex 185.928 89.5869 9
      vertex 185.087 91.6194 9
      vertex 185.444 89.3281 9
    endloop
  endfacet
  facet normal -0 0 1
    outer loop
      vertex 184.222 91.1573 9
      vertex 185.444 89.3281 9
      vertex 185.087 91.6194 9
    endloop
  endfacet
  facet normal 0 0 1
    outer loop
      vertex 185.444 89.3281 9
      vertex 184.222 91.1573 9
      vertex 185.02 88.9799 9
    endloop
  endfacet
  facet normal -0 0 1
    outer loop
      vertex 183.464 90.5355 9
      vertex 185.02 88.9799 9
      vertex 184.222 91.1573 9
    endloop
  endfacet
  facet normal 0 0 1
    outer loop
      vertex 185.02 88.9799 9
      vertex 183.464 90.5355 9
      vertex 184.672 88.5556 9
    endloop
  endfacet
  facet normal -0 0 1
    outer loop
      vertex 182.843 89.7778 9
      vertex 184.672 88.5556 9
      vertex 183.464 90.5355 9
    endloop
  endfacet
  facet normal 0 0 1
    outer loop
      vertex 184.672 88.5556 9
      vertex 182.843 89.7778 9
      vertex 184.413 88.0715 9
    endloop
  endfacet
  facet normal -0 0 1
    outer loop
      vertex 182.381 88.9134 9
      vertex 184.413 88.0715 9
      vertex 182.843 89.7778 9
    endloop
  endfacet
  facet normal 0 0 1
    outer loop
      vertex 191.619 85.0866 9
      vertex 189.587 85.9285 9
      vertex 191.157 84.2222 9
    endloop
  endfacet
  facet normal -0 0 1
    outer loop
      vertex 189.328 85.4444 9
      vertex 191.157 84.2222 9
      vertex 189.587 85.9285 9
    endloop
  endfacet
  facet normal 0 0 1
    outer loop
      vertex 191.157 84.2222 9
      vertex 189.328 85.4444 9
      vertex 190.536 83.4645 9
    endloop
  endfacet
  facet normal -0 0 1
    outer loop
      vertex 188.98 85.0201 9
      vertex 190.536 83.4645 9
      vertex 189.328 85.4444 9
    endloop
  endfacet
  facet normal 0 0 1
    outer loop
      vertex 190.536 83.4645 9
      vertex 188.98 85.0201 9
      vertex 189.778 82.8427 9
    endloop
  endfacet
  facet normal -0 0 1
    outer loop
      vertex 188.556 84.6719 9
      vertex 189.778 82.8427 9
      vertex 188.98 85.0201 9
    endloop
  endfacet
  facet normal 0 0 1
    outer loop
      vertex 189.778 82.8427 9
      vertex 188.556 84.6719 9
      vertex 188.913 82.3806 9
    endloop
  endfacet
  facet normal -0 0 1
    outer loop
      vertex 188.072 84.4131 9
      vertex 188.913 82.3806 9
      vertex 188.556 84.6719 9
    endloop
  endfacet
  facet normal 0 0 1
    outer loop
      vertex 188.072 84.4131 9
      vertex 187.975 82.0961 9
      vertex 188.913 82.3806 9
    endloop
  endfacet
  facet normal -0 0 1
    outer loop
      vertex 187.546 84.2538 9
      vertex 187.975 82.0961 9
      vertex 188.072 84.4131 9
    endloop
  endfacet
  facet normal -0 0 1
    outer loop
      vertex 187 84.2 9
      vertex 187.975 82.0961 9
      vertex 187.546 84.2538 9
    endloop
  endfacet
  facet normal 0 0 1
    outer loop
      vertex 187 84.2 9
      vertex 187 82 9
      vertex 187.975 82.0961 9
    endloop
  endfacet
  facet normal 0 0 1
    outer loop
      vertex 186.454 84.2538 9
      vertex 187 82 9
      vertex 187 84.2 9
    endloop
  endfacet
  facet normal 0 0 1
    outer loop
      vertex 186.454 84.2538 9
      vertex 186.025 82.0961 9
      vertex 187 82 9
    endloop
  endfacet
  facet normal 0 0 1
    outer loop
      vertex 185.928 84.4131 9
      vertex 186.025 82.0961 9
      vertex 186.454 84.2538 9
    endloop
  endfacet
  facet normal 0 0 1
    outer loop
      vertex 185.087 82.3806 9
      vertex 185.928 84.4131 9
      vertex 185.444 84.6719 9
    endloop
  endfacet
  facet normal 0 0 1
    outer loop
      vertex 185.928 84.4131 9
      vertex 185.087 82.3806 9
      vertex 186.025 82.0961 9
    endloop
  endfacet
  facet normal 0 0 1
    outer loop
      vertex 184.222 82.8427 9
      vertex 185.444 84.6719 9
      vertex 185.02 85.0201 9
    endloop
  endfacet
  facet normal 0 0 1
    outer loop
      vertex 183.464 83.4645 9
      vertex 185.02 85.0201 9
      vertex 184.672 85.4444 9
    endloop
  endfacet
  facet normal 0 0 1
    outer loop
      vertex 182.843 84.2222 9
      vertex 184.672 85.4444 9
      vertex 184.413 85.9285 9
    endloop
  endfacet
  facet normal 0 0 1
    outer loop
      vertex 182.381 85.0866 9
      vertex 184.413 85.9285 9
      vertex 184.254 86.4538 9
    endloop
  endfacet
  facet normal 0 0 1
    outer loop
      vertex 185.444 84.6719 9
      vertex 184.222 82.8427 9
      vertex 185.087 82.3806 9
    endloop
  endfacet
  facet normal 0 0 1
    outer loop
      vertex 182.096 86.0246 9
      vertex 184.254 86.4538 9
      vertex 184.2 87 9
    endloop
  endfacet
  facet normal 0 0 1
    outer loop
      vertex 184.413 88.0715 9
      vertex 182.381 88.9134 9
      vertex 184.254 87.5462 9
    endloop
  endfacet
  facet normal 0 0 1
    outer loop
      vertex 185.02 85.0201 9
      vertex 183.464 83.4645 9
      vertex 184.222 82.8427 9
    endloop
  endfacet
  facet normal -0 0 1
    outer loop
      vertex 182.096 87.9754 9
      vertex 184.254 87.5462 9
      vertex 182.381 88.9134 9
    endloop
  endfacet
  facet normal 0 0 1
    outer loop
      vertex 184.672 85.4444 9
      vertex 182.843 84.2222 9
      vertex 183.464 83.4645 9
    endloop
  endfacet
  facet normal 0 0 1
    outer loop
      vertex 184.254 87.5462 9
      vertex 182.096 87.9754 9
      vertex 184.2 87 9
    endloop
  endfacet
  facet normal 0 0 1
    outer loop
      vertex 184.413 85.9285 9
      vertex 182.381 85.0866 9
      vertex 182.843 84.2222 9
    endloop
  endfacet
  facet normal 0 0 1
    outer loop
      vertex 182 87 9
      vertex 184.2 87 9
      vertex 182.096 87.9754 9
    endloop
  endfacet
  facet normal 0 0 1
    outer loop
      vertex 184.254 86.4538 9
      vertex 182.096 86.0246 9
      vertex 182.381 85.0866 9
    endloop
  endfacet
  facet normal 0 0 1
    outer loop
      vertex 184.2 87 9
      vertex 182 87 9
      vertex 182.096 86.0246 9
    endloop
  endfacet
  facet normal -0.471197 0.882028 0
    outer loop
      vertex 185.087 91.6194 4
      vertex 184.222 91.1573 9
      vertex 185.087 91.6194 9
    endloop
  endfacet
  facet normal -0.471197 0.882028 0
    outer loop
      vertex 184.222 91.1573 9
      vertex 185.087 91.6194 4
      vertex 184.222 91.1573 4
    endloop
  endfacet
  facet normal -0.0980888 0.995178 0
    outer loop
      vertex 187 92 4
      vertex 186.025 91.9039 9
      vertex 187 92 9
    endloop
  endfacet
  facet normal -0.0980888 0.995178 0
    outer loop
      vertex 186.025 91.9039 9
      vertex 187 92 4
      vertex 186.025 91.9039 4
    endloop
  endfacet
  facet normal 0.0980888 -0.995178 0
    outer loop
      vertex 187 82 4
      vertex 187.975 82.0961 9
      vertex 187 82 9
    endloop
  endfacet
  facet normal 0.0980888 -0.995178 0
    outer loop
      vertex 187.975 82.0961 9
      vertex 187 82 4
      vertex 187.975 82.0961 4
    endloop
  endfacet
  facet normal 0.471197 -0.882028 0
    outer loop
      vertex 188.913 82.3806 4
      vertex 189.778 82.8427 9
      vertex 188.913 82.3806 9
    endloop
  endfacet
  facet normal 0.471197 -0.882028 0
    outer loop
      vertex 189.778 82.8427 9
      vertex 188.913 82.3806 4
      vertex 189.778 82.8427 4
    endloop
  endfacet
  facet normal -0.634226 -0.773148 0
    outer loop
      vertex 183.464 83.4645 4
      vertex 184.222 82.8427 9
      vertex 183.464 83.4645 9
    endloop
  endfacet
  facet normal -0.634226 -0.773148 -0
    outer loop
      vertex 184.222 82.8427 9
      vertex 183.464 83.4645 4
      vertex 184.222 82.8427 4
    endloop
  endfacet
  facet normal -0.290248 -0.956951 0
    outer loop
      vertex 185.087 82.3806 4
      vertex 186.025 82.0961 9
      vertex 185.087 82.3806 9
    endloop
  endfacet
  facet normal -0.290248 -0.956951 -0
    outer loop
      vertex 186.025 82.0961 9
      vertex 185.087 82.3806 4
      vertex 186.025 82.0961 4
    endloop
  endfacet
  facet normal -0.995192 -0.0979479 0
    outer loop
      vertex 182.096 86.0246 4
      vertex 182 87 9
      vertex 182 87 4
    endloop
  endfacet
  facet normal -0.995192 -0.0979479 0
    outer loop
      vertex 182 87 9
      vertex 182.096 86.0246 4
      vertex 182.096 86.0246 9
    endloop
  endfacet
  facet normal -0.881935 -0.471372 0
    outer loop
      vertex 182.843 84.2222 4
      vertex 182.381 85.0866 9
      vertex 182.381 85.0866 4
    endloop
  endfacet
  facet normal -0.881935 -0.471372 0
    outer loop
      vertex 182.381 85.0866 9
      vertex 182.843 84.2222 4
      vertex 182.843 84.2222 9
    endloop
  endfacet
  facet normal -0.95681 -0.290715 0
    outer loop
      vertex 182.381 85.0866 4
      vertex 182.096 86.0246 9
      vertex 182.096 86.0246 4
    endloop
  endfacet
  facet normal -0.95681 -0.290715 0
    outer loop
      vertex 182.096 86.0246 9
      vertex 182.381 85.0866 4
      vertex 182.381 85.0866 9
    endloop
  endfacet
  facet normal 0.290248 -0.956951 0
    outer loop
      vertex 187.975 82.0961 4
      vertex 188.913 82.3806 9
      vertex 187.975 82.0961 9
    endloop
  endfacet
  facet normal 0.290248 -0.956951 0
    outer loop
      vertex 188.913 82.3806 9
      vertex 187.975 82.0961 4
      vertex 188.913 82.3806 4
    endloop
  endfacet
  facet normal 0.634226 -0.773148 0
    outer loop
      vertex 189.778 82.8427 4
      vertex 190.536 83.4645 9
      vertex 189.778 82.8427 9
    endloop
  endfacet
  facet normal 0.634226 -0.773148 0
    outer loop
      vertex 190.536 83.4645 9
      vertex 189.778 82.8427 4
      vertex 190.536 83.4645 4
    endloop
  endfacet
  facet normal 0.773425 -0.633888 0
    outer loop
      vertex 190.536 83.4645 9
      vertex 191.157 84.2222 4
      vertex 191.157 84.2222 9
    endloop
  endfacet
  facet normal 0.773425 -0.633888 0
    outer loop
      vertex 191.157 84.2222 4
      vertex 190.536 83.4645 9
      vertex 190.536 83.4645 4
    endloop
  endfacet
  facet normal -0.471197 -0.882028 0
    outer loop
      vertex 184.222 82.8427 4
      vertex 185.087 82.3806 9
      vertex 184.222 82.8427 9
    endloop
  endfacet
  facet normal -0.471197 -0.882028 -0
    outer loop
      vertex 185.087 82.3806 9
      vertex 184.222 82.8427 4
      vertex 185.087 82.3806 4
    endloop
  endfacet
  facet normal -0.0980888 -0.995178 0
    outer loop
      vertex 186.025 82.0961 4
      vertex 187 82 9
      vertex 186.025 82.0961 9
    endloop
  endfacet
  facet normal -0.0980888 -0.995178 -0
    outer loop
      vertex 187 82 9
      vertex 186.025 82.0961 4
      vertex 187 82 4
    endloop
  endfacet
  facet normal 0.95681 -0.290715 0
    outer loop
      vertex 191.619 85.0866 9
      vertex 191.904 86.0246 4
      vertex 191.904 86.0246 9
    endloop
  endfacet
  facet normal 0.95681 -0.290715 0
    outer loop
      vertex 191.904 86.0246 4
      vertex 191.619 85.0866 9
      vertex 191.619 85.0866 4
    endloop
  endfacet
  facet normal 0.881935 -0.471372 0
    outer loop
      vertex 191.157 84.2222 9
      vertex 191.619 85.0866 4
      vertex 191.619 85.0866 9
    endloop
  endfacet
  facet normal 0.881935 -0.471372 0
    outer loop
      vertex 191.619 85.0866 4
      vertex 191.157 84.2222 9
      vertex 191.157 84.2222 4
    endloop
  endfacet
  facet normal 0.995192 -0.0979479 0
    outer loop
      vertex 191.904 86.0246 9
      vertex 192 87 4
      vertex 192 87 9
    endloop
  endfacet
  facet normal 0.995192 -0.0979479 0
    outer loop
      vertex 192 87 4
      vertex 191.904 86.0246 9
      vertex 191.904 86.0246 4
    endloop
  endfacet
  facet normal -0.995148 -0.0983852 0
    outer loop
      vertex 189.8 87 4
      vertex 189.746 87.5462 9
      vertex 189.746 87.5462 4
    endloop
  endfacet
  facet normal -0.995148 -0.0983852 0
    outer loop
      vertex 189.746 87.5462 9
      vertex 189.8 87 4
      vertex 189.8 87 9
    endloop
  endfacet
  facet normal 0.995148 -0.0983852 0
    outer loop
      vertex 184.2 87 9
      vertex 184.254 87.5462 4
      vertex 184.254 87.5462 9
    endloop
  endfacet
  facet normal 0.995148 -0.0983852 0
    outer loop
      vertex 184.254 87.5462 4
      vertex 184.2 87 9
      vertex 184.2 87 4
    endloop
  endfacet
  facet normal 0.0980599 -0.995181 0
    outer loop
      vertex 186.454 89.7462 4
      vertex 187 89.8 9
      vertex 186.454 89.7462 9
    endloop
  endfacet
  facet normal 0.0980599 -0.995181 0
    outer loop
      vertex 187 89.8 9
      vertex 186.454 89.7462 4
      vertex 187 89.8 4
    endloop
  endfacet
  facet normal -0.634646 -0.772803 0
    outer loop
      vertex 188.556 89.3281 4
      vertex 188.98 88.9799 9
      vertex 188.556 89.3281 9
    endloop
  endfacet
  facet normal -0.634646 -0.772803 -0
    outer loop
      vertex 188.98 88.9799 9
      vertex 188.556 89.3281 4
      vertex 188.98 88.9799 4
    endloop
  endfacet
  facet normal 0.773202 -0.63416 0
    outer loop
      vertex 184.672 88.5556 9
      vertex 185.02 88.9799 4
      vertex 185.02 88.9799 9
    endloop
  endfacet
  facet normal 0.773202 -0.63416 0
    outer loop
      vertex 185.02 88.9799 4
      vertex 184.672 88.5556 9
      vertex 184.672 88.5556 4
    endloop
  endfacet
  facet normal 0.471534 -0.881848 0
    outer loop
      vertex 185.444 89.3281 4
      vertex 185.928 89.5869 9
      vertex 185.444 89.3281 9
    endloop
  endfacet
  facet normal 0.471534 -0.881848 0
    outer loop
      vertex 185.928 89.5869 9
      vertex 185.444 89.3281 4
      vertex 185.928 89.5869 4
    endloop
  endfacet
  facet normal -0.881737 0.471741 0
    outer loop
      vertex 189.328 85.4444 4
      vertex 189.587 85.9285 9
      vertex 189.587 85.9285 4
    endloop
  endfacet
  facet normal -0.881737 0.471741 0
    outer loop
      vertex 189.587 85.9285 9
      vertex 189.328 85.4444 4
      vertex 189.328 85.4444 9
    endloop
  endfacet
  facet normal -0.881737 -0.471741 0
    outer loop
      vertex 189.587 88.0715 4
      vertex 189.328 88.5556 9
      vertex 189.328 88.5556 4
    endloop
  endfacet
  facet normal -0.881737 -0.471741 0
    outer loop
      vertex 189.328 88.5556 9
      vertex 189.587 88.0715 4
      vertex 189.587 88.0715 9
    endloop
  endfacet
  facet normal -0.957116 -0.289704 0
    outer loop
      vertex 189.746 87.5462 4
      vertex 189.587 88.0715 9
      vertex 189.587 88.0715 4
    endloop
  endfacet
  facet normal -0.957116 -0.289704 0
    outer loop
      vertex 189.587 88.0715 9
      vertex 189.746 87.5462 4
      vertex 189.746 87.5462 9
    endloop
  endfacet
  facet normal -0.773202 -0.63416 0
    outer loop
      vertex 189.328 88.5556 4
      vertex 188.98 88.9799 9
      vertex 188.98 88.9799 4
    endloop
  endfacet
  facet normal -0.773202 -0.63416 0
    outer loop
      vertex 188.98 88.9799 9
      vertex 189.328 88.5556 4
      vertex 189.328 88.5556 9
    endloop
  endfacet
  facet normal -0.289851 -0.957072 0
    outer loop
      vertex 187.546 89.7462 4
      vertex 188.072 89.5869 9
      vertex 187.546 89.7462 9
    endloop
  endfacet
  facet normal -0.289851 -0.957072 -0
    outer loop
      vertex 188.072 89.5869 9
      vertex 187.546 89.7462 4
      vertex 188.072 89.5869 4
    endloop
  endfacet
  facet normal -0.0980599 -0.995181 0
    outer loop
      vertex 187 89.8 4
      vertex 187.546 89.7462 9
      vertex 187 89.8 9
    endloop
  endfacet
  facet normal -0.0980599 -0.995181 -0
    outer loop
      vertex 187.546 89.7462 9
      vertex 187 89.8 4
      vertex 187.546 89.7462 4
    endloop
  endfacet
  facet normal -0.471534 -0.881848 0
    outer loop
      vertex 188.072 89.5869 4
      vertex 188.556 89.3281 9
      vertex 188.072 89.5869 9
    endloop
  endfacet
  facet normal -0.471534 -0.881848 -0
    outer loop
      vertex 188.556 89.3281 9
      vertex 188.072 89.5869 4
      vertex 188.556 89.3281 4
    endloop
  endfacet
  facet normal 0.881737 -0.471741 0
    outer loop
      vertex 184.413 88.0715 9
      vertex 184.672 88.5556 4
      vertex 184.672 88.5556 9
    endloop
  endfacet
  facet normal 0.881737 -0.471741 0
    outer loop
      vertex 184.672 88.5556 4
      vertex 184.413 88.0715 9
      vertex 184.413 88.0715 4
    endloop
  endfacet
  facet normal 0.957116 -0.289704 0
    outer loop
      vertex 184.254 87.5462 9
      vertex 184.413 88.0715 4
      vertex 184.413 88.0715 9
    endloop
  endfacet
  facet normal 0.957116 -0.289704 0
    outer loop
      vertex 184.413 88.0715 4
      vertex 184.254 87.5462 9
      vertex 184.254 87.5462 4
    endloop
  endfacet
  facet normal 0.634646 -0.772803 0
    outer loop
      vertex 185.02 88.9799 4
      vertex 185.444 89.3281 9
      vertex 185.02 88.9799 9
    endloop
  endfacet
  facet normal 0.634646 -0.772803 0
    outer loop
      vertex 185.444 89.3281 9
      vertex 185.02 88.9799 4
      vertex 185.444 89.3281 4
    endloop
  endfacet
  facet normal 0.289851 -0.957072 0
    outer loop
      vertex 185.928 89.5869 4
      vertex 186.454 89.7462 9
      vertex 185.928 89.5869 9
    endloop
  endfacet
  facet normal 0.289851 -0.957072 0
    outer loop
      vertex 186.454 89.7462 9
      vertex 185.928 89.5869 4
      vertex 186.454 89.7462 4
    endloop
  endfacet
  facet normal -0.995148 0.0983852 0
    outer loop
      vertex 189.746 86.4538 4
      vertex 189.8 87 9
      vertex 189.8 87 4
    endloop
  endfacet
  facet normal -0.995148 0.0983852 0
    outer loop
      vertex 189.8 87 9
      vertex 189.746 86.4538 4
      vertex 189.746 86.4538 9
    endloop
  endfacet
  facet normal 0.0980599 0.995181 -0
    outer loop
      vertex 187 84.2 4
      vertex 186.454 84.2538 9
      vertex 187 84.2 9
    endloop
  endfacet
  facet normal 0.0980599 0.995181 0
    outer loop
      vertex 186.454 84.2538 9
      vertex 187 84.2 4
      vertex 186.454 84.2538 4
    endloop
  endfacet
  facet normal -0.634646 0.772803 0
    outer loop
      vertex 188.98 85.0201 4
      vertex 188.556 84.6719 9
      vertex 188.98 85.0201 9
    endloop
  endfacet
  facet normal -0.634646 0.772803 0
    outer loop
      vertex 188.556 84.6719 9
      vertex 188.98 85.0201 4
      vertex 188.556 84.6719 4
    endloop
  endfacet
  facet normal -0.957116 0.289704 0
    outer loop
      vertex 189.587 85.9285 4
      vertex 189.746 86.4538 9
      vertex 189.746 86.4538 4
    endloop
  endfacet
  facet normal -0.957116 0.289704 0
    outer loop
      vertex 189.746 86.4538 9
      vertex 189.587 85.9285 4
      vertex 189.587 85.9285 9
    endloop
  endfacet
  facet normal 0.995148 0.0983852 0
    outer loop
      vertex 184.254 86.4538 9
      vertex 184.2 87 4
      vertex 184.2 87 9
    endloop
  endfacet
  facet normal 0.995148 0.0983852 0
    outer loop
      vertex 184.2 87 4
      vertex 184.254 86.4538 9
      vertex 184.254 86.4538 4
    endloop
  endfacet
  facet normal 0.957116 0.289704 0
    outer loop
      vertex 184.413 85.9285 9
      vertex 184.254 86.4538 4
      vertex 184.254 86.4538 9
    endloop
  endfacet
  facet normal 0.957116 0.289704 0
    outer loop
      vertex 184.254 86.4538 4
      vertex 184.413 85.9285 9
      vertex 184.413 85.9285 4
    endloop
  endfacet
  facet normal -0.289851 0.957072 0
    outer loop
      vertex 188.072 84.4131 4
      vertex 187.546 84.2538 9
      vertex 188.072 84.4131 9
    endloop
  endfacet
  facet normal -0.289851 0.957072 0
    outer loop
      vertex 187.546 84.2538 9
      vertex 188.072 84.4131 4
      vertex 187.546 84.2538 4
    endloop
  endfacet
  facet normal -0.0980599 0.995181 0
    outer loop
      vertex 187.546 84.2538 4
      vertex 187 84.2 9
      vertex 187.546 84.2538 9
    endloop
  endfacet
  facet normal -0.0980599 0.995181 0
    outer loop
      vertex 187 84.2 9
      vertex 187.546 84.2538 4
      vertex 187 84.2 4
    endloop
  endfacet
  facet normal 0.289851 0.957072 -0
    outer loop
      vertex 186.454 84.2538 4
      vertex 185.928 84.4131 9
      vertex 186.454 84.2538 9
    endloop
  endfacet
  facet normal 0.289851 0.957072 0
    outer loop
      vertex 185.928 84.4131 9
      vertex 186.454 84.2538 4
      vertex 185.928 84.4131 4
    endloop
  endfacet
  facet normal 0.773202 0.63416 0
    outer loop
      vertex 185.02 85.0201 9
      vertex 184.672 85.4444 4
      vertex 184.672 85.4444 9
    endloop
  endfacet
  facet normal 0.773202 0.63416 0
    outer loop
      vertex 184.672 85.4444 4
      vertex 185.02 85.0201 9
      vertex 185.02 85.0201 4
    endloop
  endfacet
  facet normal 0.881737 0.471741 0
    outer loop
      vertex 184.672 85.4444 9
      vertex 184.413 85.9285 4
      vertex 184.413 85.9285 9
    endloop
  endfacet
  facet normal 0.881737 0.471741 0
    outer loop
      vertex 184.413 85.9285 4
      vertex 184.672 85.4444 9
      vertex 184.672 85.4444 4
    endloop
  endfacet
  facet normal -0.471534 0.881848 0
    outer loop
      vertex 188.556 84.6719 4
      vertex 188.072 84.4131 9
      vertex 188.556 84.6719 9
    endloop
  endfacet
  facet normal -0.471534 0.881848 0
    outer loop
      vertex 188.072 84.4131 9
      vertex 188.556 84.6719 4
      vertex 188.072 84.4131 4
    endloop
  endfacet
  facet normal -0.773202 0.63416 0
    outer loop
      vertex 188.98 85.0201 4
      vertex 189.328 85.4444 9
      vertex 189.328 85.4444 4
    endloop
  endfacet
  facet normal -0.773202 0.63416 0
    outer loop
      vertex 189.328 85.4444 9
      vertex 188.98 85.0201 4
      vertex 188.98 85.0201 9
    endloop
  endfacet
  facet normal 0.471534 0.881848 -0
    outer loop
      vertex 185.928 84.4131 4
      vertex 185.444 84.6719 9
      vertex 185.928 84.4131 9
    endloop
  endfacet
  facet normal 0.471534 0.881848 0
    outer loop
      vertex 185.444 84.6719 9
      vertex 185.928 84.4131 4
      vertex 185.444 84.6719 4
    endloop
  endfacet
  facet normal 0.634646 0.772803 -0
    outer loop
      vertex 185.444 84.6719 4
      vertex 185.02 85.0201 9
      vertex 185.444 84.6719 9
    endloop
  endfacet
  facet normal 0.634646 0.772803 0
    outer loop
      vertex 185.02 85.0201 9
      vertex 185.444 84.6719 4
      vertex 185.02 85.0201 4
    endloop
  endfacet
endsolid OpenSCAD_Model
