solid OpenSCAD_Model
  facet normal -1 0 0
    outer loop
      vertex -60 -60 0
      vertex -60 60 44.1539
      vertex -60 60 0
    endloop
  endfacet
  facet normal -1 -0 0
    outer loop
      vertex -60 60 44.1539
      vertex -60 -60 0
      vertex -60 -60 44.1539
    endloop
  endfacet
  facet normal 1 -0 0
    outer loop
      vertex 60 -60 12
      vertex 60 60 0
      vertex 60 60 12
    endloop
  endfacet
  facet normal 1 0 0
    outer loop
      vertex 60 60 0
      vertex 60 -60 12
      vertex 60 -60 0
    endloop
  endfacet
  facet normal -0 0 -1
    outer loop
      vertex -28.0438 -23.9668 0
      vertex -33.9285 -32.4131 0
      vertex -28.5355 -23.5355 0
    endloop
  endfacet
  facet normal 0 0 -1
    outer loop
      vertex -30 20 0
      vertex -32.224 34.6345 0
      vertex -32.2 35 0
    endloop
  endfacet
  facet normal 0 0 -1
    outer loop
      vertex -34.2753 -32.2954 0
      vertex -28.5355 -23.5355 0
      vertex -33.9285 -32.4131 0
    endloop
  endfacet
  facet normal 0 0 -1
    outer loop
      vertex -30 20 0
      vertex -32.2954 34.2753 0
      vertex -32.224 34.6345 0
    endloop
  endfacet
  facet normal -0 0 -1
    outer loop
      vertex -28.5355 -23.5355 0
      vertex -34.2753 -32.2954 0
      vertex -28.9668 -23.0438 0
    endloop
  endfacet
  facet normal 0 0 -1
    outer loop
      vertex -30 20 0
      vertex -32.4131 33.9285 0
      vertex -32.2954 34.2753 0
    endloop
  endfacet
  facet normal 0 0 -1
    outer loop
      vertex -34.6345 -32.224 0
      vertex -28.9668 -23.0438 0
      vertex -34.2753 -32.2954 0
    endloop
  endfacet
  facet normal 0 0 -1
    outer loop
      vertex -30 20 0
      vertex -32.5751 33.6 0
      vertex -32.4131 33.9285 0
    endloop
  endfacet
  facet normal -0 0 -1
    outer loop
      vertex -28.9668 -23.0438 0
      vertex -34.6345 -32.224 0
      vertex -29.3301 -22.5 0
    endloop
  endfacet
  facet normal 0 0 -1
    outer loop
      vertex -30 20 0
      vertex -32.7786 33.2955 0
      vertex -32.5751 33.6 0
    endloop
  endfacet
  facet normal 0 0 -1
    outer loop
      vertex -35 -32.2 0
      vertex -29.3301 -22.5 0
      vertex -34.6345 -32.224 0
    endloop
  endfacet
  facet normal 0 0 -1
    outer loop
      vertex -30 20 0
      vertex -33.0201 33.0201 0
      vertex -32.7786 33.2955 0
    endloop
  endfacet
  facet normal -0 0 -1
    outer loop
      vertex -29.3301 -22.5 0
      vertex -35 -32.2 0
      vertex -29.6194 -21.9134 0
    endloop
  endfacet
  facet normal 0 0 -1
    outer loop
      vertex -30 20 0
      vertex -33.2955 32.7786 0
      vertex -33.0201 33.0201 0
    endloop
  endfacet
  facet normal 0 0 -1
    outer loop
      vertex -35.3655 -32.224 0
      vertex -29.6194 -21.9134 0
      vertex -35 -32.2 0
    endloop
  endfacet
  facet normal 0 0 -1
    outer loop
      vertex -30 20 0
      vertex -33.6 32.5751 0
      vertex -33.2955 32.7786 0
    endloop
  endfacet
  facet normal 0 0 -1
    outer loop
      vertex -35.7247 -32.2954 0
      vertex -29.6194 -21.9134 0
      vertex -35.3655 -32.224 0
    endloop
  endfacet
  facet normal 0 0 -1
    outer loop
      vertex -30 20 0
      vertex -33.9285 32.4131 0
      vertex -33.6 32.5751 0
    endloop
  endfacet
  facet normal -0 0 -1
    outer loop
      vertex -29.6194 -21.9134 0
      vertex -35.7247 -32.2954 0
      vertex -29.8296 -21.2941 0
    endloop
  endfacet
  facet normal 0 0 -1
    outer loop
      vertex -30 20 0
      vertex -34.2753 32.2954 0
      vertex -33.9285 32.4131 0
    endloop
  endfacet
  facet normal 0 0 -1
    outer loop
      vertex -36.0715 -32.4131 0
      vertex -29.8296 -21.2941 0
      vertex -35.7247 -32.2954 0
    endloop
  endfacet
  facet normal 0 0 -1
    outer loop
      vertex -30 20 0
      vertex -34.6345 32.224 0
      vertex -34.2753 32.2954 0
    endloop
  endfacet
  facet normal -0 0 -1
    outer loop
      vertex -29.8296 -21.2941 0
      vertex -36.0715 -32.4131 0
      vertex -29.9572 -20.6526 0
    endloop
  endfacet
  facet normal 0 0 -1
    outer loop
      vertex -30 20 0
      vertex -35 32.2 0
      vertex -34.6345 32.224 0
    endloop
  endfacet
  facet normal 0 0 -1
    outer loop
      vertex -36.4 -32.5751 0
      vertex -29.9572 -20.6526 0
      vertex -36.0715 -32.4131 0
    endloop
  endfacet
  facet normal 0 0 -1
    outer loop
      vertex -30 20 0
      vertex -35.3655 32.224 0
      vertex -35 32.2 0
    endloop
  endfacet
  facet normal -0 0 -1
    outer loop
      vertex -29.9572 -20.6526 0
      vertex -36.4 -32.5751 0
      vertex -30 -20 0
    endloop
  endfacet
  facet normal 0 0 -1
    outer loop
      vertex -30 20 0
      vertex -35.7247 32.2954 0
      vertex -35.3655 32.224 0
    endloop
  endfacet
  facet normal 0 0 -1
    outer loop
      vertex -36.7045 -32.7786 0
      vertex -30 -20 0
      vertex -36.4 -32.5751 0
    endloop
  endfacet
  facet normal 0 0 -1
    outer loop
      vertex -30 20 0
      vertex -36.0715 32.4131 0
      vertex -35.7247 32.2954 0
    endloop
  endfacet
  facet normal 0 0 -1
    outer loop
      vertex -36.9799 -33.0201 0
      vertex -30 -20 0
      vertex -36.7045 -32.7786 0
    endloop
  endfacet
  facet normal 0 0 -1
    outer loop
      vertex -30 20 0
      vertex -36.4 32.5751 0
      vertex -36.0715 32.4131 0
    endloop
  endfacet
  facet normal 0 0 -1
    outer loop
      vertex -37.2214 -33.2955 0
      vertex -30 -20 0
      vertex -36.9799 -33.0201 0
    endloop
  endfacet
  facet normal 0 0 -1
    outer loop
      vertex -30 20 0
      vertex -36.7045 32.7786 0
      vertex -36.4 32.5751 0
    endloop
  endfacet
  facet normal -0 0 -1
    outer loop
      vertex -30 -20 0
      vertex -37.2214 -33.2955 0
      vertex -30 20 0
    endloop
  endfacet
  facet normal 0 0 -1
    outer loop
      vertex -30 20 0
      vertex -36.9799 33.0201 0
      vertex -36.7045 32.7786 0
    endloop
  endfacet
  facet normal 0 0 -1
    outer loop
      vertex -37.2214 33.2955 0
      vertex -30 20 0
      vertex -37.2214 -33.2955 0
    endloop
  endfacet
  facet normal 0 0 -1
    outer loop
      vertex -30 20 0
      vertex -37.2214 33.2955 0
      vertex -36.9799 33.0201 0
    endloop
  endfacet
  facet normal 0 0 -1
    outer loop
      vertex -37.4249 -33.6 0
      vertex -37.2214 33.2955 0
      vertex -37.2214 -33.2955 0
    endloop
  endfacet
  facet normal 0 0 -1
    outer loop
      vertex -37.4249 -33.6 0
      vertex -37.4249 33.6 0
      vertex -37.2214 33.2955 0
    endloop
  endfacet
  facet normal 0 0 -1
    outer loop
      vertex -60 -60 0
      vertex -37.4249 -33.6 0
      vertex -37.5869 -33.9285 0
    endloop
  endfacet
  facet normal -0 0 -1
    outer loop
      vertex -37.4249 -33.6 0
      vertex -60 -60 0
      vertex -37.4249 33.6 0
    endloop
  endfacet
  facet normal 0 0 -1
    outer loop
      vertex -60 -60 0
      vertex -37.5869 -33.9285 0
      vertex -37.7046 -34.2753 0
    endloop
  endfacet
  facet normal 0 0 -1
    outer loop
      vertex -60 60 0
      vertex -37.4249 33.6 0
      vertex -60 -60 0
    endloop
  endfacet
  facet normal 0 0 -1
    outer loop
      vertex -60 -60 0
      vertex -37.7046 -34.2753 0
      vertex -37.776 -34.6345 0
    endloop
  endfacet
  facet normal 0 0 -1
    outer loop
      vertex -37.4249 33.6 0
      vertex -60 60 0
      vertex -37.5869 33.9285 0
    endloop
  endfacet
  facet normal 0 0 -1
    outer loop
      vertex -60 -60 0
      vertex -37.776 -34.6345 0
      vertex -37.8 -35 0
    endloop
  endfacet
  facet normal 0 0 -1
    outer loop
      vertex -37.5869 33.9285 0
      vertex -60 60 0
      vertex -37.7046 34.2753 0
    endloop
  endfacet
  facet normal 0 0 -1
    outer loop
      vertex 37.5869 -33.9285 0
      vertex 60 -60 0
      vertex 37.7046 -34.2753 0
    endloop
  endfacet
  facet normal 0 0 -1
    outer loop
      vertex 60 60 0
      vertex 37.776 34.6345 0
      vertex 37.8 35 0
    endloop
  endfacet
  facet normal 0 0 -1
    outer loop
      vertex 37.4249 -33.6 0
      vertex 60 -60 0
      vertex 37.5869 -33.9285 0
    endloop
  endfacet
  facet normal 0 0 -1
    outer loop
      vertex 60 60 0
      vertex 37.7046 34.2753 0
      vertex 37.776 34.6345 0
    endloop
  endfacet
  facet normal 0 0 -1
    outer loop
      vertex 60 -60 0
      vertex 37.4249 -33.6 0
      vertex 60 60 0
    endloop
  endfacet
  facet normal 0 0 -1
    outer loop
      vertex 60 60 0
      vertex 37.5869 33.9285 0
      vertex 37.7046 34.2753 0
    endloop
  endfacet
  facet normal 0 0 -1
    outer loop
      vertex 37.4249 33.6 0
      vertex 60 60 0
      vertex 37.4249 -33.6 0
    endloop
  endfacet
  facet normal 0 0 -1
    outer loop
      vertex 60 60 0
      vertex 37.4249 33.6 0
      vertex 37.5869 33.9285 0
    endloop
  endfacet
  facet normal 0 0 -1
    outer loop
      vertex 37.2214 -33.2955 0
      vertex 37.4249 33.6 0
      vertex 37.4249 -33.6 0
    endloop
  endfacet
  facet normal 0 0 -1
    outer loop
      vertex 37.2214 -33.2955 0
      vertex 37.2214 33.2955 0
      vertex 37.4249 33.6 0
    endloop
  endfacet
  facet normal 0 0 -1
    outer loop
      vertex 30 -20 0
      vertex 37.2214 -33.2955 0
      vertex 36.9799 -33.0201 0
    endloop
  endfacet
  facet normal 0 0 -1
    outer loop
      vertex 37.2214 -33.2955 0
      vertex 30 -20 0
      vertex 37.2214 33.2955 0
    endloop
  endfacet
  facet normal 0 0 -1
    outer loop
      vertex 30 -20 0
      vertex 36.9799 -33.0201 0
      vertex 36.7045 -32.7786 0
    endloop
  endfacet
  facet normal 0 0 -1
    outer loop
      vertex 30 20 0
      vertex 37.2214 33.2955 0
      vertex 30 -20 0
    endloop
  endfacet
  facet normal 0 0 -1
    outer loop
      vertex 30 -20 0
      vertex 36.7045 -32.7786 0
      vertex 36.4 -32.5751 0
    endloop
  endfacet
  facet normal 0 0 -1
    outer loop
      vertex 37.2214 33.2955 0
      vertex 30 20 0
      vertex 36.9799 33.0201 0
    endloop
  endfacet
  facet normal 0 0 -1
    outer loop
      vertex 29.9572 -20.6526 0
      vertex 36.4 -32.5751 0
      vertex 36.0715 -32.4131 0
    endloop
  endfacet
  facet normal 0 0 -1
    outer loop
      vertex 36.9799 33.0201 0
      vertex 30 20 0
      vertex 36.7045 32.7786 0
    endloop
  endfacet
  facet normal 0 0 -1
    outer loop
      vertex 29.8296 -21.2941 0
      vertex 36.0715 -32.4131 0
      vertex 35.7247 -32.2954 0
    endloop
  endfacet
  facet normal 0 0 -1
    outer loop
      vertex 36.7045 32.7786 0
      vertex 30 20 0
      vertex 36.4 32.5751 0
    endloop
  endfacet
  facet normal 0 0 -1
    outer loop
      vertex 29.6194 -21.9134 0
      vertex 35.7247 -32.2954 0
      vertex 35.3655 -32.224 0
    endloop
  endfacet
  facet normal 0 0 -1
    outer loop
      vertex 29.9572 20.6526 0
      vertex 36.4 32.5751 0
      vertex 30 20 0
    endloop
  endfacet
  facet normal 0 0 -1
    outer loop
      vertex 29.6194 -21.9134 0
      vertex 35.3655 -32.224 0
      vertex 35 -32.2 0
    endloop
  endfacet
  facet normal 0 0 -1
    outer loop
      vertex 36.4 32.5751 0
      vertex 29.9572 20.6526 0
      vertex 36.0715 32.4131 0
    endloop
  endfacet
  facet normal 0 0 -1
    outer loop
      vertex 29.3301 -22.5 0
      vertex 35 -32.2 0
      vertex 34.6345 -32.224 0
    endloop
  endfacet
  facet normal 0 0 -1
    outer loop
      vertex 29.8296 21.2941 0
      vertex 36.0715 32.4131 0
      vertex 29.9572 20.6526 0
    endloop
  endfacet
  facet normal 0 0 -1
    outer loop
      vertex 28.9668 -23.0438 0
      vertex 34.6345 -32.224 0
      vertex 34.2753 -32.2954 0
    endloop
  endfacet
  facet normal 0 0 -1
    outer loop
      vertex 36.0715 32.4131 0
      vertex 29.8296 21.2941 0
      vertex 35.7247 32.2954 0
    endloop
  endfacet
  facet normal 0 0 -1
    outer loop
      vertex 28.5355 -23.5355 0
      vertex 34.2753 -32.2954 0
      vertex 33.9285 -32.4131 0
    endloop
  endfacet
  facet normal 0 0 -1
    outer loop
      vertex 29.6194 21.9134 0
      vertex 35.7247 32.2954 0
      vertex 29.8296 21.2941 0
    endloop
  endfacet
  facet normal 0 0 -1
    outer loop
      vertex 28.0438 -23.9668 0
      vertex 33.9285 -32.4131 0
      vertex 33.6 -32.5751 0
    endloop
  endfacet
  facet normal 0 0 -1
    outer loop
      vertex 35.7247 32.2954 0
      vertex 29.6194 21.9134 0
      vertex 35.3655 32.224 0
    endloop
  endfacet
  facet normal 0 0 -1
    outer loop
      vertex 28.0438 -23.9668 0
      vertex 33.6 -32.5751 0
      vertex 33.2955 -32.7786 0
    endloop
  endfacet
  facet normal 0 0 -1
    outer loop
      vertex 35.3655 32.224 0
      vertex 29.6194 21.9134 0
      vertex 35 32.2 0
    endloop
  endfacet
  facet normal 0 0 -1
    outer loop
      vertex 27.5 -24.3301 0
      vertex 33.2955 -32.7786 0
      vertex 33.0201 -33.0201 0
    endloop
  endfacet
  facet normal 0 0 -1
    outer loop
      vertex 29.3301 22.5 0
      vertex 35 32.2 0
      vertex 29.6194 21.9134 0
    endloop
  endfacet
  facet normal 0 0 -1
    outer loop
      vertex 26.9134 -24.6194 0
      vertex 33.0201 -33.0201 0
      vertex 32.7786 -33.2955 0
    endloop
  endfacet
  facet normal -0 0 -1
    outer loop
      vertex 35 32.2 0
      vertex 29.3301 22.5 0
      vertex 34.6345 32.224 0
    endloop
  endfacet
  facet normal 0 0 -1
    outer loop
      vertex 26.2941 -24.8296 0
      vertex 32.7786 -33.2955 0
      vertex 32.5751 -33.6 0
    endloop
  endfacet
  facet normal 0 0 -1
    outer loop
      vertex 28.9668 23.0438 0
      vertex 34.6345 32.224 0
      vertex 29.3301 22.5 0
    endloop
  endfacet
  facet normal 0 0 -1
    outer loop
      vertex 25.6526 -24.9572 0
      vertex 32.5751 -33.6 0
      vertex 32.4131 -33.9285 0
    endloop
  endfacet
  facet normal -0 0 -1
    outer loop
      vertex 34.6345 32.224 0
      vertex 28.9668 23.0438 0
      vertex 34.2753 32.2954 0
    endloop
  endfacet
  facet normal 0 0 -1
    outer loop
      vertex 25.6526 -24.9572 0
      vertex 32.4131 -33.9285 0
      vertex 32.2954 -34.2753 0
    endloop
  endfacet
  facet normal 0 0 -1
    outer loop
      vertex 28.5355 23.5355 0
      vertex 34.2753 32.2954 0
      vertex 28.9668 23.0438 0
    endloop
  endfacet
  facet normal 0 0 -1
    outer loop
      vertex 25 -25 0
      vertex 32.2954 -34.2753 0
      vertex 32.224 -34.6345 0
    endloop
  endfacet
  facet normal -0 0 -1
    outer loop
      vertex 34.2753 32.2954 0
      vertex 28.5355 23.5355 0
      vertex 33.9285 32.4131 0
    endloop
  endfacet
  facet normal 0 0 -1
    outer loop
      vertex 25 -25 0
      vertex 32.224 -34.6345 0
      vertex 32.2 -35 0
    endloop
  endfacet
  facet normal 0 0 -1
    outer loop
      vertex 28.0438 23.9668 0
      vertex 33.9285 32.4131 0
      vertex 28.5355 23.5355 0
    endloop
  endfacet
  facet normal 0 0 -1
    outer loop
      vertex 37.776 -34.6345 0
      vertex 60 -60 0
      vertex 37.8 -35 0
    endloop
  endfacet
  facet normal 0 0 -1
    outer loop
      vertex 60 -60 0
      vertex 37.776 -35.3655 0
      vertex 37.8 -35 0
    endloop
  endfacet
  facet normal 0 0 -1
    outer loop
      vertex 60 -60 0
      vertex 37.7046 -35.7247 0
      vertex 37.776 -35.3655 0
    endloop
  endfacet
  facet normal 0 0 -1
    outer loop
      vertex 60 -60 0
      vertex 37.5869 -36.0715 0
      vertex 37.7046 -35.7247 0
    endloop
  endfacet
  facet normal 0 0 -1
    outer loop
      vertex 60 -60 0
      vertex 37.4249 -36.4 0
      vertex 37.5869 -36.0715 0
    endloop
  endfacet
  facet normal 0 0 -1
    outer loop
      vertex 60 -60 0
      vertex 37.2214 -36.7045 0
      vertex 37.4249 -36.4 0
    endloop
  endfacet
  facet normal 0 0 -1
    outer loop
      vertex 60 -60 0
      vertex 36.9799 -36.9799 0
      vertex 37.2214 -36.7045 0
    endloop
  endfacet
  facet normal 0 0 -1
    outer loop
      vertex 60 -60 0
      vertex 36.7045 -37.2214 0
      vertex 36.9799 -36.9799 0
    endloop
  endfacet
  facet normal 0 0 -1
    outer loop
      vertex 60 -60 0
      vertex 36.4 -37.4249 0
      vertex 36.7045 -37.2214 0
    endloop
  endfacet
  facet normal 0 0 -1
    outer loop
      vertex 60 -60 0
      vertex 36.0715 -37.5869 0
      vertex 36.4 -37.4249 0
    endloop
  endfacet
  facet normal 0 0 -1
    outer loop
      vertex 60 -60 0
      vertex 35.7247 -37.7046 0
      vertex 36.0715 -37.5869 0
    endloop
  endfacet
  facet normal 0 0 -1
    outer loop
      vertex 60 -60 0
      vertex 35.3655 -37.776 0
      vertex 35.7247 -37.7046 0
    endloop
  endfacet
  facet normal 0 0 -1
    outer loop
      vertex 60 -60 0
      vertex 35 -37.8 0
      vertex 35.3655 -37.776 0
    endloop
  endfacet
  facet normal 0 0 -1
    outer loop
      vertex 60 -60 0
      vertex 34.6345 -37.776 0
      vertex 35 -37.8 0
    endloop
  endfacet
  facet normal 0 0 -1
    outer loop
      vertex 60 -60 0
      vertex 34.2753 -37.7046 0
      vertex 34.6345 -37.776 0
    endloop
  endfacet
  facet normal 0 0 -1
    outer loop
      vertex 60 -60 0
      vertex 33.9285 -37.5869 0
      vertex 34.2753 -37.7046 0
    endloop
  endfacet
  facet normal 0 0 -1
    outer loop
      vertex 60 -60 0
      vertex 33.6 -37.4249 0
      vertex 33.9285 -37.5869 0
    endloop
  endfacet
  facet normal 0 0 -1
    outer loop
      vertex -33.6 -37.4249 0
      vertex 33.6 -37.4249 0
      vertex 60 -60 0
    endloop
  endfacet
  facet normal -0 0 -1
    outer loop
      vertex 33.9285 32.4131 0
      vertex 28.0438 23.9668 0
      vertex 33.6 32.5751 0
    endloop
  endfacet
  facet normal 0 0 -1
    outer loop
      vertex 25 -25 0
      vertex 32.2 -35 0
      vertex 32.224 -35.3655 0
    endloop
  endfacet
  facet normal 0 0 -1
    outer loop
      vertex 36.4 -32.5751 0
      vertex 29.9572 -20.6526 0
      vertex 30 -20 0
    endloop
  endfacet
  facet normal 0 0 -1
    outer loop
      vertex 36.0715 -32.4131 0
      vertex 29.8296 -21.2941 0
      vertex 29.9572 -20.6526 0
    endloop
  endfacet
  facet normal 0 0 -1
    outer loop
      vertex 35.7247 -32.2954 0
      vertex 29.6194 -21.9134 0
      vertex 29.8296 -21.2941 0
    endloop
  endfacet
  facet normal 0 0 -1
    outer loop
      vertex 35 -32.2 0
      vertex 29.3301 -22.5 0
      vertex 29.6194 -21.9134 0
    endloop
  endfacet
  facet normal 0 0 -1
    outer loop
      vertex 25 -25 0
      vertex 32.224 -35.3655 0
      vertex 32.2954 -35.7247 0
    endloop
  endfacet
  facet normal 0 0 -1
    outer loop
      vertex 34.6345 -32.224 0
      vertex 28.9668 -23.0438 0
      vertex 29.3301 -22.5 0
    endloop
  endfacet
  facet normal 0 0 -1
    outer loop
      vertex 34.2753 -32.2954 0
      vertex 28.5355 -23.5355 0
      vertex 28.9668 -23.0438 0
    endloop
  endfacet
  facet normal 0 0 -1
    outer loop
      vertex 33.9285 -32.4131 0
      vertex 28.0438 -23.9668 0
      vertex 28.5355 -23.5355 0
    endloop
  endfacet
  facet normal 0 0 -1
    outer loop
      vertex 25 -25 0
      vertex 32.2954 -35.7247 0
      vertex 32.4131 -36.0715 0
    endloop
  endfacet
  facet normal 0 0 -1
    outer loop
      vertex 33.2955 -32.7786 0
      vertex 27.5 -24.3301 0
      vertex 28.0438 -23.9668 0
    endloop
  endfacet
  facet normal 0 0 -1
    outer loop
      vertex 33.0201 -33.0201 0
      vertex 26.9134 -24.6194 0
      vertex 27.5 -24.3301 0
    endloop
  endfacet
  facet normal 0 0 -1
    outer loop
      vertex 32.7786 -33.2955 0
      vertex 26.2941 -24.8296 0
      vertex 26.9134 -24.6194 0
    endloop
  endfacet
  facet normal 0 0 -1
    outer loop
      vertex -32.4131 -36.0715 0
      vertex 32.4131 -36.0715 0
      vertex 32.5751 -36.4 0
    endloop
  endfacet
  facet normal 0 0 -1
    outer loop
      vertex 32.5751 -33.6 0
      vertex 25.6526 -24.9572 0
      vertex 26.2941 -24.8296 0
    endloop
  endfacet
  facet normal 0 0 -1
    outer loop
      vertex 32.2954 -34.2753 0
      vertex 25 -25 0
      vertex 25.6526 -24.9572 0
    endloop
  endfacet
  facet normal 0 0 -1
    outer loop
      vertex 32.4131 -36.0715 0
      vertex -25 -25 0
      vertex 25 -25 0
    endloop
  endfacet
  facet normal 0 0 -1
    outer loop
      vertex -32.5751 -36.4 0
      vertex 32.5751 -36.4 0
      vertex 32.7786 -36.7045 0
    endloop
  endfacet
  facet normal 0 0 -1
    outer loop
      vertex -32.7786 -36.7045 0
      vertex 32.7786 -36.7045 0
      vertex 33.0201 -36.9799 0
    endloop
  endfacet
  facet normal 0 0 -1
    outer loop
      vertex -33.0201 -36.9799 0
      vertex 33.0201 -36.9799 0
      vertex 33.2955 -37.2214 0
    endloop
  endfacet
  facet normal 0 0 -1
    outer loop
      vertex 33.6 -37.4249 0
      vertex -33.6 -37.4249 0
      vertex 33.2955 -37.2214 0
    endloop
  endfacet
  facet normal 0 0 -1
    outer loop
      vertex 32.4131 -36.0715 0
      vertex -32.4131 -36.0715 0
      vertex -25 -25 0
    endloop
  endfacet
  facet normal 0 -0 -1
    outer loop
      vertex -32.2954 -35.7247 0
      vertex -25 -25 0
      vertex -32.4131 -36.0715 0
    endloop
  endfacet
  facet normal 0 -0 -1
    outer loop
      vertex -32.224 -35.3655 0
      vertex -25 -25 0
      vertex -32.2954 -35.7247 0
    endloop
  endfacet
  facet normal 0 0 -1
    outer loop
      vertex -33.6 -32.5751 0
      vertex -28.0438 -23.9668 0
      vertex -33.2955 -32.7786 0
    endloop
  endfacet
  facet normal -0 0 -1
    outer loop
      vertex -27.5 -24.3301 0
      vertex -33.2955 -32.7786 0
      vertex -28.0438 -23.9668 0
    endloop
  endfacet
  facet normal 0 0 -1
    outer loop
      vertex -33.2955 -32.7786 0
      vertex -27.5 -24.3301 0
      vertex -33.0201 -33.0201 0
    endloop
  endfacet
  facet normal -0 0 -1
    outer loop
      vertex -26.9134 -24.6194 0
      vertex -33.0201 -33.0201 0
      vertex -27.5 -24.3301 0
    endloop
  endfacet
  facet normal 0 0 -1
    outer loop
      vertex -33.0201 -33.0201 0
      vertex -26.9134 -24.6194 0
      vertex -32.7786 -33.2955 0
    endloop
  endfacet
  facet normal -0 0 -1
    outer loop
      vertex -26.2941 -24.8296 0
      vertex -32.7786 -33.2955 0
      vertex -26.9134 -24.6194 0
    endloop
  endfacet
  facet normal 0 0 -1
    outer loop
      vertex -32.7786 -33.2955 0
      vertex -26.2941 -24.8296 0
      vertex -32.5751 -33.6 0
    endloop
  endfacet
  facet normal -0 0 -1
    outer loop
      vertex -25.6526 -24.9572 0
      vertex -32.5751 -33.6 0
      vertex -26.2941 -24.8296 0
    endloop
  endfacet
  facet normal 0 0 -1
    outer loop
      vertex -32.5751 -33.6 0
      vertex -25.6526 -24.9572 0
      vertex -32.4131 -33.9285 0
    endloop
  endfacet
  facet normal 0 0 -1
    outer loop
      vertex -32.4131 -33.9285 0
      vertex -25.6526 -24.9572 0
      vertex -32.2954 -34.2753 0
    endloop
  endfacet
  facet normal 0 0 -1
    outer loop
      vertex -32.224 -34.6345 0
      vertex -25 -25 0
      vertex -32.2 -35 0
    endloop
  endfacet
  facet normal -0 0 -1
    outer loop
      vertex -25 -25 0
      vertex -32.2954 -34.2753 0
      vertex -25.6526 -24.9572 0
    endloop
  endfacet
  facet normal 0 0 -1
    outer loop
      vertex -32.2954 -34.2753 0
      vertex -25 -25 0
      vertex -32.224 -34.6345 0
    endloop
  endfacet
  facet normal 0 -0 -1
    outer loop
      vertex -32.2 -35 0
      vertex -25 -25 0
      vertex -32.224 -35.3655 0
    endloop
  endfacet
  facet normal 0 0 -1
    outer loop
      vertex 32.5751 -36.4 0
      vertex -32.5751 -36.4 0
      vertex -32.4131 -36.0715 0
    endloop
  endfacet
  facet normal 0 0 -1
    outer loop
      vertex 32.7786 -36.7045 0
      vertex -32.7786 -36.7045 0
      vertex -32.5751 -36.4 0
    endloop
  endfacet
  facet normal 0 0 -1
    outer loop
      vertex 33.0201 -36.9799 0
      vertex -33.0201 -36.9799 0
      vertex -32.7786 -36.7045 0
    endloop
  endfacet
  facet normal 0 0 -1
    outer loop
      vertex 33.2955 -37.2214 0
      vertex -33.2955 -37.2214 0
      vertex -33.0201 -36.9799 0
    endloop
  endfacet
  facet normal -0 0 -1
    outer loop
      vertex 33.2955 -37.2214 0
      vertex -33.6 -37.4249 0
      vertex -33.2955 -37.2214 0
    endloop
  endfacet
  facet normal 0 0 -1
    outer loop
      vertex -60 -60 0
      vertex -33.6 -37.4249 0
      vertex 60 -60 0
    endloop
  endfacet
  facet normal 0 0 -1
    outer loop
      vertex -33.6 -37.4249 0
      vertex -60 -60 0
      vertex -33.9285 -37.5869 0
    endloop
  endfacet
  facet normal 0 0 -1
    outer loop
      vertex -33.9285 -37.5869 0
      vertex -60 -60 0
      vertex -34.2753 -37.7046 0
    endloop
  endfacet
  facet normal 0 0 -1
    outer loop
      vertex -34.2753 -37.7046 0
      vertex -60 -60 0
      vertex -34.6345 -37.776 0
    endloop
  endfacet
  facet normal 0 0 -1
    outer loop
      vertex -34.6345 -37.776 0
      vertex -60 -60 0
      vertex -35 -37.8 0
    endloop
  endfacet
  facet normal -0 0 -1
    outer loop
      vertex -35 -37.8 0
      vertex -60 -60 0
      vertex -35.3655 -37.776 0
    endloop
  endfacet
  facet normal 0 0 -1
    outer loop
      vertex -37.7046 34.2753 0
      vertex -60 60 0
      vertex -37.776 34.6345 0
    endloop
  endfacet
  facet normal -0 0 -1
    outer loop
      vertex -37.776 -35.3655 0
      vertex -60 -60 0
      vertex -37.8 -35 0
    endloop
  endfacet
  facet normal -0 0 -1
    outer loop
      vertex -37.7046 -35.7247 0
      vertex -60 -60 0
      vertex -37.776 -35.3655 0
    endloop
  endfacet
  facet normal -0 0 -1
    outer loop
      vertex -37.5869 -36.0715 0
      vertex -60 -60 0
      vertex -37.7046 -35.7247 0
    endloop
  endfacet
  facet normal -0 0 -1
    outer loop
      vertex -37.4249 -36.4 0
      vertex -60 -60 0
      vertex -37.5869 -36.0715 0
    endloop
  endfacet
  facet normal -0 0 -1
    outer loop
      vertex -37.2214 -36.7045 0
      vertex -60 -60 0
      vertex -37.4249 -36.4 0
    endloop
  endfacet
  facet normal -0 0 -1
    outer loop
      vertex -36.9799 -36.9799 0
      vertex -60 -60 0
      vertex -37.2214 -36.7045 0
    endloop
  endfacet
  facet normal -0 0 -1
    outer loop
      vertex -36.7045 -37.2214 0
      vertex -60 -60 0
      vertex -36.9799 -36.9799 0
    endloop
  endfacet
  facet normal -0 0 -1
    outer loop
      vertex -36.4 -37.4249 0
      vertex -60 -60 0
      vertex -36.7045 -37.2214 0
    endloop
  endfacet
  facet normal -0 0 -1
    outer loop
      vertex -36.0715 -37.5869 0
      vertex -60 -60 0
      vertex -36.4 -37.4249 0
    endloop
  endfacet
  facet normal -0 0 -1
    outer loop
      vertex -35.7247 -37.7046 0
      vertex -60 -60 0
      vertex -36.0715 -37.5869 0
    endloop
  endfacet
  facet normal -0 0 -1
    outer loop
      vertex -35.3655 -37.776 0
      vertex -60 -60 0
      vertex -35.7247 -37.7046 0
    endloop
  endfacet
  facet normal 0 0 -1
    outer loop
      vertex 37.7046 -34.2753 0
      vertex 60 -60 0
      vertex 37.776 -34.6345 0
    endloop
  endfacet
  facet normal 0 0 -1
    outer loop
      vertex 37.776 35.3655 0
      vertex 60 60 0
      vertex 37.8 35 0
    endloop
  endfacet
  facet normal 0 0 -1
    outer loop
      vertex 37.7046 35.7247 0
      vertex 60 60 0
      vertex 37.776 35.3655 0
    endloop
  endfacet
  facet normal 0 0 -1
    outer loop
      vertex 37.5869 36.0715 0
      vertex 60 60 0
      vertex 37.7046 35.7247 0
    endloop
  endfacet
  facet normal 0 0 -1
    outer loop
      vertex 37.4249 36.4 0
      vertex 60 60 0
      vertex 37.5869 36.0715 0
    endloop
  endfacet
  facet normal 0 0 -1
    outer loop
      vertex 37.2214 36.7045 0
      vertex 60 60 0
      vertex 37.4249 36.4 0
    endloop
  endfacet
  facet normal 0 0 -1
    outer loop
      vertex 36.9799 36.9799 0
      vertex 60 60 0
      vertex 37.2214 36.7045 0
    endloop
  endfacet
  facet normal 0 0 -1
    outer loop
      vertex 36.7045 37.2214 0
      vertex 60 60 0
      vertex 36.9799 36.9799 0
    endloop
  endfacet
  facet normal 0 0 -1
    outer loop
      vertex 36.4 37.4249 0
      vertex 60 60 0
      vertex 36.7045 37.2214 0
    endloop
  endfacet
  facet normal 0 0 -1
    outer loop
      vertex 36.0715 37.5869 0
      vertex 60 60 0
      vertex 36.4 37.4249 0
    endloop
  endfacet
  facet normal 0 0 -1
    outer loop
      vertex 35.7247 37.7046 0
      vertex 60 60 0
      vertex 36.0715 37.5869 0
    endloop
  endfacet
  facet normal 0 0 -1
    outer loop
      vertex 35.3655 37.776 0
      vertex 60 60 0
      vertex 35.7247 37.7046 0
    endloop
  endfacet
  facet normal 0 0 -1
    outer loop
      vertex 35 37.8 0
      vertex 60 60 0
      vertex 35.3655 37.776 0
    endloop
  endfacet
  facet normal 0 0 -1
    outer loop
      vertex 34.6345 37.776 0
      vertex 60 60 0
      vertex 35 37.8 0
    endloop
  endfacet
  facet normal 0 0 -1
    outer loop
      vertex 34.2753 37.7046 0
      vertex 60 60 0
      vertex 34.6345 37.776 0
    endloop
  endfacet
  facet normal 0 0 -1
    outer loop
      vertex 33.9285 37.5869 0
      vertex 60 60 0
      vertex 34.2753 37.7046 0
    endloop
  endfacet
  facet normal 0 0 -1
    outer loop
      vertex 33.6 37.4249 0
      vertex 60 60 0
      vertex 33.9285 37.5869 0
    endloop
  endfacet
  facet normal 0 0 -1
    outer loop
      vertex -33.6 37.4249 0
      vertex 33.6 37.4249 0
      vertex 33.2955 37.2214 0
    endloop
  endfacet
  facet normal -0 0 -1
    outer loop
      vertex 33.6 32.5751 0
      vertex 28.0438 23.9668 0
      vertex 33.2955 32.7786 0
    endloop
  endfacet
  facet normal 0 0 -1
    outer loop
      vertex 27.5 24.3301 0
      vertex 33.2955 32.7786 0
      vertex 28.0438 23.9668 0
    endloop
  endfacet
  facet normal -0 0 -1
    outer loop
      vertex 33.2955 32.7786 0
      vertex 27.5 24.3301 0
      vertex 33.0201 33.0201 0
    endloop
  endfacet
  facet normal 0 0 -1
    outer loop
      vertex 26.9134 24.6194 0
      vertex 33.0201 33.0201 0
      vertex 27.5 24.3301 0
    endloop
  endfacet
  facet normal -0 0 -1
    outer loop
      vertex 33.0201 33.0201 0
      vertex 26.9134 24.6194 0
      vertex 32.7786 33.2955 0
    endloop
  endfacet
  facet normal 0 0 -1
    outer loop
      vertex 26.2941 24.8296 0
      vertex 32.7786 33.2955 0
      vertex 26.9134 24.6194 0
    endloop
  endfacet
  facet normal -0 0 -1
    outer loop
      vertex 32.7786 33.2955 0
      vertex 26.2941 24.8296 0
      vertex 32.5751 33.6 0
    endloop
  endfacet
  facet normal 0 0 -1
    outer loop
      vertex 25.6526 24.9572 0
      vertex 32.5751 33.6 0
      vertex 26.2941 24.8296 0
    endloop
  endfacet
  facet normal -0 0 -1
    outer loop
      vertex 32.5751 33.6 0
      vertex 25.6526 24.9572 0
      vertex 32.4131 33.9285 0
    endloop
  endfacet
  facet normal -0 0 -1
    outer loop
      vertex 32.4131 33.9285 0
      vertex 25.6526 24.9572 0
      vertex 32.2954 34.2753 0
    endloop
  endfacet
  facet normal 0 0 -1
    outer loop
      vertex 25 25 0
      vertex 32.2954 34.2753 0
      vertex 25.6526 24.9572 0
    endloop
  endfacet
  facet normal -0 0 -1
    outer loop
      vertex 32.2954 34.2753 0
      vertex 25 25 0
      vertex 32.224 34.6345 0
    endloop
  endfacet
  facet normal -0 0 -1
    outer loop
      vertex 32.224 34.6345 0
      vertex 25 25 0
      vertex 32.2 35 0
    endloop
  endfacet
  facet normal -0 0 -1
    outer loop
      vertex 32.2 35 0
      vertex 25 25 0
      vertex 32.224 35.3655 0
    endloop
  endfacet
  facet normal -0 0 -1
    outer loop
      vertex 32.224 35.3655 0
      vertex 25 25 0
      vertex 32.2954 35.7247 0
    endloop
  endfacet
  facet normal -0 0 -1
    outer loop
      vertex 32.2954 35.7247 0
      vertex 25 25 0
      vertex 32.4131 36.0715 0
    endloop
  endfacet
  facet normal 0 0 -1
    outer loop
      vertex -25 25 0
      vertex 32.4131 36.0715 0
      vertex 25 25 0
    endloop
  endfacet
  facet normal 0 0 -1
    outer loop
      vertex -32.4131 36.0715 0
      vertex 32.4131 36.0715 0
      vertex -25 25 0
    endloop
  endfacet
  facet normal 0 0 -1
    outer loop
      vertex 32.4131 36.0715 0
      vertex -32.4131 36.0715 0
      vertex 32.5751 36.4 0
    endloop
  endfacet
  facet normal 0 0 -1
    outer loop
      vertex -32.5751 36.4 0
      vertex 32.5751 36.4 0
      vertex -32.4131 36.0715 0
    endloop
  endfacet
  facet normal 0 0 -1
    outer loop
      vertex 32.5751 36.4 0
      vertex -32.5751 36.4 0
      vertex 32.7786 36.7045 0
    endloop
  endfacet
  facet normal 0 0 -1
    outer loop
      vertex -32.7786 36.7045 0
      vertex 32.7786 36.7045 0
      vertex -32.5751 36.4 0
    endloop
  endfacet
  facet normal 0 0 -1
    outer loop
      vertex -32.2 35 0
      vertex -25 25 0
      vertex -25.6526 24.9572 0
    endloop
  endfacet
  facet normal 0 0 -1
    outer loop
      vertex -32.2 35 0
      vertex -25.6526 24.9572 0
      vertex -26.2941 24.8296 0
    endloop
  endfacet
  facet normal 0 0 -1
    outer loop
      vertex -32.2 35 0
      vertex -26.2941 24.8296 0
      vertex -26.9134 24.6194 0
    endloop
  endfacet
  facet normal 0 0 -1
    outer loop
      vertex -33.9285 -32.4131 0
      vertex -28.0438 -23.9668 0
      vertex -33.6 -32.5751 0
    endloop
  endfacet
  facet normal 0 0 -1
    outer loop
      vertex -32.2 35 0
      vertex -29.9572 20.6526 0
      vertex -30 20 0
    endloop
  endfacet
  facet normal 0 0 -1
    outer loop
      vertex -32.2 35 0
      vertex -29.8296 21.2941 0
      vertex -29.9572 20.6526 0
    endloop
  endfacet
  facet normal 0 0 -1
    outer loop
      vertex -32.2 35 0
      vertex -29.6194 21.9134 0
      vertex -29.8296 21.2941 0
    endloop
  endfacet
  facet normal 0 0 -1
    outer loop
      vertex -32.2 35 0
      vertex -29.3301 22.5 0
      vertex -29.6194 21.9134 0
    endloop
  endfacet
  facet normal 0 0 -1
    outer loop
      vertex -32.2 35 0
      vertex -28.9668 23.0438 0
      vertex -29.3301 22.5 0
    endloop
  endfacet
  facet normal 0 0 -1
    outer loop
      vertex -32.2 35 0
      vertex -28.5355 23.5355 0
      vertex -28.9668 23.0438 0
    endloop
  endfacet
  facet normal 0 0 -1
    outer loop
      vertex -32.2 35 0
      vertex -28.0438 23.9668 0
      vertex -28.5355 23.5355 0
    endloop
  endfacet
  facet normal 0 0 -1
    outer loop
      vertex -32.2 35 0
      vertex -27.5 24.3301 0
      vertex -28.0438 23.9668 0
    endloop
  endfacet
  facet normal 0 0 -1
    outer loop
      vertex -32.2 35 0
      vertex -26.9134 24.6194 0
      vertex -27.5 24.3301 0
    endloop
  endfacet
  facet normal 0 0 -1
    outer loop
      vertex -25 25 0
      vertex -32.2 35 0
      vertex -32.224 35.3655 0
    endloop
  endfacet
  facet normal 0 0 -1
    outer loop
      vertex -25 25 0
      vertex -32.224 35.3655 0
      vertex -32.2954 35.7247 0
    endloop
  endfacet
  facet normal 0 0 -1
    outer loop
      vertex -25 25 0
      vertex -32.2954 35.7247 0
      vertex -32.4131 36.0715 0
    endloop
  endfacet
  facet normal 0 0 -1
    outer loop
      vertex 32.7786 36.7045 0
      vertex -32.7786 36.7045 0
      vertex 33.0201 36.9799 0
    endloop
  endfacet
  facet normal 0 0 -1
    outer loop
      vertex -33.0201 36.9799 0
      vertex 33.0201 36.9799 0
      vertex -32.7786 36.7045 0
    endloop
  endfacet
  facet normal 0 0 -1
    outer loop
      vertex 33.0201 36.9799 0
      vertex -33.0201 36.9799 0
      vertex 33.2955 37.2214 0
    endloop
  endfacet
  facet normal 0 0 -1
    outer loop
      vertex -33.2955 37.2214 0
      vertex 33.2955 37.2214 0
      vertex -33.0201 36.9799 0
    endloop
  endfacet
  facet normal 0 0 -1
    outer loop
      vertex -33.6 37.4249 0
      vertex 33.2955 37.2214 0
      vertex -33.2955 37.2214 0
    endloop
  endfacet
  facet normal 0 0 -1
    outer loop
      vertex 33.6 37.4249 0
      vertex -33.6 37.4249 0
      vertex 60 60 0
    endloop
  endfacet
  facet normal 0 0 -1
    outer loop
      vertex -60 60 0
      vertex -33.6 37.4249 0
      vertex -33.9285 37.5869 0
    endloop
  endfacet
  facet normal 0 0 -1
    outer loop
      vertex -60 60 0
      vertex -33.9285 37.5869 0
      vertex -34.2753 37.7046 0
    endloop
  endfacet
  facet normal 0 0 -1
    outer loop
      vertex -60 60 0
      vertex -34.2753 37.7046 0
      vertex -34.6345 37.776 0
    endloop
  endfacet
  facet normal 0 0 -1
    outer loop
      vertex -60 60 0
      vertex -34.6345 37.776 0
      vertex -35 37.8 0
    endloop
  endfacet
  facet normal 0 0 -1
    outer loop
      vertex -60 60 0
      vertex -35 37.8 0
      vertex -35.3655 37.776 0
    endloop
  endfacet
  facet normal 0 0 -1
    outer loop
      vertex -60 60 0
      vertex -35.3655 37.776 0
      vertex -35.7247 37.7046 0
    endloop
  endfacet
  facet normal 0 0 -1
    outer loop
      vertex -37.776 34.6345 0
      vertex -60 60 0
      vertex -37.8 35 0
    endloop
  endfacet
  facet normal 0 0 -1
    outer loop
      vertex -37.8 35 0
      vertex -60 60 0
      vertex -37.776 35.3655 0
    endloop
  endfacet
  facet normal 0 0 -1
    outer loop
      vertex -33.6 37.4249 0
      vertex -60 60 0
      vertex 60 60 0
    endloop
  endfacet
  facet normal 0 0 -1
    outer loop
      vertex -36.0715 37.5869 0
      vertex -60 60 0
      vertex -35.7247 37.7046 0
    endloop
  endfacet
  facet normal 0 0 -1
    outer loop
      vertex -36.4 37.4249 0
      vertex -60 60 0
      vertex -36.0715 37.5869 0
    endloop
  endfacet
  facet normal 0 0 -1
    outer loop
      vertex -36.7045 37.2214 0
      vertex -60 60 0
      vertex -36.4 37.4249 0
    endloop
  endfacet
  facet normal 0 0 -1
    outer loop
      vertex -36.9799 36.9799 0
      vertex -60 60 0
      vertex -36.7045 37.2214 0
    endloop
  endfacet
  facet normal 0 0 -1
    outer loop
      vertex -37.2214 36.7045 0
      vertex -60 60 0
      vertex -36.9799 36.9799 0
    endloop
  endfacet
  facet normal 0 0 -1
    outer loop
      vertex -37.4249 36.4 0
      vertex -60 60 0
      vertex -37.2214 36.7045 0
    endloop
  endfacet
  facet normal 0 0 -1
    outer loop
      vertex -37.5869 36.0715 0
      vertex -60 60 0
      vertex -37.4249 36.4 0
    endloop
  endfacet
  facet normal 0 0 -1
    outer loop
      vertex -37.7046 35.7247 0
      vertex -60 60 0
      vertex -37.5869 36.0715 0
    endloop
  endfacet
  facet normal 0 0 -1
    outer loop
      vertex -37.776 35.3655 0
      vertex -60 60 0
      vertex -37.7046 35.7247 0
    endloop
  endfacet
  facet normal 0 -1 0
    outer loop
      vertex -60 -60 0
      vertex 60 -60 12
      vertex -60 -60 44.1539
    endloop
  endfacet
  facet normal 0 -1 -0
    outer loop
      vertex 60 -60 12
      vertex -60 -60 0
      vertex 60 -60 0
    endloop
  endfacet
  facet normal 0 1 0
    outer loop
      vertex -60 60 0
      vertex 60 60 12
      vertex 60 60 0
    endloop
  endfacet
  facet normal 0 1 0
    outer loop
      vertex 60 60 12
      vertex -60 60 0
      vertex -60 60 44.1539
    endloop
  endfacet
  facet normal 0.259263 0.00037184 0.965807
    outer loop
      vertex -44.7474 45.7583 40.067
      vertex -25.2403 20.7767 34.8401
      vertex -44.718 45.7786 40.0591
    endloop
  endfacet
  facet normal 0.258757 3.91449e-05 0.965943
    outer loop
      vertex -26.4478 -17.0941 35.1636
      vertex -43.683 -47.6345 39.7818
      vertex -43.6598 -48 39.7756
    endloop
  endfacet
  facet normal 0.258761 -4.80812e-05 0.965941
    outer loop
      vertex -45.0121 45.5751 40.1379
      vertex -25.2403 20.7767 34.8401
      vertex -44.7474 45.7583 40.067
    endloop
  endfacet
  facet normal 0.257199 0.000981209 0.966358
    outer loop
      vertex -26.4478 -17.0941 35.1636
      vertex -43.6899 -47.5986 39.7836
      vertex -43.683 -47.6345 39.7818
    endloop
  endfacet
  facet normal 0.258829 1.01183e-05 0.965923
    outer loop
      vertex -25.2403 20.7767 34.8401
      vertex -45.0121 45.5751 40.1379
      vertex -25.5728 20.4749 34.9292
    endloop
  endfacet
  facet normal 0.259041 -0.000134633 0.965866
    outer loop
      vertex -26.4478 -17.0941 35.1636
      vertex -43.752 -47.2753 39.8003
      vertex -43.6899 -47.5986 39.7836
    endloop
  endfacet
  facet normal 0.258396 -0.000349417 0.966039
    outer loop
      vertex -45.0439 45.5589 40.1464
      vertex -25.5728 20.4749 34.9292
      vertex -45.0121 45.5751 40.1379
    endloop
  endfacet
  facet normal 0.258699 7.54228e-05 0.965958
    outer loop
      vertex -26.4478 -17.0941 35.1636
      vertex -43.8544 -46.9632 39.8277
      vertex -43.752 -47.2753 39.8003
    endloop
  endfacet
  facet normal 0.258819 2.75762e-06 0.965926
    outer loop
      vertex -45.3294 45.4131 40.2229
      vertex -25.5728 20.4749 34.9292
      vertex -45.0439 45.5589 40.1464
    endloop
  endfacet
  facet normal 0.258024 0.000497194 0.966138
    outer loop
      vertex -26.4478 -17.0941 35.1636
      vertex -43.8657 -46.9285 39.8307
      vertex -43.8544 -46.9632 39.8277
    endloop
  endfacet
  facet normal 0.258806 -8.45051e-06 0.965929
    outer loop
      vertex -25.5728 20.4749 34.9292
      vertex -45.3294 45.4131 40.2229
      vertex -25.8643 20.1307 35.0073
    endloop
  endfacet
  facet normal 0.259028 -0.000131067 0.96587
    outer loop
      vertex -26.4478 -17.0941 35.1636
      vertex -44.0065 -46.6328 39.8685
      vertex -43.8657 -46.9285 39.8307
    endloop
  endfacet
  facet normal 0.258897 6.64226e-05 0.965905
    outer loop
      vertex -45.6644 45.2954 40.3127
      vertex -25.8643 20.1307 35.0073
      vertex -45.3294 45.4131 40.2229
    endloop
  endfacet
  facet normal 0.258647 0.000111855 0.965972
    outer loop
      vertex -26.4478 -17.0941 35.1636
      vertex -44.0222 -46.6 39.8727
      vertex -44.0065 -46.6328 39.8685
    endloop
  endfacet
  facet normal 0.25876 -4.85897e-05 0.965942
    outer loop
      vertex -25.8643 20.1307 35.0073
      vertex -45.6644 45.2954 40.3127
      vertex -26.11 19.75 35.0731
    endloop
  endfacet
  facet normal 0.257583 0.000790357 0.966256
    outer loop
      vertex -26.4478 -17.0941 35.1636
      vertex -44.0418 -46.5695 39.8779
      vertex -44.0222 -46.6 39.8727
    endloop
  endfacet
  facet normal 0.258868 3.9347e-05 0.965913
    outer loop
      vertex -45.9767 45.2311 40.3964
      vertex -26.11 19.75 35.0731
      vertex -45.6644 45.2954 40.3127
    endloop
  endfacet
  facet normal 0.258819 3.91762e-07 0.965926
    outer loop
      vertex -26.4478 -17.0941 35.1636
      vertex -44.2187 -46.2955 39.9253
      vertex -44.0418 -46.5695 39.8779
    endloop
  endfacet
  facet normal 0.259023 0.000168855 0.965871
    outer loop
      vertex -26.11 19.75 35.0731
      vertex -45.9767 45.2311 40.3964
      vertex -26.1491 19.6679 35.0836
    endloop
  endfacet
  facet normal 0.258896 -4.99255e-05 0.965905
    outer loop
      vertex -26.4478 -17.0941 35.1636
      vertex -44.4287 -46.0476 39.9816
      vertex -44.2187 -46.2955 39.9253
    endloop
  endfacet
  facet normal 0.258868 3.9959e-05 0.965913
    outer loop
      vertex -46.0114 45.224 40.4057
      vertex -26.1491 19.6679 35.0836
      vertex -45.9767 45.2311 40.3964
    endloop
  endfacet
  facet normal 0.257855 0.000642821 0.966183
    outer loop
      vertex -26.4478 -17.0941 35.1636
      vertex -44.452 -46.0201 39.9878
      vertex -44.4287 -46.0476 39.9816
    endloop
  endfacet
  facet normal 0.258745 -6.22542e-05 0.965946
    outer loop
      vertex -26.1491 19.6679 35.0836
      vertex -46.0114 45.224 40.4057
      vertex -26.3056 19.3394 35.1255
    endloop
  endfacet
  facet normal 0.258946 -8.52201e-05 0.965892
    outer loop
      vertex -26.4478 -17.0941 35.1636
      vertex -44.6914 -45.8028 40.052
      vertex -44.452 -46.0201 39.9878
    endloop
  endfacet
  facet normal 0.257396 -0.0011629 0.966305
    outer loop
      vertex -46.0467 45.2216 40.4151
      vertex -26.3056 19.3394 35.1255
      vertex -46.0114 45.224 40.4057
    endloop
  endfacet
  facet normal 0.25823 0.000402323 0.966083
    outer loop
      vertex -26.4478 -17.0941 35.1636
      vertex -44.718 -45.7786 40.0591
      vertex -44.6914 -45.8028 40.052
    endloop
  endfacet
  facet normal 0.259015 0.000160339 0.965873
    outer loop
      vertex -46.3644 45.2 40.5003
      vertex -26.3056 19.3394 35.1255
      vertex -46.0467 45.2216 40.4151
    endloop
  endfacet
  facet normal 0.259294 -0.000323638 0.965798
    outer loop
      vertex -26.4478 -17.0941 35.1636
      vertex -44.7474 -45.7583 40.067
      vertex -44.718 -45.7786 40.0591
    endloop
  endfacet
  facet normal 0.258901 6.6234e-05 0.965904
    outer loop
      vertex -26.3056 19.3394 35.1255
      vertex -46.3644 45.2 40.5003
      vertex -26.4193 18.9926 35.156
    endloop
  endfacet
  facet normal 0.258758 4.31181e-05 0.965942
    outer loop
      vertex -26.4478 -17.0941 35.1636
      vertex -45.0121 -45.5751 40.1379
      vertex -44.7474 -45.7583 40.067
    endloop
  endfacet
  facet normal 0.258471 -0.000284712 0.966019
    outer loop
      vertex -26.4193 18.9926 35.156
      vertex -46.3644 45.2 40.5003
      vertex -26.4478 18.9059 35.1636
    endloop
  endfacet
  facet normal 0.258377 0.000309238 0.966044
    outer loop
      vertex -26.4478 -17.0941 35.1636
      vertex -45.0439 -45.5589 40.1464
      vertex -45.0121 -45.5751 40.1379
    endloop
  endfacet
  facet normal 0.25724 -0.00128366 0.966347
    outer loop
      vertex -46.3997 45.2024 40.5097
      vertex -26.4478 18.9059 35.1636
      vertex -46.3644 45.2 40.5003
    endloop
  endfacet
  facet normal 0.25882 -1.09177e-06 0.965926
    outer loop
      vertex -26.4478 -17.0941 35.1636
      vertex -45.3294 -45.4131 40.2229
      vertex -45.0439 -45.5589 40.1464
    endloop
  endfacet
  facet normal 0.258956 0.000111053 0.965889
    outer loop
      vertex -46.7175 45.224 40.5949
      vertex -26.4478 18.9059 35.1636
      vertex -46.3997 45.2024 40.5097
    endloop
  endfacet
  facet normal 0.2589 -5.79234e-05 0.965904
    outer loop
      vertex -26.4478 -17.0941 35.1636
      vertex -45.6644 -45.2954 40.3127
      vertex -45.3294 -45.4131 40.2229
    endloop
  endfacet
  facet normal 0.258827 4.41777e-06 0.965924
    outer loop
      vertex -26.4478 18.9059 35.1636
      vertex -46.7175 45.224 40.5949
      vertex -26.534 18.4568 35.1867
    endloop
  endfacet
  facet normal 0.258868 -3.51524e-05 0.965913
    outer loop
      vertex -26.4478 -17.0941 35.1636
      vertex -45.9767 -45.2311 40.3964
      vertex -45.6644 -45.2954 40.3127
    endloop
  endfacet
  facet normal 0.258635 -0.000150452 0.965975
    outer loop
      vertex -47.0297 45.2883 40.6785
      vertex -26.534 18.4568 35.1867
      vertex -46.7175 45.224 40.5949
    endloop
  endfacet
  facet normal 0.258869 -3.51797e-05 0.965913
    outer loop
      vertex -26.4478 -17.0941 35.1636
      vertex -46.0114 -45.224 40.4057
      vertex -45.9767 -45.2311 40.3964
    endloop
  endfacet
  facet normal 0.258889 5.75569e-05 0.965907
    outer loop
      vertex -26.534 18.4568 35.1867
      vertex -47.0297 45.2883 40.6785
      vertex -26.563 18 35.1945
    endloop
  endfacet
  facet normal 0.257389 0.00106699 0.966307
    outer loop
      vertex -26.4478 -17.0941 35.1636
      vertex -46.0467 -45.2216 40.4151
      vertex -46.0114 -45.224 40.4057
    endloop
  endfacet
  facet normal 0.258886 5.48391e-05 0.965908
    outer loop
      vertex -47.0644 45.2954 40.6878
      vertex -26.563 18 35.1945
      vertex -47.0297 45.2883 40.6785
    endloop
  endfacet
  facet normal 0.259015 -0.000147029 0.965873
    outer loop
      vertex -26.4478 -17.0941 35.1636
      vertex -46.3644 -45.2 40.5003
      vertex -46.0467 -45.2216 40.4151
    endloop
  endfacet
  facet normal 0.258733 -6.81884e-05 0.965949
    outer loop
      vertex -26.563 18 35.1945
      vertex -47.0644 45.2954 40.6878
      vertex -26.534 17.5432 35.1867
    endloop
  endfacet
  facet normal 0.257246 0.00119672 0.966345
    outer loop
      vertex -26.4478 -17.0941 35.1636
      vertex -46.3997 -45.2024 40.5097
      vertex -46.3644 -45.2 40.5003
    endloop
  endfacet
  facet normal 0.258954 0.000106888 0.96589
    outer loop
      vertex -47.3994 45.4131 40.7776
      vertex -26.534 17.5432 35.1867
      vertex -47.0644 45.2954 40.6878
    endloop
  endfacet
  facet normal 0.258955 -0.000103532 0.965889
    outer loop
      vertex -26.4478 -17.0941 35.1636
      vertex -46.7175 -45.224 40.5949
      vertex -46.3997 -45.2024 40.5097
    endloop
  endfacet
  facet normal 0.258811 -7.64618e-06 0.965928
    outer loop
      vertex -26.534 17.5432 35.1867
      vertex -47.3994 45.4131 40.7776
      vertex -26.4478 17.0941 35.1636
    endloop
  endfacet
  facet normal 0.258636 0.000142716 0.965975
    outer loop
      vertex -26.4478 -17.0941 35.1636
      vertex -47.0297 -45.2883 40.6785
      vertex -46.7175 -45.224 40.5949
    endloop
  endfacet
  facet normal 0.258685 -0.000107667 0.965962
    outer loop
      vertex -47.685 45.5589 40.8541
      vertex -26.4478 17.0941 35.1636
      vertex -47.3994 45.4131 40.7776
    endloop
  endfacet
  facet normal 0.258885 -5.18118e-05 0.965908
    outer loop
      vertex -26.4478 -17.0941 35.1636
      vertex -47.0644 -45.2954 40.6878
      vertex -47.0297 -45.2883 40.6785
    endloop
  endfacet
  facet normal 0.259095 0.000220317 0.965852
    outer loop
      vertex -47.7167 45.5751 40.8626
      vertex -26.4478 17.0941 35.1636
      vertex -47.685 45.5589 40.8541
    endloop
  endfacet
  facet normal 0.258953 -0.000105063 0.96589
    outer loop
      vertex -26.4478 -17.0941 35.1636
      vertex -47.3994 -45.4131 40.7776
      vertex -47.0644 -45.2954 40.6878
    endloop
  endfacet
  facet normal 0.25882 0 0.965926
    outer loop
      vertex -26.4478 17.0941 35.1636
      vertex -47.7167 45.5751 40.8626
      vertex -26.4478 -17.0941 35.1636
    endloop
  endfacet
  facet normal 0.258685 0.000107667 0.965962
    outer loop
      vertex -26.4478 -17.0941 35.1636
      vertex -47.685 -45.5589 40.8541
      vertex -47.3994 -45.4131 40.7776
    endloop
  endfacet
  facet normal 0.25882 -0 0.965926
    outer loop
      vertex -47.7167 -45.5751 40.8626
      vertex -26.4478 -17.0941 35.1636
      vertex -47.7167 45.5751 40.8626
    endloop
  endfacet
  facet normal 0.259095 -0.000220317 0.965852
    outer loop
      vertex -26.4478 -17.0941 35.1636
      vertex -47.7167 -45.5751 40.8626
      vertex -47.685 -45.5589 40.8541
    endloop
  endfacet
  facet normal 0.258682 0 0.965963
    outer loop
      vertex -47.7462 45.5955 40.8705
      vertex -47.7167 -45.5751 40.8626
      vertex -47.7167 45.5751 40.8626
    endloop
  endfacet
  facet normal 0.258682 0 0.965963
    outer loop
      vertex -47.7462 45.5955 40.8705
      vertex -47.7462 -45.5955 40.8705
      vertex -47.7167 -45.5751 40.8626
    endloop
  endfacet
  facet normal 0.25873 0 0.96595
    outer loop
      vertex -48.0109 45.7786 40.9414
      vertex -47.7462 -45.5955 40.8705
      vertex -47.7462 45.5955 40.8705
    endloop
  endfacet
  facet normal 0.25873 0 0.96595
    outer loop
      vertex -48.0109 45.7786 40.9414
      vertex -48.0109 -45.7786 40.9414
      vertex -47.7462 -45.5955 40.8705
    endloop
  endfacet
  facet normal 0.259018 0 0.965872
    outer loop
      vertex -48.2503 45.996 41.0056
      vertex -48.0109 -45.7786 40.9414
      vertex -48.0109 45.7786 40.9414
    endloop
  endfacet
  facet normal 0.259018 0 0.965872
    outer loop
      vertex -48.2503 45.996 41.0056
      vertex -48.2503 -45.996 41.0056
      vertex -48.0109 -45.7786 40.9414
    endloop
  endfacet
  facet normal 0.257889 0 0.966175
    outer loop
      vertex -48.2769 46.0201 41.0127
      vertex -48.2503 -45.996 41.0056
      vertex -48.2503 45.996 41.0056
    endloop
  endfacet
  facet normal 0.257889 0 0.966175
    outer loop
      vertex -48.2769 46.0201 41.0127
      vertex -48.2769 -46.0201 41.0127
      vertex -48.2503 -45.996 41.0056
    endloop
  endfacet
  facet normal 0.261013 0 0.965335
    outer loop
      vertex -48.3002 46.0476 41.019
      vertex -48.2769 -46.0201 41.0127
      vertex -48.2769 46.0201 41.0127
    endloop
  endfacet
  facet normal 0.261013 0 0.965335
    outer loop
      vertex -48.3002 46.0476 41.019
      vertex -48.3002 -46.0476 41.019
      vertex -48.2769 -46.0201 41.0127
    endloop
  endfacet
  facet normal 0.258636 0 0.965975
    outer loop
      vertex -48.5101 46.2955 41.0752
      vertex -48.3002 -46.0476 41.019
      vertex -48.3002 46.0476 41.019
    endloop
  endfacet
  facet normal 0.258636 0 0.965975
    outer loop
      vertex -48.5101 46.2955 41.0752
      vertex -48.5101 -46.2955 41.0752
      vertex -48.3002 -46.0476 41.019
    endloop
  endfacet
  facet normal 0.255477 -0.00299962 0.96681
    outer loop
      vertex -60 60 44.1539
      vertex -48.5101 46.2955 41.0752
      vertex -48.5298 46.3259 41.0805
    endloop
  endfacet
  facet normal 0.258818 0 0.965926
    outer loop
      vertex -48.5101 46.2955 41.0752
      vertex -60 60 44.1539
      vertex -48.5101 -46.2955 41.0752
    endloop
  endfacet
  facet normal 0.258812 -4.0234e-06 0.965928
    outer loop
      vertex -60 60 44.1539
      vertex -48.5298 46.3259 41.0805
      vertex -48.7067 46.6 41.1279
    endloop
  endfacet
  facet normal 0.258818 -0 0.965926
    outer loop
      vertex -60 -60 44.1539
      vertex -48.5101 -46.2955 41.0752
      vertex -60 60 44.1539
    endloop
  endfacet
  facet normal 0.25904 0.000201873 0.965867
    outer loop
      vertex -60 60 44.1539
      vertex -48.7067 46.6 41.1279
      vertex -48.8475 46.8956 41.1656
    endloop
  endfacet
  facet normal 0.255477 0.00299962 0.96681
    outer loop
      vertex -48.5101 -46.2955 41.0752
      vertex -60 -60 44.1539
      vertex -48.5298 -46.3259 41.0805
    endloop
  endfacet
  facet normal 0.259317 0.000454259 0.965792
    outer loop
      vertex -60 60 44.1539
      vertex -48.8475 46.8956 41.1656
      vertex -48.8632 46.9285 41.1698
    endloop
  endfacet
  facet normal 0.258812 4.0234e-06 0.965928
    outer loop
      vertex -48.5298 -46.3259 41.0805
      vertex -60 -60 44.1539
      vertex -48.7067 -46.6 41.1279
    endloop
  endfacet
  facet normal 0.25865 -0.000154583 0.965971
    outer loop
      vertex -60 60 44.1539
      vertex -48.8632 46.9285 41.1698
      vertex -48.9769 47.2753 41.2003
    endloop
  endfacet
  facet normal 0.25904 -0.000201873 0.965867
    outer loop
      vertex -48.7067 -46.6 41.1279
      vertex -60 -60 44.1539
      vertex -48.8475 -46.8956 41.1656
    endloop
  endfacet
  facet normal 0.260633 0.00168758 0.965436
    outer loop
      vertex -60 60 44.1539
      vertex -48.9769 47.2753 41.2003
      vertex -48.9838 47.3112 41.2021
    endloop
  endfacet
  facet normal 0.259317 -0.000454259 0.965792
    outer loop
      vertex -48.8475 -46.8956 41.1656
      vertex -60 -60 44.1539
      vertex -48.8632 -46.9285 41.1698
    endloop
  endfacet
  facet normal 0.258572 -0.000231178 0.965992
    outer loop
      vertex -60 60 44.1539
      vertex -48.9838 47.3112 41.2021
      vertex -49.0459 47.6345 41.2188
    endloop
  endfacet
  facet normal 0.25865 0.000154583 0.965971
    outer loop
      vertex -48.8632 -46.9285 41.1698
      vertex -60 -60 44.1539
      vertex -48.9769 -47.2753 41.2003
    endloop
  endfacet
  facet normal 0.258784 -2.9775e-05 0.965935
    outer loop
      vertex -60 60 44.1539
      vertex -49.0459 47.6345 41.2188
      vertex -49.069 48 41.225
    endloop
  endfacet
  facet normal 0.260633 -0.00168758 0.965436
    outer loop
      vertex -48.9769 -47.2753 41.2003
      vertex -60 -60 44.1539
      vertex -48.9838 -47.3112 41.2021
    endloop
  endfacet
  facet normal 0.258821 0.000272019 0.965925
    outer loop
      vertex -20.0979 16.5785 33.4622
      vertex 20.0979 16.5785 22.6917
      vertex -20.0588 16.6606 33.4517
    endloop
  endfacet
  facet normal 0.258823 -0.000118708 0.965925
    outer loop
      vertex 20.5001 -15.8693 22.584
      vertex -19.8304 -17.5432 33.3905
      vertex -19.8015 -18 33.3827
    endloop
  endfacet
  facet normal 0.258821 0.000100894 0.965925
    outer loop
      vertex 20.0979 16.5785 22.6917
      vertex -20.0979 16.5785 33.4622
      vertex 20.2544 16.25 22.6498
    endloop
  endfacet
  facet normal 0.258817 5.11298e-05 0.965927
    outer loop
      vertex 20.5001 -15.8693 22.584
      vertex -19.9167 -17.0941 33.4136
      vertex -19.8304 -17.5432 33.3905
    endloop
  endfacet
  facet normal 0.258819 -0.000100114 0.965926
    outer loop
      vertex -20.2544 16.25 33.5041
      vertex 20.2544 16.25 22.6498
      vertex -20.0979 16.5785 33.4622
    endloop
  endfacet
  facet normal 0.258821 -9.46341e-05 0.965925
    outer loop
      vertex 20.5001 -15.8693 22.584
      vertex -20.0304 -16.7473 33.4441
      vertex -19.9167 -17.0941 33.4136
    endloop
  endfacet
  facet normal 0.258819 8.90953e-05 0.965926
    outer loop
      vertex 20.2544 16.25 22.6498
      vertex -20.2544 16.25 33.5041
      vertex 20.5001 15.8693 22.584
    endloop
  endfacet
  facet normal 0.258817 0.000107823 0.965926
    outer loop
      vertex 20.5001 -15.8693 22.584
      vertex -20.0588 -16.6606 33.4517
      vertex -20.0304 -16.7473 33.4441
    endloop
  endfacet
  facet normal 0.258817 -8.80275e-05 0.965926
    outer loop
      vertex -20.5001 15.8693 33.5699
      vertex 20.5001 15.8693 22.584
      vertex -20.2544 16.25 33.5041
    endloop
  endfacet
  facet normal 0.258823 -0.000270559 0.965925
    outer loop
      vertex 20.5001 -15.8693 22.584
      vertex -20.0979 -16.5785 33.4622
      vertex -20.0588 -16.6606 33.4517
    endloop
  endfacet
  facet normal 0.258817 0 0.965926
    outer loop
      vertex 20.5001 15.8693 22.584
      vertex -20.5001 15.8693 33.5699
      vertex 20.5001 -15.8693 22.584
    endloop
  endfacet
  facet normal 0.258817 9.9276e-05 0.965926
    outer loop
      vertex 20.5001 -15.8693 22.584
      vertex -20.2544 -16.25 33.5041
      vertex -20.0979 -16.5785 33.4622
    endloop
  endfacet
  facet normal 0.258817 -0 0.965926
    outer loop
      vertex -20.5001 -15.8693 33.5699
      vertex 20.5001 -15.8693 22.584
      vertex -20.5001 15.8693 33.5699
    endloop
  endfacet
  facet normal 0.258817 8.80275e-05 0.965926
    outer loop
      vertex 20.5001 -15.8693 22.584
      vertex -20.5001 -15.8693 33.5699
      vertex -20.2544 -16.25 33.5041
    endloop
  endfacet
  facet normal 0.259023 0 0.965871
    outer loop
      vertex -20.7917 15.5251 33.6481
      vertex -20.5001 -15.8693 33.5699
      vertex -20.5001 15.8693 33.5699
    endloop
  endfacet
  facet normal 0.259023 0 0.965871
    outer loop
      vertex -20.7917 15.5251 33.6481
      vertex -20.7917 -15.5251 33.6481
      vertex -20.5001 -15.8693 33.5699
    endloop
  endfacet
  facet normal 0.258567 0 0.965993
    outer loop
      vertex -21.0577 15.2836 33.7193
      vertex -20.7917 -15.5251 33.6481
      vertex -20.7917 15.5251 33.6481
    endloop
  endfacet
  facet normal 0.258567 0 0.965993
    outer loop
      vertex -21.0577 15.2836 33.7193
      vertex -21.0577 -15.2836 33.7193
      vertex -20.7917 -15.5251 33.6481
    endloop
  endfacet
  facet normal 0.259921 0 0.96563
    outer loop
      vertex -21.1242 15.2233 33.7372
      vertex -21.0577 -15.2836 33.7193
      vertex -21.0577 15.2836 33.7193
    endloop
  endfacet
  facet normal 0.259921 0 0.96563
    outer loop
      vertex -21.1242 15.2233 33.7372
      vertex -21.1242 -15.2233 33.7372
      vertex -21.0577 -15.2836 33.7193
    endloop
  endfacet
  facet normal 0.258824 0 0.965925
    outer loop
      vertex -21.4918 14.9689 33.8357
      vertex -21.1242 -15.2233 33.7372
      vertex -21.1242 15.2233 33.7372
    endloop
  endfacet
  facet normal 0.258824 0 0.965925
    outer loop
      vertex -21.4918 14.9689 33.8357
      vertex -21.4918 -14.9689 33.8357
      vertex -21.1242 -15.2233 33.7372
    endloop
  endfacet
  facet normal 0.257966 0 0.966154
    outer loop
      vertex -21.5712 14.9284 33.8569
      vertex -21.4918 -14.9689 33.8357
      vertex -21.4918 14.9689 33.8357
    endloop
  endfacet
  facet normal 0.257966 0 0.966154
    outer loop
      vertex -21.5712 14.9284 33.8569
      vertex -21.5712 -14.9284 33.8569
      vertex -21.4918 -14.9689 33.8357
    endloop
  endfacet
  facet normal 0.258761 0 0.965941
    outer loop
      vertex -21.8885 14.7664 33.9419
      vertex -21.5712 -14.9284 33.8569
      vertex -21.5712 14.9284 33.8569
    endloop
  endfacet
  facet normal 0.258761 0 0.965941
    outer loop
      vertex -21.8885 14.7664 33.9419
      vertex -21.8885 -14.7664 33.9419
      vertex -21.5712 -14.9284 33.8569
    endloop
  endfacet
  facet normal 0.258919 0 0.965899
    outer loop
      vertex -22.2235 14.6487 34.0317
      vertex -21.8885 -14.7664 33.9419
      vertex -21.8885 14.7664 33.9419
    endloop
  endfacet
  facet normal 0.258919 0 0.965899
    outer loop
      vertex -22.2235 14.6487 34.0317
      vertex -22.2235 -14.6487 34.0317
      vertex -21.8885 -14.7664 33.9419
    endloop
  endfacet
  facet normal 0.259601 0 0.965716
    outer loop
      vertex -22.3072 14.6193 34.0542
      vertex -22.2235 -14.6487 34.0317
      vertex -22.2235 14.6487 34.0317
    endloop
  endfacet
  facet normal 0.259601 0 0.965716
    outer loop
      vertex -22.3072 14.6193 34.0542
      vertex -22.3072 -14.6193 34.0542
      vertex -22.2235 -14.6487 34.0317
    endloop
  endfacet
  facet normal 0.258217 0 0.966087
    outer loop
      vertex -22.394 14.6014 34.0774
      vertex -22.3072 -14.6193 34.0542
      vertex -22.3072 14.6193 34.0542
    endloop
  endfacet
  facet normal 0.258217 0 0.966087
    outer loop
      vertex -22.394 14.6014 34.0774
      vertex -22.394 -14.6014 34.0774
      vertex -22.3072 -14.6193 34.0542
    endloop
  endfacet
  facet normal 0.258945 0 0.965892
    outer loop
      vertex -22.7409 14.5299 34.1704
      vertex -22.394 -14.6014 34.0774
      vertex -22.394 14.6014 34.0774
    endloop
  endfacet
  facet normal 0.258945 0 0.965892
    outer loop
      vertex -22.7409 14.5299 34.1704
      vertex -22.7409 -14.5299 34.1704
      vertex -22.394 -14.6014 34.0774
    endloop
  endfacet
  facet normal 0.258786 0 0.965935
    outer loop
      vertex -23.094 14.506 34.265
      vertex -22.7409 -14.5299 34.1704
      vertex -22.7409 14.5299 34.1704
    endloop
  endfacet
  facet normal 0.258786 0 0.965935
    outer loop
      vertex -23.094 14.506 34.265
      vertex -23.094 -14.506 34.265
      vertex -22.7409 -14.5299 34.1704
    endloop
  endfacet
  facet normal 0.258481 0 0.966016
    outer loop
      vertex -23.1822 14.5 34.2886
      vertex -23.094 -14.506 34.265
      vertex -23.094 14.506 34.265
    endloop
  endfacet
  facet normal 0.258481 0 0.966016
    outer loop
      vertex -23.1822 14.5 34.2886
      vertex -23.1822 -14.5 34.2886
      vertex -23.094 -14.506 34.265
    endloop
  endfacet
  facet normal 0.258855 0 0.965916
    outer loop
      vertex -23.5352 14.524 34.3832
      vertex -23.1822 -14.5 34.2886
      vertex -23.1822 14.5 34.2886
    endloop
  endfacet
  facet normal 0.258855 0 0.965916
    outer loop
      vertex -23.5352 14.524 34.3832
      vertex -23.5352 -14.524 34.3832
      vertex -23.1822 -14.5 34.2886
    endloop
  endfacet
  facet normal 0.258207 0 0.96609
    outer loop
      vertex -23.6235 14.5299 34.4068
      vertex -23.5352 -14.524 34.3832
      vertex -23.5352 14.524 34.3832
    endloop
  endfacet
  facet normal 0.258207 0 0.96609
    outer loop
      vertex -23.6235 14.5299 34.4068
      vertex -23.6235 -14.5299 34.4068
      vertex -23.5352 -14.524 34.3832
    endloop
  endfacet
  facet normal 0.259534 0 0.965734
    outer loop
      vertex -23.7102 14.5478 34.4301
      vertex -23.6235 -14.5299 34.4068
      vertex -23.6235 14.5299 34.4068
    endloop
  endfacet
  facet normal 0.259534 0 0.965734
    outer loop
      vertex -23.7102 14.5478 34.4301
      vertex -23.7102 -14.5478 34.4301
      vertex -23.6235 -14.5299 34.4068
    endloop
  endfacet
  facet normal 0.258875 0 0.965911
    outer loop
      vertex -24.0572 14.6193 34.5231
      vertex -23.7102 -14.5478 34.4301
      vertex -23.7102 14.5478 34.4301
    endloop
  endfacet
  facet normal 0.258875 0 0.965911
    outer loop
      vertex -24.0572 14.6193 34.5231
      vertex -24.0572 -14.6193 34.5231
      vertex -23.7102 -14.5478 34.4301
    endloop
  endfacet
  facet normal 0.25865 0 0.965971
    outer loop
      vertex -24.3922 14.737 34.6128
      vertex -24.0572 -14.6193 34.5231
      vertex -24.0572 14.6193 34.5231
    endloop
  endfacet
  facet normal 0.25865 0 0.965971
    outer loop
      vertex -24.3922 14.737 34.6128
      vertex -24.3922 -14.737 34.6128
      vertex -24.0572 -14.6193 34.5231
    endloop
  endfacet
  facet normal 0.259312 0 0.965794
    outer loop
      vertex -24.476 14.7664 34.6353
      vertex -24.3922 -14.737 34.6128
      vertex -24.3922 14.737 34.6128
    endloop
  endfacet
  facet normal 0.259312 0 0.965794
    outer loop
      vertex -24.476 14.7664 34.6353
      vertex -24.476 -14.7664 34.6353
      vertex -24.3922 -14.737 34.6128
    endloop
  endfacet
  facet normal 0.258663 0 0.965968
    outer loop
      vertex -24.8726 14.9689 34.7415
      vertex -24.476 -14.7664 34.6353
      vertex -24.476 14.7664 34.6353
    endloop
  endfacet
  facet normal 0.258663 0 0.965968
    outer loop
      vertex -24.8726 14.9689 34.7415
      vertex -24.8726 -14.9689 34.7415
      vertex -24.476 -14.7664 34.6353
    endloop
  endfacet
  facet normal 0.259003 0 0.965877
    outer loop
      vertex -25.2403 15.2233 34.8401
      vertex -24.8726 -14.9689 34.7415
      vertex -24.8726 14.9689 34.7415
    endloop
  endfacet
  facet normal 0.259003 0 0.965877
    outer loop
      vertex -25.2403 15.2233 34.8401
      vertex -25.2403 -15.2233 34.8401
      vertex -24.8726 -14.9689 34.7415
    endloop
  endfacet
  facet normal 0.258838 0 0.965921
    outer loop
      vertex -25.5728 15.5251 34.9292
      vertex -25.2403 -15.2233 34.8401
      vertex -25.2403 15.2233 34.8401
    endloop
  endfacet
  facet normal 0.258838 0 0.965921
    outer loop
      vertex -25.5728 15.5251 34.9292
      vertex -25.5728 -15.5251 34.9292
      vertex -25.2403 -15.2233 34.8401
    endloop
  endfacet
  facet normal 0.258797 0 0.965932
    outer loop
      vertex -25.8643 15.8693 35.0073
      vertex -25.5728 -15.5251 34.9292
      vertex -25.5728 15.5251 34.9292
    endloop
  endfacet
  facet normal 0.258797 0 0.965932
    outer loop
      vertex -25.8643 15.8693 35.0073
      vertex -25.8643 -15.8693 35.0073
      vertex -25.5728 -15.5251 34.9292
    endloop
  endfacet
  facet normal 0.25869 0 0.96596
    outer loop
      vertex -26.11 16.25 35.0731
      vertex -25.8643 -15.8693 35.0073
      vertex -25.8643 15.8693 35.0073
    endloop
  endfacet
  facet normal 0.25869 0 0.96596
    outer loop
      vertex -26.11 16.25 35.0731
      vertex -26.11 -16.25 35.0731
      vertex -25.8643 -15.8693 35.0073
    endloop
  endfacet
  facet normal 0.259353 0 0.965782
    outer loop
      vertex -26.1491 16.3321 35.0836
      vertex -26.11 -16.25 35.0731
      vertex -26.11 16.25 35.0731
    endloop
  endfacet
  facet normal 0.259353 0 0.965782
    outer loop
      vertex -26.1491 16.3321 35.0836
      vertex -26.1491 -16.3321 35.0836
      vertex -26.11 -16.25 35.0731
    endloop
  endfacet
  facet normal 0.258623 0 0.965978
    outer loop
      vertex -26.3056 16.6606 35.1255
      vertex -26.1491 -16.3321 35.0836
      vertex -26.1491 16.3321 35.0836
    endloop
  endfacet
  facet normal 0.258623 0 0.965978
    outer loop
      vertex -26.3056 16.6606 35.1255
      vertex -26.3056 -16.6606 35.1255
      vertex -26.1491 -16.3321 35.0836
    endloop
  endfacet
  facet normal 0.25909 0 0.965853
    outer loop
      vertex -26.4193 17.0074 35.156
      vertex -26.3056 -16.6606 35.1255
      vertex -26.3056 16.6606 35.1255
    endloop
  endfacet
  facet normal 0.25909 0 0.965853
    outer loop
      vertex -26.4193 17.0074 35.156
      vertex -26.4193 -17.0074 35.156
      vertex -26.3056 -16.6606 35.1255
    endloop
  endfacet
  facet normal 0.257663 0 0.966235
    outer loop
      vertex -26.4478 17.0941 35.1636
      vertex -26.4193 -17.0074 35.156
      vertex -26.4193 17.0074 35.156
    endloop
  endfacet
  facet normal 0.257663 0 0.966235
    outer loop
      vertex -26.4478 17.0941 35.1636
      vertex -26.4478 -17.0941 35.1636
      vertex -26.4193 -17.0074 35.156
    endloop
  endfacet
  facet normal 0.258936 9.74918e-05 0.965895
    outer loop
      vertex -44.6914 45.8028 40.052
      vertex -24.8726 21.0311 34.7415
      vertex -44.452 46.0201 39.9878
    endloop
  endfacet
  facet normal 0.258939 9.98511e-05 0.965894
    outer loop
      vertex -24.8726 21.0311 34.7415
      vertex -44.6914 45.8028 40.052
      vertex -25.2403 20.7767 34.8401
    endloop
  endfacet
  facet normal 0.257951 -0.000729793 0.966158
    outer loop
      vertex -44.452 46.0201 39.9878
      vertex -24.8726 21.0311 34.7415
      vertex -44.4287 46.0476 39.9816
    endloop
  endfacet
  facet normal 0.258274 -0.000453728 0.966072
    outer loop
      vertex -44.718 45.7786 40.0591
      vertex -25.2403 20.7767 34.8401
      vertex -44.6914 45.8028 40.052
    endloop
  endfacet
  facet normal 0.25881 7.86566e-06 0.965928
    outer loop
      vertex 26.4478 17.0941 20.9903
      vertex 47.7167 45.5751 15.2913
      vertex 26.534 17.5432 20.9672
    endloop
  endfacet
  facet normal 0.258175 -0.000528907 0.966098
    outer loop
      vertex 47.7167 -45.5751 15.2913
      vertex 26.5572 -17.9086 20.961
      vertex 26.563 -18 20.9594
    endloop
  endfacet
  facet normal 0.25882 0 0.965926
    outer loop
      vertex 47.7167 45.5751 15.2913
      vertex 26.4478 17.0941 20.9903
      vertex 47.7167 -45.5751 15.2913
    endloop
  endfacet
  facet normal 0.258878 4.74303e-05 0.96591
    outer loop
      vertex 47.7167 -45.5751 15.2913
      vertex 26.534 -17.5432 20.9672
      vertex 26.5572 -17.9086 20.961
    endloop
  endfacet
  facet normal 0.25882 -0 0.965926
    outer loop
      vertex 26.4478 -17.0941 20.9903
      vertex 47.7167 -45.5751 15.2913
      vertex 26.4478 17.0941 20.9903
    endloop
  endfacet
  facet normal 0.25881 -7.86566e-06 0.965928
    outer loop
      vertex 47.7167 -45.5751 15.2913
      vertex 26.4478 -17.0941 20.9903
      vertex 26.534 -17.5432 20.9672
    endloop
  endfacet
  facet normal 0.257663 0 0.966235
    outer loop
      vertex 26.4193 17.0074 20.9979
      vertex 26.4478 -17.0941 20.9903
      vertex 26.4478 17.0941 20.9903
    endloop
  endfacet
  facet normal 0.257663 0 0.966235
    outer loop
      vertex 26.4193 17.0074 20.9979
      vertex 26.4193 -17.0074 20.9979
      vertex 26.4478 -17.0941 20.9903
    endloop
  endfacet
  facet normal 0.25909 0 0.965853
    outer loop
      vertex 26.3056 16.6606 21.0284
      vertex 26.4193 -17.0074 20.9979
      vertex 26.4193 17.0074 20.9979
    endloop
  endfacet
  facet normal 0.25909 0 0.965853
    outer loop
      vertex 26.3056 16.6606 21.0284
      vertex 26.3056 -16.6606 21.0284
      vertex 26.4193 -17.0074 20.9979
    endloop
  endfacet
  facet normal 0.258769 0 0.965939
    outer loop
      vertex 26.11 16.25 21.0808
      vertex 26.3056 -16.6606 21.0284
      vertex 26.3056 16.6606 21.0284
    endloop
  endfacet
  facet normal 0.258769 0 0.965939
    outer loop
      vertex 26.11 16.25 21.0808
      vertex 26.11 -16.25 21.0808
      vertex 26.3056 -16.6606 21.0284
    endloop
  endfacet
  facet normal 0.25869 0 0.96596
    outer loop
      vertex 25.8643 15.8693 21.1466
      vertex 26.11 -16.25 21.0808
      vertex 26.11 16.25 21.0808
    endloop
  endfacet
  facet normal 0.25869 0 0.96596
    outer loop
      vertex 25.8643 15.8693 21.1466
      vertex 25.8643 -15.8693 21.1466
      vertex 26.11 -16.25 21.0808
    endloop
  endfacet
  facet normal 0.259106 0 0.965849
    outer loop
      vertex 25.5728 15.5251 21.2248
      vertex 25.8643 -15.8693 21.1466
      vertex 25.8643 15.8693 21.1466
    endloop
  endfacet
  facet normal 0.259106 0 0.965849
    outer loop
      vertex 25.5728 15.5251 21.2248
      vertex 25.5728 -15.5251 21.2248
      vertex 25.8643 -15.8693 21.1466
    endloop
  endfacet
  facet normal 0.258567 0 0.965993
    outer loop
      vertex 25.3068 15.2836 21.296
      vertex 25.5728 -15.5251 21.2248
      vertex 25.5728 15.5251 21.2248
    endloop
  endfacet
  facet normal 0.258567 0 0.965993
    outer loop
      vertex 25.3068 15.2836 21.296
      vertex 25.3068 -15.2836 21.296
      vertex 25.5728 -15.5251 21.2248
    endloop
  endfacet
  facet normal 0.258567 0 0.965993
    outer loop
      vertex 25.2403 15.2233 21.3138
      vertex 25.3068 -15.2836 21.296
      vertex 25.3068 15.2836 21.296
    endloop
  endfacet
  facet normal 0.258567 0 0.965993
    outer loop
      vertex 25.2403 15.2233 21.3138
      vertex 25.2403 -15.2233 21.3138
      vertex 25.3068 -15.2836 21.296
    endloop
  endfacet
  facet normal 0.259003 0 0.965877
    outer loop
      vertex 24.8726 14.9689 21.4124
      vertex 25.2403 -15.2233 21.3138
      vertex 25.2403 15.2233 21.3138
    endloop
  endfacet
  facet normal 0.259003 0 0.965877
    outer loop
      vertex 24.8726 14.9689 21.4124
      vertex 24.8726 -14.9689 21.4124
      vertex 25.2403 -15.2233 21.3138
    endloop
  endfacet
  facet normal 0.258269 0 0.966073
    outer loop
      vertex 24.7933 14.9284 21.4336
      vertex 24.8726 -14.9689 21.4124
      vertex 24.8726 14.9689 21.4124
    endloop
  endfacet
  facet normal 0.258269 0 0.966073
    outer loop
      vertex 24.7933 14.9284 21.4336
      vertex 24.7933 -14.9284 21.4336
      vertex 24.8726 -14.9689 21.4124
    endloop
  endfacet
  facet normal 0.258761 0 0.965941
    outer loop
      vertex 24.476 14.7664 21.5186
      vertex 24.7933 -14.9284 21.4336
      vertex 24.7933 14.9284 21.4336
    endloop
  endfacet
  facet normal 0.258761 0 0.965941
    outer loop
      vertex 24.476 14.7664 21.5186
      vertex 24.476 -14.7664 21.5186
      vertex 24.7933 -14.9284 21.4336
    endloop
  endfacet
  facet normal 0.258782 0 0.965936
    outer loop
      vertex 24.0572 14.6193 21.6308
      vertex 24.476 -14.7664 21.5186
      vertex 24.476 14.7664 21.5186
    endloop
  endfacet
  facet normal 0.258782 0 0.965936
    outer loop
      vertex 24.0572 14.6193 21.6308
      vertex 24.0572 -14.6193 21.6308
      vertex 24.476 -14.7664 21.5186
    endloop
  endfacet
  facet normal 0.258875 0 0.965911
    outer loop
      vertex 23.7102 14.5478 21.7238
      vertex 24.0572 -14.6193 21.6308
      vertex 24.0572 14.6193 21.6308
    endloop
  endfacet
  facet normal 0.258875 0 0.965911
    outer loop
      vertex 23.7102 14.5478 21.7238
      vertex 23.7102 -14.5478 21.7238
      vertex 24.0572 -14.6193 21.6308
    endloop
  endfacet
  facet normal 0.259534 0 0.965734
    outer loop
      vertex 23.6235 14.5299 21.7471
      vertex 23.7102 -14.5478 21.7238
      vertex 23.7102 14.5478 21.7238
    endloop
  endfacet
  facet normal 0.259534 0 0.965734
    outer loop
      vertex 23.6235 14.5299 21.7471
      vertex 23.6235 -14.5299 21.7471
      vertex 23.7102 -14.5478 21.7238
    endloop
  endfacet
  facet normal 0.258725 0 0.965951
    outer loop
      vertex 23.1822 14.5 21.8653
      vertex 23.6235 -14.5299 21.7471
      vertex 23.6235 14.5299 21.7471
    endloop
  endfacet
  facet normal 0.258725 0 0.965951
    outer loop
      vertex 23.1822 14.5 21.8653
      vertex 23.1822 -14.5 21.8653
      vertex 23.6235 -14.5299 21.7471
    endloop
  endfacet
  facet normal 0.258725 0 0.965951
    outer loop
      vertex 22.7409 14.5299 21.9835
      vertex 23.1822 -14.5 21.8653
      vertex 23.1822 14.5 21.8653
    endloop
  endfacet
  facet normal 0.258725 0 0.965951
    outer loop
      vertex 22.7409 14.5299 21.9835
      vertex 22.7409 -14.5299 21.9835
      vertex 23.1822 -14.5 21.8653
    endloop
  endfacet
  facet normal 0.258945 0 0.965892
    outer loop
      vertex 22.394 14.6014 22.0765
      vertex 22.7409 -14.5299 21.9835
      vertex 22.7409 14.5299 21.9835
    endloop
  endfacet
  facet normal 0.258945 0 0.965892
    outer loop
      vertex 22.394 14.6014 22.0765
      vertex 22.394 -14.6014 22.0765
      vertex 22.7409 -14.5299 21.9835
    endloop
  endfacet
  facet normal 0.259255 0 0.965809
    outer loop
      vertex 22.3072 14.6193 22.0998
      vertex 22.394 -14.6014 22.0765
      vertex 22.394 14.6014 22.0765
    endloop
  endfacet
  facet normal 0.259255 0 0.965809
    outer loop
      vertex 22.3072 14.6193 22.0998
      vertex 22.3072 -14.6193 22.0998
      vertex 22.394 -14.6014 22.0765
    endloop
  endfacet
  facet normal 0.258525 0 0.966005
    outer loop
      vertex 22.2235 14.6487 22.1222
      vertex 22.3072 -14.6193 22.0998
      vertex 22.3072 14.6193 22.0998
    endloop
  endfacet
  facet normal 0.258525 0 0.966005
    outer loop
      vertex 22.2235 14.6487 22.1222
      vertex 22.2235 -14.6487 22.1222
      vertex 22.3072 -14.6193 22.0998
    endloop
  endfacet
  facet normal 0.258919 0 0.965899
    outer loop
      vertex 21.8885 14.7664 22.212
      vertex 22.2235 -14.6487 22.1222
      vertex 22.2235 14.6487 22.1222
    endloop
  endfacet
  facet normal 0.258919 0 0.965899
    outer loop
      vertex 21.8885 14.7664 22.212
      vertex 21.8885 -14.7664 22.212
      vertex 22.2235 -14.6487 22.1222
    endloop
  endfacet
  facet normal 0.257966 0 0.966154
    outer loop
      vertex 21.8091 14.8069 22.2332
      vertex 21.8885 -14.7664 22.212
      vertex 21.8885 14.7664 22.212
    endloop
  endfacet
  facet normal 0.257966 0 0.966154
    outer loop
      vertex 21.8091 14.8069 22.2332
      vertex 21.8091 -14.8069 22.2332
      vertex 21.8885 -14.7664 22.212
    endloop
  endfacet
  facet normal 0.258761 0 0.965941
    outer loop
      vertex 21.4918 14.9689 22.3182
      vertex 21.8091 -14.8069 22.2332
      vertex 21.8091 14.8069 22.2332
    endloop
  endfacet
  facet normal 0.258761 0 0.965941
    outer loop
      vertex 21.4918 14.9689 22.3182
      vertex 21.4918 -14.9689 22.3182
      vertex 21.8091 -14.8069 22.2332
    endloop
  endfacet
  facet normal 0.258807 0 0.965929
    outer loop
      vertex 21.1977 15.1724 22.397
      vertex 21.4918 -14.9689 22.3182
      vertex 21.4918 14.9689 22.3182
    endloop
  endfacet
  facet normal 0.258807 0 0.965929
    outer loop
      vertex 21.1977 15.1724 22.397
      vertex 21.1977 -15.1724 22.397
      vertex 21.4918 -14.9689 22.3182
    endloop
  endfacet
  facet normal 0.260115 0 0.965578
    outer loop
      vertex 21.1242 15.2233 22.4168
      vertex 21.1977 -15.1724 22.397
      vertex 21.1977 15.1724 22.397
    endloop
  endfacet
  facet normal 0.260115 0 0.965578
    outer loop
      vertex 21.1242 15.2233 22.4168
      vertex 21.1242 -15.2233 22.4168
      vertex 21.1977 -15.1724 22.397
    endloop
  endfacet
  facet normal 0.258567 0 0.965993
    outer loop
      vertex 20.8582 15.4648 22.488
      vertex 21.1242 -15.2233 22.4168
      vertex 21.1242 15.2233 22.4168
    endloop
  endfacet
  facet normal 0.258567 0 0.965993
    outer loop
      vertex 20.8582 15.4648 22.488
      vertex 20.8582 -15.4648 22.488
      vertex 21.1242 -15.2233 22.4168
    endloop
  endfacet
  facet normal 0.258567 0 0.965993
    outer loop
      vertex 20.7917 15.5251 22.5058
      vertex 20.8582 -15.4648 22.488
      vertex 20.8582 15.4648 22.488
    endloop
  endfacet
  facet normal 0.258567 0 0.965993
    outer loop
      vertex 20.7917 15.5251 22.5058
      vertex 20.7917 -15.5251 22.5058
      vertex 20.8582 -15.4648 22.488
    endloop
  endfacet
  facet normal 0.260033 0 0.9656
    outer loop
      vertex 20.7334 15.594 22.5215
      vertex 20.7917 -15.5251 22.5058
      vertex 20.7917 15.5251 22.5058
    endloop
  endfacet
  facet normal 0.260033 0 0.9656
    outer loop
      vertex 20.7334 15.594 22.5215
      vertex 20.7334 -15.594 22.5215
      vertex 20.7917 -15.5251 22.5058
    endloop
  endfacet
  facet normal 0.258771 0 0.965939
    outer loop
      vertex 20.5001 15.8693 22.584
      vertex 20.7334 -15.594 22.5215
      vertex 20.7334 15.594 22.5215
    endloop
  endfacet
  facet normal 0.258771 0 0.965939
    outer loop
      vertex 20.5001 15.8693 22.584
      vertex 20.5001 -15.8693 22.584
      vertex 20.7334 -15.594 22.5215
    endloop
  endfacet
  facet normal 0.25882 0.000109027 0.965926
    outer loop
      vertex 20.0304 16.7473 22.7098
      vertex -20.0304 16.7473 33.4441
      vertex 20.0588 16.6606 22.7022
    endloop
  endfacet
  facet normal 0.25882 -0.000108873 0.965926
    outer loop
      vertex -20.0588 16.6606 33.4517
      vertex 20.0588 16.6606 22.7022
      vertex -20.0304 16.7473 33.4441
    endloop
  endfacet
  facet normal 0.25882 9.4867e-05 0.965926
    outer loop
      vertex -20.0304 16.7473 33.4441
      vertex 20.0304 16.7473 22.7098
      vertex -19.9167 17.0941 33.4136
    endloop
  endfacet
  facet normal 0.25882 -0.000272549 0.965926
    outer loop
      vertex 20.0588 16.6606 22.7022
      vertex -20.0588 16.6606 33.4517
      vertex 20.0979 16.5785 22.6917
    endloop
  endfacet
  facet normal 0.258818 -9.54086e-05 0.965926
    outer loop
      vertex 19.9167 17.0941 22.7403
      vertex -19.9167 17.0941 33.4136
      vertex 20.0304 16.7473 22.7098
    endloop
  endfacet
  facet normal 0.258822 -9.09466e-05 0.965925
    outer loop
      vertex 20.5001 -15.8693 22.584
      vertex -19.8015 -18 33.3827
      vertex 20.2544 -16.25 22.6498
    endloop
  endfacet
  facet normal 0.258818 -5.15247e-05 0.965926
    outer loop
      vertex -19.9167 17.0941 33.4136
      vertex 19.9167 17.0941 22.7403
      vertex -19.8304 17.5432 33.3905
    endloop
  endfacet
  facet normal 0.258822 -0.000101705 0.965925
    outer loop
      vertex 20.2544 -16.25 22.6498
      vertex -19.8015 -18 33.3827
      vertex 20.0979 -16.5785 22.6917
    endloop
  endfacet
  facet normal 0.258823 0.000382896 0.965925
    outer loop
      vertex 19.8994 17.1839 22.7449
      vertex -19.8304 17.5432 33.3905
      vertex 19.9167 17.0941 22.7403
    endloop
  endfacet
  facet normal 0.25881 0.000277646 0.965928
    outer loop
      vertex 20.0979 -16.5785 22.6917
      vertex -19.8015 -18 33.3827
      vertex 20.0588 -16.6606 22.7022
    endloop
  endfacet
  facet normal 0.25882 -3.08348e-05 0.965926
    outer loop
      vertex 19.8304 17.5432 22.7634
      vertex -19.8304 17.5432 33.3905
      vertex 19.8994 17.1839 22.7449
    endloop
  endfacet
  facet normal 0.258822 -0.000109631 0.965925
    outer loop
      vertex 20.0588 -16.6606 22.7022
      vertex -19.8015 -18 33.3827
      vertex 20.0304 -16.7473 22.7098
    endloop
  endfacet
  facet normal 0.25882 0.00011895 0.965926
    outer loop
      vertex -19.8304 17.5432 33.3905
      vertex 19.8304 17.5432 22.7634
      vertex -19.8015 18 33.3827
    endloop
  endfacet
  facet normal 0.258816 9.63873e-05 0.965927
    outer loop
      vertex 20.0304 -16.7473 22.7098
      vertex -19.8015 -18 33.3827
      vertex 19.9167 -17.0941 22.7403
    endloop
  endfacet
  facet normal 0.258818 -2.74974e-05 0.965926
    outer loop
      vertex -19.8015 18 33.3827
      vertex 19.8304 17.5432 22.7634
      vertex 19.8073 17.9086 22.7696
    endloop
  endfacet
  facet normal 0.258826 -0.000383484 0.965924
    outer loop
      vertex 19.9167 -17.0941 22.7403
      vertex -19.8015 -18 33.3827
      vertex 19.8994 -17.1839 22.7449
    endloop
  endfacet
  facet normal 0.258817 -0.000485163 0.965926
    outer loop
      vertex -19.8015 18 33.3827
      vertex 19.8073 17.9086 22.7696
      vertex 19.8015 18 22.7712
    endloop
  endfacet
  facet normal 0.258818 3.11671e-05 0.965926
    outer loop
      vertex 19.8994 -17.1839 22.7449
      vertex -19.8015 -18 33.3827
      vertex 19.8304 -17.5432 22.7634
    endloop
  endfacet
  facet normal 0.260633 -0.00168758 0.965436
    outer loop
      vertex 48.9769 47.2753 14.9536
      vertex 60 60 12
      vertex 48.9838 47.3112 14.9518
    endloop
  endfacet
  facet normal 0.258784 -2.9775e-05 0.965935
    outer loop
      vertex 60 -60 12
      vertex 49.0459 -47.6345 14.9351
      vertex 49.069 -48 14.9289
    endloop
  endfacet
  facet normal 0.25865 0.000154583 0.965971
    outer loop
      vertex 48.8632 46.9285 14.9841
      vertex 60 60 12
      vertex 48.9769 47.2753 14.9536
    endloop
  endfacet
  facet normal 0.258572 -0.000231178 0.965992
    outer loop
      vertex 60 -60 12
      vertex 48.9838 -47.3112 14.9518
      vertex 49.0459 -47.6345 14.9351
    endloop
  endfacet
  facet normal 0.259317 -0.000454259 0.965792
    outer loop
      vertex 48.8475 46.8956 14.9883
      vertex 60 60 12
      vertex 48.8632 46.9285 14.9841
    endloop
  endfacet
  facet normal 0.260633 0.00168758 0.965436
    outer loop
      vertex 60 -60 12
      vertex 48.9769 -47.2753 14.9536
      vertex 48.9838 -47.3112 14.9518
    endloop
  endfacet
  facet normal 0.25904 -0.000201873 0.965867
    outer loop
      vertex 48.7067 46.6 15.026
      vertex 60 60 12
      vertex 48.8475 46.8956 14.9883
    endloop
  endfacet
  facet normal 0.25865 -0.000154583 0.965971
    outer loop
      vertex 60 -60 12
      vertex 48.8632 -46.9285 14.9841
      vertex 48.9769 -47.2753 14.9536
    endloop
  endfacet
  facet normal 0.255591 0.00291107 0.966781
    outer loop
      vertex 48.687 46.5695 15.0313
      vertex 60 60 12
      vertex 48.7067 46.6 15.026
    endloop
  endfacet
  facet normal 0.259317 0.000454259 0.965792
    outer loop
      vertex 60 -60 12
      vertex 48.8475 -46.8956 14.9883
      vertex 48.8632 -46.9285 14.9841
    endloop
  endfacet
  facet normal 0.258819 -1.02743e-06 0.965926
    outer loop
      vertex 48.5101 46.2955 15.0787
      vertex 60 60 12
      vertex 48.687 46.5695 15.0313
    endloop
  endfacet
  facet normal 0.25904 0.000201873 0.965867
    outer loop
      vertex 60 -60 12
      vertex 48.7067 -46.6 15.026
      vertex 48.8475 -46.8956 14.9883
    endloop
  endfacet
  facet normal 0.258818 0 0.965926
    outer loop
      vertex 60 60 12
      vertex 48.5101 46.2955 15.0787
      vertex 60 -60 12
    endloop
  endfacet
  facet normal 0.255591 -0.00291107 0.966781
    outer loop
      vertex 60 -60 12
      vertex 48.687 -46.5695 15.0313
      vertex 48.7067 -46.6 15.026
    endloop
  endfacet
  facet normal 0.258818 -0 0.965926
    outer loop
      vertex 48.5101 -46.2955 15.0787
      vertex 60 -60 12
      vertex 48.5101 46.2955 15.0787
    endloop
  endfacet
  facet normal 0.258819 1.02743e-06 0.965926
    outer loop
      vertex 60 -60 12
      vertex 48.5101 -46.2955 15.0787
      vertex 48.687 -46.5695 15.0313
    endloop
  endfacet
  facet normal 0.259066 0 0.96586
    outer loop
      vertex 48.3002 46.0476 15.135
      vertex 48.5101 -46.2955 15.0787
      vertex 48.5101 46.2955 15.0787
    endloop
  endfacet
  facet normal 0.259066 0 0.96586
    outer loop
      vertex 48.3002 46.0476 15.135
      vertex 48.3002 -46.0476 15.135
      vertex 48.5101 -46.2955 15.0787
    endloop
  endfacet
  facet normal 0.257146 0 0.966372
    outer loop
      vertex 48.2769 46.0201 15.1412
      vertex 48.3002 -46.0476 15.135
      vertex 48.3002 46.0476 15.135
    endloop
  endfacet
  facet normal 0.257146 0 0.966372
    outer loop
      vertex 48.2769 46.0201 15.1412
      vertex 48.2769 -46.0201 15.1412
      vertex 48.3002 -46.0476 15.135
    endloop
  endfacet
  facet normal 0.257889 0 0.966175
    outer loop
      vertex 48.2503 45.996 15.1483
      vertex 48.2769 -46.0201 15.1412
      vertex 48.2769 46.0201 15.1412
    endloop
  endfacet
  facet normal 0.257889 0 0.966175
    outer loop
      vertex 48.2503 45.996 15.1483
      vertex 48.2503 -45.996 15.1483
      vertex 48.2769 -46.0201 15.1412
    endloop
  endfacet
  facet normal 0.259018 0 0.965872
    outer loop
      vertex 48.0109 45.7786 15.2125
      vertex 48.2503 -45.996 15.1483
      vertex 48.2503 45.996 15.1483
    endloop
  endfacet
  facet normal 0.259018 0 0.965872
    outer loop
      vertex 48.0109 45.7786 15.2125
      vertex 48.0109 -45.7786 15.2125
      vertex 48.2503 -45.996 15.1483
    endloop
  endfacet
  facet normal 0.259502 0 0.965743
    outer loop
      vertex 47.9815 45.7583 15.2204
      vertex 48.0109 -45.7786 15.2125
      vertex 48.0109 45.7786 15.2125
    endloop
  endfacet
  facet normal 0.259502 0 0.965743
    outer loop
      vertex 47.9815 45.7583 15.2204
      vertex 47.9815 -45.7583 15.2204
      vertex 48.0109 -45.7786 15.2125
    endloop
  endfacet
  facet normal 0.258639 0 0.965974
    outer loop
      vertex 47.7167 45.5751 15.2913
      vertex 47.9815 -45.7583 15.2204
      vertex 47.9815 45.7583 15.2204
    endloop
  endfacet
  facet normal 0.258639 0 0.965974
    outer loop
      vertex 47.7167 45.5751 15.2913
      vertex 47.7167 -45.5751 15.2913
      vertex 47.9815 -45.7583 15.2204
    endloop
  endfacet
  facet normal 0.25888 -4.75366e-05 0.96591
    outer loop
      vertex 26.534 17.5432 20.9672
      vertex 47.3994 45.4131 15.3763
      vertex 26.5572 17.9086 20.961
    endloop
  endfacet
  facet normal 0.257866 0.000766116 0.966181
    outer loop
      vertex 47.3994 45.4131 15.3763
      vertex 26.534 17.5432 20.9672
      vertex 47.4312 45.4293 15.3678
    endloop
  endfacet
  facet normal 0.258169 0.000529286 0.9661
    outer loop
      vertex 26.5572 17.9086 20.961
      vertex 47.3994 45.4131 15.3763
      vertex 26.563 18 20.9594
    endloop
  endfacet
  facet normal 0.258821 -1.39543e-06 0.965925
    outer loop
      vertex 47.4312 45.4293 15.3678
      vertex 26.534 17.5432 20.9672
      vertex 47.7167 45.5751 15.2913
    endloop
  endfacet
  facet normal 0.258955 -0.000110526 0.965889
    outer loop
      vertex 26.563 18 20.9594
      vertex 47.3994 45.4131 15.3763
      vertex 47.0644 45.2954 15.4661
    endloop
  endfacet
  facet normal 0.258822 3.12664e-06 0.965925
    outer loop
      vertex 47.7167 -45.5751 15.2913
      vertex 26.563 -18 20.9594
      vertex 47.4312 -45.4293 15.3678
    endloop
  endfacet
  facet normal 0.258885 -5.31482e-05 0.965908
    outer loop
      vertex 26.5572 18.0914 20.961
      vertex 47.0644 45.2954 15.4661
      vertex 47.0297 45.2883 15.4754
    endloop
  endfacet
  facet normal 0.257857 -0.000783492 0.966183
    outer loop
      vertex 47.4312 -45.4293 15.3678
      vertex 26.563 -18 20.9594
      vertex 47.3994 -45.4131 15.3763
    endloop
  endfacet
  facet normal 0.258635 0.000150452 0.965975
    outer loop
      vertex 26.534 18.4568 20.9672
      vertex 47.0297 45.2883 15.4754
      vertex 46.7175 45.224 15.559
    endloop
  endfacet
  facet normal 0.258955 0.000110526 0.965889
    outer loop
      vertex 47.3994 -45.4131 15.3763
      vertex 26.563 -18 20.9594
      vertex 47.0644 -45.2954 15.4661
    endloop
  endfacet
  facet normal 0.258956 -0.000111053 0.965889
    outer loop
      vertex 26.4478 18.9059 20.9903
      vertex 46.7175 45.224 15.559
      vertex 46.3997 45.2024 15.6442
    endloop
  endfacet
  facet normal 0.259373 0.000447259 0.965777
    outer loop
      vertex 26.5572 -18.0914 20.961
      vertex 47.0644 -45.2954 15.4661
      vertex 26.563 -18 20.9594
    endloop
  endfacet
  facet normal 0.25724 0.00128366 0.966347
    outer loop
      vertex 26.4478 18.9059 20.9903
      vertex 46.3997 45.2024 15.6442
      vertex 46.3644 45.2 15.6536
    endloop
  endfacet
  facet normal 0.258885 5.31482e-05 0.965908
    outer loop
      vertex 47.0644 -45.2954 15.4661
      vertex 26.5572 -18.0914 20.961
      vertex 47.0297 -45.2883 15.4754
    endloop
  endfacet
  facet normal 0.259015 -0.000160339 0.965873
    outer loop
      vertex 26.3056 19.3394 21.0284
      vertex 46.3644 45.2 15.6536
      vertex 46.0467 45.2216 15.7388
    endloop
  endfacet
  facet normal 0.25877 -4.00612e-05 0.965939
    outer loop
      vertex 26.534 -18.4568 20.9672
      vertex 47.0297 -45.2883 15.4754
      vertex 26.5572 -18.0914 20.961
    endloop
  endfacet
  facet normal 0.257396 0.0011629 0.966305
    outer loop
      vertex 26.3056 19.3394 21.0284
      vertex 46.0467 45.2216 15.7388
      vertex 46.0114 45.224 15.7482
    endloop
  endfacet
  facet normal 0.258635 -0.000150452 0.965975
    outer loop
      vertex 47.0297 -45.2883 15.4754
      vertex 26.534 -18.4568 20.9672
      vertex 46.7175 -45.224 15.559
    endloop
  endfacet
  facet normal 0.258868 -3.93503e-05 0.965913
    outer loop
      vertex 26.11 19.75 21.0808
      vertex 46.0114 45.224 15.7482
      vertex 45.6644 45.2954 15.8412
    endloop
  endfacet
  facet normal 0.258827 4.41777e-06 0.965924
    outer loop
      vertex 26.4478 -18.9059 20.9903
      vertex 46.7175 -45.224 15.559
      vertex 26.534 -18.4568 20.9672
    endloop
  endfacet
  facet normal 0.259318 -0.000421603 0.965792
    outer loop
      vertex 25.8643 20.1307 21.1466
      vertex 45.6644 45.2954 15.8412
      vertex 45.6309 45.3072 15.8502
    endloop
  endfacet
  facet normal 0.258956 0.000111053 0.965889
    outer loop
      vertex 46.7175 -45.224 15.559
      vertex 26.4478 -18.9059 20.9903
      vertex 46.3997 -45.2024 15.6442
    endloop
  endfacet
  facet normal 0.25885 -2.75971e-05 0.965918
    outer loop
      vertex 25.8643 20.1307 21.1466
      vertex 45.6309 45.3072 15.8502
      vertex 45.3294 45.4131 15.931
    endloop
  endfacet
  facet normal 0.25724 -0.00128366 0.966347
    outer loop
      vertex 46.3997 -45.2024 15.6442
      vertex 26.4478 -18.9059 20.9903
      vertex 46.3644 -45.2 15.6536
    endloop
  endfacet
  facet normal 0.258821 -2.74522e-15 0.965925
    outer loop
      vertex 25.5728 20.4749 21.2248
      vertex 45.3294 45.4131 15.931
      vertex 45.0439 45.5589 16.0075
    endloop
  endfacet
  facet normal 0.258471 -0.000284712 0.966019
    outer loop
      vertex 26.4193 -18.9926 20.9979
      vertex 46.3644 -45.2 15.6536
      vertex 26.4478 -18.9059 20.9903
    endloop
  endfacet
  facet normal 0.258397 0.000352177 0.966039
    outer loop
      vertex 25.5728 20.4749 21.2248
      vertex 45.0439 45.5589 16.0075
      vertex 45.0121 45.5751 16.016
    endloop
  endfacet
  facet normal 0.258901 6.6234e-05 0.965904
    outer loop
      vertex 26.3056 -19.3394 21.0284
      vertex 46.3644 -45.2 15.6536
      vertex 26.4193 -18.9926 20.9979
    endloop
  endfacet
  facet normal 0.25926 -0.000375015 0.965808
    outer loop
      vertex 25.3068 20.7164 21.296
      vertex 45.0121 45.5751 16.016
      vertex 44.9827 45.5955 16.0239
    endloop
  endfacet
  facet normal 0.259015 0.000160339 0.965873
    outer loop
      vertex 46.3644 -45.2 15.6536
      vertex 26.3056 -19.3394 21.0284
      vertex 46.0467 -45.2216 15.7388
    endloop
  endfacet
  facet normal 0.258761 4.74578e-05 0.965941
    outer loop
      vertex 25.2403 20.7767 21.3138
      vertex 44.9827 45.5955 16.0239
      vertex 44.718 45.7786 16.0948
    endloop
  endfacet
  facet normal 0.257396 -0.0011629 0.966305
    outer loop
      vertex 46.0467 -45.2216 15.7388
      vertex 26.3056 -19.3394 21.0284
      vertex 46.0114 -45.224 15.7482
    endloop
  endfacet
  facet normal 0.258274 0.000453728 0.966072
    outer loop
      vertex 25.2403 20.7767 21.3138
      vertex 44.718 45.7786 16.0948
      vertex 44.6914 45.8028 16.1019
    endloop
  endfacet
  facet normal 0.258801 -1.63898e-05 0.965931
    outer loop
      vertex 26.11 -19.75 21.0808
      vertex 46.0114 -45.224 15.7482
      vertex 26.3056 -19.3394 21.0284
    endloop
  endfacet
  facet normal 0.258936 -9.74918e-05 0.965895
    outer loop
      vertex 24.8726 21.0311 21.4124
      vertex 44.6914 45.8028 16.1019
      vertex 44.452 46.0201 16.1661
    endloop
  endfacet
  facet normal 0.258868 3.93503e-05 0.965913
    outer loop
      vertex 46.0114 -45.224 15.7482
      vertex 26.11 -19.75 21.0808
      vertex 45.6644 -45.2954 15.8412
    endloop
  endfacet
  facet normal 0.258724 7.92505e-05 0.965951
    outer loop
      vertex 24.7933 21.0716 21.4336
      vertex 44.452 46.0201 16.1661
      vertex 44.2421 46.2679 16.2223
    endloop
  endfacet
  facet normal 0.25876 -4.85897e-05 0.965942
    outer loop
      vertex 25.8643 -20.1307 21.1466
      vertex 45.6644 -45.2954 15.8412
      vertex 26.11 -19.75 21.0808
    endloop
  endfacet
  facet normal 0.259417 -0.000506218 0.965765
    outer loop
      vertex 24.476 21.2336 21.5186
      vertex 44.2421 46.2679 16.2223
      vertex 44.2187 46.2955 16.2286
    endloop
  endfacet
  facet normal 0.259318 0.000421603 0.965792
    outer loop
      vertex 45.6644 -45.2954 15.8412
      vertex 25.8643 -20.1307 21.1466
      vertex 45.6309 -45.3072 15.8502
    endloop
  endfacet
  facet normal 0.258818 -2.92439e-07 0.965926
    outer loop
      vertex 24.476 21.2336 21.5186
      vertex 44.2187 46.2955 16.2286
      vertex 44.0418 46.5695 16.276
    endloop
  endfacet
  facet normal 0.25885 2.75971e-05 0.965918
    outer loop
      vertex 45.6309 -45.3072 15.8502
      vertex 25.8643 -20.1307 21.1466
      vertex 45.3294 -45.4131 15.931
    endloop
  endfacet
  facet normal 0.257736 0.000895039 0.966215
    outer loop
      vertex 24.476 21.2336 21.5186
      vertex 44.0418 46.5695 16.276
      vertex 44.0222 46.6 16.2812
    endloop
  endfacet
  facet normal 0.258968 0.000125178 0.965886
    outer loop
      vertex 25.5728 -20.4749 21.2248
      vertex 45.3294 -45.4131 15.931
      vertex 25.8643 -20.1307 21.1466
    endloop
  endfacet
  facet normal 0.258672 0.000124763 0.965965
    outer loop
      vertex 24.0572 21.3807 21.6308
      vertex 44.0222 46.6 16.2812
      vertex 44.0065 46.6328 16.2854
    endloop
  endfacet
  facet normal 0.258821 2.68088e-15 0.965925
    outer loop
      vertex 45.3294 -45.4131 15.931
      vertex 25.5728 -20.4749 21.2248
      vertex 45.0439 -45.5589 16.0075
    endloop
  endfacet
  facet normal 0.258994 -0.000148258 0.965879
    outer loop
      vertex 24.0572 21.3807 21.6308
      vertex 44.0065 46.6328 16.2854
      vertex 43.8657 46.9285 16.3232
    endloop
  endfacet
  facet normal 0.258397 -0.000352177 0.966039
    outer loop
      vertex 45.0439 -45.5589 16.0075
      vertex 25.5728 -20.4749 21.2248
      vertex 45.0121 -45.5751 16.016
    endloop
  endfacet
  facet normal 0.258791 2.4759e-05 0.965933
    outer loop
      vertex 23.6235 21.4701 21.7471
      vertex 43.8657 46.9285 16.3232
      vertex 43.7634 47.2406 16.3506
    endloop
  endfacet
  facet normal 0.258672 -0.000124248 0.965965
    outer loop
      vertex 25.3068 -20.7164 21.296
      vertex 45.0121 -45.5751 16.016
      vertex 25.5728 -20.4749 21.2248
    endloop
  endfacet
  facet normal 0.257541 0.00107117 0.966267
    outer loop
      vertex 23.6235 21.4701 21.7471
      vertex 43.7634 47.2406 16.3506
      vertex 43.752 47.2753 16.3536
    endloop
  endfacet
  facet normal 0.25926 0.000375015 0.965808
    outer loop
      vertex 45.0121 -45.5751 16.016
      vertex 25.3068 -20.7164 21.296
      vertex 44.9827 -45.5955 16.0239
    endloop
  endfacet
  facet normal 0.25885 -2.46559e-05 0.965918
    outer loop
      vertex 23.1822 21.5 21.8653
      vertex 43.752 47.2753 16.3536
      vertex 43.683 47.6345 16.3721
    endloop
  endfacet
  facet normal 0.258671 -0.000123641 0.965965
    outer loop
      vertex 25.2403 -20.7767 21.3138
      vertex 44.9827 -45.5955 16.0239
      vertex 25.3068 -20.7164 21.296
    endloop
  endfacet
  facet normal 0.258771 4.01582e-05 0.965939
    outer loop
      vertex 22.7409 21.4701 21.9835
      vertex 43.683 47.6345 16.3721
      vertex 43.6598 48 16.3783
    endloop
  endfacet
  facet normal 0.258761 -4.74578e-05 0.965941
    outer loop
      vertex 44.9827 -45.5955 16.0239
      vertex 25.2403 -20.7767 21.3138
      vertex 44.718 -45.7786 16.0948
    endloop
  endfacet
  facet normal 0.258784 2.9775e-05 0.965935
    outer loop
      vertex 49.0459 47.6345 14.9351
      vertex 60 60 12
      vertex 49.069 48 14.9289
    endloop
  endfacet
  facet normal 0.258841 -2.5911e-05 0.96592
    outer loop
      vertex 60 60 12
      vertex 49.0459 48.3655 14.9351
      vertex 49.069 48 14.9289
    endloop
  endfacet
  facet normal 0.258965 -0.000150357 0.965887
    outer loop
      vertex 60 60 12
      vertex 48.9838 48.6888 14.9518
      vertex 49.0459 48.3655 14.9351
    endloop
  endfacet
  facet normal 0.257768 0.00109829 0.966206
    outer loop
      vertex 60 60 12
      vertex 48.9769 48.7247 14.9536
      vertex 48.9838 48.6888 14.9518
    endloop
  endfacet
  facet normal 0.258885 -7.19453e-05 0.965908
    outer loop
      vertex 60 60 12
      vertex 48.8632 49.0715 14.9841
      vertex 48.9769 48.7247 14.9536
    endloop
  endfacet
  facet normal 0.258695 0.00013612 0.965959
    outer loop
      vertex 60 60 12
      vertex 48.8475 49.1044 14.9883
      vertex 48.8632 49.0715 14.9841
    endloop
  endfacet
  facet normal 0.258763 6.06645e-05 0.965941
    outer loop
      vertex 60 60 12
      vertex 48.7067 49.4 15.026
      vertex 48.8475 49.1044 14.9883
    endloop
  endfacet
  facet normal 0.259187 -0.000422962 0.965827
    outer loop
      vertex 60 60 12
      vertex 48.687 49.4305 15.0313
      vertex 48.7067 49.4 15.026
    endloop
  endfacet
  facet normal 0.258818 1.49665e-07 0.965926
    outer loop
      vertex 60 60 12
      vertex 48.5101 49.7045 15.0787
      vertex 48.687 49.4305 15.0313
    endloop
  endfacet
  facet normal 0.258925 -0.000127692 0.965897
    outer loop
      vertex 60 60 12
      vertex 48.3002 49.9524 15.135
      vertex 48.5101 49.7045 15.0787
    endloop
  endfacet
  facet normal 0.258117 0.00088075 0.966113
    outer loop
      vertex 60 60 12
      vertex 48.2769 49.9799 15.1412
      vertex 48.3002 49.9524 15.135
    endloop
  endfacet
  facet normal 0.258368 0.000566385 0.966046
    outer loop
      vertex 60 60 12
      vertex 48.2503 50.004 15.1483
      vertex 48.2769 49.9799 15.1412
    endloop
  endfacet
  facet normal 0.258915 -0.000122552 0.9659
    outer loop
      vertex 60 60 12
      vertex 48.0109 50.2214 15.2125
      vertex 48.2503 50.004 15.1483
    endloop
  endfacet
  facet normal 0.25919 -0.000484651 0.965826
    outer loop
      vertex 60 60 12
      vertex 47.9815 50.2417 15.2204
      vertex 48.0109 50.2214 15.2125
    endloop
  endfacet
  facet normal 0.258724 0.000131249 0.965951
    outer loop
      vertex 60 60 12
      vertex 47.7167 50.4249 15.2913
      vertex 47.9815 50.2417 15.2204
    endloop
  endfacet
  facet normal 0.25882 -1.34494e-06 0.965926
    outer loop
      vertex 60 60 12
      vertex 47.4312 50.5707 15.3678
      vertex 47.7167 50.4249 15.2913
    endloop
  endfacet
  facet normal 0.258468 0.000501251 0.96602
    outer loop
      vertex 60 60 12
      vertex 47.3994 50.5869 15.3763
      vertex 47.4312 50.5707 15.3678
    endloop
  endfacet
  facet normal 0.258886 -9.86182e-05 0.965908
    outer loop
      vertex 60 60 12
      vertex 47.0644 50.7046 15.4661
      vertex 47.3994 50.5869 15.3763
    endloop
  endfacet
  facet normal 0.258863 -6.38903e-05 0.965914
    outer loop
      vertex 60 60 12
      vertex 47.0297 50.7117 15.4754
      vertex 47.0644 50.7046 15.4661
    endloop
  endfacet
  facet normal 0.258699 0.000181819 0.965958
    outer loop
      vertex 60 60 12
      vertex 46.7175 50.776 15.559
      vertex 47.0297 50.7117 15.4754
    endloop
  endfacet
  facet normal 0.258937 -0.000185718 0.965894
    outer loop
      vertex 60 60 12
      vertex 46.3997 50.7976 15.6442
      vertex 46.7175 50.776 15.559
    endloop
  endfacet
  facet normal 0.257458 0.00215549 0.966287
    outer loop
      vertex 60 60 12
      vertex 46.3644 50.8 15.6536
      vertex 46.3997 50.7976 15.6442
    endloop
  endfacet
  facet normal 0.259048 -0.000369102 0.965864
    outer loop
      vertex 60 60 12
      vertex 46.0467 50.7784 15.7388
      vertex 46.3644 50.8 15.6536
    endloop
  endfacet
  facet normal 0.257149 0.00270889 0.966368
    outer loop
      vertex 60 60 12
      vertex 46.0114 50.776 15.7482
      vertex 46.0467 50.7784 15.7388
    endloop
  endfacet
  facet normal 0.258902 -0.000137915 0.965904
    outer loop
      vertex 60 60 12
      vertex 45.6644 50.7046 15.8412
      vertex 46.0114 50.776 15.7482
    endloop
  endfacet
  facet normal 0.260214 -0.0023094 0.965548
    outer loop
      vertex 60 60 12
      vertex 45.6309 50.6928 15.8502
      vertex 45.6644 50.7046 15.8412
    endloop
  endfacet
  facet normal 0.258905 -0.000141362 0.965903
    outer loop
      vertex 60 60 12
      vertex 45.3294 50.5869 15.931
      vertex 45.6309 50.6928 15.8502
    endloop
  endfacet
  facet normal 0.258821 -7.04455e-07 0.965925
    outer loop
      vertex 60 60 12
      vertex 45.0439 50.4411 16.0075
      vertex 45.3294 50.5869 15.931
    endloop
  endfacet
  facet normal 0.255904 0.00488405 0.96669
    outer loop
      vertex 60 60 12
      vertex 45.0121 50.4249 16.016
      vertex 45.0439 50.4411 16.0075
    endloop
  endfacet
  facet normal 0.571784 -0.422094 0.703491
    outer loop
      vertex 44.718 50.2214 16.0948
      vertex 44.452 49.9799 16.1661
      vertex 44.6914 50.1972 16.1019
    endloop
  endfacet
  facet normal 0.743912 -0.54123 0.392002
    outer loop
      vertex 44.452 49.9799 16.1661
      vertex 44.2187 49.7045 16.2286
      vertex 44.2421 49.7321 16.2223
    endloop
  endfacet
  facet normal 0.230811 -0.230811 -0.945226
    outer loop
      vertex 44.0222 49.4 16.2812
      vertex 43.8657 49.0715 16.3232
      vertex 44.0065 49.3671 16.2854
    endloop
  endfacet
  facet normal 0.258274 -0.000453728 0.966072
    outer loop
      vertex 44.718 -45.7786 16.0948
      vertex 25.2403 -20.7767 21.3138
      vertex 44.6914 -45.8028 16.1019
    endloop
  endfacet
  facet normal 0.258878 -4.74003e-05 0.96591
    outer loop
      vertex 22.3072 21.3807 22.0998
      vertex 43.6598 48 16.3783
      vertex 43.683 48.3655 16.3721
    endloop
  endfacet
  facet normal 0.258776 3.97549e-05 0.965937
    outer loop
      vertex 21.8885 21.2336 22.212
      vertex 43.683 48.3655 16.3721
      vertex 43.752 48.7247 16.3536
    endloop
  endfacet
  facet normal 0.25882 -0.00152072 0.965925
    outer loop
      vertex -43.752 48.7247 39.8003
      vertex 43.752 48.7247 16.3536
      vertex 43.7634 48.7594 16.3506
    endloop
  endfacet
  facet normal 0.258819 -3.47447e-05 0.965926
    outer loop
      vertex -43.752 48.7247 39.8003
      vertex 43.7634 48.7594 16.3506
      vertex 43.8657 49.0715 16.3232
    endloop
  endfacet
  facet normal 0.258818 0.000194227 0.965926
    outer loop
      vertex -43.8657 49.0715 39.8307
      vertex 43.8657 49.0715 16.3232
      vertex 44.0222 49.4 16.2812
    endloop
  endfacet
  facet normal 0.259373 -0.000447259 0.965777
    outer loop
      vertex 47.0644 45.2954 15.4661
      vertex 26.5572 18.0914 20.961
      vertex 26.563 18 20.9594
    endloop
  endfacet
  facet normal 0.25877 4.00612e-05 0.965939
    outer loop
      vertex 47.0297 45.2883 15.4754
      vertex 26.534 18.4568 20.9672
      vertex 26.5572 18.0914 20.961
    endloop
  endfacet
  facet normal 0.258827 -4.41777e-06 0.965924
    outer loop
      vertex 46.7175 45.224 15.559
      vertex 26.4478 18.9059 20.9903
      vertex 26.534 18.4568 20.9672
    endloop
  endfacet
  facet normal 0.258471 0.000284712 0.966019
    outer loop
      vertex 46.3644 45.2 15.6536
      vertex 26.4193 18.9926 20.9979
      vertex 26.4478 18.9059 20.9903
    endloop
  endfacet
  facet normal 0.258901 -6.6234e-05 0.965904
    outer loop
      vertex 46.3644 45.2 15.6536
      vertex 26.3056 19.3394 21.0284
      vertex 26.4193 18.9926 20.9979
    endloop
  endfacet
  facet normal 0.258801 1.63898e-05 0.965931
    outer loop
      vertex 46.0114 45.224 15.7482
      vertex 26.11 19.75 21.0808
      vertex 26.3056 19.3394 21.0284
    endloop
  endfacet
  facet normal 0.25876 4.85897e-05 0.965942
    outer loop
      vertex 45.6644 45.2954 15.8412
      vertex 25.8643 20.1307 21.1466
      vertex 26.11 19.75 21.0808
    endloop
  endfacet
  facet normal 0.258968 -0.000125178 0.965886
    outer loop
      vertex 45.3294 45.4131 15.931
      vertex 25.5728 20.4749 21.2248
      vertex 25.8643 20.1307 21.1466
    endloop
  endfacet
  facet normal 0.258672 0.000124248 0.965965
    outer loop
      vertex 45.0121 45.5751 16.016
      vertex 25.3068 20.7164 21.296
      vertex 25.5728 20.4749 21.2248
    endloop
  endfacet
  facet normal 0.258819 -0.00164114 0.965924
    outer loop
      vertex -44.0222 49.4 39.8727
      vertex 44.0222 49.4 16.2812
      vertex 44.0418 49.4305 16.276
    endloop
  endfacet
  facet normal 0.258819 -9.06101e-07 0.965926
    outer loop
      vertex -44.0222 49.4 39.8727
      vertex 44.0418 49.4305 16.276
      vertex 44.2187 49.7045 16.2286
    endloop
  endfacet
  facet normal 0.258671 0.000123641 0.965965
    outer loop
      vertex 44.9827 45.5955 16.0239
      vertex 25.2403 20.7767 21.3138
      vertex 25.3068 20.7164 21.296
    endloop
  endfacet
  facet normal 0.258939 -9.98511e-05 0.965894
    outer loop
      vertex 44.6914 45.8028 16.1019
      vertex 24.8726 21.0311 21.4124
      vertex 25.2403 20.7767 21.3138
    endloop
  endfacet
  facet normal 0.258427 0.000330173 0.966031
    outer loop
      vertex 44.452 46.0201 16.1661
      vertex 24.7933 21.0716 21.4336
      vertex 24.8726 21.0311 21.4124
    endloop
  endfacet
  facet normal 0.258778 3.44489e-05 0.965937
    outer loop
      vertex 44.2421 46.2679 16.2223
      vertex 24.476 21.2336 21.5186
      vertex 24.7933 21.0716 21.4336
    endloop
  endfacet
  facet normal 0.25879 2.42924e-05 0.965934
    outer loop
      vertex 44.0222 46.6 16.2812
      vertex 24.0572 21.3807 21.6308
      vertex 24.476 21.2336 21.5186
    endloop
  endfacet
  facet normal 0.258867 -4.25865e-05 0.965913
    outer loop
      vertex 43.8657 46.9285 16.3232
      vertex 23.7102 21.4522 21.7238
      vertex 24.0572 21.3807 21.6308
    endloop
  endfacet
  facet normal 0.259433 -0.000522848 0.965761
    outer loop
      vertex 43.8657 46.9285 16.3232
      vertex 23.6235 21.4701 21.7471
      vertex 23.7102 21.4522 21.7238
    endloop
  endfacet
  facet normal 0.25873 7.75721e-05 0.96595
    outer loop
      vertex 43.752 47.2753 16.3536
      vertex 23.1822 21.5 21.8653
      vertex 23.6235 21.4701 21.7471
    endloop
  endfacet
  facet normal 0.25872 8.44398e-05 0.965952
    outer loop
      vertex 43.683 47.6345 16.3721
      vertex 22.7409 21.4701 21.9835
      vertex 23.1822 21.5 21.8653
    endloop
  endfacet
  facet normal 0.258969 -0.000127049 0.965886
    outer loop
      vertex 43.6598 48 16.3783
      vertex 22.394 21.3986 22.0765
      vertex 22.7409 21.4701 21.9835
    endloop
  endfacet
  facet normal 0.259341 -0.000445434 0.965786
    outer loop
      vertex 43.6598 48 16.3783
      vertex 22.3072 21.3807 22.0998
      vertex 22.394 21.3986 22.0765
    endloop
  endfacet
  facet normal 0.25841 0.000349969 0.966035
    outer loop
      vertex 43.683 48.3655 16.3721
      vertex 22.2235 21.3513 22.1222
      vertex 22.3072 21.3807 22.0998
    endloop
  endfacet
  facet normal 0.258956 -0.000115422 0.965889
    outer loop
      vertex 43.683 48.3655 16.3721
      vertex 21.8885 21.2336 22.212
      vertex 22.2235 21.3513 22.1222
    endloop
  endfacet
  facet normal 0.25738 0.00122957 0.96631
    outer loop
      vertex 43.752 48.7247 16.3536
      vertex 21.8091 21.1931 22.2332
      vertex 21.8885 21.2336 22.212
    endloop
  endfacet
  facet normal 0.258721 8.40063e-05 0.965952
    outer loop
      vertex 43.752 48.7247 16.3536
      vertex 21.4918 21.0311 22.3182
      vertex 21.8091 21.1931 22.2332
    endloop
  endfacet
  facet normal 0.258821 -1.5198e-06 0.965925
    outer loop
      vertex 43.752 48.7247 16.3536
      vertex -21.4918 21.0311 33.8357
      vertex 21.4918 21.0311 22.3182
    endloop
  endfacet
  facet normal 0.258821 -2.08785e-05 0.965925
    outer loop
      vertex 21.4918 21.0311 22.3182
      vertex -21.4918 21.0311 33.8357
      vertex 21.1977 20.8276 22.397
    endloop
  endfacet
  facet normal 0.258829 0.00199009 0.965921
    outer loop
      vertex 21.1977 20.8276 22.397
      vertex -21.4918 21.0311 33.8357
      vertex 21.1242 20.7767 22.4168
    endloop
  endfacet
  facet normal 0.258819 -7.94094e-06 0.965926
    outer loop
      vertex -21.1242 20.7767 33.7372
      vertex 21.1242 20.7767 22.4168
      vertex -21.4918 21.0311 33.8357
    endloop
  endfacet
  facet normal 0.258819 -0.000297297 0.965926
    outer loop
      vertex 21.1242 20.7767 22.4168
      vertex -21.1242 20.7767 33.7372
      vertex 20.8582 20.5352 22.488
    endloop
  endfacet
  facet normal 0.258813 -0.00131063 0.965927
    outer loop
      vertex -21.0577 20.7164 33.7193
      vertex 20.8582 20.5352 22.488
      vertex -21.1242 20.7767 33.7372
    endloop
  endfacet
  facet normal 0.258821 -0.000100894 0.965925
    outer loop
      vertex -20.0979 19.4215 33.4622
      vertex 20.0979 19.4215 22.6917
      vertex 20.2544 19.75 22.6498
    endloop
  endfacet
  facet normal 0.25882 -0.000109027 0.965926
    outer loop
      vertex -20.0304 19.2527 33.4441
      vertex 20.0304 19.2527 22.7098
      vertex 20.0588 19.3394 22.7022
    endloop
  endfacet
  facet normal 0.258818 2.74974e-05 0.965926
    outer loop
      vertex -19.8015 18 33.3827
      vertex 19.8073 18.0914 22.7696
      vertex 19.8304 18.4568 22.7634
    endloop
  endfacet
  facet normal 0.258818 2.74974e-05 0.965926
    outer loop
      vertex 19.8304 -17.5432 22.7634
      vertex -19.8015 -18 33.3827
      vertex 19.8073 -17.9086 22.7696
    endloop
  endfacet
  facet normal 0.258817 0.000485163 0.965926
    outer loop
      vertex 19.8073 18.0914 22.7696
      vertex -19.8015 18 33.3827
      vertex 19.8015 18 22.7712
    endloop
  endfacet
  facet normal 0.25882 3.08348e-05 0.965926
    outer loop
      vertex -19.8304 18.4568 33.3905
      vertex 19.8304 18.4568 22.7634
      vertex 19.8994 18.8161 22.7449
    endloop
  endfacet
  facet normal 0.258823 -0.000382896 0.965925
    outer loop
      vertex -19.8304 18.4568 33.3905
      vertex 19.8994 18.8161 22.7449
      vertex 19.9167 18.9059 22.7403
    endloop
  endfacet
  facet normal 0.258818 9.54086e-05 0.965926
    outer loop
      vertex 20.0304 19.2527 22.7098
      vertex -19.9167 18.9059 33.4136
      vertex 19.9167 18.9059 22.7403
    endloop
  endfacet
  facet normal 0.25882 0.000272549 0.965926
    outer loop
      vertex 20.0979 19.4215 22.6917
      vertex -20.0588 19.3394 33.4517
      vertex 20.0588 19.3394 22.7022
    endloop
  endfacet
  facet normal 0.258819 -8.90953e-05 0.965926
    outer loop
      vertex -20.2544 19.75 33.5041
      vertex 20.2544 19.75 22.6498
      vertex 20.5001 20.1307 22.584
    endloop
  endfacet
  facet normal 0.258817 -0.000296075 0.965926
    outer loop
      vertex 20.8582 20.5352 22.488
      vertex -21.0577 20.7164 33.7193
      vertex 20.7917 20.4749 22.5058
    endloop
  endfacet
  facet normal 0.258819 -4.37286e-05 0.965926
    outer loop
      vertex -44.2187 49.7045 39.9253
      vertex 44.2187 49.7045 16.2286
      vertex 44.452 49.9799 16.1661
    endloop
  endfacet
  facet normal 0.258818 0.00010271 0.965926
    outer loop
      vertex -44.452 49.9799 39.9878
      vertex 44.452 49.9799 16.1661
      vertex 44.718 50.2214 16.0948
    endloop
  endfacet
  facet normal 0.258819 -0.000137896 0.965926
    outer loop
      vertex -44.718 50.2214 40.0591
      vertex 44.718 50.2214 16.0948
      vertex 44.9827 50.4045 16.0239
    endloop
  endfacet
  facet normal 0.258817 0.00105918 0.965926
    outer loop
      vertex -44.718 50.2214 40.0591
      vertex 44.9827 50.4045 16.0239
      vertex 45.0121 50.4249 16.016
    endloop
  endfacet
  facet normal 0.258819 6.29976e-07 0.965926
    outer loop
      vertex -45.0121 50.4249 40.1379
      vertex 45.0121 50.4249 16.016
      vertex 60 60 12
    endloop
  endfacet
  facet normal 0.25882 -0.00011895 0.965926
    outer loop
      vertex 19.8304 18.4568 22.7634
      vertex -19.8304 18.4568 33.3905
      vertex -19.8015 18 33.3827
    endloop
  endfacet
  facet normal 0.258818 5.15247e-05 0.965926
    outer loop
      vertex 19.9167 18.9059 22.7403
      vertex -19.9167 18.9059 33.4136
      vertex -19.8304 18.4568 33.3905
    endloop
  endfacet
  facet normal 0.25882 -9.4867e-05 0.965926
    outer loop
      vertex 20.0304 19.2527 22.7098
      vertex -20.0304 19.2527 33.4441
      vertex -19.9167 18.9059 33.4136
    endloop
  endfacet
  facet normal 0.25882 0.000108873 0.965926
    outer loop
      vertex 20.0588 19.3394 22.7022
      vertex -20.0588 19.3394 33.4517
      vertex -20.0304 19.2527 33.4441
    endloop
  endfacet
  facet normal 0.258821 -0.000272019 0.965925
    outer loop
      vertex 20.0979 19.4215 22.6917
      vertex -20.0979 19.4215 33.4622
      vertex -20.0588 19.3394 33.4517
    endloop
  endfacet
  facet normal 0.258819 0.000100114 0.965926
    outer loop
      vertex 20.2544 19.75 22.6498
      vertex -20.2544 19.75 33.5041
      vertex -20.0979 19.4215 33.4622
    endloop
  endfacet
  facet normal 0.258817 8.80275e-05 0.965926
    outer loop
      vertex 20.5001 20.1307 22.584
      vertex -20.5001 20.1307 33.5699
      vertex -20.2544 19.75 33.5041
    endloop
  endfacet
  facet normal 0.258817 -0.000186666 0.965926
    outer loop
      vertex 20.5001 20.1307 22.584
      vertex -20.7917 20.4749 33.6481
      vertex -20.5001 20.1307 33.5699
    endloop
  endfacet
  facet normal 0.258819 -4.36247e-05 0.965926
    outer loop
      vertex 20.7334 20.406 22.5215
      vertex -20.7917 20.4749 33.6481
      vertex 20.5001 20.1307 22.584
    endloop
  endfacet
  facet normal 0.25882 0.00110017 0.965925
    outer loop
      vertex 20.7917 20.4749 22.5058
      vertex -20.7917 20.4749 33.6481
      vertex 20.7334 20.406 22.5215
    endloop
  endfacet
  facet normal 0.25882 0.000299493 0.965925
    outer loop
      vertex -20.7917 20.4749 33.6481
      vertex 20.7917 20.4749 22.5058
      vertex -21.0577 20.7164 33.7193
    endloop
  endfacet
  facet normal 0.258818 0.000774367 0.965926
    outer loop
      vertex 43.8657 49.0715 16.3232
      vertex -43.8657 49.0715 39.8307
      vertex -43.8544 49.0368 39.8277
    endloop
  endfacet
  facet normal 0.258819 0.000117475 0.965926
    outer loop
      vertex 43.8657 49.0715 16.3232
      vertex -43.8544 49.0368 39.8277
      vertex -43.752 48.7247 39.8003
    endloop
  endfacet
  facet normal 0.25882 7.46552e-07 0.965926
    outer loop
      vertex 43.752 48.7247 16.3536
      vertex -43.752 48.7247 39.8003
      vertex -21.4918 21.0311 33.8357
    endloop
  endfacet
  facet normal 0.257372 -0.00124612 0.966312
    outer loop
      vertex -21.4918 21.0311 33.8357
      vertex -43.752 48.7247 39.8003
      vertex -21.5712 21.0716 33.8569
    endloop
  endfacet
  facet normal 0.258719 -8.81525e-05 0.965953
    outer loop
      vertex -21.5712 21.0716 33.8569
      vertex -43.752 48.7247 39.8003
      vertex -21.8885 21.2336 33.9419
    endloop
  endfacet
  facet normal 0.258545 -0.000236724 0.965999
    outer loop
      vertex -43.6899 48.4014 39.7836
      vertex -21.8885 21.2336 33.9419
      vertex -43.752 48.7247 39.8003
    endloop
  endfacet
  facet normal 0.259903 0.000921327 0.965634
    outer loop
      vertex -22.2235 21.3513 34.0317
      vertex -43.683 48.3655 39.7818
      vertex -22.3072 21.3807 34.0542
    endloop
  endfacet
  facet normal 0.258873 4.70886e-05 0.965911
    outer loop
      vertex -43.6598 48 39.7756
      vertex -22.3072 21.3807 34.0542
      vertex -43.683 48.3655 39.7818
    endloop
  endfacet
  facet normal 0.258097 -0.000619849 0.966119
    outer loop
      vertex -22.3072 21.3807 34.0542
      vertex -43.6598 48 39.7756
      vertex -22.394 21.3986 34.0774
    endloop
  endfacet
  facet normal 0.258969 0.000127049 0.965886
    outer loop
      vertex -22.394 21.3986 34.0774
      vertex -43.6598 48 39.7756
      vertex -22.7409 21.4701 34.1704
    endloop
  endfacet
  facet normal 0.258771 -4.01582e-05 0.965939
    outer loop
      vertex -43.683 47.6345 39.7818
      vertex -22.7409 21.4701 34.1704
      vertex -43.6598 48 39.7756
    endloop
  endfacet
  facet normal 0.258784 -2.90373e-05 0.965935
    outer loop
      vertex -22.7409 21.4701 34.1704
      vertex -43.683 47.6345 39.7818
      vertex -23.094 21.494 34.265
    endloop
  endfacet
  facet normal 0.258461 -0.000301646 0.966022
    outer loop
      vertex -23.094 21.494 34.265
      vertex -43.683 47.6345 39.7818
      vertex -23.1822 21.5 34.2886
    endloop
  endfacet
  facet normal 0.257564 -0.00105625 0.966261
    outer loop
      vertex -43.6899 47.5986 39.7836
      vertex -23.1822 21.5 34.2886
      vertex -43.683 47.6345 39.7818
    endloop
  endfacet
  facet normal 0.258808 8.16092e-06 0.965929
    outer loop
      vertex -26.4478 -17.0941 35.1636
      vertex -43.6598 -48 39.7756
      vertex -26.534 -17.5432 35.1867
    endloop
  endfacet
  facet normal 0.258889 5.61706e-05 0.965907
    outer loop
      vertex -44.4287 46.0476 39.9816
      vertex -24.8726 21.0311 34.7415
      vertex -44.2187 46.2955 39.9253
    endloop
  endfacet
  facet normal 0.258707 -9.28194e-05 0.965956
    outer loop
      vertex -24.476 21.2336 34.6353
      vertex -44.2187 46.2955 39.9253
      vertex -24.8726 21.0311 34.7415
    endloop
  endfacet
  facet normal 0.258818 2.92439e-07 0.965926
    outer loop
      vertex -44.2187 46.2955 39.9253
      vertex -24.476 21.2336 34.6353
      vertex -44.0418 46.5695 39.8779
    endloop
  endfacet
  facet normal 0.259207 0.000322355 0.965822
    outer loop
      vertex -24.3922 21.263 34.6128
      vertex -44.0418 46.5695 39.8779
      vertex -24.476 21.2336 34.6353
    endloop
  endfacet
  facet normal 0.25774 -0.000898043 0.966214
    outer loop
      vertex -44.0418 46.5695 39.8779
      vertex -24.3922 21.263 34.6128
      vertex -44.0222 46.6 39.8727
    endloop
  endfacet
  facet normal 0.258686 -0.00011231 0.965961
    outer loop
      vertex -24.0572 21.3807 34.5231
      vertex -44.0222 46.6 39.8727
      vertex -24.3922 21.263 34.6128
    endloop
  endfacet
  facet normal 0.258672 -0.000124763 0.965965
    outer loop
      vertex -44.0222 46.6 39.8727
      vertex -24.0572 21.3807 34.5231
      vertex -44.0065 46.6328 39.8685
    endloop
  endfacet
  facet normal 0.258994 0.000148258 0.965879
    outer loop
      vertex -44.0065 46.6328 39.8685
      vertex -24.0572 21.3807 34.5231
      vertex -43.8657 46.9285 39.8307
    endloop
  endfacet
  facet normal 0.258867 4.25865e-05 0.965913
    outer loop
      vertex -23.7102 21.4522 34.4301
      vertex -43.8657 46.9285 39.8307
      vertex -24.0572 21.3807 34.5231
    endloop
  endfacet
  facet normal 0.259433 0.000522848 0.965761
    outer loop
      vertex -23.6235 21.4701 34.4068
      vertex -43.8657 46.9285 39.8307
      vertex -23.7102 21.4522 34.4301
    endloop
  endfacet
  facet normal 0.258175 -0.000549819 0.966098
    outer loop
      vertex -43.8657 46.9285 39.8307
      vertex -23.6235 21.4701 34.4068
      vertex -43.8544 46.9632 39.8277
    endloop
  endfacet
  facet normal 0.25899 0.000145053 0.96588
    outer loop
      vertex -43.752 47.2753 39.8003
      vertex -23.1822 21.5 34.2886
      vertex -43.6899 47.5986 39.7836
    endloop
  endfacet
  facet normal 0.258723 -8.372e-05 0.965952
    outer loop
      vertex -43.8544 46.9632 39.8277
      vertex -23.6235 21.4701 34.4068
      vertex -43.752 47.2753 39.8003
    endloop
  endfacet
  facet normal 0.258238 -0.000488993 0.966081
    outer loop
      vertex -23.5352 21.476 34.3832
      vertex -43.752 47.2753 39.8003
      vertex -23.6235 21.4701 34.4068
    endloop
  endfacet
  facet normal 0.258853 2.74881e-05 0.965917
    outer loop
      vertex -23.1822 21.5 34.2886
      vertex -43.752 47.2753 39.8003
      vertex -23.5352 21.476 34.3832
    endloop
  endfacet
  facet normal 0.258956 0.000115422 0.965889
    outer loop
      vertex -21.8885 21.2336 33.9419
      vertex -43.683 48.3655 39.7818
      vertex -22.2235 21.3513 34.0317
    endloop
  endfacet
  facet normal 0.260828 0.00172768 0.965384
    outer loop
      vertex -43.683 48.3655 39.7818
      vertex -21.8885 21.2336 33.9419
      vertex -43.6899 48.4014 39.7836
    endloop
  endfacet
  facet normal 0.25882 -0.00023727 0.965926
    outer loop
      vertex 44.0222 49.4 16.2812
      vertex -44.0065 49.3671 39.8685
      vertex -43.8657 49.0715 39.8307
    endloop
  endfacet
  facet normal 0.25882 0.0002001 0.965926
    outer loop
      vertex 44.0222 49.4 16.2812
      vertex -44.0222 49.4 39.8727
      vertex -44.0065 49.3671 39.8685
    endloop
  endfacet
  facet normal 0.258814 0.00163715 0.965926
    outer loop
      vertex 44.2187 49.7045 16.2286
      vertex -44.0418 49.4305 39.8779
      vertex -44.0222 49.4 39.8727
    endloop
  endfacet
  facet normal 0.258819 5.36939e-07 0.965926
    outer loop
      vertex 44.2187 49.7045 16.2286
      vertex -44.2187 49.7045 39.9253
      vertex -44.0418 49.4305 39.8779
    endloop
  endfacet
  facet normal 0.258819 -0.000119579 0.965926
    outer loop
      vertex 44.452 49.9799 16.1661
      vertex -44.4287 49.9524 39.9816
      vertex -44.2187 49.7045 39.9253
    endloop
  endfacet
  facet normal 0.258818 0.00151744 0.965925
    outer loop
      vertex 44.452 49.9799 16.1661
      vertex -44.452 49.9799 39.9878
      vertex -44.4287 49.9524 39.9816
    endloop
  endfacet
  facet normal 0.258819 -0.000235079 0.965926
    outer loop
      vertex 44.718 50.2214 16.0948
      vertex -44.6914 50.1972 40.052
      vertex -44.452 49.9799 39.9878
    endloop
  endfacet
  facet normal 0.258819 0.00109554 0.965925
    outer loop
      vertex 44.718 50.2214 16.0948
      vertex -44.718 50.2214 40.0591
      vertex -44.6914 50.1972 40.052
    endloop
  endfacet
  facet normal 0.258821 -0.00105744 0.965925
    outer loop
      vertex 45.0121 50.4249 16.016
      vertex -44.7474 50.2417 40.067
      vertex -44.718 50.2214 40.0591
    endloop
  endfacet
  facet normal 0.258819 0.000137702 0.965926
    outer loop
      vertex 45.0121 50.4249 16.016
      vertex -45.0121 50.4249 40.1379
      vertex -44.7474 50.2417 40.067
    endloop
  endfacet
  facet normal 0.258729 0.00105104 0.965949
    outer loop
      vertex 60 60 12
      vertex -45.0439 50.4411 40.1464
      vertex -45.0121 50.4249 40.1379
    endloop
  endfacet
  facet normal 0.258819 -3.27338e-06 0.965926
    outer loop
      vertex 60 60 12
      vertex -45.3294 50.5869 40.2229
      vertex -45.0439 50.4411 40.1464
    endloop
  endfacet
  facet normal 0.258819 -2.56081e-06 0.965926
    outer loop
      vertex -60 60 44.1539
      vertex -45.3294 50.5869 40.2229
      vertex 60 60 12
    endloop
  endfacet
  facet normal 0.259037 0.000362121 0.965867
    outer loop
      vertex -45.3294 50.5869 40.2229
      vertex -60 60 44.1539
      vertex -45.6644 50.7046 40.3127
    endloop
  endfacet
  facet normal 0.258902 0.000137955 0.965904
    outer loop
      vertex -45.6644 50.7046 40.3127
      vertex -60 60 44.1539
      vertex -45.9767 50.7689 40.3964
    endloop
  endfacet
  facet normal 0.258901 0.000137565 0.965904
    outer loop
      vertex -45.9767 50.7689 40.3964
      vertex -60 60 44.1539
      vertex -46.0114 50.776 40.4057
    endloop
  endfacet
  facet normal 0.257149 -0.00270889 0.966368
    outer loop
      vertex -46.0114 50.776 40.4057
      vertex -60 60 44.1539
      vertex -46.0467 50.7784 40.4151
    endloop
  endfacet
  facet normal 0.259048 0.000369102 0.965864
    outer loop
      vertex -46.0467 50.7784 40.4151
      vertex -60 60 44.1539
      vertex -46.3644 50.8 40.5003
    endloop
  endfacet
  facet normal 0.257458 -0.00215549 0.966287
    outer loop
      vertex -46.3644 50.8 40.5003
      vertex -60 60 44.1539
      vertex -46.3997 50.7976 40.5097
    endloop
  endfacet
  facet normal 0.257768 -0.00109829 0.966206
    outer loop
      vertex -60 60 44.1539
      vertex -48.9838 48.6888 41.2021
      vertex -48.9769 48.7247 41.2003
    endloop
  endfacet
  facet normal 0.258572 0.000231178 0.965992
    outer loop
      vertex -48.9838 -47.3112 41.2021
      vertex -60 -60 44.1539
      vertex -49.0459 -47.6345 41.2188
    endloop
  endfacet
  facet normal 0.258841 2.5911e-05 0.96592
    outer loop
      vertex -49.0459 48.3655 41.2188
      vertex -60 60 44.1539
      vertex -49.069 48 41.225
    endloop
  endfacet
  facet normal 0.258965 0.000150357 0.965887
    outer loop
      vertex -48.9838 48.6888 41.2021
      vertex -60 60 44.1539
      vertex -49.0459 48.3655 41.2188
    endloop
  endfacet
  facet normal 0.258885 7.19453e-05 0.965908
    outer loop
      vertex -48.8632 49.0715 41.1698
      vertex -60 60 44.1539
      vertex -48.9769 48.7247 41.2003
    endloop
  endfacet
  facet normal 0.258695 -0.00013612 0.965959
    outer loop
      vertex -48.8475 49.1044 41.1656
      vertex -60 60 44.1539
      vertex -48.8632 49.0715 41.1698
    endloop
  endfacet
  facet normal 0.258763 -6.06645e-05 0.965941
    outer loop
      vertex -48.7067 49.4 41.1279
      vertex -60 60 44.1539
      vertex -48.8475 49.1044 41.1656
    endloop
  endfacet
  facet normal 0.258817 5.86866e-07 0.965926
    outer loop
      vertex -48.5298 49.6741 41.0805
      vertex -60 60 44.1539
      vertex -48.7067 49.4 41.1279
    endloop
  endfacet
  facet normal 0.259178 0.000430475 0.965829
    outer loop
      vertex -48.5101 49.7045 41.0752
      vertex -60 60 44.1539
      vertex -48.5298 49.6741 41.0805
    endloop
  endfacet
  facet normal 0.25874 -9.3859e-05 0.965947
    outer loop
      vertex -48.3002 49.9524 41.019
      vertex -60 60 44.1539
      vertex -48.5101 49.7045 41.0752
    endloop
  endfacet
  facet normal 0.259741 0.00115629 0.965678
    outer loop
      vertex -48.2769 49.9799 41.0127
      vertex -60 60 44.1539
      vertex -48.3002 49.9524 41.019
    endloop
  endfacet
  facet normal 0.258368 -0.000566385 0.966046
    outer loop
      vertex -48.2503 50.004 41.0056
      vertex -60 60 44.1539
      vertex -48.2769 49.9799 41.0127
    endloop
  endfacet
  facet normal 0.258915 0.000122552 0.9659
    outer loop
      vertex -48.0109 50.2214 40.9414
      vertex -60 60 44.1539
      vertex -48.2503 50.004 41.0056
    endloop
  endfacet
  facet normal 0.258772 -6.49317e-05 0.965938
    outer loop
      vertex -47.7462 50.4045 40.8705
      vertex -60 60 44.1539
      vertex -48.0109 50.2214 40.9414
    endloop
  endfacet
  facet normal 0.258746 -0.000100174 0.965945
    outer loop
      vertex -47.7167 50.4249 40.8626
      vertex -60 60 44.1539
      vertex -47.7462 50.4045 40.8705
    endloop
  endfacet
  facet normal 0.258922 0.000141928 0.965898
    outer loop
      vertex -47.685 50.4411 40.8541
      vertex -60 60 44.1539
      vertex -47.7167 50.4249 40.8626
    endloop
  endfacet
  facet normal 0.258769 -6.94495e-05 0.965939
    outer loop
      vertex -47.3994 50.5869 40.7776
      vertex -60 60 44.1539
      vertex -47.685 50.4411 40.8541
    endloop
  endfacet
  facet normal 0.258886 9.86182e-05 0.965908
    outer loop
      vertex -47.0644 50.7046 40.6878
      vertex -60 60 44.1539
      vertex -47.3994 50.5869 40.7776
    endloop
  endfacet
  facet normal 0.258863 6.38903e-05 0.965914
    outer loop
      vertex -47.0297 50.7117 40.6785
      vertex -60 60 44.1539
      vertex -47.0644 50.7046 40.6878
    endloop
  endfacet
  facet normal 0.258699 -0.000181819 0.965958
    outer loop
      vertex -46.7175 50.776 40.5949
      vertex -60 60 44.1539
      vertex -47.0297 50.7117 40.6785
    endloop
  endfacet
  facet normal 0.258937 0.000185718 0.965894
    outer loop
      vertex -46.3997 50.7976 40.5097
      vertex -60 60 44.1539
      vertex -46.7175 50.776 40.5949
    endloop
  endfacet
  facet normal 0.258572 0.000231178 0.965992
    outer loop
      vertex 48.9838 47.3112 14.9518
      vertex 60 60 12
      vertex 49.0459 47.6345 14.9351
    endloop
  endfacet
  facet normal 0.258841 2.5911e-05 0.96592
    outer loop
      vertex 49.0459 -48.3655 14.9351
      vertex 60 -60 12
      vertex 49.069 -48 14.9289
    endloop
  endfacet
  facet normal 0.258965 0.000150357 0.965887
    outer loop
      vertex 48.9838 -48.6888 14.9518
      vertex 60 -60 12
      vertex 49.0459 -48.3655 14.9351
    endloop
  endfacet
  facet normal 0.257768 -0.00109829 0.966206
    outer loop
      vertex 48.9769 -48.7247 14.9536
      vertex 60 -60 12
      vertex 48.9838 -48.6888 14.9518
    endloop
  endfacet
  facet normal 0.258885 7.19453e-05 0.965908
    outer loop
      vertex 48.8632 -49.0715 14.9841
      vertex 60 -60 12
      vertex 48.9769 -48.7247 14.9536
    endloop
  endfacet
  facet normal 0.258695 -0.00013612 0.965959
    outer loop
      vertex 48.8475 -49.1044 14.9883
      vertex 60 -60 12
      vertex 48.8632 -49.0715 14.9841
    endloop
  endfacet
  facet normal 0.258763 -6.06645e-05 0.965941
    outer loop
      vertex 48.7067 -49.4 15.026
      vertex 60 -60 12
      vertex 48.8475 -49.1044 14.9883
    endloop
  endfacet
  facet normal 0.259187 0.000422962 0.965827
    outer loop
      vertex 48.687 -49.4305 15.0313
      vertex 60 -60 12
      vertex 48.7067 -49.4 15.026
    endloop
  endfacet
  facet normal 0.258818 -1.49665e-07 0.965926
    outer loop
      vertex 48.5101 -49.7045 15.0787
      vertex 60 -60 12
      vertex 48.687 -49.4305 15.0313
    endloop
  endfacet
  facet normal 0.258925 0.000127692 0.965897
    outer loop
      vertex 48.3002 -49.9524 15.135
      vertex 60 -60 12
      vertex 48.5101 -49.7045 15.0787
    endloop
  endfacet
  facet normal 0.258117 -0.00088075 0.966113
    outer loop
      vertex 48.2769 -49.9799 15.1412
      vertex 60 -60 12
      vertex 48.3002 -49.9524 15.135
    endloop
  endfacet
  facet normal 0.258368 -0.000566385 0.966046
    outer loop
      vertex 48.2503 -50.004 15.1483
      vertex 60 -60 12
      vertex 48.2769 -49.9799 15.1412
    endloop
  endfacet
  facet normal 0.258915 0.000122552 0.9659
    outer loop
      vertex 48.0109 -50.2214 15.2125
      vertex 60 -60 12
      vertex 48.2503 -50.004 15.1483
    endloop
  endfacet
  facet normal 0.25919 0.000484651 0.965826
    outer loop
      vertex 47.9815 -50.2417 15.2204
      vertex 60 -60 12
      vertex 48.0109 -50.2214 15.2125
    endloop
  endfacet
  facet normal 0.258724 -0.000131249 0.965951
    outer loop
      vertex 47.7167 -50.4249 15.2913
      vertex 60 -60 12
      vertex 47.9815 -50.2417 15.2204
    endloop
  endfacet
  facet normal 0.25882 1.34494e-06 0.965926
    outer loop
      vertex 47.4312 -50.5707 15.3678
      vertex 60 -60 12
      vertex 47.7167 -50.4249 15.2913
    endloop
  endfacet
  facet normal 0.258468 -0.000501251 0.96602
    outer loop
      vertex 47.3994 -50.5869 15.3763
      vertex 60 -60 12
      vertex 47.4312 -50.5707 15.3678
    endloop
  endfacet
  facet normal 0.258886 9.86182e-05 0.965908
    outer loop
      vertex 47.0644 -50.7046 15.4661
      vertex 60 -60 12
      vertex 47.3994 -50.5869 15.3763
    endloop
  endfacet
  facet normal 0.258863 6.38903e-05 0.965914
    outer loop
      vertex 47.0297 -50.7117 15.4754
      vertex 60 -60 12
      vertex 47.0644 -50.7046 15.4661
    endloop
  endfacet
  facet normal 0.258699 -0.000181819 0.965958
    outer loop
      vertex 46.7175 -50.776 15.559
      vertex 60 -60 12
      vertex 47.0297 -50.7117 15.4754
    endloop
  endfacet
  facet normal 0.258937 0.000185718 0.965894
    outer loop
      vertex 46.3997 -50.7976 15.6442
      vertex 60 -60 12
      vertex 46.7175 -50.776 15.559
    endloop
  endfacet
  facet normal 0.257458 -0.00215549 0.966287
    outer loop
      vertex 46.3644 -50.8 15.6536
      vertex 60 -60 12
      vertex 46.3997 -50.7976 15.6442
    endloop
  endfacet
  facet normal 0.259048 0.000369102 0.965864
    outer loop
      vertex 46.0467 -50.7784 15.7388
      vertex 60 -60 12
      vertex 46.3644 -50.8 15.6536
    endloop
  endfacet
  facet normal 0.257149 -0.00270889 0.966368
    outer loop
      vertex 46.0114 -50.776 15.7482
      vertex 60 -60 12
      vertex 46.0467 -50.7784 15.7388
    endloop
  endfacet
  facet normal 0.258902 0.000137915 0.965904
    outer loop
      vertex 45.6644 -50.7046 15.8412
      vertex 60 -60 12
      vertex 46.0114 -50.776 15.7482
    endloop
  endfacet
  facet normal 0.260214 0.0023094 0.965548
    outer loop
      vertex 45.6309 -50.6928 15.8502
      vertex 60 -60 12
      vertex 45.6644 -50.7046 15.8412
    endloop
  endfacet
  facet normal 0.258905 0.000141362 0.965903
    outer loop
      vertex 45.3294 -50.5869 15.931
      vertex 60 -60 12
      vertex 45.6309 -50.6928 15.8502
    endloop
  endfacet
  facet normal 0.258821 7.04455e-07 0.965925
    outer loop
      vertex 45.0439 -50.4411 16.0075
      vertex 60 -60 12
      vertex 45.3294 -50.5869 15.931
    endloop
  endfacet
  facet normal 0.255904 -0.00488405 0.96669
    outer loop
      vertex 45.0121 -50.4249 16.016
      vertex 60 -60 12
      vertex 45.0439 -50.4411 16.0075
    endloop
  endfacet
  facet normal 0.571784 0.422094 0.703491
    outer loop
      vertex 44.452 -49.9799 16.1661
      vertex 44.718 -50.2214 16.0948
      vertex 44.6914 -50.1972 16.1019
    endloop
  endfacet
  facet normal 0.743912 0.54123 0.392002
    outer loop
      vertex 44.2187 -49.7045 16.2286
      vertex 44.452 -49.9799 16.1661
      vertex 44.2421 -49.7321 16.2223
    endloop
  endfacet
  facet normal 0.230811 0.230811 -0.945226
    outer loop
      vertex 43.8657 -49.0715 16.3232
      vertex 44.0222 -49.4 16.2812
      vertex 44.0065 -49.3671 16.2854
    endloop
  endfacet
  facet normal 0.258939 9.98511e-05 0.965894
    outer loop
      vertex 24.8726 -21.0311 21.4124
      vertex 44.6914 -45.8028 16.1019
      vertex 25.2403 -20.7767 21.3138
    endloop
  endfacet
  facet normal 0.258936 9.74918e-05 0.965895
    outer loop
      vertex 44.6914 -45.8028 16.1019
      vertex 24.8726 -21.0311 21.4124
      vertex 44.452 -46.0201 16.1661
    endloop
  endfacet
  facet normal 0.258427 -0.000330173 0.966031
    outer loop
      vertex 24.7933 -21.0716 21.4336
      vertex 44.452 -46.0201 16.1661
      vertex 24.8726 -21.0311 21.4124
    endloop
  endfacet
  facet normal 0.258724 -7.92505e-05 0.965951
    outer loop
      vertex 44.452 -46.0201 16.1661
      vertex 24.7933 -21.0716 21.4336
      vertex 44.2421 -46.2679 16.2223
    endloop
  endfacet
  facet normal 0.258778 -3.44489e-05 0.965937
    outer loop
      vertex 24.476 -21.2336 21.5186
      vertex 44.2421 -46.2679 16.2223
      vertex 24.7933 -21.0716 21.4336
    endloop
  endfacet
  facet normal 0.259417 0.000506218 0.965765
    outer loop
      vertex 44.2421 -46.2679 16.2223
      vertex 24.476 -21.2336 21.5186
      vertex 44.2187 -46.2955 16.2286
    endloop
  endfacet
  facet normal 0.258818 2.92439e-07 0.965926
    outer loop
      vertex 44.2187 -46.2955 16.2286
      vertex 24.476 -21.2336 21.5186
      vertex 44.0418 -46.5695 16.276
    endloop
  endfacet
  facet normal 0.257736 -0.000895039 0.966215
    outer loop
      vertex 44.0418 -46.5695 16.276
      vertex 24.476 -21.2336 21.5186
      vertex 44.0222 -46.6 16.2812
    endloop
  endfacet
  facet normal 0.25879 -2.42924e-05 0.965934
    outer loop
      vertex 24.0572 -21.3807 21.6308
      vertex 44.0222 -46.6 16.2812
      vertex 24.476 -21.2336 21.5186
    endloop
  endfacet
  facet normal 0.258672 -0.000124763 0.965965
    outer loop
      vertex 44.0222 -46.6 16.2812
      vertex 24.0572 -21.3807 21.6308
      vertex 44.0065 -46.6328 16.2854
    endloop
  endfacet
  facet normal 0.258994 0.000148258 0.965879
    outer loop
      vertex 44.0065 -46.6328 16.2854
      vertex 24.0572 -21.3807 21.6308
      vertex 43.8657 -46.9285 16.3232
    endloop
  endfacet
  facet normal 0.258867 4.25865e-05 0.965913
    outer loop
      vertex 23.7102 -21.4522 21.7238
      vertex 43.8657 -46.9285 16.3232
      vertex 24.0572 -21.3807 21.6308
    endloop
  endfacet
  facet normal 0.259433 0.000522848 0.965761
    outer loop
      vertex 23.6235 -21.4701 21.7471
      vertex 43.8657 -46.9285 16.3232
      vertex 23.7102 -21.4522 21.7238
    endloop
  endfacet
  facet normal 0.258791 -2.4759e-05 0.965933
    outer loop
      vertex 43.8657 -46.9285 16.3232
      vertex 23.6235 -21.4701 21.7471
      vertex 43.7634 -47.2406 16.3506
    endloop
  endfacet
  facet normal 0.257541 -0.00107117 0.966267
    outer loop
      vertex 43.7634 -47.2406 16.3506
      vertex 23.6235 -21.4701 21.7471
      vertex 43.752 -47.2753 16.3536
    endloop
  endfacet
  facet normal 0.25873 -7.75721e-05 0.96595
    outer loop
      vertex 23.1822 -21.5 21.8653
      vertex 43.752 -47.2753 16.3536
      vertex 23.6235 -21.4701 21.7471
    endloop
  endfacet
  facet normal 0.25885 2.46559e-05 0.965918
    outer loop
      vertex 43.752 -47.2753 16.3536
      vertex 23.1822 -21.5 21.8653
      vertex 43.683 -47.6345 16.3721
    endloop
  endfacet
  facet normal 0.25872 -8.44398e-05 0.965952
    outer loop
      vertex 22.7409 -21.4701 21.9835
      vertex 43.683 -47.6345 16.3721
      vertex 23.1822 -21.5 21.8653
    endloop
  endfacet
  facet normal 0.258771 -4.01582e-05 0.965939
    outer loop
      vertex 43.683 -47.6345 16.3721
      vertex 22.7409 -21.4701 21.9835
      vertex 43.6598 -48 16.3783
    endloop
  endfacet
  facet normal 0.258969 0.000127049 0.965886
    outer loop
      vertex 22.394 -21.3986 22.0765
      vertex 43.6598 -48 16.3783
      vertex 22.7409 -21.4701 21.9835
    endloop
  endfacet
  facet normal 0.259341 0.000445434 0.965786
    outer loop
      vertex 22.3072 -21.3807 22.0998
      vertex 43.6598 -48 16.3783
      vertex 22.394 -21.3986 22.0765
    endloop
  endfacet
  facet normal 0.258878 4.74003e-05 0.96591
    outer loop
      vertex 43.6598 -48 16.3783
      vertex 22.3072 -21.3807 22.0998
      vertex 43.683 -48.3655 16.3721
    endloop
  endfacet
  facet normal 0.25841 -0.000349969 0.966035
    outer loop
      vertex 22.2235 -21.3513 22.1222
      vertex 43.683 -48.3655 16.3721
      vertex 22.3072 -21.3807 22.0998
    endloop
  endfacet
  facet normal 0.258956 0.000115422 0.965889
    outer loop
      vertex 21.8885 -21.2336 22.212
      vertex 43.683 -48.3655 16.3721
      vertex 22.2235 -21.3513 22.1222
    endloop
  endfacet
  facet normal 0.258776 -3.97549e-05 0.965937
    outer loop
      vertex 43.683 -48.3655 16.3721
      vertex 21.8885 -21.2336 22.212
      vertex 43.752 -48.7247 16.3536
    endloop
  endfacet
  facet normal 0.25738 -0.00122957 0.96631
    outer loop
      vertex 21.8091 -21.1931 22.2332
      vertex 43.752 -48.7247 16.3536
      vertex 21.8885 -21.2336 22.212
    endloop
  endfacet
  facet normal 0.258721 -8.40063e-05 0.965952
    outer loop
      vertex 21.4918 -21.0311 22.3182
      vertex 43.752 -48.7247 16.3536
      vertex 21.8091 -21.1931 22.2332
    endloop
  endfacet
  facet normal 0.258821 1.5198e-06 0.965925
    outer loop
      vertex -21.4918 -21.0311 33.8357
      vertex 43.752 -48.7247 16.3536
      vertex 21.4918 -21.0311 22.3182
    endloop
  endfacet
  facet normal 0.25882 -7.46552e-07 0.965926
    outer loop
      vertex -43.752 -48.7247 39.8003
      vertex 43.752 -48.7247 16.3536
      vertex -21.4918 -21.0311 33.8357
    endloop
  endfacet
  facet normal 0.25882 0.00152072 0.965925
    outer loop
      vertex 43.752 -48.7247 16.3536
      vertex -43.752 -48.7247 39.8003
      vertex 43.7634 -48.7594 16.3506
    endloop
  endfacet
  facet normal 0.258819 3.47447e-05 0.965926
    outer loop
      vertex 43.7634 -48.7594 16.3506
      vertex -43.752 -48.7247 39.8003
      vertex 43.8657 -49.0715 16.3232
    endloop
  endfacet
  facet normal 0.258819 -0.000117475 0.965926
    outer loop
      vertex -43.8544 -49.0368 39.8277
      vertex 43.8657 -49.0715 16.3232
      vertex -43.752 -48.7247 39.8003
    endloop
  endfacet
  facet normal 0.258821 2.08785e-05 0.965925
    outer loop
      vertex -21.4918 -21.0311 33.8357
      vertex 21.4918 -21.0311 22.3182
      vertex 21.1977 -20.8276 22.397
    endloop
  endfacet
  facet normal 0.258829 -0.00199009 0.965921
    outer loop
      vertex -21.4918 -21.0311 33.8357
      vertex 21.1977 -20.8276 22.397
      vertex 21.1242 -20.7767 22.4168
    endloop
  endfacet
  facet normal 0.258819 0.000297297 0.965926
    outer loop
      vertex -21.1242 -20.7767 33.7372
      vertex 21.1242 -20.7767 22.4168
      vertex 20.8582 -20.5352 22.488
    endloop
  endfacet
  facet normal 0.258817 0.000296075 0.965926
    outer loop
      vertex -21.0577 -20.7164 33.7193
      vertex 20.8582 -20.5352 22.488
      vertex 20.7917 -20.4749 22.5058
    endloop
  endfacet
  facet normal 0.25882 -0.00110017 0.965925
    outer loop
      vertex -20.7917 -20.4749 33.6481
      vertex 20.7917 -20.4749 22.5058
      vertex 20.7334 -20.406 22.5215
    endloop
  endfacet
  facet normal 0.258819 4.36247e-05 0.965926
    outer loop
      vertex -20.7917 -20.4749 33.6481
      vertex 20.7334 -20.406 22.5215
      vertex 20.5001 -20.1307 22.584
    endloop
  endfacet
  facet normal 0.25882 -0.000272549 0.965926
    outer loop
      vertex -20.0588 -19.3394 33.4517
      vertex 20.0979 -19.4215 22.6917
      vertex 20.0588 -19.3394 22.7022
    endloop
  endfacet
  facet normal 0.258818 -9.54086e-05 0.965926
    outer loop
      vertex -19.9167 -18.9059 33.4136
      vertex 20.0304 -19.2527 22.7098
      vertex 19.9167 -18.9059 22.7403
    endloop
  endfacet
  facet normal 0.258817 -0.000485163 0.965926
    outer loop
      vertex -19.8015 -18 33.3827
      vertex 19.8073 -18.0914 22.7696
      vertex 19.8015 -18 22.7712
    endloop
  endfacet
  facet normal 0.258817 0.000485163 0.965926
    outer loop
      vertex 19.8073 -17.9086 22.7696
      vertex -19.8015 -18 33.3827
      vertex 19.8015 -18 22.7712
    endloop
  endfacet
  facet normal 0.258818 -2.74974e-05 0.965926
    outer loop
      vertex 19.8073 -18.0914 22.7696
      vertex -19.8015 -18 33.3827
      vertex 19.8304 -18.4568 22.7634
    endloop
  endfacet
  facet normal 0.25882 0.00011895 0.965926
    outer loop
      vertex -19.8304 -18.4568 33.3905
      vertex 19.8304 -18.4568 22.7634
      vertex -19.8015 -18 33.3827
    endloop
  endfacet
  facet normal 0.25882 -3.08348e-05 0.965926
    outer loop
      vertex 19.8304 -18.4568 22.7634
      vertex -19.8304 -18.4568 33.3905
      vertex 19.8994 -18.8161 22.7449
    endloop
  endfacet
  facet normal 0.258823 0.000382896 0.965925
    outer loop
      vertex 19.8994 -18.8161 22.7449
      vertex -19.8304 -18.4568 33.3905
      vertex 19.9167 -18.9059 22.7403
    endloop
  endfacet
  facet normal 0.258818 -5.15247e-05 0.965926
    outer loop
      vertex -19.9167 -18.9059 33.4136
      vertex 19.9167 -18.9059 22.7403
      vertex -19.8304 -18.4568 33.3905
    endloop
  endfacet
  facet normal 0.25882 9.4867e-05 0.965926
    outer loop
      vertex -20.0304 -19.2527 33.4441
      vertex 20.0304 -19.2527 22.7098
      vertex -19.9167 -18.9059 33.4136
    endloop
  endfacet
  facet normal 0.25882 0.000109027 0.965926
    outer loop
      vertex 20.0304 -19.2527 22.7098
      vertex -20.0304 -19.2527 33.4441
      vertex 20.0588 -19.3394 22.7022
    endloop
  endfacet
  facet normal 0.25882 -0.000108873 0.965926
    outer loop
      vertex -20.0588 -19.3394 33.4517
      vertex 20.0588 -19.3394 22.7022
      vertex -20.0304 -19.2527 33.4441
    endloop
  endfacet
  facet normal 0.258821 0.000272019 0.965925
    outer loop
      vertex -20.0979 -19.4215 33.4622
      vertex 20.0979 -19.4215 22.6917
      vertex -20.0588 -19.3394 33.4517
    endloop
  endfacet
  facet normal 0.258821 0.000100894 0.965925
    outer loop
      vertex 20.0979 -19.4215 22.6917
      vertex -20.0979 -19.4215 33.4622
      vertex 20.2544 -19.75 22.6498
    endloop
  endfacet
  facet normal 0.258819 -0.000100114 0.965926
    outer loop
      vertex -20.2544 -19.75 33.5041
      vertex 20.2544 -19.75 22.6498
      vertex -20.0979 -19.4215 33.4622
    endloop
  endfacet
  facet normal 0.258819 8.90953e-05 0.965926
    outer loop
      vertex 20.2544 -19.75 22.6498
      vertex -20.2544 -19.75 33.5041
      vertex 20.5001 -20.1307 22.584
    endloop
  endfacet
  facet normal 0.258817 -8.80275e-05 0.965926
    outer loop
      vertex -20.5001 -20.1307 33.5699
      vertex 20.5001 -20.1307 22.584
      vertex -20.2544 -19.75 33.5041
    endloop
  endfacet
  facet normal 0.258817 0.000186666 0.965926
    outer loop
      vertex -20.7917 -20.4749 33.6481
      vertex 20.5001 -20.1307 22.584
      vertex -20.5001 -20.1307 33.5699
    endloop
  endfacet
  facet normal 0.25882 -0.000299493 0.965925
    outer loop
      vertex 20.7917 -20.4749 22.5058
      vertex -20.7917 -20.4749 33.6481
      vertex -21.0577 -20.7164 33.7193
    endloop
  endfacet
  facet normal 0.258813 0.00131063 0.965927
    outer loop
      vertex 20.8582 -20.5352 22.488
      vertex -21.0577 -20.7164 33.7193
      vertex -21.1242 -20.7767 33.7372
    endloop
  endfacet
  facet normal 0.258819 7.94094e-06 0.965926
    outer loop
      vertex 21.1242 -20.7767 22.4168
      vertex -21.1242 -20.7767 33.7372
      vertex -21.4918 -21.0311 33.8357
    endloop
  endfacet
  facet normal 0.258818 -0.000774367 0.965926
    outer loop
      vertex -43.8657 -49.0715 39.8307
      vertex 43.8657 -49.0715 16.3232
      vertex -43.8544 -49.0368 39.8277
    endloop
  endfacet
  facet normal 0.258818 -0.000194227 0.965926
    outer loop
      vertex 43.8657 -49.0715 16.3232
      vertex -43.8657 -49.0715 39.8307
      vertex 44.0222 -49.4 16.2812
    endloop
  endfacet
  facet normal 0.25882 0.00023727 0.965926
    outer loop
      vertex -44.0065 -49.3671 39.8685
      vertex 44.0222 -49.4 16.2812
      vertex -43.8657 -49.0715 39.8307
    endloop
  endfacet
  facet normal 0.25882 -0.0002001 0.965926
    outer loop
      vertex -44.0222 -49.4 39.8727
      vertex 44.0222 -49.4 16.2812
      vertex -44.0065 -49.3671 39.8685
    endloop
  endfacet
  facet normal 0.258819 0.00164114 0.965924
    outer loop
      vertex 44.0222 -49.4 16.2812
      vertex -44.0222 -49.4 39.8727
      vertex 44.0418 -49.4305 16.276
    endloop
  endfacet
  facet normal 0.258819 9.06101e-07 0.965926
    outer loop
      vertex 44.0418 -49.4305 16.276
      vertex -44.0222 -49.4 39.8727
      vertex 44.2187 -49.7045 16.2286
    endloop
  endfacet
  facet normal 0.257372 0.00124612 0.966312
    outer loop
      vertex -43.752 -48.7247 39.8003
      vertex -21.4918 -21.0311 33.8357
      vertex -21.5712 -21.0716 33.8569
    endloop
  endfacet
  facet normal 0.258719 8.81525e-05 0.965953
    outer loop
      vertex -43.752 -48.7247 39.8003
      vertex -21.5712 -21.0716 33.8569
      vertex -21.8885 -21.2336 33.9419
    endloop
  endfacet
  facet normal 0.258956 -0.000115422 0.965889
    outer loop
      vertex -43.683 -48.3655 39.7818
      vertex -21.8885 -21.2336 33.9419
      vertex -22.2235 -21.3513 34.0317
    endloop
  endfacet
  facet normal 0.259903 -0.000921327 0.965634
    outer loop
      vertex -43.683 -48.3655 39.7818
      vertex -22.2235 -21.3513 34.0317
      vertex -22.3072 -21.3807 34.0542
    endloop
  endfacet
  facet normal 0.258097 0.000619849 0.966119
    outer loop
      vertex -43.6598 -48 39.7756
      vertex -22.3072 -21.3807 34.0542
      vertex -22.394 -21.3986 34.0774
    endloop
  endfacet
  facet normal 0.258969 -0.000127049 0.965886
    outer loop
      vertex -43.6598 -48 39.7756
      vertex -22.394 -21.3986 34.0774
      vertex -22.7409 -21.4701 34.1704
    endloop
  endfacet
  facet normal 0.258784 2.9212e-05 0.965935
    outer loop
      vertex -43.6598 -48 39.7756
      vertex -22.7409 -21.4701 34.1704
      vertex -23.094 -21.494 34.265
    endloop
  endfacet
  facet normal 0.258462 0.000297532 0.966021
    outer loop
      vertex -43.6598 -48 39.7756
      vertex -23.094 -21.494 34.265
      vertex -23.1822 -21.5 34.2886
    endloop
  endfacet
  facet normal 0.258853 -2.64838e-05 0.965917
    outer loop
      vertex -43.6598 -48 39.7756
      vertex -23.1822 -21.5 34.2886
      vertex -23.5352 -21.476 34.3832
    endloop
  endfacet
  facet normal 0.258237 0.000474387 0.966081
    outer loop
      vertex -43.6598 -48 39.7756
      vertex -23.5352 -21.476 34.3832
      vertex -23.6235 -21.4701 34.4068
    endloop
  endfacet
  facet normal 0.259438 -0.00049793 0.96576
    outer loop
      vertex -43.6598 -48 39.7756
      vertex -23.6235 -21.4701 34.4068
      vertex -23.7102 -21.4522 34.4301
    endloop
  endfacet
  facet normal 0.258868 -3.8524e-05 0.965913
    outer loop
      vertex -43.6598 -48 39.7756
      vertex -23.7102 -21.4522 34.4301
      vertex -24.0572 -21.3807 34.5231
    endloop
  endfacet
  facet normal 0.258684 0.000106218 0.965962
    outer loop
      vertex -43.6598 -48 39.7756
      vertex -24.0572 -21.3807 34.5231
      vertex -24.3922 -21.263 34.6128
    endloop
  endfacet
  facet normal 0.259213 -0.000302219 0.96582
    outer loop
      vertex -43.6598 -48 39.7756
      vertex -24.3922 -21.263 34.6128
      vertex -24.476 -21.2336 34.6353
    endloop
  endfacet
  facet normal 0.258706 7.00323e-05 0.965956
    outer loop
      vertex -26.534 -17.5432 35.1867
      vertex -43.6598 -48 39.7756
      vertex -26.563 -18 35.1945
    endloop
  endfacet
  facet normal 0.258912 -5.599e-05 0.965901
    outer loop
      vertex -26.563 -18 35.1945
      vertex -43.6598 -48 39.7756
      vertex -26.534 -18.4568 35.1867
    endloop
  endfacet
  facet normal 0.258828 -4.03812e-06 0.965923
    outer loop
      vertex -26.534 -18.4568 35.1867
      vertex -43.6598 -48 39.7756
      vertex -26.4478 -18.9059 35.1636
    endloop
  endfacet
  facet normal 0.258408 0.000262496 0.966036
    outer loop
      vertex -43.6598 -48 39.7756
      vertex -26.4193 -18.9926 35.156
      vertex -26.4478 -18.9059 35.1636
    endloop
  endfacet
  facet normal 0.258916 -6.1088e-05 0.9659
    outer loop
      vertex -43.6598 -48 39.7756
      vertex -26.3056 -19.3394 35.1255
      vertex -26.4193 -18.9926 35.156
    endloop
  endfacet
  facet normal 0.258734 5.6866e-05 0.965949
    outer loop
      vertex -43.6598 -48 39.7756
      vertex -26.1491 -19.6679 35.0836
      vertex -26.3056 -19.3394 35.1255
    endloop
  endfacet
  facet normal 0.259052 -0.000153735 0.965863
    outer loop
      vertex -43.6598 -48 39.7756
      vertex -26.11 -19.75 35.0731
      vertex -26.1491 -19.6679 35.0836
    endloop
  endfacet
  facet normal 0.258755 4.44892e-05 0.965943
    outer loop
      vertex -43.6598 -48 39.7756
      vertex -25.8643 -20.1307 35.0073
      vertex -26.11 -19.75 35.0731
    endloop
  endfacet
  facet normal 0.258807 8.87354e-06 0.965929
    outer loop
      vertex -43.6598 -48 39.7756
      vertex -25.5728 -20.4749 34.9292
      vertex -25.8643 -20.1307 35.0073
    endloop
  endfacet
  facet normal 0.258831 -8.17786e-06 0.965923
    outer loop
      vertex -43.6598 -48 39.7756
      vertex -25.2403 -20.7767 34.8401
      vertex -25.5728 -20.4749 34.9292
    endloop
  endfacet
  facet normal 0.258945 -9.0658e-05 0.965892
    outer loop
      vertex -43.6598 -48 39.7756
      vertex -24.8726 -21.0311 34.7415
      vertex -25.2403 -20.7767 34.8401
    endloop
  endfacet
  facet normal 0.258705 8.81615e-05 0.965956
    outer loop
      vertex -43.6598 -48 39.7756
      vertex -24.476 -21.2336 34.6353
      vertex -24.8726 -21.0311 34.7415
    endloop
  endfacet
  facet normal 0.258873 -4.70886e-05 0.965911
    outer loop
      vertex -22.3072 -21.3807 34.0542
      vertex -43.6598 -48 39.7756
      vertex -43.683 -48.3655 39.7818
    endloop
  endfacet
  facet normal 0.260828 -0.00172768 0.965384
    outer loop
      vertex -21.8885 -21.2336 33.9419
      vertex -43.683 -48.3655 39.7818
      vertex -43.6899 -48.4014 39.7836
    endloop
  endfacet
  facet normal 0.258545 0.000236724 0.965999
    outer loop
      vertex -21.8885 -21.2336 33.9419
      vertex -43.6899 -48.4014 39.7836
      vertex -43.752 -48.7247 39.8003
    endloop
  endfacet
  facet normal 0.258814 -0.00163715 0.965926
    outer loop
      vertex -44.0418 -49.4305 39.8779
      vertex 44.2187 -49.7045 16.2286
      vertex -44.0222 -49.4 39.8727
    endloop
  endfacet
  facet normal 0.258819 -5.36939e-07 0.965926
    outer loop
      vertex -44.2187 -49.7045 39.9253
      vertex 44.2187 -49.7045 16.2286
      vertex -44.0418 -49.4305 39.8779
    endloop
  endfacet
  facet normal 0.258819 4.37286e-05 0.965926
    outer loop
      vertex 44.2187 -49.7045 16.2286
      vertex -44.2187 -49.7045 39.9253
      vertex 44.452 -49.9799 16.1661
    endloop
  endfacet
  facet normal 0.258819 0.000119579 0.965926
    outer loop
      vertex -44.4287 -49.9524 39.9816
      vertex 44.452 -49.9799 16.1661
      vertex -44.2187 -49.7045 39.9253
    endloop
  endfacet
  facet normal 0.258818 -0.00151744 0.965925
    outer loop
      vertex -44.452 -49.9799 39.9878
      vertex 44.452 -49.9799 16.1661
      vertex -44.4287 -49.9524 39.9816
    endloop
  endfacet
  facet normal 0.258818 -0.00010271 0.965926
    outer loop
      vertex 44.452 -49.9799 16.1661
      vertex -44.452 -49.9799 39.9878
      vertex 44.718 -50.2214 16.0948
    endloop
  endfacet
  facet normal 0.258819 0.000235079 0.965926
    outer loop
      vertex -44.6914 -50.1972 40.052
      vertex 44.718 -50.2214 16.0948
      vertex -44.452 -49.9799 39.9878
    endloop
  endfacet
  facet normal 0.258819 -0.00109554 0.965925
    outer loop
      vertex -44.718 -50.2214 40.0591
      vertex 44.718 -50.2214 16.0948
      vertex -44.6914 -50.1972 40.052
    endloop
  endfacet
  facet normal 0.258819 0.000137896 0.965926
    outer loop
      vertex 44.718 -50.2214 16.0948
      vertex -44.718 -50.2214 40.0591
      vertex 44.9827 -50.4045 16.0239
    endloop
  endfacet
  facet normal 0.258817 -0.00105918 0.965926
    outer loop
      vertex 44.9827 -50.4045 16.0239
      vertex -44.718 -50.2214 40.0591
      vertex 45.0121 -50.4249 16.016
    endloop
  endfacet
  facet normal 0.258821 0.00105744 0.965925
    outer loop
      vertex -44.7474 -50.2417 40.067
      vertex 45.0121 -50.4249 16.016
      vertex -44.718 -50.2214 40.0591
    endloop
  endfacet
  facet normal 0.258819 -0.000137702 0.965926
    outer loop
      vertex -45.0121 -50.4249 40.1379
      vertex 45.0121 -50.4249 16.016
      vertex -44.7474 -50.2417 40.067
    endloop
  endfacet
  facet normal 0.258819 -6.29976e-07 0.965926
    outer loop
      vertex 45.0121 -50.4249 16.016
      vertex -45.0121 -50.4249 40.1379
      vertex 60 -60 12
    endloop
  endfacet
  facet normal 0.258729 -0.00105104 0.965949
    outer loop
      vertex -45.0439 -50.4411 40.1464
      vertex 60 -60 12
      vertex -45.0121 -50.4249 40.1379
    endloop
  endfacet
  facet normal 0.258819 3.27338e-06 0.965926
    outer loop
      vertex -45.3294 -50.5869 40.2229
      vertex 60 -60 12
      vertex -45.0439 -50.4411 40.1464
    endloop
  endfacet
  facet normal 0.259037 -0.000362121 0.965867
    outer loop
      vertex -60 -60 44.1539
      vertex -45.3294 -50.5869 40.2229
      vertex -45.6644 -50.7046 40.3127
    endloop
  endfacet
  facet normal 0.258902 -0.000137955 0.965904
    outer loop
      vertex -60 -60 44.1539
      vertex -45.6644 -50.7046 40.3127
      vertex -45.9767 -50.7689 40.3964
    endloop
  endfacet
  facet normal 0.258901 -0.000137565 0.965904
    outer loop
      vertex -60 -60 44.1539
      vertex -45.9767 -50.7689 40.3964
      vertex -46.0114 -50.776 40.4057
    endloop
  endfacet
  facet normal 0.257149 0.00270889 0.966368
    outer loop
      vertex -60 -60 44.1539
      vertex -46.0114 -50.776 40.4057
      vertex -46.0467 -50.7784 40.4151
    endloop
  endfacet
  facet normal 0.259048 -0.000369102 0.965864
    outer loop
      vertex -60 -60 44.1539
      vertex -46.0467 -50.7784 40.4151
      vertex -46.3644 -50.8 40.5003
    endloop
  endfacet
  facet normal 0.257458 0.00215549 0.966287
    outer loop
      vertex -60 -60 44.1539
      vertex -46.3644 -50.8 40.5003
      vertex -46.3997 -50.7976 40.5097
    endloop
  endfacet
  facet normal 0.258937 -0.000185718 0.965894
    outer loop
      vertex -60 -60 44.1539
      vertex -46.3997 -50.7976 40.5097
      vertex -46.7175 -50.776 40.5949
    endloop
  endfacet
  facet normal 0.258965 -0.000150357 0.965887
    outer loop
      vertex -60 -60 44.1539
      vertex -48.9838 -48.6888 41.2021
      vertex -49.0459 -48.3655 41.2188
    endloop
  endfacet
  facet normal 0.258784 2.9775e-05 0.965935
    outer loop
      vertex -49.0459 -47.6345 41.2188
      vertex -60 -60 44.1539
      vertex -49.069 -48 41.225
    endloop
  endfacet
  facet normal 0.258819 2.56081e-06 0.965926
    outer loop
      vertex -45.3294 -50.5869 40.2229
      vertex -60 -60 44.1539
      vertex 60 -60 12
    endloop
  endfacet
  facet normal 0.258699 0.000181819 0.965958
    outer loop
      vertex -47.0297 -50.7117 40.6785
      vertex -60 -60 44.1539
      vertex -46.7175 -50.776 40.5949
    endloop
  endfacet
  facet normal 0.258863 -6.38903e-05 0.965914
    outer loop
      vertex -47.0644 -50.7046 40.6878
      vertex -60 -60 44.1539
      vertex -47.0297 -50.7117 40.6785
    endloop
  endfacet
  facet normal 0.258886 -9.86182e-05 0.965908
    outer loop
      vertex -47.3994 -50.5869 40.7776
      vertex -60 -60 44.1539
      vertex -47.0644 -50.7046 40.6878
    endloop
  endfacet
  facet normal 0.258769 6.94495e-05 0.965939
    outer loop
      vertex -47.685 -50.4411 40.8541
      vertex -60 -60 44.1539
      vertex -47.3994 -50.5869 40.7776
    endloop
  endfacet
  facet normal 0.258922 -0.000141928 0.965898
    outer loop
      vertex -47.7167 -50.4249 40.8626
      vertex -60 -60 44.1539
      vertex -47.685 -50.4411 40.8541
    endloop
  endfacet
  facet normal 0.258746 0.000100174 0.965945
    outer loop
      vertex -47.7462 -50.4045 40.8705
      vertex -60 -60 44.1539
      vertex -47.7167 -50.4249 40.8626
    endloop
  endfacet
  facet normal 0.258772 6.49317e-05 0.965938
    outer loop
      vertex -48.0109 -50.2214 40.9414
      vertex -60 -60 44.1539
      vertex -47.7462 -50.4045 40.8705
    endloop
  endfacet
  facet normal 0.258915 -0.000122552 0.9659
    outer loop
      vertex -48.2503 -50.004 41.0056
      vertex -60 -60 44.1539
      vertex -48.0109 -50.2214 40.9414
    endloop
  endfacet
  facet normal 0.258368 0.000566385 0.966046
    outer loop
      vertex -48.2769 -49.9799 41.0127
      vertex -60 -60 44.1539
      vertex -48.2503 -50.004 41.0056
    endloop
  endfacet
  facet normal 0.259741 -0.00115629 0.965678
    outer loop
      vertex -48.3002 -49.9524 41.019
      vertex -60 -60 44.1539
      vertex -48.2769 -49.9799 41.0127
    endloop
  endfacet
  facet normal 0.25874 9.3859e-05 0.965947
    outer loop
      vertex -48.5101 -49.7045 41.0752
      vertex -60 -60 44.1539
      vertex -48.3002 -49.9524 41.019
    endloop
  endfacet
  facet normal 0.259178 -0.000430475 0.965829
    outer loop
      vertex -48.5298 -49.6741 41.0805
      vertex -60 -60 44.1539
      vertex -48.5101 -49.7045 41.0752
    endloop
  endfacet
  facet normal 0.258817 -5.86866e-07 0.965926
    outer loop
      vertex -48.7067 -49.4 41.1279
      vertex -60 -60 44.1539
      vertex -48.5298 -49.6741 41.0805
    endloop
  endfacet
  facet normal 0.258763 6.06645e-05 0.965941
    outer loop
      vertex -48.8475 -49.1044 41.1656
      vertex -60 -60 44.1539
      vertex -48.7067 -49.4 41.1279
    endloop
  endfacet
  facet normal 0.258695 0.00013612 0.965959
    outer loop
      vertex -48.8632 -49.0715 41.1698
      vertex -60 -60 44.1539
      vertex -48.8475 -49.1044 41.1656
    endloop
  endfacet
  facet normal 0.258885 -7.19453e-05 0.965908
    outer loop
      vertex -48.9769 -48.7247 41.2003
      vertex -60 -60 44.1539
      vertex -48.8632 -49.0715 41.1698
    endloop
  endfacet
  facet normal 0.257768 0.00109829 0.966206
    outer loop
      vertex -48.9838 -48.6888 41.2021
      vertex -60 -60 44.1539
      vertex -48.9769 -48.7247 41.2003
    endloop
  endfacet
  facet normal 0.258841 -2.5911e-05 0.96592
    outer loop
      vertex -49.069 -48 41.225
      vertex -60 -60 44.1539
      vertex -49.0459 -48.3655 41.2188
    endloop
  endfacet
  facet normal 0.188295 0.980816 -0.0504519
    outer loop
      vertex 46.0114 45.224 15.7482
      vertex 43.3351 45.2954 7.14787
      vertex 45.6644 45.2954 15.8412
    endloop
  endfacet
  facet normal 0.188347 0.980805 -0.0504681
    outer loop
      vertex 43.3351 45.2954 7.14787
      vertex 46.0114 45.224 15.7482
      vertex 43.682 45.224 7.0549
    endloop
  endfacet
  facet normal 0.258915 0.000130828 0.9659
    outer loop
      vertex 46.1808 49.7045 6.38537
      vertex 45.9475 49.9799 6.44787
      vertex 45.6815 50.2214 6.51914
    endloop
  endfacet
  facet normal -0.310412 0.946957 0.0831718
    outer loop
      vertex 47.3994 45.4131 15.3763
      vertex 44.7351 45.2954 6.77274
      vertex 47.0644 45.2954 15.4661
    endloop
  endfacet
  facet normal -0.31042 0.946954 0.0831744
    outer loop
      vertex 44.7351 45.2954 6.77274
      vertex 47.3994 45.4131 15.3763
      vertex 45.0701 45.4131 6.68298
    endloop
  endfacet
  facet normal 0.866032 -0.442893 -0.23202
    outer loop
      vertex 41.5364 49.0715 7.62983
      vertex 44.0222 49.4 16.2812
      vertex 44.0065 49.3671 16.2854
    endloop
  endfacet
  facet normal 0.866393 -0.442118 -0.232153
    outer loop
      vertex 44.0222 49.4 16.2812
      vertex 41.5364 49.0715 7.62983
      vertex 41.6928 49.4 7.58791
    endloop
  endfacet
  facet normal -0.0633242 -0.997849 0.0169672
    outer loop
      vertex 44.0351 50.8 6.9603
      vertex 46.3997 50.7976 15.6442
      vertex 46.3644 50.8 15.6536
    endloop
  endfacet
  facet normal -0.0632979 -0.997851 0.0169601
    outer loop
      vertex 46.3997 50.7976 15.6442
      vertex 44.0351 50.8 6.9603
      vertex 44.3881 50.776 6.86571
    endloop
  endfacet
  facet normal 0.258803 2.60247e-05 0.96593
    outer loop
      vertex 46.1808 46.2955 6.38537
      vertex 46.6475 47.2753 6.2603
      vertex 44.0351 45.2 6.9603
    endloop
  endfacet
  facet normal -0.0633242 0.997849 0.0169672
    outer loop
      vertex 46.3997 45.2024 15.6442
      vertex 44.0351 45.2 6.9603
      vertex 46.3644 45.2 15.6536
    endloop
  endfacet
  facet normal -0.0632979 0.997851 0.0169601
    outer loop
      vertex 44.0351 45.2 6.9603
      vertex 46.3997 45.2024 15.6442
      vertex 44.3881 45.224 6.86571
    endloop
  endfacet
  facet normal 0.063324 -0.997849 -0.0169679
    outer loop
      vertex 43.682 50.776 7.0549
      vertex 46.0467 50.7784 15.7388
      vertex 46.0114 50.776 15.7482
    endloop
  endfacet
  facet normal 0.0632806 -0.997852 -0.0169561
    outer loop
      vertex 46.0467 50.7784 15.7388
      vertex 43.682 50.776 7.0549
      vertex 44.0351 50.8 6.9603
    endloop
  endfacet
  facet normal 0.258839 2.26141e-05 0.96592
    outer loop
      vertex 46.7397 48 6.23561
      vertex 46.6475 48.7247 6.2603
      vertex 44.0351 50.8 6.9603
    endloop
  endfacet
  facet normal 0.259452 -0.000285781 0.965756
    outer loop
      vertex 41.6928 49.4 7.58791
      vertex 41.5364 49.0715 7.62983
      vertex 41.4226 48.7247 7.6603
    endloop
  endfacet
  facet normal 0.259033 -0 0.965868
    outer loop
      vertex 41.4226 47.2753 7.6603
      vertex 41.4226 48.7247 7.6603
      vertex 41.3305 48 7.685
    endloop
  endfacet
  facet normal 0.258836 7.56556e-05 0.965921
    outer loop
      vertex 43.3351 45.2954 7.14787
      vertex 44.0351 45.2 6.9603
      vertex 43.0001 45.4131 7.23763
    endloop
  endfacet
  facet normal 0.426529 -0.897225 -0.114284
    outer loop
      vertex 42.6828 50.4249 7.32265
      vertex 45.0439 50.4411 16.0075
      vertex 45.0121 50.4249 16.016
    endloop
  endfacet
  facet normal 0.427229 -0.896867 -0.114475
    outer loop
      vertex 45.0439 50.4411 16.0075
      vertex 42.6828 50.4249 7.32265
      vertex 43.0001 50.5869 7.23763
    endloop
  endfacet
  facet normal -0.947373 0.195051 0.253851
    outer loop
      vertex 46.6475 47.2753 6.2603
      vertex 48.9838 47.3112 14.9518
      vertex 46.7165 47.6345 6.24181
    endloop
  endfacet
  facet normal -0.947416 0.194822 0.253863
    outer loop
      vertex 48.9838 47.3112 14.9518
      vertex 46.6475 47.2753 6.2603
      vertex 48.9769 47.2753 14.9536
    endloop
  endfacet
  facet normal -0.310412 -0.946957 0.0831718
    outer loop
      vertex 44.7351 50.7046 6.77274
      vertex 47.3994 50.5869 15.3763
      vertex 47.0644 50.7046 15.4661
    endloop
  endfacet
  facet normal -0.31042 -0.946954 0.0831744
    outer loop
      vertex 47.3994 50.5869 15.3763
      vertex 44.7351 50.7046 6.77274
      vertex 45.0701 50.5869 6.68298
    endloop
  endfacet
  facet normal 0.258812 -6.99684e-06 0.965928
    outer loop
      vertex 46.1808 49.7045 6.38537
      vertex 45.3874 50.4249 6.59796
      vertex 44.0351 50.8 6.9603
    endloop
  endfacet
  facet normal 0.963849 0.0655609 -0.258256
    outer loop
      vertex 43.683 47.6345 16.3721
      vertex 41.3305 48 7.685
      vertex 43.6598 48 16.3783
    endloop
  endfacet
  facet normal 0.963863 0.0652983 -0.258271
    outer loop
      vertex 41.3305 48 7.685
      vertex 43.683 47.6345 16.3721
      vertex 41.3536 47.6345 7.6788
    endloop
  endfacet
  facet normal 0.310338 -0.946983 -0.0831518
    outer loop
      vertex 45.6309 50.6928 15.8502
      vertex 45.3294 50.5869 15.931
      vertex 43.0001 50.5869 7.23763
    endloop
  endfacet
  facet normal 0.258845 -2.56863e-05 0.965919
    outer loop
      vertex 41.3536 47.6345 7.6788
      vertex 41.4226 47.2753 7.6603
      vertex 41.3305 48 7.685
    endloop
  endfacet
  facet normal 0.258813 -4.42606e-06 0.965928
    outer loop
      vertex 45.3874 50.4249 6.59796
      vertex 44.7351 50.7046 6.77274
      vertex 44.0351 50.8 6.9603
    endloop
  endfacet
  facet normal 0.259163 6.68062e-05 0.965834
    outer loop
      vertex 46.7397 48 6.23561
      vertex 46.7165 48.3655 6.24181
      vertex 46.6475 48.7247 6.2603
    endloop
  endfacet
  facet normal 0.25903 -0.000250392 0.965869
    outer loop
      vertex 45.6815 45.7786 6.51914
      vertex 46.1808 46.2955 6.38537
      vertex 45.3874 45.5751 6.59796
    endloop
  endfacet
  facet normal -0.963849 0.0655609 0.258256
    outer loop
      vertex 46.7165 47.6345 6.24181
      vertex 49.069 48 14.9289
      vertex 46.7397 48 6.23561
    endloop
  endfacet
  facet normal -0.963863 0.0652983 0.258271
    outer loop
      vertex 49.069 48 14.9289
      vertex 46.7165 47.6345 6.24181
      vertex 49.0459 47.6345 14.9351
    endloop
  endfacet
  facet normal 0.0632945 -0.997851 -0.0169592
    outer loop
      vertex 46.3644 50.8 15.6536
      vertex 46.0467 50.7784 15.7388
      vertex 44.0351 50.8 6.9603
    endloop
  endfacet
  facet normal 0.725849 -0.659787 -0.194484
    outer loop
      vertex 41.8894 49.7045 7.53524
      vertex 44.2421 49.7321 16.2223
      vertex 44.2187 49.7045 16.2286
    endloop
  endfacet
  facet normal 0.726339 -0.659208 -0.194619
    outer loop
      vertex 44.2421 49.7321 16.2223
      vertex 41.8894 49.7045 7.53524
      vertex 42.1226 49.9799 7.47274
    endloop
  endfacet
  facet normal -0.536709 -0.831422 0.143806
    outer loop
      vertex 47.9815 50.2417 15.2204
      vertex 47.7167 50.4249 15.2913
      vertex 45.3874 50.4249 6.59796
    endloop
  endfacet
  facet normal 0.258731 8.64418e-05 0.96595
    outer loop
      vertex 42.6828 50.4249 7.32265
      vertex 42.3886 50.2214 7.40147
      vertex 42.1226 49.9799 7.47274
    endloop
  endfacet
  facet normal 0.258822 -4.33001e-06 0.965925
    outer loop
      vertex 44.0351 50.8 6.9603
      vertex 42.6828 50.4249 7.32265
      vertex 41.8894 49.7045 7.53524
    endloop
  endfacet
  facet normal 0.258818 0 0.965926
    outer loop
      vertex 46.7397 48 6.23561
      vertex 41.8894 49.7045 7.53524
      vertex 41.8894 46.2955 7.53524
    endloop
  endfacet
  facet normal -0.91467 0.321419 0.245089
    outer loop
      vertex 46.5338 46.9285 6.29078
      vertex 48.9769 47.2753 14.9536
      vertex 46.6475 47.2753 6.2603
    endloop
  endfacet
  facet normal -0.914666 0.321432 0.245087
    outer loop
      vertex 48.9769 47.2753 14.9536
      vertex 46.5338 46.9285 6.29078
      vertex 48.8632 46.9285 14.9841
    endloop
  endfacet
  facet normal 0.947371 -0.195058 -0.253851
    outer loop
      vertex 41.3536 48.3655 7.6788
      vertex 43.752 48.7247 16.3536
      vertex 43.683 48.3655 16.3721
    endloop
  endfacet
  facet normal 0.947371 -0.195058 -0.253851
    outer loop
      vertex 43.752 48.7247 16.3536
      vertex 41.3536 48.3655 7.6788
      vertex 41.4226 48.7247 7.6603
    endloop
  endfacet
  facet normal -0.963849 -0.0655609 0.258256
    outer loop
      vertex 49.069 48 14.9289
      vertex 46.7165 48.3655 6.24181
      vertex 46.7397 48 6.23561
    endloop
  endfacet
  facet normal -0.963863 -0.0652983 0.258271
    outer loop
      vertex 46.7165 48.3655 6.24181
      vertex 49.069 48 14.9289
      vertex 49.0459 48.3655 14.9351
    endloop
  endfacet
  facet normal 0.258803 -2.60247e-05 0.96593
    outer loop
      vertex 46.6475 48.7247 6.2603
      vertex 46.1808 49.7045 6.38537
      vertex 44.0351 50.8 6.9603
    endloop
  endfacet
  facet normal 0.258746 -0.000627365 0.965945
    outer loop
      vertex 43.682 45.224 7.0549
      vertex 44.0351 45.2 6.9603
      vertex 43.3351 45.2954 7.14787
    endloop
  endfacet
  facet normal 0.259452 0.000285781 0.965756
    outer loop
      vertex 41.5364 46.9285 7.62983
      vertex 41.6928 46.6 7.58791
      vertex 41.4226 47.2753 7.6603
    endloop
  endfacet
  facet normal 0.725849 0.659787 -0.194484
    outer loop
      vertex 44.2421 46.2679 16.2223
      vertex 41.8894 46.2955 7.53524
      vertex 44.2187 46.2955 16.2286
    endloop
  endfacet
  facet normal 0.726339 0.659208 -0.194619
    outer loop
      vertex 41.8894 46.2955 7.53524
      vertex 44.2421 46.2679 16.2223
      vertex 42.1226 46.0201 7.47274
    endloop
  endfacet
  facet normal 0.258812 6.99684e-06 0.965928
    outer loop
      vertex 45.3874 45.5751 6.59796
      vertex 46.1808 46.2955 6.38537
      vertex 44.0351 45.2 6.9603
    endloop
  endfacet
  facet normal 0.258915 -0.000130828 0.9659
    outer loop
      vertex 45.9475 46.0201 6.44787
      vertex 46.1808 46.2955 6.38537
      vertex 45.6815 45.7786 6.51914
    endloop
  endfacet
  facet normal -0.947366 -0.195084 0.25385
    outer loop
      vertex 49.0459 48.3655 14.9351
      vertex 48.9838 48.6888 14.9518
      vertex 46.7165 48.3655 6.24181
    endloop
  endfacet
  facet normal 0.258819 1.65721e-06 0.965926
    outer loop
      vertex 46.7397 48 6.23561
      vertex 44.0351 50.8 6.9603
      vertex 41.8894 49.7045 7.53524
    endloop
  endfacet
  facet normal -0.636934 -0.751789 0.170668
    outer loop
      vertex 48.2503 50.004 15.1483
      vertex 48.0109 50.2214 15.2125
      vertex 45.6815 50.2214 6.51914
    endloop
  endfacet
  facet normal 0.25903 0.000250392 0.965869
    outer loop
      vertex 46.1808 49.7045 6.38537
      vertex 45.6815 50.2214 6.51914
      vertex 45.3874 50.4249 6.59796
    endloop
  endfacet
  facet normal -0.803166 -0.555525 0.215211
    outer loop
      vertex 48.7067 49.4 15.026
      vertex 46.1808 49.7045 6.38537
      vertex 46.3773 49.4 6.3327
    endloop
  endfacet
  facet normal -0.802887 -0.555966 0.215114
    outer loop
      vertex 46.1808 49.7045 6.38537
      vertex 48.7067 49.4 15.026
      vertex 48.687 49.4305 15.0313
    endloop
  endfacet
  facet normal -0.726344 -0.659203 0.194617
    outer loop
      vertex 48.5101 49.7045 15.0787
      vertex 48.3002 49.9524 15.135
      vertex 46.1808 49.7045 6.38537
    endloop
  endfacet
  facet normal 0.427314 -0.896824 -0.114494
    outer loop
      vertex 45.3294 50.5869 15.931
      vertex 45.0439 50.4411 16.0075
      vertex 43.0001 50.5869 7.23763
    endloop
  endfacet
  facet normal 0.53662 -0.831483 -0.143788
    outer loop
      vertex 42.6828 50.4249 7.32265
      vertex 44.9827 50.4045 16.0239
      vertex 42.3886 50.2214 7.40147
    endloop
  endfacet
  facet normal 0.53771 -0.830729 -0.144074
    outer loop
      vertex 44.9827 50.4045 16.0239
      vertex 42.6828 50.4249 7.32265
      vertex 45.0121 50.4249 16.016
    endloop
  endfacet
  facet normal 0.258631 0.000220182 0.965976
    outer loop
      vertex 42.6828 50.4249 7.32265
      vertex 42.1226 49.9799 7.47274
      vertex 41.8894 49.7045 7.53524
    endloop
  endfacet
  facet normal 0.866301 -0.442318 -0.232116
    outer loop
      vertex 44.0065 49.3671 16.2854
      vertex 43.8657 49.0715 16.3232
      vertex 41.5364 49.0715 7.62983
    endloop
  endfacet
  facet normal 0.914591 -0.321658 -0.245068
    outer loop
      vertex 41.4226 48.7247 7.6603
      vertex 43.7634 48.7594 16.3506
      vertex 43.752 48.7247 16.3536
    endloop
  endfacet
  facet normal 0.914594 -0.32165 -0.245069
    outer loop
      vertex 43.7634 48.7594 16.3506
      vertex 41.4226 48.7247 7.6603
      vertex 41.5364 49.0715 7.62983
    endloop
  endfacet
  facet normal 0.259163 -6.68062e-05 0.965834
    outer loop
      vertex 46.7165 47.6345 6.24181
      vertex 46.7397 48 6.23561
      vertex 46.6475 47.2753 6.2603
    endloop
  endfacet
  facet normal -0.947366 0.195084 0.25385
    outer loop
      vertex 48.9838 47.3112 14.9518
      vertex 49.0459 47.6345 14.9351
      vertex 46.7165 47.6345 6.24181
    endloop
  endfacet
  facet normal -0.803059 0.555695 0.215173
    outer loop
      vertex 48.5101 46.2955 15.0787
      vertex 48.687 46.5695 15.0313
      vertex 46.1808 46.2955 6.38537
    endloop
  endfacet
  facet normal -0.866292 0.44233 0.232125
    outer loop
      vertex 46.3773 46.6 6.3327
      vertex 48.8632 46.9285 14.9841
      vertex 46.5338 46.9285 6.29078
    endloop
  endfacet
  facet normal -0.86603 0.442893 0.232029
    outer loop
      vertex 48.8632 46.9285 14.9841
      vertex 46.3773 46.6 6.3327
      vertex 48.8475 46.8956 14.9883
    endloop
  endfacet
  facet normal 0.963849 -0.0655609 -0.258256
    outer loop
      vertex 41.3305 48 7.685
      vertex 43.683 48.3655 16.3721
      vertex 43.6598 48 16.3783
    endloop
  endfacet
  facet normal 0.963863 -0.0652983 -0.258271
    outer loop
      vertex 43.683 48.3655 16.3721
      vertex 41.3305 48 7.685
      vertex 41.3536 48.3655 7.6788
    endloop
  endfacet
  facet normal 0.258845 2.56863e-05 0.965919
    outer loop
      vertex 41.4226 48.7247 7.6603
      vertex 41.3536 48.3655 7.6788
      vertex 41.3305 48 7.685
    endloop
  endfacet
  facet normal 0.258819 -1.65721e-06 0.965926
    outer loop
      vertex 44.0351 45.2 6.9603
      vertex 46.7397 48 6.23561
      vertex 41.8894 46.2955 7.53524
    endloop
  endfacet
  facet normal 0.258839 -2.26141e-05 0.96592
    outer loop
      vertex 46.6475 47.2753 6.2603
      vertex 46.7397 48 6.23561
      vertex 44.0351 45.2 6.9603
    endloop
  endfacet
  facet normal 0.947371 0.195058 -0.253851
    outer loop
      vertex 43.752 47.2753 16.3536
      vertex 41.3536 47.6345 7.6788
      vertex 43.683 47.6345 16.3721
    endloop
  endfacet
  facet normal 0.947371 0.195058 -0.253851
    outer loop
      vertex 41.3536 47.6345 7.6788
      vertex 43.752 47.2753 16.3536
      vertex 41.4226 47.2753 7.6603
    endloop
  endfacet
  facet normal 0.726252 0.659309 -0.1946
    outer loop
      vertex 44.2421 46.2679 16.2223
      vertex 44.452 46.0201 16.1661
      vertex 42.1226 46.0201 7.47274
    endloop
  endfacet
  facet normal 0.636769 0.75194 -0.170623
    outer loop
      vertex 44.452 46.0201 16.1661
      vertex 44.6914 45.8028 16.1019
      vertex 42.1226 46.0201 7.47274
    endloop
  endfacet
  facet normal 0.803059 0.555695 -0.215172
    outer loop
      vertex 44.0418 46.5695 16.276
      vertex 44.2187 46.2955 16.2286
      vertex 41.8894 46.2955 7.53524
    endloop
  endfacet
  facet normal 0.258813 4.42606e-06 0.965928
    outer loop
      vertex 44.7351 45.2954 6.77274
      vertex 45.3874 45.5751 6.59796
      vertex 44.0351 45.2 6.9603
    endloop
  endfacet
  facet normal -0.427314 0.896824 0.114495
    outer loop
      vertex 47.4312 45.4293 15.3678
      vertex 47.7167 45.5751 15.2913
      vertex 45.3874 45.5751 6.59796
    endloop
  endfacet
  facet normal -0.0632758 0.997852 0.016955
    outer loop
      vertex 46.3997 45.2024 15.6442
      vertex 46.7175 45.224 15.559
      vertex 44.3881 45.224 6.86571
    endloop
  endfacet
  facet normal -0.188475 0.980779 0.0505027
    outer loop
      vertex 46.7175 45.224 15.559
      vertex 47.0297 45.2883 15.4754
      vertex 44.3881 45.224 6.86571
    endloop
  endfacet
  facet normal -0.726344 0.659203 0.194617
    outer loop
      vertex 48.3002 46.0476 15.135
      vertex 48.5101 46.2955 15.0787
      vertex 46.1808 46.2955 6.38537
    endloop
  endfacet
  facet normal -0.803059 -0.555695 0.215173
    outer loop
      vertex 48.687 49.4305 15.0313
      vertex 48.5101 49.7045 15.0787
      vertex 46.1808 49.7045 6.38537
    endloop
  endfacet
  facet normal -0.866328 -0.442255 0.232136
    outer loop
      vertex 48.8475 49.1044 14.9883
      vertex 48.7067 49.4 15.026
      vertex 46.3773 49.4 6.3327
    endloop
  endfacet
  facet normal 0.258845 0.000247258 0.965919
    outer loop
      vertex 44.7351 50.7046 6.77274
      vertex 44.3881 50.776 6.86571
      vertex 44.0351 50.8 6.9603
    endloop
  endfacet
  facet normal -0.1883 -0.980815 0.0504485
    outer loop
      vertex 44.7351 50.7046 6.77274
      vertex 47.0297 50.7117 15.4754
      vertex 44.3881 50.776 6.86571
    endloop
  endfacet
  facet normal -0.18728 -0.981024 0.0501797
    outer loop
      vertex 47.0297 50.7117 15.4754
      vertex 44.7351 50.7046 6.77274
      vertex 47.0644 50.7046 15.4661
    endloop
  endfacet
  facet normal -0.636874 -0.751845 0.170648
    outer loop
      vertex 45.9475 49.9799 6.44787
      vertex 48.2503 50.004 15.1483
      vertex 45.6815 50.2214 6.51914
    endloop
  endfacet
  facet normal -0.636218 -0.752439 0.170476
    outer loop
      vertex 48.2503 50.004 15.1483
      vertex 45.9475 49.9799 6.44787
      vertex 48.2769 49.9799 15.1412
    endloop
  endfacet
  facet normal -0.726301 -0.659251 0.194614
    outer loop
      vertex 45.9475 49.9799 6.44787
      vertex 48.3002 49.9524 15.135
      vertex 48.2769 49.9799 15.1412
    endloop
  endfacet
  facet normal -0.726211 -0.659357 0.19459
    outer loop
      vertex 48.3002 49.9524 15.135
      vertex 45.9475 49.9799 6.44787
      vertex 46.1808 49.7045 6.38537
    endloop
  endfacet
  facet normal -0.536738 -0.831402 0.143815
    outer loop
      vertex 45.6815 50.2214 6.51914
      vertex 47.9815 50.2417 15.2204
      vertex 45.3874 50.4249 6.59796
    endloop
  endfacet
  facet normal -0.535886 -0.83199 0.143591
    outer loop
      vertex 47.9815 50.2417 15.2204
      vertex 45.6815 50.2214 6.51914
      vertex 48.0109 50.2214 15.2125
    endloop
  endfacet
  facet normal -0.427314 -0.896824 0.114495
    outer loop
      vertex 47.7167 50.4249 15.2913
      vertex 47.4312 50.5707 15.3678
      vertex 45.3874 50.4249 6.59796
    endloop
  endfacet
  facet normal 0.803059 -0.555695 -0.215172
    outer loop
      vertex 44.2187 49.7045 16.2286
      vertex 44.0418 49.4305 16.276
      vertex 41.8894 49.7045 7.53524
    endloop
  endfacet
  facet normal 0.258823 -1.07064e-05 0.965925
    outer loop
      vertex 44.0351 50.8 6.9603
      vertex 43.0001 50.5869 7.23763
      vertex 42.6828 50.4249 7.32265
    endloop
  endfacet
  facet normal 0.726252 -0.659309 -0.1946
    outer loop
      vertex 44.452 49.9799 16.1661
      vertex 44.2421 49.7321 16.2223
      vertex 42.1226 49.9799 7.47274
    endloop
  endfacet
  facet normal 0.804371 -0.553654 -0.215534
    outer loop
      vertex 41.6928 49.4 7.58791
      vertex 44.0418 49.4305 16.276
      vertex 44.0222 49.4 16.2812
    endloop
  endfacet
  facet normal 0.803051 -0.555707 -0.21517
    outer loop
      vertex 44.0418 49.4305 16.276
      vertex 41.6928 49.4 7.58791
      vertex 41.8894 49.7045 7.53524
    endloop
  endfacet
  facet normal 0.258766 8.4181e-06 0.96594
    outer loop
      vertex 41.8894 49.7045 7.53524
      vertex 41.6928 49.4 7.58791
      vertex 41.4226 48.7247 7.6603
    endloop
  endfacet
  facet normal 0.9147 -0.321337 -0.245085
    outer loop
      vertex 43.8657 49.0715 16.3232
      vertex 43.7634 48.7594 16.3506
      vertex 41.5364 49.0715 7.62983
    endloop
  endfacet
  facet normal 0.259362 -0.000318669 0.96578
    outer loop
      vertex 46.3773 46.6 6.3327
      vertex 46.5338 46.9285 6.29078
      vertex 46.1808 46.2955 6.38537
    endloop
  endfacet
  facet normal 0.258683 8.72555e-05 0.965962
    outer loop
      vertex 46.5338 46.9285 6.29078
      vertex 46.6475 47.2753 6.2603
      vertex 46.1808 46.2955 6.38537
    endloop
  endfacet
  facet normal -0.803166 0.555525 0.215211
    outer loop
      vertex 46.1808 46.2955 6.38537
      vertex 48.7067 46.6 15.026
      vertex 46.3773 46.6 6.3327
    endloop
  endfacet
  facet normal -0.802887 0.555966 0.215114
    outer loop
      vertex 48.7067 46.6 15.026
      vertex 46.1808 46.2955 6.38537
      vertex 48.687 46.5695 15.0313
    endloop
  endfacet
  facet normal -0.866328 0.442255 0.232136
    outer loop
      vertex 48.7067 46.6 15.026
      vertex 48.8475 46.8956 14.9883
      vertex 46.3773 46.6 6.3327
    endloop
  endfacet
  facet normal 0.258631 -0.000220182 0.965976
    outer loop
      vertex 42.1226 46.0201 7.47274
      vertex 42.6828 45.5751 7.32265
      vertex 41.8894 46.2955 7.53524
    endloop
  endfacet
  facet normal 0.258822 4.33001e-06 0.965925
    outer loop
      vertex 42.6828 45.5751 7.32265
      vertex 44.0351 45.2 6.9603
      vertex 41.8894 46.2955 7.53524
    endloop
  endfacet
  facet normal 0.258783 0 0.965935
    outer loop
      vertex 41.4226 48.7247 7.6603
      vertex 41.8894 46.2955 7.53524
      vertex 41.8894 49.7045 7.53524
    endloop
  endfacet
  facet normal 0.258783 0 0.965935
    outer loop
      vertex 41.8894 46.2955 7.53524
      vertex 41.4226 48.7247 7.6603
      vertex 41.4226 47.2753 7.6603
    endloop
  endfacet
  facet normal 0.258766 -8.4181e-06 0.96594
    outer loop
      vertex 41.6928 46.6 7.58791
      vertex 41.8894 46.2955 7.53524
      vertex 41.4226 47.2753 7.6603
    endloop
  endfacet
  facet normal 0.0632945 0.997851 -0.0169592
    outer loop
      vertex 46.0467 45.2216 15.7388
      vertex 46.3644 45.2 15.6536
      vertex 44.0351 45.2 6.9603
    endloop
  endfacet
  facet normal 0.866358 0.442197 -0.232132
    outer loop
      vertex 43.8657 46.9285 16.3232
      vertex 44.0065 46.6328 16.2854
      vertex 41.5364 46.9285 7.62983
    endloop
  endfacet
  facet normal 0.53771 0.830729 -0.144074
    outer loop
      vertex 42.6828 45.5751 7.32265
      vertex 44.9827 45.5955 16.0239
      vertex 45.0121 45.5751 16.016
    endloop
  endfacet
  facet normal 0.53662 0.831483 -0.143788
    outer loop
      vertex 44.9827 45.5955 16.0239
      vertex 42.6828 45.5751 7.32265
      vertex 42.3886 45.7786 7.40147
    endloop
  endfacet
  facet normal 0.427314 0.896824 -0.114494
    outer loop
      vertex 45.0439 45.5589 16.0075
      vertex 45.3294 45.4131 15.931
      vertex 43.0001 45.4131 7.23763
    endloop
  endfacet
  facet normal 0.258795 4.86282e-05 0.965932
    outer loop
      vertex 45.0701 45.4131 6.68298
      vertex 45.3874 45.5751 6.59796
      vertex 44.7351 45.2954 6.77274
    endloop
  endfacet
  facet normal -0.426529 0.897225 0.114285
    outer loop
      vertex 47.4312 45.4293 15.3678
      vertex 45.0701 45.4131 6.68298
      vertex 47.3994 45.4131 15.3763
    endloop
  endfacet
  facet normal -0.427229 0.896867 0.114476
    outer loop
      vertex 45.0701 45.4131 6.68298
      vertex 47.4312 45.4293 15.3678
      vertex 45.3874 45.5751 6.59796
    endloop
  endfacet
  facet normal -0.536709 0.831422 0.143806
    outer loop
      vertex 47.7167 45.5751 15.2913
      vertex 47.9815 45.7583 15.2204
      vertex 45.3874 45.5751 6.59796
    endloop
  endfacet
  facet normal -0.535886 0.83199 0.143591
    outer loop
      vertex 45.6815 45.7786 6.51914
      vertex 47.9815 45.7583 15.2204
      vertex 48.0109 45.7786 15.2125
    endloop
  endfacet
  facet normal -0.536738 0.831402 0.143815
    outer loop
      vertex 47.9815 45.7583 15.2204
      vertex 45.6815 45.7786 6.51914
      vertex 45.3874 45.5751 6.59796
    endloop
  endfacet
  facet normal 0.258683 -8.72555e-05 0.965962
    outer loop
      vertex 46.6475 48.7247 6.2603
      vertex 46.5338 49.0715 6.29078
      vertex 46.1808 49.7045 6.38537
    endloop
  endfacet
  facet normal 0.259362 0.000318669 0.96578
    outer loop
      vertex 46.5338 49.0715 6.29078
      vertex 46.3773 49.4 6.3327
      vertex 46.1808 49.7045 6.38537
    endloop
  endfacet
  facet normal -0.426529 -0.897225 0.114285
    outer loop
      vertex 45.0701 50.5869 6.68298
      vertex 47.4312 50.5707 15.3678
      vertex 47.3994 50.5869 15.3763
    endloop
  endfacet
  facet normal -0.427229 -0.896867 0.114476
    outer loop
      vertex 47.4312 50.5707 15.3678
      vertex 45.0701 50.5869 6.68298
      vertex 45.3874 50.4249 6.59796
    endloop
  endfacet
  facet normal 0.258795 -4.86282e-05 0.965932
    outer loop
      vertex 45.3874 50.4249 6.59796
      vertex 45.0701 50.5869 6.68298
      vertex 44.7351 50.7046 6.77274
    endloop
  endfacet
  facet normal -0.0632758 -0.997852 0.016955
    outer loop
      vertex 46.7175 50.776 15.559
      vertex 46.3997 50.7976 15.6442
      vertex 44.3881 50.776 6.86571
    endloop
  endfacet
  facet normal -0.188475 -0.980779 0.0505027
    outer loop
      vertex 47.0297 50.7117 15.4754
      vertex 46.7175 50.776 15.559
      vertex 44.3881 50.776 6.86571
    endloop
  endfacet
  facet normal 0.188295 -0.980816 -0.0504519
    outer loop
      vertex 43.3351 50.7046 7.14787
      vertex 46.0114 50.776 15.7482
      vertex 45.6644 50.7046 15.8412
    endloop
  endfacet
  facet normal 0.188347 -0.980805 -0.0504681
    outer loop
      vertex 46.0114 50.776 15.7482
      vertex 43.3351 50.7046 7.14787
      vertex 43.682 50.776 7.0549
    endloop
  endfacet
  facet normal 0.258746 0.000627365 0.965945
    outer loop
      vertex 44.0351 50.8 6.9603
      vertex 43.682 50.776 7.0549
      vertex 43.3351 50.7046 7.14787
    endloop
  endfacet
  facet normal 0.258836 -7.56556e-05 0.965921
    outer loop
      vertex 44.0351 50.8 6.9603
      vertex 43.3351 50.7046 7.14787
      vertex 43.0001 50.5869 7.23763
    endloop
  endfacet
  facet normal 0.311079 0.946722 -0.0833509
    outer loop
      vertex 43.3351 45.2954 7.14787
      vertex 45.6309 45.3072 15.8502
      vertex 45.6644 45.2954 15.8412
    endloop
  endfacet
  facet normal 0.310419 0.946954 -0.0831771
    outer loop
      vertex 45.6309 45.3072 15.8502
      vertex 43.3351 45.2954 7.14787
      vertex 43.0001 45.4131 7.23763
    endloop
  endfacet
  facet normal 0.310338 0.946983 -0.0831518
    outer loop
      vertex 45.3294 45.4131 15.931
      vertex 45.6309 45.3072 15.8502
      vertex 43.0001 45.4131 7.23763
    endloop
  endfacet
  facet normal 0.063324 0.997849 -0.0169679
    outer loop
      vertex 46.0467 45.2216 15.7388
      vertex 43.682 45.224 7.0549
      vertex 46.0114 45.224 15.7482
    endloop
  endfacet
  facet normal 0.0632806 0.997852 -0.0169561
    outer loop
      vertex 43.682 45.224 7.0549
      vertex 46.0467 45.2216 15.7388
      vertex 44.0351 45.2 6.9603
    endloop
  endfacet
  facet normal 0.804371 0.553654 -0.215534
    outer loop
      vertex 44.0418 46.5695 16.276
      vertex 41.6928 46.6 7.58791
      vertex 44.0222 46.6 16.2812
    endloop
  endfacet
  facet normal 0.803051 0.555707 -0.21517
    outer loop
      vertex 41.6928 46.6 7.58791
      vertex 44.0418 46.5695 16.276
      vertex 41.8894 46.2955 7.53524
    endloop
  endfacet
  facet normal 0.865527 0.443978 -0.231834
    outer loop
      vertex 44.0222 46.6 16.2812
      vertex 41.5364 46.9285 7.62983
      vertex 44.0065 46.6328 16.2854
    endloop
  endfacet
  facet normal 0.866393 0.442118 -0.232153
    outer loop
      vertex 41.5364 46.9285 7.62983
      vertex 44.0222 46.6 16.2812
      vertex 41.6928 46.6 7.58791
    endloop
  endfacet
  facet normal 0.914591 0.321658 -0.245068
    outer loop
      vertex 43.7634 47.2406 16.3506
      vertex 41.4226 47.2753 7.6603
      vertex 43.752 47.2753 16.3536
    endloop
  endfacet
  facet normal 0.914594 0.32165 -0.245069
    outer loop
      vertex 41.4226 47.2753 7.6603
      vertex 43.7634 47.2406 16.3506
      vertex 41.5364 46.9285 7.62983
    endloop
  endfacet
  facet normal 0.536636 0.831472 -0.143793
    outer loop
      vertex 44.718 45.7786 16.0948
      vertex 44.9827 45.5955 16.0239
      vertex 42.3886 45.7786 7.40147
    endloop
  endfacet
  facet normal -0.18728 0.981024 0.0501797
    outer loop
      vertex 44.7351 45.2954 6.77274
      vertex 47.0297 45.2883 15.4754
      vertex 47.0644 45.2954 15.4661
    endloop
  endfacet
  facet normal -0.1883 0.980815 0.0504485
    outer loop
      vertex 47.0297 45.2883 15.4754
      vertex 44.7351 45.2954 6.77274
      vertex 44.3881 45.224 6.86571
    endloop
  endfacet
  facet normal 0.258845 -0.000247258 0.965919
    outer loop
      vertex 44.3881 45.224 6.86571
      vertex 44.7351 45.2954 6.77274
      vertex 44.0351 45.2 6.9603
    endloop
  endfacet
  facet normal -0.636934 0.751789 0.170668
    outer loop
      vertex 48.0109 45.7786 15.2125
      vertex 48.2503 45.996 15.1483
      vertex 45.6815 45.7786 6.51914
    endloop
  endfacet
  facet normal -0.91467 -0.321419 0.245089
    outer loop
      vertex 48.9769 48.7247 14.9536
      vertex 46.5338 49.0715 6.29078
      vertex 46.6475 48.7247 6.2603
    endloop
  endfacet
  facet normal -0.914666 -0.321432 0.245087
    outer loop
      vertex 46.5338 49.0715 6.29078
      vertex 48.9769 48.7247 14.9536
      vertex 48.8632 49.0715 14.9841
    endloop
  endfacet
  facet normal -0.866292 -0.44233 0.232125
    outer loop
      vertex 48.8632 49.0715 14.9841
      vertex 46.3773 49.4 6.3327
      vertex 46.5338 49.0715 6.29078
    endloop
  endfacet
  facet normal -0.86603 -0.442893 0.232029
    outer loop
      vertex 46.3773 49.4 6.3327
      vertex 48.8632 49.0715 14.9841
      vertex 48.8475 49.1044 14.9883
    endloop
  endfacet
  facet normal 0.310419 -0.946954 -0.0831771
    outer loop
      vertex 43.3351 50.7046 7.14787
      vertex 45.6309 50.6928 15.8502
      vertex 43.0001 50.5869 7.23763
    endloop
  endfacet
  facet normal 0.311079 -0.946722 -0.0833509
    outer loop
      vertex 45.6309 50.6928 15.8502
      vertex 43.3351 50.7046 7.14787
      vertex 45.6644 50.7046 15.8412
    endloop
  endfacet
  facet normal 0.536636 -0.831472 -0.143793
    outer loop
      vertex 44.9827 50.4045 16.0239
      vertex 44.718 50.2214 16.0948
      vertex 42.3886 50.2214 7.40147
    endloop
  endfacet
  facet normal 0.636872 -0.751845 -0.170656
    outer loop
      vertex 42.3886 50.2214 7.40147
      vertex 44.6914 50.1972 16.1019
      vertex 42.1226 49.9799 7.47274
    endloop
  endfacet
  facet normal 0.637709 -0.751085 -0.170876
    outer loop
      vertex 44.6914 50.1972 16.1019
      vertex 42.3886 50.2214 7.40147
      vertex 44.718 50.2214 16.0948
    endloop
  endfacet
  facet normal 0.426529 0.897225 -0.114284
    outer loop
      vertex 45.0439 45.5589 16.0075
      vertex 42.6828 45.5751 7.32265
      vertex 45.0121 45.5751 16.016
    endloop
  endfacet
  facet normal 0.427229 0.896867 -0.114475
    outer loop
      vertex 42.6828 45.5751 7.32265
      vertex 45.0439 45.5589 16.0075
      vertex 43.0001 45.4131 7.23763
    endloop
  endfacet
  facet normal 0.258823 1.07064e-05 0.965925
    outer loop
      vertex 43.0001 45.4131 7.23763
      vertex 44.0351 45.2 6.9603
      vertex 42.6828 45.5751 7.32265
    endloop
  endfacet
  facet normal 0.9147 0.321337 -0.245085
    outer loop
      vertex 43.7634 47.2406 16.3506
      vertex 43.8657 46.9285 16.3232
      vertex 41.5364 46.9285 7.62983
    endloop
  endfacet
  facet normal 0.637709 0.751085 -0.170876
    outer loop
      vertex 42.3886 45.7786 7.40147
      vertex 44.6914 45.8028 16.1019
      vertex 44.718 45.7786 16.0948
    endloop
  endfacet
  facet normal 0.636872 0.751845 -0.170656
    outer loop
      vertex 44.6914 45.8028 16.1019
      vertex 42.3886 45.7786 7.40147
      vertex 42.1226 46.0201 7.47274
    endloop
  endfacet
  facet normal 0.258731 -8.64418e-05 0.96595
    outer loop
      vertex 42.3886 45.7786 7.40147
      vertex 42.6828 45.5751 7.32265
      vertex 42.1226 46.0201 7.47274
    endloop
  endfacet
  facet normal -0.726211 0.659357 0.19459
    outer loop
      vertex 45.9475 46.0201 6.44787
      vertex 48.3002 46.0476 15.135
      vertex 46.1808 46.2955 6.38537
    endloop
  endfacet
  facet normal -0.726301 0.659251 0.194614
    outer loop
      vertex 48.3002 46.0476 15.135
      vertex 45.9475 46.0201 6.44787
      vertex 48.2769 46.0201 15.1412
    endloop
  endfacet
  facet normal -0.636218 0.752439 0.170476
    outer loop
      vertex 45.9475 46.0201 6.44787
      vertex 48.2503 45.996 15.1483
      vertex 48.2769 46.0201 15.1412
    endloop
  endfacet
  facet normal -0.636874 0.751845 0.170648
    outer loop
      vertex 48.2503 45.996 15.1483
      vertex 45.9475 46.0201 6.44787
      vertex 45.6815 45.7786 6.51914
    endloop
  endfacet
  facet normal -0.947416 -0.194822 0.253863
    outer loop
      vertex 46.6475 48.7247 6.2603
      vertex 48.9838 48.6888 14.9518
      vertex 48.9769 48.7247 14.9536
    endloop
  endfacet
  facet normal -0.947373 -0.195051 0.253851
    outer loop
      vertex 48.9838 48.6888 14.9518
      vertex 46.6475 48.7247 6.2603
      vertex 46.7165 48.3655 6.24181
    endloop
  endfacet
  facet normal 0.636769 -0.75194 -0.170623
    outer loop
      vertex 44.6914 50.1972 16.1019
      vertex 44.452 49.9799 16.1661
      vertex 42.1226 49.9799 7.47274
    endloop
  endfacet
  facet normal 0.258839 2.26141e-05 0.96592
    outer loop
      vertex 46.7397 -48 6.23561
      vertex 46.6475 -47.2753 6.2603
      vertex 44.0351 -45.2 6.9603
    endloop
  endfacet
  facet normal -0.310412 0.946957 0.0831718
    outer loop
      vertex 47.3994 -50.5869 15.3763
      vertex 44.7351 -50.7046 6.77274
      vertex 47.0644 -50.7046 15.4661
    endloop
  endfacet
  facet normal -0.31042 0.946954 0.0831744
    outer loop
      vertex 44.7351 -50.7046 6.77274
      vertex 47.3994 -50.5869 15.3763
      vertex 45.0701 -50.5869 6.68298
    endloop
  endfacet
  facet normal 0.188295 0.980816 -0.0504519
    outer loop
      vertex 46.0114 -50.776 15.7482
      vertex 43.3351 -50.7046 7.14787
      vertex 45.6644 -50.7046 15.8412
    endloop
  endfacet
  facet normal 0.188347 0.980805 -0.0504681
    outer loop
      vertex 43.3351 -50.7046 7.14787
      vertex 46.0114 -50.776 15.7482
      vertex 43.682 -50.776 7.0549
    endloop
  endfacet
  facet normal 0.258823 -1.07064e-05 0.965925
    outer loop
      vertex 44.0351 -45.2 6.9603
      vertex 43.0001 -45.4131 7.23763
      vertex 42.6828 -45.5751 7.32265
    endloop
  endfacet
  facet normal 0.258803 2.60247e-05 0.96593
    outer loop
      vertex 46.1808 -49.7045 6.38537
      vertex 46.6475 -48.7247 6.2603
      vertex 44.0351 -50.8 6.9603
    endloop
  endfacet
  facet normal 0.803059 -0.555695 -0.215172
    outer loop
      vertex 44.2187 -46.2955 16.2286
      vertex 44.0418 -46.5695 16.276
      vertex 41.8894 -46.2955 7.53524
    endloop
  endfacet
  facet normal -0.0633242 0.997849 0.0169672
    outer loop
      vertex 46.3997 -50.7976 15.6442
      vertex 44.0351 -50.8 6.9603
      vertex 46.3644 -50.8 15.6536
    endloop
  endfacet
  facet normal -0.0632979 0.997851 0.0169601
    outer loop
      vertex 44.0351 -50.8 6.9603
      vertex 46.3997 -50.7976 15.6442
      vertex 44.3881 -50.776 6.86571
    endloop
  endfacet
  facet normal 0.258915 0.000130828 0.9659
    outer loop
      vertex 46.1808 -46.2955 6.38537
      vertex 45.9475 -46.0201 6.44787
      vertex 45.6815 -45.7786 6.51914
    endloop
  endfacet
  facet normal 0.53662 -0.831483 -0.143788
    outer loop
      vertex 42.6828 -45.5751 7.32265
      vertex 44.9827 -45.5955 16.0239
      vertex 42.3886 -45.7786 7.40147
    endloop
  endfacet
  facet normal 0.53771 -0.830729 -0.144074
    outer loop
      vertex 44.9827 -45.5955 16.0239
      vertex 42.6828 -45.5751 7.32265
      vertex 45.0121 -45.5751 16.016
    endloop
  endfacet
  facet normal 0.258836 7.56556e-05 0.965921
    outer loop
      vertex 43.3351 -50.7046 7.14787
      vertex 44.0351 -50.8 6.9603
      vertex 43.0001 -50.5869 7.23763
    endloop
  endfacet
  facet normal -0.947373 0.195051 0.253851
    outer loop
      vertex 46.6475 -48.7247 6.2603
      vertex 48.9838 -48.6888 14.9518
      vertex 46.7165 -48.3655 6.24181
    endloop
  endfacet
  facet normal -0.947416 0.194822 0.253863
    outer loop
      vertex 48.9838 -48.6888 14.9518
      vertex 46.6475 -48.7247 6.2603
      vertex 48.9769 -48.7247 14.9536
    endloop
  endfacet
  facet normal 0.258795 -4.86282e-05 0.965932
    outer loop
      vertex 45.3874 -45.5751 6.59796
      vertex 45.0701 -45.4131 6.68298
      vertex 44.7351 -45.2954 6.77274
    endloop
  endfacet
  facet normal 0.258812 -6.99684e-06 0.965928
    outer loop
      vertex 46.1808 -46.2955 6.38537
      vertex 45.3874 -45.5751 6.59796
      vertex 44.0351 -45.2 6.9603
    endloop
  endfacet
  facet normal 0.0632945 -0.997851 -0.0169592
    outer loop
      vertex 46.3644 -45.2 15.6536
      vertex 46.0467 -45.2216 15.7388
      vertex 44.0351 -45.2 6.9603
    endloop
  endfacet
  facet normal 0.063324 -0.997849 -0.0169679
    outer loop
      vertex 43.682 -45.224 7.0549
      vertex 46.0467 -45.2216 15.7388
      vertex 46.0114 -45.224 15.7482
    endloop
  endfacet
  facet normal 0.0632806 -0.997852 -0.0169561
    outer loop
      vertex 46.0467 -45.2216 15.7388
      vertex 43.682 -45.224 7.0549
      vertex 44.0351 -45.2 6.9603
    endloop
  endfacet
  facet normal 0.258803 -2.60247e-05 0.96593
    outer loop
      vertex 46.6475 -47.2753 6.2603
      vertex 46.1808 -46.2955 6.38537
      vertex 44.0351 -45.2 6.9603
    endloop
  endfacet
  facet normal -0.426529 -0.897225 0.114285
    outer loop
      vertex 45.0701 -45.4131 6.68298
      vertex 47.4312 -45.4293 15.3678
      vertex 47.3994 -45.4131 15.3763
    endloop
  endfacet
  facet normal -0.427229 -0.896867 0.114476
    outer loop
      vertex 47.4312 -45.4293 15.3678
      vertex 45.0701 -45.4131 6.68298
      vertex 45.3874 -45.5751 6.59796
    endloop
  endfacet
  facet normal 0.914591 -0.321658 -0.245068
    outer loop
      vertex 41.4226 -47.2753 7.6603
      vertex 43.7634 -47.2406 16.3506
      vertex 43.752 -47.2753 16.3536
    endloop
  endfacet
  facet normal 0.914594 -0.32165 -0.245069
    outer loop
      vertex 43.7634 -47.2406 16.3506
      vertex 41.4226 -47.2753 7.6603
      vertex 41.5364 -46.9285 7.62983
    endloop
  endfacet
  facet normal 0.258845 2.56863e-05 0.965919
    outer loop
      vertex 41.4226 -47.2753 7.6603
      vertex 41.3536 -47.6345 7.6788
      vertex 41.3305 -48 7.685
    endloop
  endfacet
  facet normal 0.258783 0 0.965935
    outer loop
      vertex 41.4226 -47.2753 7.6603
      vertex 41.8894 -49.7045 7.53524
      vertex 41.8894 -46.2955 7.53524
    endloop
  endfacet
  facet normal 0.258783 0 0.965935
    outer loop
      vertex 41.8894 -49.7045 7.53524
      vertex 41.4226 -47.2753 7.6603
      vertex 41.4226 -48.7247 7.6603
    endloop
  endfacet
  facet normal 0.25903 -0.000250392 0.965869
    outer loop
      vertex 45.6815 -50.2214 6.51914
      vertex 46.1808 -49.7045 6.38537
      vertex 45.3874 -50.4249 6.59796
    endloop
  endfacet
  facet normal -0.963849 0.0655609 0.258256
    outer loop
      vertex 46.7165 -48.3655 6.24181
      vertex 49.069 -48 14.9289
      vertex 46.7397 -48 6.23561
    endloop
  endfacet
  facet normal -0.963863 0.0652983 0.258271
    outer loop
      vertex 49.069 -48 14.9289
      vertex 46.7165 -48.3655 6.24181
      vertex 49.0459 -48.3655 14.9351
    endloop
  endfacet
  facet normal 0.259163 6.68062e-05 0.965834
    outer loop
      vertex 46.7397 -48 6.23561
      vertex 46.7165 -47.6345 6.24181
      vertex 46.6475 -47.2753 6.2603
    endloop
  endfacet
  facet normal -0.803166 -0.555525 0.215211
    outer loop
      vertex 48.7067 -46.6 15.026
      vertex 46.1808 -46.2955 6.38537
      vertex 46.3773 -46.6 6.3327
    endloop
  endfacet
  facet normal -0.802887 -0.555966 0.215114
    outer loop
      vertex 46.1808 -46.2955 6.38537
      vertex 48.7067 -46.6 15.026
      vertex 48.687 -46.5695 15.0313
    endloop
  endfacet
  facet normal -0.536709 -0.831422 0.143806
    outer loop
      vertex 47.9815 -45.7583 15.2204
      vertex 47.7167 -45.5751 15.2913
      vertex 45.3874 -45.5751 6.59796
    endloop
  endfacet
  facet normal 0.188295 -0.980816 -0.0504519
    outer loop
      vertex 43.3351 -45.2954 7.14787
      vertex 46.0114 -45.224 15.7482
      vertex 45.6644 -45.2954 15.8412
    endloop
  endfacet
  facet normal 0.188347 -0.980805 -0.0504681
    outer loop
      vertex 46.0114 -45.224 15.7482
      vertex 43.3351 -45.2954 7.14787
      vertex 43.682 -45.224 7.0549
    endloop
  endfacet
  facet normal 0.258631 0.000220182 0.965976
    outer loop
      vertex 42.6828 -45.5751 7.32265
      vertex 42.1226 -46.0201 7.47274
      vertex 41.8894 -46.2955 7.53524
    endloop
  endfacet
  facet normal 0.258731 8.64418e-05 0.96595
    outer loop
      vertex 42.6828 -45.5751 7.32265
      vertex 42.3886 -45.7786 7.40147
      vertex 42.1226 -46.0201 7.47274
    endloop
  endfacet
  facet normal 0.258818 0 0.965926
    outer loop
      vertex 46.7397 -48 6.23561
      vertex 41.8894 -46.2955 7.53524
      vertex 41.8894 -49.7045 7.53524
    endloop
  endfacet
  facet normal -0.91467 0.321419 0.245089
    outer loop
      vertex 46.5338 -49.0715 6.29078
      vertex 48.9769 -48.7247 14.9536
      vertex 46.6475 -48.7247 6.2603
    endloop
  endfacet
  facet normal -0.914666 0.321432 0.245087
    outer loop
      vertex 48.9769 -48.7247 14.9536
      vertex 46.5338 -49.0715 6.29078
      vertex 48.8632 -49.0715 14.9841
    endloop
  endfacet
  facet normal 0.258766 8.4181e-06 0.96594
    outer loop
      vertex 41.8894 -46.2955 7.53524
      vertex 41.6928 -46.6 7.58791
      vertex 41.4226 -47.2753 7.6603
    endloop
  endfacet
  facet normal -0.963849 -0.0655609 0.258256
    outer loop
      vertex 49.069 -48 14.9289
      vertex 46.7165 -47.6345 6.24181
      vertex 46.7397 -48 6.23561
    endloop
  endfacet
  facet normal -0.963863 -0.0652983 0.258271
    outer loop
      vertex 46.7165 -47.6345 6.24181
      vertex 49.069 -48 14.9289
      vertex 49.0459 -47.6345 14.9351
    endloop
  endfacet
  facet normal 0.258746 -0.000627365 0.965945
    outer loop
      vertex 43.682 -50.776 7.0549
      vertex 44.0351 -50.8 6.9603
      vertex 43.3351 -50.7046 7.14787
    endloop
  endfacet
  facet normal 0.258766 -8.4181e-06 0.96594
    outer loop
      vertex 41.6928 -49.4 7.58791
      vertex 41.8894 -49.7045 7.53524
      vertex 41.4226 -48.7247 7.6603
    endloop
  endfacet
  facet normal 0.725849 0.659787 -0.194484
    outer loop
      vertex 44.2421 -49.7321 16.2223
      vertex 41.8894 -49.7045 7.53524
      vertex 44.2187 -49.7045 16.2286
    endloop
  endfacet
  facet normal 0.726339 0.659208 -0.194619
    outer loop
      vertex 41.8894 -49.7045 7.53524
      vertex 44.2421 -49.7321 16.2223
      vertex 42.1226 -49.9799 7.47274
    endloop
  endfacet
  facet normal 0.258812 6.99684e-06 0.965928
    outer loop
      vertex 45.3874 -50.4249 6.59796
      vertex 46.1808 -49.7045 6.38537
      vertex 44.0351 -50.8 6.9603
    endloop
  endfacet
  facet normal 0.258915 -0.000130828 0.9659
    outer loop
      vertex 45.9475 -49.9799 6.44787
      vertex 46.1808 -49.7045 6.38537
      vertex 45.6815 -50.2214 6.51914
    endloop
  endfacet
  facet normal -0.947366 -0.195084 0.25385
    outer loop
      vertex 49.0459 -47.6345 14.9351
      vertex 48.9838 -47.3112 14.9518
      vertex 46.7165 -47.6345 6.24181
    endloop
  endfacet
  facet normal 0.258819 1.65721e-06 0.965926
    outer loop
      vertex 46.7397 -48 6.23561
      vertex 44.0351 -45.2 6.9603
      vertex 41.8894 -46.2955 7.53524
    endloop
  endfacet
  facet normal -0.636934 -0.751789 0.170668
    outer loop
      vertex 48.2503 -45.996 15.1483
      vertex 48.0109 -45.7786 15.2125
      vertex 45.6815 -45.7786 6.51914
    endloop
  endfacet
  facet normal 0.25903 0.000250392 0.965869
    outer loop
      vertex 46.1808 -46.2955 6.38537
      vertex 45.6815 -45.7786 6.51914
      vertex 45.3874 -45.5751 6.59796
    endloop
  endfacet
  facet normal -0.726344 -0.659203 0.194617
    outer loop
      vertex 48.5101 -46.2955 15.0787
      vertex 48.3002 -46.0476 15.135
      vertex 46.1808 -46.2955 6.38537
    endloop
  endfacet
  facet normal -0.188475 -0.980779 0.0505027
    outer loop
      vertex 47.0297 -45.2883 15.4754
      vertex 46.7175 -45.224 15.559
      vertex 44.3881 -45.224 6.86571
    endloop
  endfacet
  facet normal 0.258746 0.000627365 0.965945
    outer loop
      vertex 44.0351 -45.2 6.9603
      vertex 43.682 -45.224 7.0549
      vertex 43.3351 -45.2954 7.14787
    endloop
  endfacet
  facet normal 0.258836 -7.56556e-05 0.965921
    outer loop
      vertex 44.0351 -45.2 6.9603
      vertex 43.3351 -45.2954 7.14787
      vertex 43.0001 -45.4131 7.23763
    endloop
  endfacet
  facet normal 0.310338 -0.946983 -0.0831518
    outer loop
      vertex 45.6309 -45.3072 15.8502
      vertex 45.3294 -45.4131 15.931
      vertex 43.0001 -45.4131 7.23763
    endloop
  endfacet
  facet normal 0.259163 -6.68062e-05 0.965834
    outer loop
      vertex 46.7165 -48.3655 6.24181
      vertex 46.7397 -48 6.23561
      vertex 46.6475 -48.7247 6.2603
    endloop
  endfacet
  facet normal -0.947366 0.195084 0.25385
    outer loop
      vertex 48.9838 -48.6888 14.9518
      vertex 49.0459 -48.3655 14.9351
      vertex 46.7165 -48.3655 6.24181
    endloop
  endfacet
  facet normal -0.803059 0.555695 0.215173
    outer loop
      vertex 48.5101 -49.7045 15.0787
      vertex 48.687 -49.4305 15.0313
      vertex 46.1808 -49.7045 6.38537
    endloop
  endfacet
  facet normal -0.866292 0.44233 0.232125
    outer loop
      vertex 46.3773 -49.4 6.3327
      vertex 48.8632 -49.0715 14.9841
      vertex 46.5338 -49.0715 6.29078
    endloop
  endfacet
  facet normal -0.86603 0.442893 0.232029
    outer loop
      vertex 48.8632 -49.0715 14.9841
      vertex 46.3773 -49.4 6.3327
      vertex 48.8475 -49.1044 14.9883
    endloop
  endfacet
  facet normal 0.636872 -0.751845 -0.170656
    outer loop
      vertex 42.3886 -45.7786 7.40147
      vertex 44.6914 -45.8028 16.1019
      vertex 42.1226 -46.0201 7.47274
    endloop
  endfacet
  facet normal 0.637709 -0.751085 -0.170876
    outer loop
      vertex 44.6914 -45.8028 16.1019
      vertex 42.3886 -45.7786 7.40147
      vertex 44.718 -45.7786 16.0948
    endloop
  endfacet
  facet normal 0.258822 -4.33001e-06 0.965925
    outer loop
      vertex 44.0351 -45.2 6.9603
      vertex 42.6828 -45.5751 7.32265
      vertex 41.8894 -46.2955 7.53524
    endloop
  endfacet
  facet normal 0.963849 -0.0655609 -0.258256
    outer loop
      vertex 41.3305 -48 7.685
      vertex 43.683 -47.6345 16.3721
      vertex 43.6598 -48 16.3783
    endloop
  endfacet
  facet normal 0.963863 -0.0652983 -0.258271
    outer loop
      vertex 43.683 -47.6345 16.3721
      vertex 41.3305 -48 7.685
      vertex 41.3536 -47.6345 7.6788
    endloop
  endfacet
  facet normal 0.947371 -0.195058 -0.253851
    outer loop
      vertex 41.3536 -47.6345 7.6788
      vertex 43.752 -47.2753 16.3536
      vertex 43.683 -47.6345 16.3721
    endloop
  endfacet
  facet normal 0.947371 -0.195058 -0.253851
    outer loop
      vertex 43.752 -47.2753 16.3536
      vertex 41.3536 -47.6345 7.6788
      vertex 41.4226 -47.2753 7.6603
    endloop
  endfacet
  facet normal 0.725849 -0.659787 -0.194484
    outer loop
      vertex 41.8894 -46.2955 7.53524
      vertex 44.2421 -46.2679 16.2223
      vertex 44.2187 -46.2955 16.2286
    endloop
  endfacet
  facet normal 0.726339 -0.659208 -0.194619
    outer loop
      vertex 44.2421 -46.2679 16.2223
      vertex 41.8894 -46.2955 7.53524
      vertex 42.1226 -46.0201 7.47274
    endloop
  endfacet
  facet normal 0.804371 -0.553654 -0.215534
    outer loop
      vertex 41.6928 -46.6 7.58791
      vertex 44.0418 -46.5695 16.276
      vertex 44.0222 -46.6 16.2812
    endloop
  endfacet
  facet normal 0.803051 -0.555707 -0.21517
    outer loop
      vertex 44.0418 -46.5695 16.276
      vertex 41.6928 -46.6 7.58791
      vertex 41.8894 -46.2955 7.53524
    endloop
  endfacet
  facet normal 0.258819 -1.65721e-06 0.965926
    outer loop
      vertex 44.0351 -50.8 6.9603
      vertex 46.7397 -48 6.23561
      vertex 41.8894 -49.7045 7.53524
    endloop
  endfacet
  facet normal 0.258839 -2.26141e-05 0.96592
    outer loop
      vertex 46.6475 -48.7247 6.2603
      vertex 46.7397 -48 6.23561
      vertex 44.0351 -50.8 6.9603
    endloop
  endfacet
  facet normal 0.259033 -0 0.965868
    outer loop
      vertex 41.4226 -48.7247 7.6603
      vertex 41.4226 -47.2753 7.6603
      vertex 41.3305 -48 7.685
    endloop
  endfacet
  facet normal 0.726252 0.659309 -0.1946
    outer loop
      vertex 44.2421 -49.7321 16.2223
      vertex 44.452 -49.9799 16.1661
      vertex 42.1226 -49.9799 7.47274
    endloop
  endfacet
  facet normal 0.636769 0.75194 -0.170623
    outer loop
      vertex 44.452 -49.9799 16.1661
      vertex 44.6914 -50.1972 16.1019
      vertex 42.1226 -49.9799 7.47274
    endloop
  endfacet
  facet normal 0.914591 0.321658 -0.245068
    outer loop
      vertex 43.7634 -48.7594 16.3506
      vertex 41.4226 -48.7247 7.6603
      vertex 43.752 -48.7247 16.3536
    endloop
  endfacet
  facet normal 0.914594 0.32165 -0.245069
    outer loop
      vertex 41.4226 -48.7247 7.6603
      vertex 43.7634 -48.7594 16.3506
      vertex 41.5364 -49.0715 7.62983
    endloop
  endfacet
  facet normal 0.258813 4.42606e-06 0.965928
    outer loop
      vertex 44.7351 -50.7046 6.77274
      vertex 45.3874 -50.4249 6.59796
      vertex 44.0351 -50.8 6.9603
    endloop
  endfacet
  facet normal -0.427314 0.896824 0.114495
    outer loop
      vertex 47.4312 -50.5707 15.3678
      vertex 47.7167 -50.4249 15.2913
      vertex 45.3874 -50.4249 6.59796
    endloop
  endfacet
  facet normal -0.0632758 0.997852 0.016955
    outer loop
      vertex 46.3997 -50.7976 15.6442
      vertex 46.7175 -50.776 15.559
      vertex 44.3881 -50.776 6.86571
    endloop
  endfacet
  facet normal -0.188475 0.980779 0.0505027
    outer loop
      vertex 46.7175 -50.776 15.559
      vertex 47.0297 -50.7117 15.4754
      vertex 44.3881 -50.776 6.86571
    endloop
  endfacet
  facet normal -0.726344 0.659203 0.194617
    outer loop
      vertex 48.3002 -49.9524 15.135
      vertex 48.5101 -49.7045 15.0787
      vertex 46.1808 -49.7045 6.38537
    endloop
  endfacet
  facet normal -0.803059 -0.555695 0.215173
    outer loop
      vertex 48.687 -46.5695 15.0313
      vertex 48.5101 -46.2955 15.0787
      vertex 46.1808 -46.2955 6.38537
    endloop
  endfacet
  facet normal -0.866328 -0.442255 0.232136
    outer loop
      vertex 48.8475 -46.8956 14.9883
      vertex 48.7067 -46.6 15.026
      vertex 46.3773 -46.6 6.3327
    endloop
  endfacet
  facet normal -0.636874 -0.751845 0.170648
    outer loop
      vertex 45.9475 -46.0201 6.44787
      vertex 48.2503 -45.996 15.1483
      vertex 45.6815 -45.7786 6.51914
    endloop
  endfacet
  facet normal -0.636218 -0.752439 0.170476
    outer loop
      vertex 48.2503 -45.996 15.1483
      vertex 45.9475 -46.0201 6.44787
      vertex 48.2769 -46.0201 15.1412
    endloop
  endfacet
  facet normal -0.726301 -0.659251 0.194614
    outer loop
      vertex 45.9475 -46.0201 6.44787
      vertex 48.3002 -46.0476 15.135
      vertex 48.2769 -46.0201 15.1412
    endloop
  endfacet
  facet normal -0.726211 -0.659357 0.19459
    outer loop
      vertex 48.3002 -46.0476 15.135
      vertex 45.9475 -46.0201 6.44787
      vertex 46.1808 -46.2955 6.38537
    endloop
  endfacet
  facet normal -0.536738 -0.831402 0.143815
    outer loop
      vertex 45.6815 -45.7786 6.51914
      vertex 47.9815 -45.7583 15.2204
      vertex 45.3874 -45.5751 6.59796
    endloop
  endfacet
  facet normal -0.535886 -0.83199 0.143591
    outer loop
      vertex 47.9815 -45.7583 15.2204
      vertex 45.6815 -45.7786 6.51914
      vertex 48.0109 -45.7786 15.2125
    endloop
  endfacet
  facet normal -0.427314 -0.896824 0.114495
    outer loop
      vertex 47.7167 -45.5751 15.2913
      vertex 47.4312 -45.4293 15.3678
      vertex 45.3874 -45.5751 6.59796
    endloop
  endfacet
  facet normal 0.258813 -4.42606e-06 0.965928
    outer loop
      vertex 45.3874 -45.5751 6.59796
      vertex 44.7351 -45.2954 6.77274
      vertex 44.0351 -45.2 6.9603
    endloop
  endfacet
  facet normal 0.258845 0.000247258 0.965919
    outer loop
      vertex 44.7351 -45.2954 6.77274
      vertex 44.3881 -45.224 6.86571
      vertex 44.0351 -45.2 6.9603
    endloop
  endfacet
  facet normal 0.310419 -0.946954 -0.0831771
    outer loop
      vertex 43.3351 -45.2954 7.14787
      vertex 45.6309 -45.3072 15.8502
      vertex 43.0001 -45.4131 7.23763
    endloop
  endfacet
  facet normal 0.311079 -0.946722 -0.0833509
    outer loop
      vertex 45.6309 -45.3072 15.8502
      vertex 43.3351 -45.2954 7.14787
      vertex 45.6644 -45.2954 15.8412
    endloop
  endfacet
  facet normal 0.259362 -0.000318669 0.96578
    outer loop
      vertex 46.3773 -49.4 6.3327
      vertex 46.5338 -49.0715 6.29078
      vertex 46.1808 -49.7045 6.38537
    endloop
  endfacet
  facet normal 0.258683 8.72555e-05 0.965962
    outer loop
      vertex 46.5338 -49.0715 6.29078
      vertex 46.6475 -48.7247 6.2603
      vertex 46.1808 -49.7045 6.38537
    endloop
  endfacet
  facet normal -0.803166 0.555525 0.215211
    outer loop
      vertex 46.1808 -49.7045 6.38537
      vertex 48.7067 -49.4 15.026
      vertex 46.3773 -49.4 6.3327
    endloop
  endfacet
  facet normal -0.802887 0.555966 0.215114
    outer loop
      vertex 48.7067 -49.4 15.026
      vertex 46.1808 -49.7045 6.38537
      vertex 48.687 -49.4305 15.0313
    endloop
  endfacet
  facet normal -0.866328 0.442255 0.232136
    outer loop
      vertex 48.7067 -49.4 15.026
      vertex 48.8475 -49.1044 14.9883
      vertex 46.3773 -49.4 6.3327
    endloop
  endfacet
  facet normal 0.427314 -0.896824 -0.114494
    outer loop
      vertex 45.3294 -45.4131 15.931
      vertex 45.0439 -45.5589 16.0075
      vertex 43.0001 -45.4131 7.23763
    endloop
  endfacet
  facet normal 0.426529 -0.897225 -0.114284
    outer loop
      vertex 42.6828 -45.5751 7.32265
      vertex 45.0439 -45.5589 16.0075
      vertex 45.0121 -45.5751 16.016
    endloop
  endfacet
  facet normal 0.427229 -0.896867 -0.114475
    outer loop
      vertex 45.0439 -45.5589 16.0075
      vertex 42.6828 -45.5751 7.32265
      vertex 43.0001 -45.4131 7.23763
    endloop
  endfacet
  facet normal 0.9147 -0.321337 -0.245085
    outer loop
      vertex 43.8657 -46.9285 16.3232
      vertex 43.7634 -47.2406 16.3506
      vertex 41.5364 -46.9285 7.62983
    endloop
  endfacet
  facet normal 0.866358 -0.442197 -0.232132
    outer loop
      vertex 44.0065 -46.6328 16.2854
      vertex 43.8657 -46.9285 16.3232
      vertex 41.5364 -46.9285 7.62983
    endloop
  endfacet
  facet normal 0.536636 -0.831472 -0.143793
    outer loop
      vertex 44.9827 -45.5955 16.0239
      vertex 44.718 -45.7786 16.0948
      vertex 42.3886 -45.7786 7.40147
    endloop
  endfacet
  facet normal 0.636769 -0.75194 -0.170623
    outer loop
      vertex 44.6914 -45.8028 16.1019
      vertex 44.452 -46.0201 16.1661
      vertex 42.1226 -46.0201 7.47274
    endloop
  endfacet
  facet normal 0.726252 -0.659309 -0.1946
    outer loop
      vertex 44.452 -46.0201 16.1661
      vertex 44.2421 -46.2679 16.2223
      vertex 42.1226 -46.0201 7.47274
    endloop
  endfacet
  facet normal 0.258631 -0.000220182 0.965976
    outer loop
      vertex 42.1226 -49.9799 7.47274
      vertex 42.6828 -50.4249 7.32265
      vertex 41.8894 -49.7045 7.53524
    endloop
  endfacet
  facet normal 0.258822 4.33001e-06 0.965925
    outer loop
      vertex 42.6828 -50.4249 7.32265
      vertex 44.0351 -50.8 6.9603
      vertex 41.8894 -49.7045 7.53524
    endloop
  endfacet
  facet normal 0.963849 0.0655609 -0.258256
    outer loop
      vertex 43.683 -48.3655 16.3721
      vertex 41.3305 -48 7.685
      vertex 43.6598 -48 16.3783
    endloop
  endfacet
  facet normal 0.963863 0.0652983 -0.258271
    outer loop
      vertex 41.3305 -48 7.685
      vertex 43.683 -48.3655 16.3721
      vertex 41.3536 -48.3655 7.6788
    endloop
  endfacet
  facet normal 0.258845 -2.56863e-05 0.965919
    outer loop
      vertex 41.3536 -48.3655 7.6788
      vertex 41.4226 -48.7247 7.6603
      vertex 41.3305 -48 7.685
    endloop
  endfacet
  facet normal 0.0632945 0.997851 -0.0169592
    outer loop
      vertex 46.0467 -50.7784 15.7388
      vertex 46.3644 -50.8 15.6536
      vertex 44.0351 -50.8 6.9603
    endloop
  endfacet
  facet normal 0.9147 0.321337 -0.245085
    outer loop
      vertex 43.7634 -48.7594 16.3506
      vertex 43.8657 -49.0715 16.3232
      vertex 41.5364 -49.0715 7.62983
    endloop
  endfacet
  facet normal 0.53771 0.830729 -0.144074
    outer loop
      vertex 42.6828 -50.4249 7.32265
      vertex 44.9827 -50.4045 16.0239
      vertex 45.0121 -50.4249 16.016
    endloop
  endfacet
  facet normal 0.53662 0.831483 -0.143788
    outer loop
      vertex 44.9827 -50.4045 16.0239
      vertex 42.6828 -50.4249 7.32265
      vertex 42.3886 -50.2214 7.40147
    endloop
  endfacet
  facet normal 0.427314 0.896824 -0.114494
    outer loop
      vertex 45.0439 -50.4411 16.0075
      vertex 45.3294 -50.5869 15.931
      vertex 43.0001 -50.5869 7.23763
    endloop
  endfacet
  facet normal 0.258795 4.86282e-05 0.965932
    outer loop
      vertex 45.0701 -50.5869 6.68298
      vertex 45.3874 -50.4249 6.59796
      vertex 44.7351 -50.7046 6.77274
    endloop
  endfacet
  facet normal -0.426529 0.897225 0.114285
    outer loop
      vertex 47.4312 -50.5707 15.3678
      vertex 45.0701 -50.5869 6.68298
      vertex 47.3994 -50.5869 15.3763
    endloop
  endfacet
  facet normal -0.427229 0.896867 0.114476
    outer loop
      vertex 45.0701 -50.5869 6.68298
      vertex 47.4312 -50.5707 15.3678
      vertex 45.3874 -50.4249 6.59796
    endloop
  endfacet
  facet normal -0.536709 0.831422 0.143806
    outer loop
      vertex 47.7167 -50.4249 15.2913
      vertex 47.9815 -50.2417 15.2204
      vertex 45.3874 -50.4249 6.59796
    endloop
  endfacet
  facet normal -0.535886 0.83199 0.143591
    outer loop
      vertex 45.6815 -50.2214 6.51914
      vertex 47.9815 -50.2417 15.2204
      vertex 48.0109 -50.2214 15.2125
    endloop
  endfacet
  facet normal -0.536738 0.831402 0.143815
    outer loop
      vertex 47.9815 -50.2417 15.2204
      vertex 45.6815 -50.2214 6.51914
      vertex 45.3874 -50.4249 6.59796
    endloop
  endfacet
  facet normal 0.258683 -8.72555e-05 0.965962
    outer loop
      vertex 46.6475 -47.2753 6.2603
      vertex 46.5338 -46.9285 6.29078
      vertex 46.1808 -46.2955 6.38537
    endloop
  endfacet
  facet normal 0.259362 0.000318669 0.96578
    outer loop
      vertex 46.5338 -46.9285 6.29078
      vertex 46.3773 -46.6 6.3327
      vertex 46.1808 -46.2955 6.38537
    endloop
  endfacet
  facet normal -0.1883 -0.980815 0.0504485
    outer loop
      vertex 44.7351 -45.2954 6.77274
      vertex 47.0297 -45.2883 15.4754
      vertex 44.3881 -45.224 6.86571
    endloop
  endfacet
  facet normal -0.18728 -0.981024 0.0501797
    outer loop
      vertex 47.0297 -45.2883 15.4754
      vertex 44.7351 -45.2954 6.77274
      vertex 47.0644 -45.2954 15.4661
    endloop
  endfacet
  facet normal -0.310412 -0.946957 0.0831718
    outer loop
      vertex 44.7351 -45.2954 6.77274
      vertex 47.3994 -45.4131 15.3763
      vertex 47.0644 -45.2954 15.4661
    endloop
  endfacet
  facet normal -0.31042 -0.946954 0.0831744
    outer loop
      vertex 47.3994 -45.4131 15.3763
      vertex 44.7351 -45.2954 6.77274
      vertex 45.0701 -45.4131 6.68298
    endloop
  endfacet
  facet normal 0.311079 0.946722 -0.0833509
    outer loop
      vertex 43.3351 -50.7046 7.14787
      vertex 45.6309 -50.6928 15.8502
      vertex 45.6644 -50.7046 15.8412
    endloop
  endfacet
  facet normal 0.310419 0.946954 -0.0831771
    outer loop
      vertex 45.6309 -50.6928 15.8502
      vertex 43.3351 -50.7046 7.14787
      vertex 43.0001 -50.5869 7.23763
    endloop
  endfacet
  facet normal 0.310338 0.946983 -0.0831518
    outer loop
      vertex 45.3294 -50.5869 15.931
      vertex 45.6309 -50.6928 15.8502
      vertex 43.0001 -50.5869 7.23763
    endloop
  endfacet
  facet normal 0.063324 0.997849 -0.0169679
    outer loop
      vertex 46.0467 -50.7784 15.7388
      vertex 43.682 -50.776 7.0549
      vertex 46.0114 -50.776 15.7482
    endloop
  endfacet
  facet normal 0.0632806 0.997852 -0.0169561
    outer loop
      vertex 43.682 -50.776 7.0549
      vertex 46.0467 -50.7784 15.7388
      vertex 44.0351 -50.8 6.9603
    endloop
  endfacet
  facet normal 0.866301 0.442318 -0.232116
    outer loop
      vertex 43.8657 -49.0715 16.3232
      vertex 44.0065 -49.3671 16.2854
      vertex 41.5364 -49.0715 7.62983
    endloop
  endfacet
  facet normal 0.804371 0.553654 -0.215534
    outer loop
      vertex 44.0418 -49.4305 16.276
      vertex 41.6928 -49.4 7.58791
      vertex 44.0222 -49.4 16.2812
    endloop
  endfacet
  facet normal 0.803051 0.555707 -0.21517
    outer loop
      vertex 41.6928 -49.4 7.58791
      vertex 44.0418 -49.4305 16.276
      vertex 41.8894 -49.7045 7.53524
    endloop
  endfacet
  facet normal 0.803059 0.555695 -0.215172
    outer loop
      vertex 44.0418 -49.4305 16.276
      vertex 44.2187 -49.7045 16.2286
      vertex 41.8894 -49.7045 7.53524
    endloop
  endfacet
  facet normal 0.536636 0.831472 -0.143793
    outer loop
      vertex 44.718 -50.2214 16.0948
      vertex 44.9827 -50.4045 16.0239
      vertex 42.3886 -50.2214 7.40147
    endloop
  endfacet
  facet normal -0.18728 0.981024 0.0501797
    outer loop
      vertex 44.7351 -50.7046 6.77274
      vertex 47.0297 -50.7117 15.4754
      vertex 47.0644 -50.7046 15.4661
    endloop
  endfacet
  facet normal -0.1883 0.980815 0.0504485
    outer loop
      vertex 47.0297 -50.7117 15.4754
      vertex 44.7351 -50.7046 6.77274
      vertex 44.3881 -50.776 6.86571
    endloop
  endfacet
  facet normal 0.258845 -0.000247258 0.965919
    outer loop
      vertex 44.3881 -50.776 6.86571
      vertex 44.7351 -50.7046 6.77274
      vertex 44.0351 -50.8 6.9603
    endloop
  endfacet
  facet normal -0.636934 0.751789 0.170668
    outer loop
      vertex 48.0109 -50.2214 15.2125
      vertex 48.2503 -50.004 15.1483
      vertex 45.6815 -50.2214 6.51914
    endloop
  endfacet
  facet normal -0.91467 -0.321419 0.245089
    outer loop
      vertex 48.9769 -47.2753 14.9536
      vertex 46.5338 -46.9285 6.29078
      vertex 46.6475 -47.2753 6.2603
    endloop
  endfacet
  facet normal -0.914666 -0.321432 0.245087
    outer loop
      vertex 46.5338 -46.9285 6.29078
      vertex 48.9769 -47.2753 14.9536
      vertex 48.8632 -46.9285 14.9841
    endloop
  endfacet
  facet normal -0.866292 -0.44233 0.232125
    outer loop
      vertex 48.8632 -46.9285 14.9841
      vertex 46.3773 -46.6 6.3327
      vertex 46.5338 -46.9285 6.29078
    endloop
  endfacet
  facet normal -0.86603 -0.442893 0.232029
    outer loop
      vertex 46.3773 -46.6 6.3327
      vertex 48.8632 -46.9285 14.9841
      vertex 48.8475 -46.8956 14.9883
    endloop
  endfacet
  facet normal -0.0633242 -0.997849 0.0169672
    outer loop
      vertex 44.0351 -45.2 6.9603
      vertex 46.3997 -45.2024 15.6442
      vertex 46.3644 -45.2 15.6536
    endloop
  endfacet
  facet normal -0.0632979 -0.997851 0.0169601
    outer loop
      vertex 46.3997 -45.2024 15.6442
      vertex 44.0351 -45.2 6.9603
      vertex 44.3881 -45.224 6.86571
    endloop
  endfacet
  facet normal -0.0632758 -0.997852 0.016955
    outer loop
      vertex 46.7175 -45.224 15.559
      vertex 46.3997 -45.2024 15.6442
      vertex 44.3881 -45.224 6.86571
    endloop
  endfacet
  facet normal 0.259452 -0.000285781 0.965756
    outer loop
      vertex 41.6928 -46.6 7.58791
      vertex 41.5364 -46.9285 7.62983
      vertex 41.4226 -47.2753 7.6603
    endloop
  endfacet
  facet normal 0.865527 -0.443978 -0.231834
    outer loop
      vertex 41.5364 -46.9285 7.62983
      vertex 44.0222 -46.6 16.2812
      vertex 44.0065 -46.6328 16.2854
    endloop
  endfacet
  facet normal 0.866393 -0.442118 -0.232153
    outer loop
      vertex 44.0222 -46.6 16.2812
      vertex 41.5364 -46.9285 7.62983
      vertex 41.6928 -46.6 7.58791
    endloop
  endfacet
  facet normal 0.426529 0.897225 -0.114284
    outer loop
      vertex 45.0439 -50.4411 16.0075
      vertex 42.6828 -50.4249 7.32265
      vertex 45.0121 -50.4249 16.016
    endloop
  endfacet
  facet normal 0.427229 0.896867 -0.114475
    outer loop
      vertex 42.6828 -50.4249 7.32265
      vertex 45.0439 -50.4411 16.0075
      vertex 43.0001 -50.5869 7.23763
    endloop
  endfacet
  facet normal 0.258823 1.07064e-05 0.965925
    outer loop
      vertex 43.0001 -50.5869 7.23763
      vertex 44.0351 -50.8 6.9603
      vertex 42.6828 -50.4249 7.32265
    endloop
  endfacet
  facet normal 0.866032 0.442893 -0.23202
    outer loop
      vertex 44.0222 -49.4 16.2812
      vertex 41.5364 -49.0715 7.62983
      vertex 44.0065 -49.3671 16.2854
    endloop
  endfacet
  facet normal 0.866393 0.442118 -0.232153
    outer loop
      vertex 41.5364 -49.0715 7.62983
      vertex 44.0222 -49.4 16.2812
      vertex 41.6928 -49.4 7.58791
    endloop
  endfacet
  facet normal 0.259452 0.000285781 0.965756
    outer loop
      vertex 41.5364 -49.0715 7.62983
      vertex 41.6928 -49.4 7.58791
      vertex 41.4226 -48.7247 7.6603
    endloop
  endfacet
  facet normal 0.947371 0.195058 -0.253851
    outer loop
      vertex 43.752 -48.7247 16.3536
      vertex 41.3536 -48.3655 7.6788
      vertex 43.683 -48.3655 16.3721
    endloop
  endfacet
  facet normal 0.947371 0.195058 -0.253851
    outer loop
      vertex 41.3536 -48.3655 7.6788
      vertex 43.752 -48.7247 16.3536
      vertex 41.4226 -48.7247 7.6603
    endloop
  endfacet
  facet normal 0.637709 0.751085 -0.170876
    outer loop
      vertex 42.3886 -50.2214 7.40147
      vertex 44.6914 -50.1972 16.1019
      vertex 44.718 -50.2214 16.0948
    endloop
  endfacet
  facet normal 0.636872 0.751845 -0.170656
    outer loop
      vertex 44.6914 -50.1972 16.1019
      vertex 42.3886 -50.2214 7.40147
      vertex 42.1226 -49.9799 7.47274
    endloop
  endfacet
  facet normal 0.258731 -8.64418e-05 0.96595
    outer loop
      vertex 42.3886 -50.2214 7.40147
      vertex 42.6828 -50.4249 7.32265
      vertex 42.1226 -49.9799 7.47274
    endloop
  endfacet
  facet normal -0.726211 0.659357 0.19459
    outer loop
      vertex 45.9475 -49.9799 6.44787
      vertex 48.3002 -49.9524 15.135
      vertex 46.1808 -49.7045 6.38537
    endloop
  endfacet
  facet normal -0.726301 0.659251 0.194614
    outer loop
      vertex 48.3002 -49.9524 15.135
      vertex 45.9475 -49.9799 6.44787
      vertex 48.2769 -49.9799 15.1412
    endloop
  endfacet
  facet normal -0.636218 0.752439 0.170476
    outer loop
      vertex 45.9475 -49.9799 6.44787
      vertex 48.2503 -50.004 15.1483
      vertex 48.2769 -49.9799 15.1412
    endloop
  endfacet
  facet normal -0.636874 0.751845 0.170648
    outer loop
      vertex 48.2503 -50.004 15.1483
      vertex 45.9475 -49.9799 6.44787
      vertex 45.6815 -50.2214 6.51914
    endloop
  endfacet
  facet normal -0.947416 -0.194822 0.253863
    outer loop
      vertex 46.6475 -47.2753 6.2603
      vertex 48.9838 -47.3112 14.9518
      vertex 48.9769 -47.2753 14.9536
    endloop
  endfacet
  facet normal -0.947373 -0.195051 0.253851
    outer loop
      vertex 48.9838 -47.3112 14.9518
      vertex 46.6475 -47.2753 6.2603
      vertex 46.7165 -47.6345 6.24181
    endloop
  endfacet
  facet normal 0.258876 0.000344792 0.96591
    outer loop
      vertex -47.3415 50.4249 31.4446
      vertex -48.3408 50.776 31.7123
      vertex -48.6938 50.8 31.8069
    endloop
  endfacet
  facet normal -0.803057 0.555695 0.215182
    outer loop
      vertex -44.2187 46.2955 39.9253
      vertex -44.0418 46.5695 39.8779
      vertex -46.5481 46.2955 31.232
    endloop
  endfacet
  facet normal -0.963847 -0.0655609 0.258263
    outer loop
      vertex -43.6598 48 39.7756
      vertex -46.0124 48.3655 31.0884
      vertex -45.9892 48 31.0822
    endloop
  endfacet
  facet normal -0.963847 -0.0655609 0.258263
    outer loop
      vertex -46.0124 48.3655 31.0884
      vertex -43.6598 48 39.7756
      vertex -43.683 48.3655 39.7818
    endloop
  endfacet
  facet normal 0.963864 0.0652983 -0.258268
    outer loop
      vertex -49.0459 47.6345 41.2188
      vertex -51.3984 48 32.5316
      vertex -49.069 48 41.225
    endloop
  endfacet
  facet normal 0.963864 0.0652983 -0.258268
    outer loop
      vertex -51.3984 48 32.5316
      vertex -49.0459 47.6345 41.2188
      vertex -51.3753 47.6345 32.5254
    endloop
  endfacet
  facet normal -0.536838 -0.831332 0.143848
    outer loop
      vertex -44.7474 50.2417 40.067
      vertex -45.0121 50.4249 40.1379
      vertex -47.3415 50.4249 31.4446
    endloop
  endfacet
  facet normal 0.726379 0.659159 -0.194636
    outer loop
      vertex -48.5101 46.2955 41.0752
      vertex -48.3002 46.0476 41.019
      vertex -50.8395 46.2955 32.3819
    endloop
  endfacet
  facet normal 0.063276 -0.997852 -0.0169541
    outer loop
      vertex -46.3997 50.7976 40.5097
      vertex -46.7175 50.776 40.5949
      vertex -49.0468 50.776 31.9015
    endloop
  endfacet
  facet normal 0.258808 7.83247e-05 0.965929
    outer loop
      vertex -47.3415 50.4249 31.4446
      vertex -48.6938 50.8 31.8069
      vertex -50.8395 49.7045 32.3819
    endloop
  endfacet
  facet normal -0.636769 -0.75194 0.170624
    outer loop
      vertex -44.452 49.9799 39.9878
      vertex -44.6914 50.1972 40.052
      vertex -46.7814 49.9799 31.2945
    endloop
  endfacet
  facet normal 0.866026 -0.442893 -0.232045
    outer loop
      vertex -51.1925 49.0715 32.4765
      vertex -48.8475 49.1044 41.1656
      vertex -48.8632 49.0715 41.1698
    endloop
  endfacet
  facet normal 0.866373 -0.442163 -0.232141
    outer loop
      vertex -48.8475 49.1044 41.1656
      vertex -51.1925 49.0715 32.4765
      vertex -51.0361 49.4 32.4345
    endloop
  endfacet
  facet normal 0.258816 -4.70992e-05 0.965927
    outer loop
      vertex -45.9892 48 31.0822
      vertex -50.8395 49.7045 32.3819
      vertex -51.3753 48.3655 32.5254
    endloop
  endfacet
  facet normal 0.25894 5.16457e-05 0.965893
    outer loop
      vertex -45.9892 48 31.0822
      vertex -46.0124 48.3655 31.0884
      vertex -47.3415 50.4249 31.4446
    endloop
  endfacet
  facet normal 0.258865 -4.16578e-05 0.965914
    outer loop
      vertex -48.6938 50.8 31.8069
      vertex -50.0461 50.4249 32.1693
      vertex -50.8395 49.7045 32.3819
    endloop
  endfacet
  facet normal 0.25894 -5.16457e-05 0.965893
    outer loop
      vertex -46.0124 47.6345 31.0884
      vertex -45.9892 48 31.0822
      vertex -47.3415 45.5751 31.4446
    endloop
  endfacet
  facet normal -0.187279 -0.981024 0.0501815
    outer loop
      vertex -48.3408 50.776 31.7123
      vertex -45.9767 50.7689 40.3964
      vertex -46.0114 50.776 40.4057
    endloop
  endfacet
  facet normal -0.188306 -0.980813 0.0504613
    outer loop
      vertex -45.9767 50.7689 40.3964
      vertex -48.3408 50.776 31.7123
      vertex -47.9938 50.7046 31.6194
    endloop
  endfacet
  facet normal 0.0632973 -0.997851 -0.0169606
    outer loop
      vertex -48.6938 50.8 31.8069
      vertex -46.3997 50.7976 40.5097
      vertex -49.0468 50.776 31.9015
    endloop
  endfacet
  facet normal 0.0633241 -0.997849 -0.0169677
    outer loop
      vertex -46.3997 50.7976 40.5097
      vertex -48.6938 50.8 31.8069
      vertex -46.3644 50.8 40.5003
    endloop
  endfacet
  facet normal 0.259025 -0.000231351 0.96587
    outer loop
      vertex -50.0461 50.4249 32.1693
      vertex -50.6062 49.9799 32.3194
      vertex -50.8395 49.7045 32.3819
    endloop
  endfacet
  facet normal -0.963847 0.0655609 0.258263
    outer loop
      vertex -46.0124 47.6345 31.0884
      vertex -43.6598 48 39.7756
      vertex -45.9892 48 31.0822
    endloop
  endfacet
  facet normal -0.963847 0.0655609 0.258263
    outer loop
      vertex -43.6598 48 39.7756
      vertex -46.0124 47.6345 31.0884
      vertex -43.683 47.6345 39.7818
    endloop
  endfacet
  facet normal 0.258826 1.67935e-05 0.965924
    outer loop
      vertex -47.3415 45.5751 31.4446
      vertex -45.9892 48 31.0822
      vertex -50.8395 46.2955 32.3819
    endloop
  endfacet
  facet normal 0.258816 4.70992e-05 0.965927
    outer loop
      vertex -50.8395 46.2955 32.3819
      vertex -45.9892 48 31.0822
      vertex -51.3753 47.6345 32.5254
    endloop
  endfacet
  facet normal 0.259224 -0 0.965817
    outer loop
      vertex -51.3753 47.6345 32.5254
      vertex -51.3753 48.3655 32.5254
      vertex -51.3984 48 32.5316
    endloop
  endfacet
  facet normal 0.947367 -0.195084 -0.253847
    outer loop
      vertex -48.9838 48.6888 41.2021
      vertex -49.0459 48.3655 41.2188
      vertex -51.3753 48.3655 32.5254
    endloop
  endfacet
  facet normal 0.802085 -0.557228 -0.214843
    outer loop
      vertex -51.0361 49.4 32.4345
      vertex -48.5101 49.7045 41.0752
      vertex -48.5298 49.6741 41.0805
    endloop
  endfacet
  facet normal 0.803071 -0.555673 -0.215186
    outer loop
      vertex -48.5101 49.7045 41.0752
      vertex -51.0361 49.4 32.4345
      vertex -50.8395 49.7045 32.3819
    endloop
  endfacet
  facet normal 0.258826 -1.67935e-05 0.965924
    outer loop
      vertex -45.9892 48 31.0822
      vertex -47.3415 50.4249 31.4446
      vertex -50.8395 49.7045 32.3819
    endloop
  endfacet
  facet normal -0.947372 0.195058 0.253849
    outer loop
      vertex -46.0814 47.2753 31.1069
      vertex -43.683 47.6345 39.7818
      vertex -46.0124 47.6345 31.0884
    endloop
  endfacet
  facet normal -0.947414 0.194822 0.25387
    outer loop
      vertex -43.683 47.6345 39.7818
      vertex -46.0814 47.2753 31.1069
      vertex -43.6899 47.5986 39.7836
    endloop
  endfacet
  facet normal -0.536838 0.831332 0.143848
    outer loop
      vertex -45.0121 45.5751 40.1379
      vertex -44.7474 45.7583 40.067
      vertex -47.3415 45.5751 31.4446
    endloop
  endfacet
  facet normal -0.914668 0.321432 0.245079
    outer loop
      vertex -46.1951 46.9285 31.1374
      vertex -43.8544 46.9632 39.8277
      vertex -46.0814 47.2753 31.1069
    endloop
  endfacet
  facet normal -0.915365 0.319292 0.245275
    outer loop
      vertex -43.8544 46.9632 39.8277
      vertex -46.1951 46.9285 31.1374
      vertex -43.8657 46.9285 39.8307
    endloop
  endfacet
  facet normal 0.636934 0.751789 -0.170669
    outer loop
      vertex -48.2503 45.996 41.0056
      vertex -48.0109 45.7786 40.9414
      vertex -50.3403 45.7786 32.2481
    endloop
  endfacet
  facet normal -0.188407 0.980793 0.0504843
    outer loop
      vertex -45.9767 45.2311 40.3964
      vertex -45.6644 45.2954 40.3127
      vertex -47.9938 45.2954 31.6194
    endloop
  endfacet
  facet normal 0.258533 0.000350355 0.966002
    outer loop
      vertex -46.5481 46.2955 31.232
      vertex -46.3516 46.6 31.1793
      vertex -47.3415 45.5751 31.4446
    endloop
  endfacet
  facet normal 0.258736 0.000109983 0.965948
    outer loop
      vertex -47.0474 45.7786 31.3658
      vertex -46.5481 46.2955 31.232
      vertex -47.3415 45.5751 31.4446
    endloop
  endfacet
  facet normal 0.257858 -0.00134272 0.966182
    outer loop
      vertex -50.3403 45.7786 32.2481
      vertex -50.0461 45.5751 32.1693
      vertex -50.6062 46.0201 32.3194
    endloop
  endfacet
  facet normal 0.536636 0.831472 -0.143793
    outer loop
      vertex -48.0109 45.7786 40.9414
      vertex -47.7462 45.5955 40.8705
      vertex -50.3403 45.7786 32.2481
    endloop
  endfacet
  facet normal 0.914669 -0.321432 -0.245075
    outer loop
      vertex -51.3062 48.7247 32.5069
      vertex -48.8632 49.0715 41.1698
      vertex -48.9769 48.7247 41.2003
    endloop
  endfacet
  facet normal 0.914689 -0.321369 -0.245084
    outer loop
      vertex -48.8632 49.0715 41.1698
      vertex -51.3062 48.7247 32.5069
      vertex -51.1925 49.0715 32.4765
    endloop
  endfacet
  facet normal 0.947414 -0.194822 -0.25387
    outer loop
      vertex -51.3753 48.3655 32.5254
      vertex -48.9769 48.7247 41.2003
      vertex -48.9838 48.6888 41.2021
    endloop
  endfacet
  facet normal 0.947326 -0.195312 -0.253825
    outer loop
      vertex -48.9769 48.7247 41.2003
      vertex -51.3753 48.3655 32.5254
      vertex -51.3062 48.7247 32.5069
    endloop
  endfacet
  facet normal 0.963864 -0.0652983 -0.258268
    outer loop
      vertex -51.3984 48 32.5316
      vertex -49.0459 48.3655 41.2188
      vertex -49.069 48 41.225
    endloop
  endfacet
  facet normal 0.963864 -0.0652983 -0.258268
    outer loop
      vertex -49.0459 48.3655 41.2188
      vertex -51.3984 48 32.5316
      vertex -51.3753 48.3655 32.5254
    endloop
  endfacet
  facet normal 0.803148 -0.555555 -0.215204
    outer loop
      vertex -48.5298 49.6741 41.0805
      vertex -48.7067 49.4 41.1279
      vertex -51.0361 49.4 32.4345
    endloop
  endfacet
  facet normal 0.258844 0.00016026 0.965919
    outer loop
      vertex -48.6938 50.8 31.8069
      vertex -49.0468 50.776 31.9015
      vertex -49.3938 50.7046 31.9945
    endloop
  endfacet
  facet normal 0.310411 -0.946957 -0.0831757
    outer loop
      vertex -49.7288 50.5869 32.0843
      vertex -47.0644 50.7046 40.6878
      vertex -47.3994 50.5869 40.7776
    endloop
  endfacet
  facet normal 0.310411 -0.946957 -0.0831757
    outer loop
      vertex -47.0644 50.7046 40.6878
      vertex -49.7288 50.5869 32.0843
      vertex -49.3938 50.7046 31.9945
    endloop
  endfacet
  facet normal -0.726201 -0.659369 0.194588
    outer loop
      vertex -44.2187 49.7045 39.9253
      vertex -44.4287 49.9524 39.9816
      vertex -46.5481 49.7045 31.232
    endloop
  endfacet
  facet normal -0.427235 -0.896864 0.114476
    outer loop
      vertex -47.3415 50.4249 31.4446
      vertex -45.0439 50.4411 40.1464
      vertex -47.6588 50.5869 31.5296
    endloop
  endfacet
  facet normal -0.426528 -0.897225 0.11429
    outer loop
      vertex -45.0439 50.4411 40.1464
      vertex -47.3415 50.4249 31.4446
      vertex -45.0121 50.4249 40.1379
    endloop
  endfacet
  facet normal -0.947372 -0.195058 0.253849
    outer loop
      vertex -43.683 48.3655 39.7818
      vertex -46.0814 48.7247 31.1069
      vertex -46.0124 48.3655 31.0884
    endloop
  endfacet
  facet normal -0.947414 -0.194822 0.25387
    outer loop
      vertex -46.0814 48.7247 31.1069
      vertex -43.683 48.3655 39.7818
      vertex -43.6899 48.4014 39.7836
    endloop
  endfacet
  facet normal 0.258882 1.12098e-05 0.965909
    outer loop
      vertex -46.0124 48.3655 31.0884
      vertex -46.3516 49.4 31.1793
      vertex -47.3415 50.4249 31.4446
    endloop
  endfacet
  facet normal 0.258681 -5.93436e-05 0.965963
    outer loop
      vertex -46.0124 48.3655 31.0884
      vertex -46.0814 48.7247 31.1069
      vertex -46.3516 49.4 31.1793
    endloop
  endfacet
  facet normal -0.947367 -0.195084 0.253847
    outer loop
      vertex -43.6899 48.4014 39.7836
      vertex -43.752 48.7247 39.8003
      vertex -46.0814 48.7247 31.1069
    endloop
  endfacet
  facet normal 0.258736 -0.000109983 0.965948
    outer loop
      vertex -46.5481 49.7045 31.232
      vertex -47.0474 50.2214 31.3658
      vertex -47.3415 50.4249 31.4446
    endloop
  endfacet
  facet normal 0.259355 0.000530441 0.965782
    outer loop
      vertex -46.5481 49.7045 31.232
      vertex -46.7814 49.9799 31.2945
      vertex -47.0474 50.2214 31.3658
    endloop
  endfacet
  facet normal 0.427537 -0.896709 -0.11456
    outer loop
      vertex -50.0461 50.4249 32.1693
      vertex -47.685 50.4411 40.8541
      vertex -47.7167 50.4249 40.8626
    endloop
  endfacet
  facet normal 0.427234 -0.896864 -0.114477
    outer loop
      vertex -47.685 50.4411 40.8541
      vertex -50.0461 50.4249 32.1693
      vertex -49.7288 50.5869 32.0843
    endloop
  endfacet
  facet normal 0.257839 0.000160868 0.966188
    outer loop
      vertex -51.1925 49.0715 32.4765
      vertex -51.3062 48.7247 32.5069
      vertex -51.3753 48.3655 32.5254
    endloop
  endfacet
  facet normal 0.258876 -0.000344792 0.96591
    outer loop
      vertex -48.3408 45.224 31.7123
      vertex -47.3415 45.5751 31.4446
      vertex -48.6938 45.2 31.8069
    endloop
  endfacet
  facet normal 0.258819 0 0.965926
    outer loop
      vertex -45.9892 48 31.0822
      vertex -51.3753 48.3655 32.5254
      vertex -51.3753 47.6345 32.5254
    endloop
  endfacet
  facet normal -0.726211 0.659357 0.19459
    outer loop
      vertex -46.7814 46.0201 31.2945
      vertex -44.4287 46.0476 39.9816
      vertex -46.5481 46.2955 31.232
    endloop
  endfacet
  facet normal -0.726301 0.659251 0.194615
    outer loop
      vertex -44.4287 46.0476 39.9816
      vertex -46.7814 46.0201 31.2945
      vertex -44.452 46.0201 39.9878
    endloop
  endfacet
  facet normal 0.257592 0.000526412 0.966254
    outer loop
      vertex -46.1951 46.9285 31.1374
      vertex -46.0814 47.2753 31.1069
      vertex -46.3516 46.6 31.1793
    endloop
  endfacet
  facet normal 0.947367 0.195084 -0.253847
    outer loop
      vertex -49.0459 47.6345 41.2188
      vertex -48.9838 47.3112 41.2021
      vertex -51.3753 47.6345 32.5254
    endloop
  endfacet
  facet normal -0.0633241 0.997849 0.0169677
    outer loop
      vertex -48.3408 45.224 31.7123
      vertex -46.0467 45.2216 40.4151
      vertex -46.0114 45.224 40.4057
    endloop
  endfacet
  facet normal -0.0632973 0.997851 0.0169606
    outer loop
      vertex -46.0467 45.2216 40.4151
      vertex -48.3408 45.224 31.7123
      vertex -48.6938 45.2 31.8069
    endloop
  endfacet
  facet normal 0.258406 0.00108943 0.966036
    outer loop
      vertex -47.9938 45.2954 31.6194
      vertex -47.3415 45.5751 31.4446
      vertex -48.3408 45.224 31.7123
    endloop
  endfacet
  facet normal -0.187279 0.981024 0.0501815
    outer loop
      vertex -45.9767 45.2311 40.3964
      vertex -48.3408 45.224 31.7123
      vertex -46.0114 45.224 40.4057
    endloop
  endfacet
  facet normal -0.188306 0.980813 0.0504613
    outer loop
      vertex -48.3408 45.224 31.7123
      vertex -45.9767 45.2311 40.3964
      vertex -47.9938 45.2954 31.6194
    endloop
  endfacet
  facet normal -0.426528 0.897225 0.11429
    outer loop
      vertex -47.3415 45.5751 31.4446
      vertex -45.0439 45.5589 40.1464
      vertex -45.0121 45.5751 40.1379
    endloop
  endfacet
  facet normal -0.427235 0.896864 0.114476
    outer loop
      vertex -45.0439 45.5589 40.1464
      vertex -47.3415 45.5751 31.4446
      vertex -47.6588 45.4131 31.5296
    endloop
  endfacet
  facet normal -0.0632943 0.997851 0.0169597
    outer loop
      vertex -46.3644 45.2 40.5003
      vertex -46.0467 45.2216 40.4151
      vertex -48.6938 45.2 31.8069
    endloop
  endfacet
  facet normal 0.725968 0.659651 -0.194501
    outer loop
      vertex -48.2769 46.0201 41.0127
      vertex -50.8395 46.2955 32.3819
      vertex -48.3002 46.0476 41.019
    endloop
  endfacet
  facet normal 0.726213 0.659357 -0.194583
    outer loop
      vertex -50.8395 46.2955 32.3819
      vertex -48.2769 46.0201 41.0127
      vertex -50.6062 46.0201 32.3194
    endloop
  endfacet
  facet normal 0.258831 -0.000268147 0.965923
    outer loop
      vertex -49.3938 45.2954 31.9945
      vertex -48.6938 45.2 31.8069
      vertex -49.7288 45.4131 32.0843
    endloop
  endfacet
  facet normal -0.188407 -0.980793 0.0504843
    outer loop
      vertex -45.6644 50.7046 40.3127
      vertex -45.9767 50.7689 40.3964
      vertex -47.9938 50.7046 31.6194
    endloop
  endfacet
  facet normal 0.259265 0.00105804 0.965806
    outer loop
      vertex -47.3415 50.4249 31.4446
      vertex -47.6588 50.5869 31.5296
      vertex -47.9938 50.7046 31.6194
    endloop
  endfacet
  facet normal -0.803057 -0.555695 0.215182
    outer loop
      vertex -44.0418 49.4305 39.8779
      vertex -44.2187 49.7045 39.9253
      vertex -46.5481 49.7045 31.232
    endloop
  endfacet
  facet normal -0.866298 -0.442318 0.232127
    outer loop
      vertex -43.8657 49.0715 39.8307
      vertex -44.0065 49.3671 39.8685
      vertex -46.1951 49.0715 31.1374
    endloop
  endfacet
  facet normal -0.915365 -0.319292 0.245275
    outer loop
      vertex -46.1951 49.0715 31.1374
      vertex -43.8544 49.0368 39.8277
      vertex -43.8657 49.0715 39.8307
    endloop
  endfacet
  facet normal -0.914668 -0.321432 0.245079
    outer loop
      vertex -43.8544 49.0368 39.8277
      vertex -46.1951 49.0715 31.1374
      vertex -46.0814 48.7247 31.1069
    endloop
  endfacet
  facet normal -0.803157 -0.55554 0.215206
    outer loop
      vertex -44.0222 49.4 39.8727
      vertex -46.5481 49.7045 31.232
      vertex -46.3516 49.4 31.1793
    endloop
  endfacet
  facet normal -0.804348 -0.553654 0.215621
    outer loop
      vertex -46.5481 49.7045 31.232
      vertex -44.0222 49.4 39.8727
      vertex -44.0418 49.4305 39.8779
    endloop
  endfacet
  facet normal 0.258533 -0.000350355 0.966002
    outer loop
      vertex -46.3516 49.4 31.1793
      vertex -46.5481 49.7045 31.232
      vertex -47.3415 50.4249 31.4446
    endloop
  endfacet
  facet normal 0.536626 -0.831479 -0.14379
    outer loop
      vertex -50.0461 50.4249 32.1693
      vertex -47.7462 50.4045 40.8705
      vertex -50.3403 50.2214 32.2481
    endloop
  endfacet
  facet normal 0.536533 -0.831543 -0.143766
    outer loop
      vertex -47.7462 50.4045 40.8705
      vertex -50.0461 50.4249 32.1693
      vertex -47.7167 50.4249 40.8626
    endloop
  endfacet
  facet normal 0.4272 -0.896882 -0.11447
    outer loop
      vertex -47.3994 50.5869 40.7776
      vertex -47.685 50.4411 40.8541
      vertex -49.7288 50.5869 32.0843
    endloop
  endfacet
  facet normal 0.866329 -0.442255 -0.232133
    outer loop
      vertex -48.7067 49.4 41.1279
      vertex -48.8475 49.1044 41.1656
      vertex -51.0361 49.4 32.4345
    endloop
  endfacet
  facet normal 0.255939 0.00174194 0.966691
    outer loop
      vertex -50.8395 49.7045 32.3819
      vertex -51.0361 49.4 32.4345
      vertex -51.1925 49.0715 32.4765
    endloop
  endfacet
  facet normal 0.259232 -0.000225564 0.965815
    outer loop
      vertex -50.8395 49.7045 32.3819
      vertex -51.1925 49.0715 32.4765
      vertex -51.3753 48.3655 32.5254
    endloop
  endfacet
  facet normal -0.947367 0.195084 0.253847
    outer loop
      vertex -43.752 47.2753 39.8003
      vertex -43.6899 47.5986 39.7836
      vertex -46.0814 47.2753 31.1069
    endloop
  endfacet
  facet normal -0.636769 0.75194 0.170624
    outer loop
      vertex -44.6914 45.8028 40.052
      vertex -44.452 46.0201 39.9878
      vertex -46.7814 46.0201 31.2945
    endloop
  endfacet
  facet normal 0.259355 -0.000530441 0.965782
    outer loop
      vertex -46.7814 46.0201 31.2945
      vertex -46.5481 46.2955 31.232
      vertex -47.0474 45.7786 31.3658
    endloop
  endfacet
  facet normal 0.258882 -1.12098e-05 0.965909
    outer loop
      vertex -46.3516 46.6 31.1793
      vertex -46.0124 47.6345 31.0884
      vertex -47.3415 45.5751 31.4446
    endloop
  endfacet
  facet normal 0.258681 5.93436e-05 0.965963
    outer loop
      vertex -46.0814 47.2753 31.1069
      vertex -46.0124 47.6345 31.0884
      vertex -46.3516 46.6 31.1793
    endloop
  endfacet
  facet normal 0.803148 0.555555 -0.215204
    outer loop
      vertex -48.7067 46.6 41.1279
      vertex -48.5298 46.3259 41.0805
      vertex -51.0361 46.6 32.4345
    endloop
  endfacet
  facet normal 0.866329 0.442255 -0.232133
    outer loop
      vertex -48.8475 46.8956 41.1656
      vertex -48.7067 46.6 41.1279
      vertex -51.0361 46.6 32.4345
    endloop
  endfacet
  facet normal 0.257839 -0.000160868 0.966188
    outer loop
      vertex -51.3062 47.2753 32.5069
      vertex -51.1925 46.9285 32.4765
      vertex -51.3753 47.6345 32.5254
    endloop
  endfacet
  facet normal -0.427313 0.896824 0.1145
    outer loop
      vertex -45.3294 45.4131 40.2229
      vertex -45.0439 45.5589 40.1464
      vertex -47.6588 45.4131 31.5296
    endloop
  endfacet
  facet normal 0.259265 -0.00105804 0.965806
    outer loop
      vertex -47.6588 45.4131 31.5296
      vertex -47.3415 45.5751 31.4446
      vertex -47.9938 45.2954 31.6194
    endloop
  endfacet
  facet normal -0.310411 0.946957 0.0831757
    outer loop
      vertex -45.3294 45.4131 40.2229
      vertex -47.9938 45.2954 31.6194
      vertex -45.6644 45.2954 40.3127
    endloop
  endfacet
  facet normal -0.310411 0.946957 0.0831757
    outer loop
      vertex -47.9938 45.2954 31.6194
      vertex -45.3294 45.4131 40.2229
      vertex -47.6588 45.4131 31.5296
    endloop
  endfacet
  facet normal 0.259025 0.000231351 0.96587
    outer loop
      vertex -50.6062 46.0201 32.3194
      vertex -50.0461 45.5751 32.1693
      vertex -50.8395 46.2955 32.3819
    endloop
  endfacet
  facet normal 0.258808 -7.83247e-05 0.965929
    outer loop
      vertex -48.6938 45.2 31.8069
      vertex -47.3415 45.5751 31.4446
      vertex -50.8395 46.2955 32.3819
    endloop
  endfacet
  facet normal 0.258964 0.000424957 0.965887
    outer loop
      vertex -49.7288 45.4131 32.0843
      vertex -48.6938 45.2 31.8069
      vertex -50.0461 45.5751 32.1693
    endloop
  endfacet
  facet normal 0.63622 0.752439 -0.17047
    outer loop
      vertex -48.2503 45.996 41.0056
      vertex -50.6062 46.0201 32.3194
      vertex -48.2769 46.0201 41.0127
    endloop
  endfacet
  facet normal 0.63699 0.751739 -0.170681
    outer loop
      vertex -50.6062 46.0201 32.3194
      vertex -48.2503 45.996 41.0056
      vertex -50.3403 45.7786 32.2481
    endloop
  endfacet
  facet normal 0.4272 0.896882 -0.11447
    outer loop
      vertex -47.685 45.5589 40.8541
      vertex -47.3994 45.4131 40.7776
      vertex -49.7288 45.4131 32.0843
    endloop
  endfacet
  facet normal 0.258865 4.16578e-05 0.965914
    outer loop
      vertex -50.0461 45.5751 32.1693
      vertex -48.6938 45.2 31.8069
      vertex -50.8395 46.2955 32.3819
    endloop
  endfacet
  facet normal 0.187279 0.981024 -0.050182
    outer loop
      vertex -47.0297 45.2883 40.6785
      vertex -49.3938 45.2954 31.9945
      vertex -47.0644 45.2954 40.6878
    endloop
  endfacet
  facet normal 0.188293 0.980816 -0.0504583
    outer loop
      vertex -49.3938 45.2954 31.9945
      vertex -47.0297 45.2883 40.6785
      vertex -49.0468 45.224 31.9015
    endloop
  endfacet
  facet normal -0.0632973 -0.997851 0.0169606
    outer loop
      vertex -48.3408 50.776 31.7123
      vertex -46.0467 50.7784 40.4151
      vertex -48.6938 50.8 31.8069
    endloop
  endfacet
  facet normal -0.0633241 -0.997849 0.0169677
    outer loop
      vertex -46.0467 50.7784 40.4151
      vertex -48.3408 50.776 31.7123
      vertex -46.0114 50.776 40.4057
    endloop
  endfacet
  facet normal 0.258406 -0.00108943 0.966036
    outer loop
      vertex -47.3415 50.4249 31.4446
      vertex -47.9938 50.7046 31.6194
      vertex -48.3408 50.776 31.7123
    endloop
  endfacet
  facet normal -0.310411 -0.946957 0.0831757
    outer loop
      vertex -47.9938 50.7046 31.6194
      vertex -45.3294 50.5869 40.2229
      vertex -45.6644 50.7046 40.3127
    endloop
  endfacet
  facet normal -0.310411 -0.946957 0.0831757
    outer loop
      vertex -45.3294 50.5869 40.2229
      vertex -47.9938 50.7046 31.6194
      vertex -47.6588 50.5869 31.5296
    endloop
  endfacet
  facet normal 0.257592 -0.000526412 0.966254
    outer loop
      vertex -46.0814 48.7247 31.1069
      vertex -46.1951 49.0715 31.1374
      vertex -46.3516 49.4 31.1793
    endloop
  endfacet
  facet normal -0.866024 -0.442893 0.232051
    outer loop
      vertex -46.3516 49.4 31.1793
      vertex -44.0065 49.3671 39.8685
      vertex -44.0222 49.4 39.8727
    endloop
  endfacet
  facet normal -0.866297 -0.442319 0.232127
    outer loop
      vertex -44.0065 49.3671 39.8685
      vertex -46.3516 49.4 31.1793
      vertex -46.1951 49.0715 31.1374
    endloop
  endfacet
  facet normal 0.536636 -0.831472 -0.143793
    outer loop
      vertex -47.7462 50.4045 40.8705
      vertex -48.0109 50.2214 40.9414
      vertex -50.3403 50.2214 32.2481
    endloop
  endfacet
  facet normal 0.257858 0.00134272 0.966182
    outer loop
      vertex -50.0461 50.4249 32.1693
      vertex -50.3403 50.2214 32.2481
      vertex -50.6062 49.9799 32.3194
    endloop
  endfacet
  facet normal 0.63622 -0.752439 -0.17047
    outer loop
      vertex -50.6062 49.9799 32.3194
      vertex -48.2503 50.004 41.0056
      vertex -48.2769 49.9799 41.0127
    endloop
  endfacet
  facet normal 0.63699 -0.751739 -0.170681
    outer loop
      vertex -48.2503 50.004 41.0056
      vertex -50.6062 49.9799 32.3194
      vertex -50.3403 50.2214 32.2481
    endloop
  endfacet
  facet normal 0.636934 -0.751789 -0.170669
    outer loop
      vertex -48.0109 50.2214 40.9414
      vertex -48.2503 50.004 41.0056
      vertex -50.3403 50.2214 32.2481
    endloop
  endfacet
  facet normal 0.258831 0.000268147 0.965923
    outer loop
      vertex -48.6938 50.8 31.8069
      vertex -49.3938 50.7046 31.9945
      vertex -49.7288 50.5869 32.0843
    endloop
  endfacet
  facet normal 0.258964 -0.000424957 0.965887
    outer loop
      vertex -48.6938 50.8 31.8069
      vertex -49.7288 50.5869 32.0843
      vertex -50.0461 50.4249 32.1693
    endloop
  endfacet
  facet normal 0.188476 -0.980779 -0.0505001
    outer loop
      vertex -46.7175 50.776 40.5949
      vertex -47.0297 50.7117 40.6785
      vertex -49.0468 50.776 31.9015
    endloop
  endfacet
  facet normal 0.187279 -0.981024 -0.050182
    outer loop
      vertex -49.3938 50.7046 31.9945
      vertex -47.0297 50.7117 40.6785
      vertex -47.0644 50.7046 40.6878
    endloop
  endfacet
  facet normal 0.188293 -0.980816 -0.0504583
    outer loop
      vertex -47.0297 50.7117 40.6785
      vertex -49.3938 50.7046 31.9945
      vertex -49.0468 50.776 31.9015
    endloop
  endfacet
  facet normal -0.726201 0.659369 0.194588
    outer loop
      vertex -44.4287 46.0476 39.9816
      vertex -44.2187 46.2955 39.9253
      vertex -46.5481 46.2955 31.232
    endloop
  endfacet
  facet normal -0.803157 0.55554 0.215206
    outer loop
      vertex -46.5481 46.2955 31.232
      vertex -44.0222 46.6 39.8727
      vertex -46.3516 46.6 31.1793
    endloop
  endfacet
  facet normal -0.804348 0.553654 0.215621
    outer loop
      vertex -44.0222 46.6 39.8727
      vertex -46.5481 46.2955 31.232
      vertex -44.0418 46.5695 39.8779
    endloop
  endfacet
  facet normal -0.914612 0.321599 0.245071
    outer loop
      vertex -43.8544 46.9632 39.8277
      vertex -43.752 47.2753 39.8003
      vertex -46.0814 47.2753 31.1069
    endloop
  endfacet
  facet normal -0.637708 0.751085 0.170876
    outer loop
      vertex -44.6914 45.8028 40.052
      vertex -47.0474 45.7786 31.3658
      vertex -44.718 45.7786 40.0591
    endloop
  endfacet
  facet normal -0.636864 0.751854 0.170645
    outer loop
      vertex -47.0474 45.7786 31.3658
      vertex -44.6914 45.8028 40.052
      vertex -46.7814 46.0201 31.2945
    endloop
  endfacet
  facet normal -0.535885 0.83199 0.143592
    outer loop
      vertex -47.0474 45.7786 31.3658
      vertex -44.7474 45.7583 40.067
      vertex -44.718 45.7786 40.0591
    endloop
  endfacet
  facet normal -0.536744 0.831398 0.143818
    outer loop
      vertex -44.7474 45.7583 40.067
      vertex -47.0474 45.7786 31.3658
      vertex -47.3415 45.5751 31.4446
    endloop
  endfacet
  facet normal -0.866296 0.442319 0.232132
    outer loop
      vertex -46.3516 46.6 31.1793
      vertex -44.0065 46.6328 39.8685
      vertex -46.1951 46.9285 31.1374
    endloop
  endfacet
  facet normal -0.865506 0.443978 0.231913
    outer loop
      vertex -44.0065 46.6328 39.8685
      vertex -46.3516 46.6 31.1793
      vertex -44.0222 46.6 39.8727
    endloop
  endfacet
  facet normal -0.866355 0.442197 0.232143
    outer loop
      vertex -44.0065 46.6328 39.8685
      vertex -43.8657 46.9285 39.8307
      vertex -46.1951 46.9285 31.1374
    endloop
  endfacet
  facet normal 0.947414 0.194822 -0.25387
    outer loop
      vertex -48.9769 47.2753 41.2003
      vertex -51.3753 47.6345 32.5254
      vertex -48.9838 47.3112 41.2021
    endloop
  endfacet
  facet normal 0.947326 0.195312 -0.253825
    outer loop
      vertex -51.3753 47.6345 32.5254
      vertex -48.9769 47.2753 41.2003
      vertex -51.3062 47.2753 32.5069
    endloop
  endfacet
  facet normal 0.914669 0.321432 -0.245075
    outer loop
      vertex -48.8632 46.9285 41.1698
      vertex -51.3062 47.2753 32.5069
      vertex -48.9769 47.2753 41.2003
    endloop
  endfacet
  facet normal 0.914689 0.321369 -0.245084
    outer loop
      vertex -51.3062 47.2753 32.5069
      vertex -48.8632 46.9285 41.1698
      vertex -51.1925 46.9285 32.4765
    endloop
  endfacet
  facet normal 0.259232 0.000225564 0.965815
    outer loop
      vertex -51.1925 46.9285 32.4765
      vertex -50.8395 46.2955 32.3819
      vertex -51.3753 47.6345 32.5254
    endloop
  endfacet
  facet normal 0.802085 0.557228 -0.214843
    outer loop
      vertex -48.5101 46.2955 41.0752
      vertex -51.0361 46.6 32.4345
      vertex -48.5298 46.3259 41.0805
    endloop
  endfacet
  facet normal 0.803071 0.555673 -0.215186
    outer loop
      vertex -51.0361 46.6 32.4345
      vertex -48.5101 46.2955 41.0752
      vertex -50.8395 46.2955 32.3819
    endloop
  endfacet
  facet normal 0.258844 -0.00016026 0.965919
    outer loop
      vertex -49.0468 45.224 31.9015
      vertex -48.6938 45.2 31.8069
      vertex -49.3938 45.2954 31.9945
    endloop
  endfacet
  facet normal 0.0633241 0.997849 -0.0169677
    outer loop
      vertex -48.6938 45.2 31.8069
      vertex -46.3997 45.2024 40.5097
      vertex -46.3644 45.2 40.5003
    endloop
  endfacet
  facet normal 0.0632973 0.997851 -0.0169606
    outer loop
      vertex -46.3997 45.2024 40.5097
      vertex -48.6938 45.2 31.8069
      vertex -49.0468 45.224 31.9015
    endloop
  endfacet
  facet normal 0.427537 0.896709 -0.11456
    outer loop
      vertex -47.685 45.5589 40.8541
      vertex -50.0461 45.5751 32.1693
      vertex -47.7167 45.5751 40.8626
    endloop
  endfacet
  facet normal 0.427234 0.896864 -0.114477
    outer loop
      vertex -50.0461 45.5751 32.1693
      vertex -47.685 45.5589 40.8541
      vertex -49.7288 45.4131 32.0843
    endloop
  endfacet
  facet normal 0.536533 0.831543 -0.143766
    outer loop
      vertex -50.0461 45.5751 32.1693
      vertex -47.7462 45.5955 40.8705
      vertex -47.7167 45.5751 40.8626
    endloop
  endfacet
  facet normal 0.536626 0.831479 -0.14379
    outer loop
      vertex -47.7462 45.5955 40.8705
      vertex -50.0461 45.5751 32.1693
      vertex -50.3403 45.7786 32.2481
    endloop
  endfacet
  facet normal 0.188476 0.980779 -0.0505001
    outer loop
      vertex -47.0297 45.2883 40.6785
      vertex -46.7175 45.224 40.5949
      vertex -49.0468 45.224 31.9015
    endloop
  endfacet
  facet normal 0.063276 0.997852 -0.0169541
    outer loop
      vertex -46.7175 45.224 40.5949
      vertex -46.3997 45.2024 40.5097
      vertex -49.0468 45.224 31.9015
    endloop
  endfacet
  facet normal 0.310411 0.946957 -0.0831757
    outer loop
      vertex -47.0644 45.2954 40.6878
      vertex -49.7288 45.4131 32.0843
      vertex -47.3994 45.4131 40.7776
    endloop
  endfacet
  facet normal 0.310411 0.946957 -0.0831757
    outer loop
      vertex -49.7288 45.4131 32.0843
      vertex -47.0644 45.2954 40.6878
      vertex -49.3938 45.2954 31.9945
    endloop
  endfacet
  facet normal -0.0632943 -0.997851 0.0169597
    outer loop
      vertex -46.0467 50.7784 40.4151
      vertex -46.3644 50.8 40.5003
      vertex -48.6938 50.8 31.8069
    endloop
  endfacet
  facet normal -0.427313 -0.896824 0.1145
    outer loop
      vertex -45.0439 50.4411 40.1464
      vertex -45.3294 50.5869 40.2229
      vertex -47.6588 50.5869 31.5296
    endloop
  endfacet
  facet normal 0.725968 -0.659651 -0.194501
    outer loop
      vertex -50.8395 49.7045 32.3819
      vertex -48.2769 49.9799 41.0127
      vertex -48.3002 49.9524 41.019
    endloop
  endfacet
  facet normal 0.726213 -0.659357 -0.194583
    outer loop
      vertex -48.2769 49.9799 41.0127
      vertex -50.8395 49.7045 32.3819
      vertex -50.6062 49.9799 32.3194
    endloop
  endfacet
  facet normal 0.726379 -0.659159 -0.194636
    outer loop
      vertex -48.3002 49.9524 41.019
      vertex -48.5101 49.7045 41.0752
      vertex -50.8395 49.7045 32.3819
    endloop
  endfacet
  facet normal 0.255939 -0.00174194 0.966691
    outer loop
      vertex -51.0361 46.6 32.4345
      vertex -50.8395 46.2955 32.3819
      vertex -51.1925 46.9285 32.4765
    endloop
  endfacet
  facet normal 0.866026 0.442893 -0.232045
    outer loop
      vertex -48.8475 46.8956 41.1656
      vertex -51.1925 46.9285 32.4765
      vertex -48.8632 46.9285 41.1698
    endloop
  endfacet
  facet normal 0.866373 0.442163 -0.232141
    outer loop
      vertex -51.1925 46.9285 32.4765
      vertex -48.8475 46.8956 41.1656
      vertex -51.0361 46.6 32.4345
    endloop
  endfacet
  facet normal -0.726301 -0.659251 0.194615
    outer loop
      vertex -46.7814 49.9799 31.2945
      vertex -44.4287 49.9524 39.9816
      vertex -44.452 49.9799 39.9878
    endloop
  endfacet
  facet normal -0.726211 -0.659357 0.19459
    outer loop
      vertex -44.4287 49.9524 39.9816
      vertex -46.7814 49.9799 31.2945
      vertex -46.5481 49.7045 31.232
    endloop
  endfacet
  facet normal -0.914612 -0.321599 0.245071
    outer loop
      vertex -43.752 48.7247 39.8003
      vertex -43.8544 49.0368 39.8277
      vertex -46.0814 48.7247 31.1069
    endloop
  endfacet
  facet normal -0.637708 -0.751085 0.170876
    outer loop
      vertex -47.0474 50.2214 31.3658
      vertex -44.6914 50.1972 40.052
      vertex -44.718 50.2214 40.0591
    endloop
  endfacet
  facet normal -0.636864 -0.751854 0.170645
    outer loop
      vertex -44.6914 50.1972 40.052
      vertex -47.0474 50.2214 31.3658
      vertex -46.7814 49.9799 31.2945
    endloop
  endfacet
  facet normal -0.536744 -0.831398 0.143818
    outer loop
      vertex -47.0474 50.2214 31.3658
      vertex -44.7474 50.2417 40.067
      vertex -47.3415 50.4249 31.4446
    endloop
  endfacet
  facet normal -0.535885 -0.83199 0.143592
    outer loop
      vertex -44.7474 50.2417 40.067
      vertex -47.0474 50.2214 31.3658
      vertex -44.718 50.2214 40.0591
    endloop
  endfacet
  facet normal -0.963847 -0.0655609 0.258263
    outer loop
      vertex -43.6598 -48 39.7756
      vertex -46.0124 -47.6345 31.0884
      vertex -45.9892 -48 31.0822
    endloop
  endfacet
  facet normal -0.963847 -0.0655609 0.258263
    outer loop
      vertex -46.0124 -47.6345 31.0884
      vertex -43.6598 -48 39.7756
      vertex -43.683 -47.6345 39.7818
    endloop
  endfacet
  facet normal 0.258816 -4.70992e-05 0.965927
    outer loop
      vertex -45.9892 -48 31.0822
      vertex -50.8395 -46.2955 32.3819
      vertex -51.3753 -47.6345 32.5254
    endloop
  endfacet
  facet normal 0.258406 -0.00108943 0.966036
    outer loop
      vertex -47.3415 -45.5751 31.4446
      vertex -47.9938 -45.2954 31.6194
      vertex -48.3408 -45.224 31.7123
    endloop
  endfacet
  facet normal 0.258681 5.93436e-05 0.965963
    outer loop
      vertex -46.0814 -48.7247 31.1069
      vertex -46.0124 -48.3655 31.0884
      vertex -46.3516 -49.4 31.1793
    endloop
  endfacet
  facet normal 0.725968 -0.659651 -0.194501
    outer loop
      vertex -50.8395 -46.2955 32.3819
      vertex -48.2769 -46.0201 41.0127
      vertex -48.3002 -46.0476 41.019
    endloop
  endfacet
  facet normal 0.726213 -0.659357 -0.194583
    outer loop
      vertex -48.2769 -46.0201 41.0127
      vertex -50.8395 -46.2955 32.3819
      vertex -50.6062 -46.0201 32.3194
    endloop
  endfacet
  facet normal 0.63622 -0.752439 -0.17047
    outer loop
      vertex -50.6062 -46.0201 32.3194
      vertex -48.2503 -45.996 41.0056
      vertex -48.2769 -46.0201 41.0127
    endloop
  endfacet
  facet normal 0.63699 -0.751739 -0.170681
    outer loop
      vertex -48.2503 -45.996 41.0056
      vertex -50.6062 -46.0201 32.3194
      vertex -50.3403 -45.7786 32.2481
    endloop
  endfacet
  facet normal 0.726379 0.659159 -0.194636
    outer loop
      vertex -48.5101 -49.7045 41.0752
      vertex -48.3002 -49.9524 41.019
      vertex -50.8395 -49.7045 32.3819
    endloop
  endfacet
  facet normal 0.963864 -0.0652983 -0.258268
    outer loop
      vertex -51.3984 -48 32.5316
      vertex -49.0459 -47.6345 41.2188
      vertex -49.069 -48 41.225
    endloop
  endfacet
  facet normal 0.963864 -0.0652983 -0.258268
    outer loop
      vertex -49.0459 -47.6345 41.2188
      vertex -51.3984 -48 32.5316
      vertex -51.3753 -47.6345 32.5254
    endloop
  endfacet
  facet normal 0.0632973 -0.997851 -0.0169606
    outer loop
      vertex -48.6938 -45.2 31.8069
      vertex -46.3997 -45.2024 40.5097
      vertex -49.0468 -45.224 31.9015
    endloop
  endfacet
  facet normal 0.0633241 -0.997849 -0.0169677
    outer loop
      vertex -46.3997 -45.2024 40.5097
      vertex -48.6938 -45.2 31.8069
      vertex -46.3644 -45.2 40.5003
    endloop
  endfacet
  facet normal 0.258808 7.83247e-05 0.965929
    outer loop
      vertex -47.3415 -45.5751 31.4446
      vertex -48.6938 -45.2 31.8069
      vertex -50.8395 -46.2955 32.3819
    endloop
  endfacet
  facet normal 0.258826 -1.67935e-05 0.965924
    outer loop
      vertex -45.9892 -48 31.0822
      vertex -47.3415 -45.5751 31.4446
      vertex -50.8395 -46.2955 32.3819
    endloop
  endfacet
  facet normal 0.258826 1.67935e-05 0.965924
    outer loop
      vertex -47.3415 -50.4249 31.4446
      vertex -45.9892 -48 31.0822
      vertex -50.8395 -49.7045 32.3819
    endloop
  endfacet
  facet normal -0.726201 -0.659369 0.194588
    outer loop
      vertex -44.2187 -46.2955 39.9253
      vertex -44.4287 -46.0476 39.9816
      vertex -46.5481 -46.2955 31.232
    endloop
  endfacet
  facet normal 0.258876 0.000344792 0.96591
    outer loop
      vertex -47.3415 -45.5751 31.4446
      vertex -48.3408 -45.224 31.7123
      vertex -48.6938 -45.2 31.8069
    endloop
  endfacet
  facet normal 0.4272 -0.896882 -0.11447
    outer loop
      vertex -47.3994 -45.4131 40.7776
      vertex -47.685 -45.5589 40.8541
      vertex -49.7288 -45.4131 32.0843
    endloop
  endfacet
  facet normal 0.063276 -0.997852 -0.0169541
    outer loop
      vertex -46.3997 -45.2024 40.5097
      vertex -46.7175 -45.224 40.5949
      vertex -49.0468 -45.224 31.9015
    endloop
  endfacet
  facet normal -0.963847 0.0655609 0.258263
    outer loop
      vertex -46.0124 -48.3655 31.0884
      vertex -43.6598 -48 39.7756
      vertex -45.9892 -48 31.0822
    endloop
  endfacet
  facet normal -0.963847 0.0655609 0.258263
    outer loop
      vertex -43.6598 -48 39.7756
      vertex -46.0124 -48.3655 31.0884
      vertex -43.683 -48.3655 39.7818
    endloop
  endfacet
  facet normal 0.866026 0.442893 -0.232045
    outer loop
      vertex -48.8475 -49.1044 41.1656
      vertex -51.1925 -49.0715 32.4765
      vertex -48.8632 -49.0715 41.1698
    endloop
  endfacet
  facet normal 0.866373 0.442163 -0.232141
    outer loop
      vertex -51.1925 -49.0715 32.4765
      vertex -48.8475 -49.1044 41.1656
      vertex -51.0361 -49.4 32.4345
    endloop
  endfacet
  facet normal 0.258816 4.70992e-05 0.965927
    outer loop
      vertex -50.8395 -49.7045 32.3819
      vertex -45.9892 -48 31.0822
      vertex -51.3753 -48.3655 32.5254
    endloop
  endfacet
  facet normal -0.947367 -0.195084 0.253847
    outer loop
      vertex -43.6899 -47.5986 39.7836
      vertex -43.752 -47.2753 39.8003
      vertex -46.0814 -47.2753 31.1069
    endloop
  endfacet
  facet normal -0.726301 -0.659251 0.194615
    outer loop
      vertex -46.7814 -46.0201 31.2945
      vertex -44.4287 -46.0476 39.9816
      vertex -44.452 -46.0201 39.9878
    endloop
  endfacet
  facet normal -0.726211 -0.659357 0.19459
    outer loop
      vertex -44.4287 -46.0476 39.9816
      vertex -46.7814 -46.0201 31.2945
      vertex -46.5481 -46.2955 31.232
    endloop
  endfacet
  facet normal 0.427537 -0.896709 -0.11456
    outer loop
      vertex -50.0461 -45.5751 32.1693
      vertex -47.685 -45.5589 40.8541
      vertex -47.7167 -45.5751 40.8626
    endloop
  endfacet
  facet normal 0.427234 -0.896864 -0.114477
    outer loop
      vertex -47.685 -45.5589 40.8541
      vertex -50.0461 -45.5751 32.1693
      vertex -49.7288 -45.4131 32.0843
    endloop
  endfacet
  facet normal 0.258964 -0.000424957 0.965887
    outer loop
      vertex -48.6938 -45.2 31.8069
      vertex -49.7288 -45.4131 32.0843
      vertex -50.0461 -45.5751 32.1693
    endloop
  endfacet
  facet normal 0.257839 0.000160868 0.966188
    outer loop
      vertex -51.1925 -46.9285 32.4765
      vertex -51.3062 -47.2753 32.5069
      vertex -51.3753 -47.6345 32.5254
    endloop
  endfacet
  facet normal 0.25894 5.16457e-05 0.965893
    outer loop
      vertex -45.9892 -48 31.0822
      vertex -46.0124 -47.6345 31.0884
      vertex -47.3415 -45.5751 31.4446
    endloop
  endfacet
  facet normal -0.947372 0.195058 0.253849
    outer loop
      vertex -46.0814 -48.7247 31.1069
      vertex -43.683 -48.3655 39.7818
      vertex -46.0124 -48.3655 31.0884
    endloop
  endfacet
  facet normal -0.947414 0.194822 0.25387
    outer loop
      vertex -43.683 -48.3655 39.7818
      vertex -46.0814 -48.7247 31.1069
      vertex -43.6899 -48.4014 39.7836
    endloop
  endfacet
  facet normal -0.536838 0.831332 0.143848
    outer loop
      vertex -45.0121 -50.4249 40.1379
      vertex -44.7474 -50.2417 40.067
      vertex -47.3415 -50.4249 31.4446
    endloop
  endfacet
  facet normal -0.914668 0.321432 0.245079
    outer loop
      vertex -46.1951 -49.0715 31.1374
      vertex -43.8544 -49.0368 39.8277
      vertex -46.0814 -48.7247 31.1069
    endloop
  endfacet
  facet normal -0.915365 0.319292 0.245275
    outer loop
      vertex -43.8544 -49.0368 39.8277
      vertex -46.1951 -49.0715 31.1374
      vertex -43.8657 -49.0715 39.8307
    endloop
  endfacet
  facet normal 0.636934 0.751789 -0.170669
    outer loop
      vertex -48.2503 -50.004 41.0056
      vertex -48.0109 -50.2214 40.9414
      vertex -50.3403 -50.2214 32.2481
    endloop
  endfacet
  facet normal -0.188407 0.980793 0.0504843
    outer loop
      vertex -45.9767 -50.7689 40.3964
      vertex -45.6644 -50.7046 40.3127
      vertex -47.9938 -50.7046 31.6194
    endloop
  endfacet
  facet normal 0.257592 0.000526412 0.966254
    outer loop
      vertex -46.1951 -49.0715 31.1374
      vertex -46.0814 -48.7247 31.1069
      vertex -46.3516 -49.4 31.1793
    endloop
  endfacet
  facet normal 0.63622 0.752439 -0.17047
    outer loop
      vertex -48.2503 -50.004 41.0056
      vertex -50.6062 -49.9799 32.3194
      vertex -48.2769 -49.9799 41.0127
    endloop
  endfacet
  facet normal 0.63699 0.751739 -0.170681
    outer loop
      vertex -50.6062 -49.9799 32.3194
      vertex -48.2503 -50.004 41.0056
      vertex -50.3403 -50.2214 32.2481
    endloop
  endfacet
  facet normal 0.259025 0.000231351 0.96587
    outer loop
      vertex -50.6062 -49.9799 32.3194
      vertex -50.0461 -50.4249 32.1693
      vertex -50.8395 -49.7045 32.3819
    endloop
  endfacet
  facet normal -0.914612 -0.321599 0.245071
    outer loop
      vertex -43.752 -47.2753 39.8003
      vertex -43.8544 -46.9632 39.8277
      vertex -46.0814 -47.2753 31.1069
    endloop
  endfacet
  facet normal 0.258882 1.12098e-05 0.965909
    outer loop
      vertex -46.0124 -47.6345 31.0884
      vertex -46.3516 -46.6 31.1793
      vertex -47.3415 -45.5751 31.4446
    endloop
  endfacet
  facet normal 0.258736 -0.000109983 0.965948
    outer loop
      vertex -46.5481 -46.2955 31.232
      vertex -47.0474 -45.7786 31.3658
      vertex -47.3415 -45.5751 31.4446
    endloop
  endfacet
  facet normal 0.259355 0.000530441 0.965782
    outer loop
      vertex -46.5481 -46.2955 31.232
      vertex -46.7814 -46.0201 31.2945
      vertex -47.0474 -45.7786 31.3658
    endloop
  endfacet
  facet normal 0.310411 -0.946957 -0.0831757
    outer loop
      vertex -49.7288 -45.4131 32.0843
      vertex -47.0644 -45.2954 40.6878
      vertex -47.3994 -45.4131 40.7776
    endloop
  endfacet
  facet normal 0.310411 -0.946957 -0.0831757
    outer loop
      vertex -47.0644 -45.2954 40.6878
      vertex -49.7288 -45.4131 32.0843
      vertex -49.3938 -45.2954 31.9945
    endloop
  endfacet
  facet normal 0.258865 -4.16578e-05 0.965914
    outer loop
      vertex -48.6938 -45.2 31.8069
      vertex -50.0461 -45.5751 32.1693
      vertex -50.8395 -46.2955 32.3819
    endloop
  endfacet
  facet normal 0.259025 -0.000231351 0.96587
    outer loop
      vertex -50.0461 -45.5751 32.1693
      vertex -50.6062 -46.0201 32.3194
      vertex -50.8395 -46.2955 32.3819
    endloop
  endfacet
  facet normal 0.536626 -0.831479 -0.14379
    outer loop
      vertex -50.0461 -45.5751 32.1693
      vertex -47.7462 -45.5955 40.8705
      vertex -50.3403 -45.7786 32.2481
    endloop
  endfacet
  facet normal 0.536533 -0.831543 -0.143766
    outer loop
      vertex -47.7462 -45.5955 40.8705
      vertex -50.0461 -45.5751 32.1693
      vertex -47.7167 -45.5751 40.8626
    endloop
  endfacet
  facet normal 0.866329 -0.442255 -0.232133
    outer loop
      vertex -48.7067 -46.6 41.1279
      vertex -48.8475 -46.8956 41.1656
      vertex -51.0361 -46.6 32.4345
    endloop
  endfacet
  facet normal 0.257858 0.00134272 0.966182
    outer loop
      vertex -50.0461 -45.5751 32.1693
      vertex -50.3403 -45.7786 32.2481
      vertex -50.6062 -46.0201 32.3194
    endloop
  endfacet
  facet normal -0.947367 0.195084 0.253847
    outer loop
      vertex -43.752 -48.7247 39.8003
      vertex -43.6899 -48.4014 39.7836
      vertex -46.0814 -48.7247 31.1069
    endloop
  endfacet
  facet normal 0.258882 -1.12098e-05 0.965909
    outer loop
      vertex -46.3516 -49.4 31.1793
      vertex -46.0124 -48.3655 31.0884
      vertex -47.3415 -50.4249 31.4446
    endloop
  endfacet
  facet normal -0.637708 0.751085 0.170876
    outer loop
      vertex -44.6914 -50.1972 40.052
      vertex -47.0474 -50.2214 31.3658
      vertex -44.718 -50.2214 40.0591
    endloop
  endfacet
  facet normal -0.636864 0.751854 0.170645
    outer loop
      vertex -47.0474 -50.2214 31.3658
      vertex -44.6914 -50.1972 40.052
      vertex -46.7814 -49.9799 31.2945
    endloop
  endfacet
  facet normal -0.803057 0.555695 0.215182
    outer loop
      vertex -44.2187 -49.7045 39.9253
      vertex -44.0418 -49.4305 39.8779
      vertex -46.5481 -49.7045 31.232
    endloop
  endfacet
  facet normal 0.258533 0.000350355 0.966002
    outer loop
      vertex -46.5481 -49.7045 31.232
      vertex -46.3516 -49.4 31.1793
      vertex -47.3415 -50.4249 31.4446
    endloop
  endfacet
  facet normal 0.259224 -0 0.965817
    outer loop
      vertex -51.3753 -48.3655 32.5254
      vertex -51.3753 -47.6345 32.5254
      vertex -51.3984 -48 32.5316
    endloop
  endfacet
  facet normal 0.427537 0.896709 -0.11456
    outer loop
      vertex -47.685 -50.4411 40.8541
      vertex -50.0461 -50.4249 32.1693
      vertex -47.7167 -50.4249 40.8626
    endloop
  endfacet
  facet normal 0.427234 0.896864 -0.114477
    outer loop
      vertex -50.0461 -50.4249 32.1693
      vertex -47.685 -50.4411 40.8541
      vertex -49.7288 -50.5869 32.0843
    endloop
  endfacet
  facet normal -0.0632943 0.997851 0.0169597
    outer loop
      vertex -46.3644 -50.8 40.5003
      vertex -46.0467 -50.7784 40.4151
      vertex -48.6938 -50.8 31.8069
    endloop
  endfacet
  facet normal -0.187279 0.981024 0.0501815
    outer loop
      vertex -45.9767 -50.7689 40.3964
      vertex -48.3408 -50.776 31.7123
      vertex -46.0114 -50.776 40.4057
    endloop
  endfacet
  facet normal -0.188306 0.980813 0.0504613
    outer loop
      vertex -48.3408 -50.776 31.7123
      vertex -45.9767 -50.7689 40.3964
      vertex -47.9938 -50.7046 31.6194
    endloop
  endfacet
  facet normal -0.0633241 0.997849 0.0169677
    outer loop
      vertex -48.3408 -50.776 31.7123
      vertex -46.0467 -50.7784 40.4151
      vertex -46.0114 -50.776 40.4057
    endloop
  endfacet
  facet normal -0.0632973 0.997851 0.0169606
    outer loop
      vertex -46.0467 -50.7784 40.4151
      vertex -48.3408 -50.776 31.7123
      vertex -48.6938 -50.8 31.8069
    endloop
  endfacet
  facet normal -0.426528 0.897225 0.11429
    outer loop
      vertex -47.3415 -50.4249 31.4446
      vertex -45.0439 -50.4411 40.1464
      vertex -45.0121 -50.4249 40.1379
    endloop
  endfacet
  facet normal -0.427235 0.896864 0.114476
    outer loop
      vertex -45.0439 -50.4411 40.1464
      vertex -47.3415 -50.4249 31.4446
      vertex -47.6588 -50.5869 31.5296
    endloop
  endfacet
  facet normal 0.25894 -5.16457e-05 0.965893
    outer loop
      vertex -46.0124 -48.3655 31.0884
      vertex -45.9892 -48 31.0822
      vertex -47.3415 -50.4249 31.4446
    endloop
  endfacet
  facet normal 0.258808 -7.83247e-05 0.965929
    outer loop
      vertex -48.6938 -50.8 31.8069
      vertex -47.3415 -50.4249 31.4446
      vertex -50.8395 -49.7045 32.3819
    endloop
  endfacet
  facet normal 0.258831 -0.000268147 0.965923
    outer loop
      vertex -49.3938 -50.7046 31.9945
      vertex -48.6938 -50.8 31.8069
      vertex -49.7288 -50.5869 32.0843
    endloop
  endfacet
  facet normal 0.725968 0.659651 -0.194501
    outer loop
      vertex -48.2769 -49.9799 41.0127
      vertex -50.8395 -49.7045 32.3819
      vertex -48.3002 -49.9524 41.019
    endloop
  endfacet
  facet normal 0.726213 0.659357 -0.194583
    outer loop
      vertex -50.8395 -49.7045 32.3819
      vertex -48.2769 -49.9799 41.0127
      vertex -50.6062 -49.9799 32.3194
    endloop
  endfacet
  facet normal -0.0632943 -0.997851 0.0169597
    outer loop
      vertex -46.0467 -45.2216 40.4151
      vertex -46.3644 -45.2 40.5003
      vertex -48.6938 -45.2 31.8069
    endloop
  endfacet
  facet normal -0.188407 -0.980793 0.0504843
    outer loop
      vertex -45.6644 -45.2954 40.3127
      vertex -45.9767 -45.2311 40.3964
      vertex -47.9938 -45.2954 31.6194
    endloop
  endfacet
  facet normal -0.637708 -0.751085 0.170876
    outer loop
      vertex -47.0474 -45.7786 31.3658
      vertex -44.6914 -45.8028 40.052
      vertex -44.718 -45.7786 40.0591
    endloop
  endfacet
  facet normal -0.636864 -0.751854 0.170645
    outer loop
      vertex -44.6914 -45.8028 40.052
      vertex -47.0474 -45.7786 31.3658
      vertex -46.7814 -46.0201 31.2945
    endloop
  endfacet
  facet normal -0.947372 -0.195058 0.253849
    outer loop
      vertex -43.683 -47.6345 39.7818
      vertex -46.0814 -47.2753 31.1069
      vertex -46.0124 -47.6345 31.0884
    endloop
  endfacet
  facet normal -0.947414 -0.194822 0.25387
    outer loop
      vertex -46.0814 -47.2753 31.1069
      vertex -43.683 -47.6345 39.7818
      vertex -43.6899 -47.5986 39.7836
    endloop
  endfacet
  facet normal 0.257592 -0.000526412 0.966254
    outer loop
      vertex -46.0814 -47.2753 31.1069
      vertex -46.1951 -46.9285 31.1374
      vertex -46.3516 -46.6 31.1793
    endloop
  endfacet
  facet normal -0.803057 -0.555695 0.215182
    outer loop
      vertex -44.0418 -46.5695 39.8779
      vertex -44.2187 -46.2955 39.9253
      vertex -46.5481 -46.2955 31.232
    endloop
  endfacet
  facet normal 0.258533 -0.000350355 0.966002
    outer loop
      vertex -46.3516 -46.6 31.1793
      vertex -46.5481 -46.2955 31.232
      vertex -47.3415 -45.5751 31.4446
    endloop
  endfacet
  facet normal 0.726379 -0.659159 -0.194636
    outer loop
      vertex -48.3002 -46.0476 41.019
      vertex -48.5101 -46.2955 41.0752
      vertex -50.8395 -46.2955 32.3819
    endloop
  endfacet
  facet normal 0.802085 -0.557228 -0.214843
    outer loop
      vertex -51.0361 -46.6 32.4345
      vertex -48.5101 -46.2955 41.0752
      vertex -48.5298 -46.3259 41.0805
    endloop
  endfacet
  facet normal 0.803071 -0.555673 -0.215186
    outer loop
      vertex -48.5101 -46.2955 41.0752
      vertex -51.0361 -46.6 32.4345
      vertex -50.8395 -46.2955 32.3819
    endloop
  endfacet
  facet normal 0.258844 0.00016026 0.965919
    outer loop
      vertex -48.6938 -45.2 31.8069
      vertex -49.0468 -45.224 31.9015
      vertex -49.3938 -45.2954 31.9945
    endloop
  endfacet
  facet normal 0.258831 0.000268147 0.965923
    outer loop
      vertex -48.6938 -45.2 31.8069
      vertex -49.3938 -45.2954 31.9945
      vertex -49.7288 -45.4131 32.0843
    endloop
  endfacet
  facet normal 0.636934 -0.751789 -0.170669
    outer loop
      vertex -48.0109 -45.7786 40.9414
      vertex -48.2503 -45.996 41.0056
      vertex -50.3403 -45.7786 32.2481
    endloop
  endfacet
  facet normal 0.536636 -0.831472 -0.143793
    outer loop
      vertex -47.7462 -45.5955 40.8705
      vertex -48.0109 -45.7786 40.9414
      vertex -50.3403 -45.7786 32.2481
    endloop
  endfacet
  facet normal 0.255939 0.00174194 0.966691
    outer loop
      vertex -50.8395 -46.2955 32.3819
      vertex -51.0361 -46.6 32.4345
      vertex -51.1925 -46.9285 32.4765
    endloop
  endfacet
  facet normal 0.259232 -0.000225564 0.965815
    outer loop
      vertex -50.8395 -46.2955 32.3819
      vertex -51.1925 -46.9285 32.4765
      vertex -51.3753 -47.6345 32.5254
    endloop
  endfacet
  facet normal 0.947367 -0.195084 -0.253847
    outer loop
      vertex -48.9838 -47.3112 41.2021
      vertex -49.0459 -47.6345 41.2188
      vertex -51.3753 -47.6345 32.5254
    endloop
  endfacet
  facet normal -0.866298 0.442318 0.232127
    outer loop
      vertex -44.0065 -49.3671 39.8685
      vertex -43.8657 -49.0715 39.8307
      vertex -46.1951 -49.0715 31.1374
    endloop
  endfacet
  facet normal -0.914612 0.321599 0.245071
    outer loop
      vertex -43.8544 -49.0368 39.8277
      vertex -43.752 -48.7247 39.8003
      vertex -46.0814 -48.7247 31.1069
    endloop
  endfacet
  facet normal -0.535885 0.83199 0.143592
    outer loop
      vertex -47.0474 -50.2214 31.3658
      vertex -44.7474 -50.2417 40.067
      vertex -44.718 -50.2214 40.0591
    endloop
  endfacet
  facet normal -0.536744 0.831398 0.143818
    outer loop
      vertex -44.7474 -50.2417 40.067
      vertex -47.0474 -50.2214 31.3658
      vertex -47.3415 -50.4249 31.4446
    endloop
  endfacet
  facet normal -0.636769 0.75194 0.170624
    outer loop
      vertex -44.6914 -50.1972 40.052
      vertex -44.452 -49.9799 39.9878
      vertex -46.7814 -49.9799 31.2945
    endloop
  endfacet
  facet normal -0.866297 0.442319 0.232127
    outer loop
      vertex -46.3516 -49.4 31.1793
      vertex -44.0065 -49.3671 39.8685
      vertex -46.1951 -49.0715 31.1374
    endloop
  endfacet
  facet normal -0.866024 0.442893 0.232051
    outer loop
      vertex -44.0065 -49.3671 39.8685
      vertex -46.3516 -49.4 31.1793
      vertex -44.0222 -49.4 39.8727
    endloop
  endfacet
  facet normal -0.803157 0.55554 0.215206
    outer loop
      vertex -46.5481 -49.7045 31.232
      vertex -44.0222 -49.4 39.8727
      vertex -46.3516 -49.4 31.1793
    endloop
  endfacet
  facet normal -0.804348 0.553654 0.215621
    outer loop
      vertex -44.0222 -49.4 39.8727
      vertex -46.5481 -49.7045 31.232
      vertex -44.0418 -49.4305 39.8779
    endloop
  endfacet
  facet normal 0.963864 0.0652983 -0.258268
    outer loop
      vertex -49.0459 -48.3655 41.2188
      vertex -51.3984 -48 32.5316
      vertex -49.069 -48 41.225
    endloop
  endfacet
  facet normal 0.963864 0.0652983 -0.258268
    outer loop
      vertex -51.3984 -48 32.5316
      vertex -49.0459 -48.3655 41.2188
      vertex -51.3753 -48.3655 32.5254
    endloop
  endfacet
  facet normal 0.866329 0.442255 -0.232133
    outer loop
      vertex -48.8475 -49.1044 41.1656
      vertex -48.7067 -49.4 41.1279
      vertex -51.0361 -49.4 32.4345
    endloop
  endfacet
  facet normal 0.258844 -0.00016026 0.965919
    outer loop
      vertex -49.0468 -50.776 31.9015
      vertex -48.6938 -50.8 31.8069
      vertex -49.3938 -50.7046 31.9945
    endloop
  endfacet
  facet normal 0.536533 0.831543 -0.143766
    outer loop
      vertex -50.0461 -50.4249 32.1693
      vertex -47.7462 -50.4045 40.8705
      vertex -47.7167 -50.4249 40.8626
    endloop
  endfacet
  facet normal 0.536626 0.831479 -0.14379
    outer loop
      vertex -47.7462 -50.4045 40.8705
      vertex -50.0461 -50.4249 32.1693
      vertex -50.3403 -50.2214 32.2481
    endloop
  endfacet
  facet normal -0.427313 0.896824 0.1145
    outer loop
      vertex -45.3294 -50.5869 40.2229
      vertex -45.0439 -50.4411 40.1464
      vertex -47.6588 -50.5869 31.5296
    endloop
  endfacet
  facet normal 0.259265 -0.00105804 0.965806
    outer loop
      vertex -47.6588 -50.5869 31.5296
      vertex -47.3415 -50.4249 31.4446
      vertex -47.9938 -50.7046 31.6194
    endloop
  endfacet
  facet normal -0.310411 0.946957 0.0831757
    outer loop
      vertex -45.3294 -50.5869 40.2229
      vertex -47.9938 -50.7046 31.6194
      vertex -45.6644 -50.7046 40.3127
    endloop
  endfacet
  facet normal -0.310411 0.946957 0.0831757
    outer loop
      vertex -47.9938 -50.7046 31.6194
      vertex -45.3294 -50.5869 40.2229
      vertex -47.6588 -50.5869 31.5296
    endloop
  endfacet
  facet normal 0.258819 0 0.965926
    outer loop
      vertex -45.9892 -48 31.0822
      vertex -51.3753 -47.6345 32.5254
      vertex -51.3753 -48.3655 32.5254
    endloop
  endfacet
  facet normal 0.802085 0.557228 -0.214843
    outer loop
      vertex -48.5101 -49.7045 41.0752
      vertex -51.0361 -49.4 32.4345
      vertex -48.5298 -49.6741 41.0805
    endloop
  endfacet
  facet normal 0.803071 0.555673 -0.215186
    outer loop
      vertex -51.0361 -49.4 32.4345
      vertex -48.5101 -49.7045 41.0752
      vertex -50.8395 -49.7045 32.3819
    endloop
  endfacet
  facet normal -0.0632973 -0.997851 0.0169606
    outer loop
      vertex -48.3408 -45.224 31.7123
      vertex -46.0467 -45.2216 40.4151
      vertex -48.6938 -45.2 31.8069
    endloop
  endfacet
  facet normal -0.0633241 -0.997849 0.0169677
    outer loop
      vertex -46.0467 -45.2216 40.4151
      vertex -48.3408 -45.224 31.7123
      vertex -46.0114 -45.224 40.4057
    endloop
  endfacet
  facet normal -0.187279 -0.981024 0.0501815
    outer loop
      vertex -48.3408 -45.224 31.7123
      vertex -45.9767 -45.2311 40.3964
      vertex -46.0114 -45.224 40.4057
    endloop
  endfacet
  facet normal -0.188306 -0.980813 0.0504613
    outer loop
      vertex -45.9767 -45.2311 40.3964
      vertex -48.3408 -45.224 31.7123
      vertex -47.9938 -45.2954 31.6194
    endloop
  endfacet
  facet normal -0.310411 -0.946957 0.0831757
    outer loop
      vertex -47.9938 -45.2954 31.6194
      vertex -45.3294 -45.4131 40.2229
      vertex -45.6644 -45.2954 40.3127
    endloop
  endfacet
  facet normal -0.310411 -0.946957 0.0831757
    outer loop
      vertex -45.3294 -45.4131 40.2229
      vertex -47.9938 -45.2954 31.6194
      vertex -47.6588 -45.4131 31.5296
    endloop
  endfacet
  facet normal -0.427313 -0.896824 0.1145
    outer loop
      vertex -45.0439 -45.5589 40.1464
      vertex -45.3294 -45.4131 40.2229
      vertex -47.6588 -45.4131 31.5296
    endloop
  endfacet
  facet normal -0.536744 -0.831398 0.143818
    outer loop
      vertex -47.0474 -45.7786 31.3658
      vertex -44.7474 -45.7583 40.067
      vertex -47.3415 -45.5751 31.4446
    endloop
  endfacet
  facet normal -0.535885 -0.83199 0.143592
    outer loop
      vertex -44.7474 -45.7583 40.067
      vertex -47.0474 -45.7786 31.3658
      vertex -44.718 -45.7786 40.0591
    endloop
  endfacet
  facet normal -0.536838 -0.831332 0.143848
    outer loop
      vertex -44.7474 -45.7583 40.067
      vertex -45.0121 -45.5751 40.1379
      vertex -47.3415 -45.5751 31.4446
    endloop
  endfacet
  facet normal -0.803157 -0.55554 0.215206
    outer loop
      vertex -44.0222 -46.6 39.8727
      vertex -46.5481 -46.2955 31.232
      vertex -46.3516 -46.6 31.1793
    endloop
  endfacet
  facet normal -0.804348 -0.553654 0.215621
    outer loop
      vertex -46.5481 -46.2955 31.232
      vertex -44.0222 -46.6 39.8727
      vertex -44.0418 -46.5695 39.8779
    endloop
  endfacet
  facet normal 0.188476 -0.980779 -0.0505001
    outer loop
      vertex -46.7175 -45.224 40.5949
      vertex -47.0297 -45.2883 40.6785
      vertex -49.0468 -45.224 31.9015
    endloop
  endfacet
  facet normal 0.187279 -0.981024 -0.050182
    outer loop
      vertex -49.3938 -45.2954 31.9945
      vertex -47.0297 -45.2883 40.6785
      vertex -47.0644 -45.2954 40.6878
    endloop
  endfacet
  facet normal 0.188293 -0.980816 -0.0504583
    outer loop
      vertex -47.0297 -45.2883 40.6785
      vertex -49.3938 -45.2954 31.9945
      vertex -49.0468 -45.224 31.9015
    endloop
  endfacet
  facet normal 0.866026 -0.442893 -0.232045
    outer loop
      vertex -51.1925 -46.9285 32.4765
      vertex -48.8475 -46.8956 41.1656
      vertex -48.8632 -46.9285 41.1698
    endloop
  endfacet
  facet normal 0.866373 -0.442163 -0.232141
    outer loop
      vertex -48.8475 -46.8956 41.1656
      vertex -51.1925 -46.9285 32.4765
      vertex -51.0361 -46.6 32.4345
    endloop
  endfacet
  facet normal 0.803148 -0.555555 -0.215204
    outer loop
      vertex -48.5298 -46.3259 41.0805
      vertex -48.7067 -46.6 41.1279
      vertex -51.0361 -46.6 32.4345
    endloop
  endfacet
  facet normal 0.947414 -0.194822 -0.25387
    outer loop
      vertex -51.3753 -47.6345 32.5254
      vertex -48.9769 -47.2753 41.2003
      vertex -48.9838 -47.3112 41.2021
    endloop
  endfacet
  facet normal 0.947326 -0.195312 -0.253825
    outer loop
      vertex -48.9769 -47.2753 41.2003
      vertex -51.3753 -47.6345 32.5254
      vertex -51.3062 -47.2753 32.5069
    endloop
  endfacet
  facet normal 0.914669 -0.321432 -0.245075
    outer loop
      vertex -51.3062 -47.2753 32.5069
      vertex -48.8632 -46.9285 41.1698
      vertex -48.9769 -47.2753 41.2003
    endloop
  endfacet
  facet normal 0.914689 -0.321369 -0.245084
    outer loop
      vertex -48.8632 -46.9285 41.1698
      vertex -51.3062 -47.2753 32.5069
      vertex -51.1925 -46.9285 32.4765
    endloop
  endfacet
  facet normal -0.726211 0.659357 0.19459
    outer loop
      vertex -46.7814 -49.9799 31.2945
      vertex -44.4287 -49.9524 39.9816
      vertex -46.5481 -49.7045 31.232
    endloop
  endfacet
  facet normal -0.726301 0.659251 0.194615
    outer loop
      vertex -44.4287 -49.9524 39.9816
      vertex -46.7814 -49.9799 31.2945
      vertex -44.452 -49.9799 39.9878
    endloop
  endfacet
  facet normal -0.726201 0.659369 0.194588
    outer loop
      vertex -44.4287 -49.9524 39.9816
      vertex -44.2187 -49.7045 39.9253
      vertex -46.5481 -49.7045 31.232
    endloop
  endfacet
  facet normal 0.258736 0.000109983 0.965948
    outer loop
      vertex -47.0474 -50.2214 31.3658
      vertex -46.5481 -49.7045 31.232
      vertex -47.3415 -50.4249 31.4446
    endloop
  endfacet
  facet normal 0.259355 -0.000530441 0.965782
    outer loop
      vertex -46.7814 -49.9799 31.2945
      vertex -46.5481 -49.7045 31.232
      vertex -47.0474 -50.2214 31.3658
    endloop
  endfacet
  facet normal 0.947367 0.195084 -0.253847
    outer loop
      vertex -49.0459 -48.3655 41.2188
      vertex -48.9838 -48.6888 41.2021
      vertex -51.3753 -48.3655 32.5254
    endloop
  endfacet
  facet normal 0.257858 -0.00134272 0.966182
    outer loop
      vertex -50.3403 -50.2214 32.2481
      vertex -50.0461 -50.4249 32.1693
      vertex -50.6062 -49.9799 32.3194
    endloop
  endfacet
  facet normal 0.536636 0.831472 -0.143793
    outer loop
      vertex -48.0109 -50.2214 40.9414
      vertex -47.7462 -50.4045 40.8705
      vertex -50.3403 -50.2214 32.2481
    endloop
  endfacet
  facet normal 0.0633241 0.997849 -0.0169677
    outer loop
      vertex -48.6938 -50.8 31.8069
      vertex -46.3997 -50.7976 40.5097
      vertex -46.3644 -50.8 40.5003
    endloop
  endfacet
  facet normal 0.0632973 0.997851 -0.0169606
    outer loop
      vertex -46.3997 -50.7976 40.5097
      vertex -48.6938 -50.8 31.8069
      vertex -49.0468 -50.776 31.9015
    endloop
  endfacet
  facet normal 0.063276 0.997852 -0.0169541
    outer loop
      vertex -46.7175 -50.776 40.5949
      vertex -46.3997 -50.7976 40.5097
      vertex -49.0468 -50.776 31.9015
    endloop
  endfacet
  facet normal 0.4272 0.896882 -0.11447
    outer loop
      vertex -47.685 -50.4411 40.8541
      vertex -47.3994 -50.5869 40.7776
      vertex -49.7288 -50.5869 32.0843
    endloop
  endfacet
  facet normal 0.258876 -0.000344792 0.96591
    outer loop
      vertex -48.3408 -50.776 31.7123
      vertex -47.3415 -50.4249 31.4446
      vertex -48.6938 -50.8 31.8069
    endloop
  endfacet
  facet normal 0.258406 0.00108943 0.966036
    outer loop
      vertex -47.9938 -50.7046 31.6194
      vertex -47.3415 -50.4249 31.4446
      vertex -48.3408 -50.776 31.7123
    endloop
  endfacet
  facet normal 0.257839 -0.000160868 0.966188
    outer loop
      vertex -51.3062 -48.7247 32.5069
      vertex -51.1925 -49.0715 32.4765
      vertex -51.3753 -48.3655 32.5254
    endloop
  endfacet
  facet normal -0.427235 -0.896864 0.114476
    outer loop
      vertex -47.3415 -45.5751 31.4446
      vertex -45.0439 -45.5589 40.1464
      vertex -47.6588 -45.4131 31.5296
    endloop
  endfacet
  facet normal -0.426528 -0.897225 0.11429
    outer loop
      vertex -45.0439 -45.5589 40.1464
      vertex -47.3415 -45.5751 31.4446
      vertex -45.0121 -45.5751 40.1379
    endloop
  endfacet
  facet normal 0.259265 0.00105804 0.965806
    outer loop
      vertex -47.3415 -45.5751 31.4446
      vertex -47.6588 -45.4131 31.5296
      vertex -47.9938 -45.2954 31.6194
    endloop
  endfacet
  facet normal -0.636769 -0.75194 0.170624
    outer loop
      vertex -44.452 -46.0201 39.9878
      vertex -44.6914 -45.8028 40.052
      vertex -46.7814 -46.0201 31.2945
    endloop
  endfacet
  facet normal 0.258681 -5.93436e-05 0.965963
    outer loop
      vertex -46.0124 -47.6345 31.0884
      vertex -46.0814 -47.2753 31.1069
      vertex -46.3516 -46.6 31.1793
    endloop
  endfacet
  facet normal -0.915365 -0.319292 0.245275
    outer loop
      vertex -46.1951 -46.9285 31.1374
      vertex -43.8544 -46.9632 39.8277
      vertex -43.8657 -46.9285 39.8307
    endloop
  endfacet
  facet normal -0.914668 -0.321432 0.245079
    outer loop
      vertex -43.8544 -46.9632 39.8277
      vertex -46.1951 -46.9285 31.1374
      vertex -46.0814 -47.2753 31.1069
    endloop
  endfacet
  facet normal 0.259232 0.000225564 0.965815
    outer loop
      vertex -51.1925 -49.0715 32.4765
      vertex -50.8395 -49.7045 32.3819
      vertex -51.3753 -48.3655 32.5254
    endloop
  endfacet
  facet normal 0.255939 -0.00174194 0.966691
    outer loop
      vertex -51.0361 -49.4 32.4345
      vertex -50.8395 -49.7045 32.3819
      vertex -51.1925 -49.0715 32.4765
    endloop
  endfacet
  facet normal 0.258865 4.16578e-05 0.965914
    outer loop
      vertex -50.0461 -50.4249 32.1693
      vertex -48.6938 -50.8 31.8069
      vertex -50.8395 -49.7045 32.3819
    endloop
  endfacet
  facet normal 0.258964 0.000424957 0.965887
    outer loop
      vertex -49.7288 -50.5869 32.0843
      vertex -48.6938 -50.8 31.8069
      vertex -50.0461 -50.4249 32.1693
    endloop
  endfacet
  facet normal 0.188476 0.980779 -0.0505001
    outer loop
      vertex -47.0297 -50.7117 40.6785
      vertex -46.7175 -50.776 40.5949
      vertex -49.0468 -50.776 31.9015
    endloop
  endfacet
  facet normal 0.310411 0.946957 -0.0831757
    outer loop
      vertex -47.0644 -50.7046 40.6878
      vertex -49.7288 -50.5869 32.0843
      vertex -47.3994 -50.5869 40.7776
    endloop
  endfacet
  facet normal 0.310411 0.946957 -0.0831757
    outer loop
      vertex -49.7288 -50.5869 32.0843
      vertex -47.0644 -50.7046 40.6878
      vertex -49.3938 -50.7046 31.9945
    endloop
  endfacet
  facet normal 0.803148 0.555555 -0.215204
    outer loop
      vertex -48.7067 -49.4 41.1279
      vertex -48.5298 -49.6741 41.0805
      vertex -51.0361 -49.4 32.4345
    endloop
  endfacet
  facet normal -0.865506 -0.443978 0.231913
    outer loop
      vertex -46.3516 -46.6 31.1793
      vertex -44.0065 -46.6328 39.8685
      vertex -44.0222 -46.6 39.8727
    endloop
  endfacet
  facet normal -0.866296 -0.442319 0.232132
    outer loop
      vertex -44.0065 -46.6328 39.8685
      vertex -46.3516 -46.6 31.1793
      vertex -46.1951 -46.9285 31.1374
    endloop
  endfacet
  facet normal -0.866355 -0.442197 0.232143
    outer loop
      vertex -43.8657 -46.9285 39.8307
      vertex -44.0065 -46.6328 39.8685
      vertex -46.1951 -46.9285 31.1374
    endloop
  endfacet
  facet normal 0.914669 0.321432 -0.245075
    outer loop
      vertex -48.8632 -49.0715 41.1698
      vertex -51.3062 -48.7247 32.5069
      vertex -48.9769 -48.7247 41.2003
    endloop
  endfacet
  facet normal 0.914689 0.321369 -0.245084
    outer loop
      vertex -51.3062 -48.7247 32.5069
      vertex -48.8632 -49.0715 41.1698
      vertex -51.1925 -49.0715 32.4765
    endloop
  endfacet
  facet normal 0.947414 0.194822 -0.25387
    outer loop
      vertex -48.9769 -48.7247 41.2003
      vertex -51.3753 -48.3655 32.5254
      vertex -48.9838 -48.6888 41.2021
    endloop
  endfacet
  facet normal 0.947326 0.195312 -0.253825
    outer loop
      vertex -51.3753 -48.3655 32.5254
      vertex -48.9769 -48.7247 41.2003
      vertex -51.3062 -48.7247 32.5069
    endloop
  endfacet
  facet normal 0.187279 0.981024 -0.050182
    outer loop
      vertex -47.0297 -50.7117 40.6785
      vertex -49.3938 -50.7046 31.9945
      vertex -47.0644 -50.7046 40.6878
    endloop
  endfacet
  facet normal 0.188293 0.980816 -0.0504583
    outer loop
      vertex -49.3938 -50.7046 31.9945
      vertex -47.0297 -50.7117 40.6785
      vertex -49.0468 -50.776 31.9015
    endloop
  endfacet
  facet normal -0.963851 -0.0655787 0.258244
    outer loop
      vertex 26.5572 18.0914 20.961
      vertex 26.534 18.4568 20.9672
      vertex 25.4988 18.4568 17.1035
    endloop
  endfacet
  facet normal -0.963859 -0.0653896 0.258264
    outer loop
      vertex 25.5277 18 17.0957
      vertex 26.5572 18.0914 20.961
      vertex 25.4988 18.4568 17.1035
    endloop
  endfacet
  facet normal -0.963838 -0.0656837 0.258266
    outer loop
      vertex 26.5572 18.0914 20.961
      vertex 25.5277 18 17.0957
      vertex 26.563 18 20.9594
    endloop
  endfacet
  facet normal 0.963862 0.0653161 -0.258272
    outer loop
      vertex 19.8073 17.9086 22.7696
      vertex 19.8304 17.5432 22.7634
      vertex 18.7951 17.5432 18.8997
    endloop
  endfacet
  facet normal 0.259137 -0.000117211 0.96584
    outer loop
      vertex 25.4125 17.0941 17.1266
      vertex 25.4988 17.5432 17.1035
      vertex 25.2703 16.6606 17.1647
    endloop
  endfacet
  facet normal 0.963838 -0.0656837 -0.258266
    outer loop
      vertex 18.7662 18 18.9075
      vertex 19.8073 18.0914 22.7696
      vertex 19.8015 18 22.7712
    endloop
  endfacet
  facet normal 0.963855 -0.0653896 -0.258277
    outer loop
      vertex 19.8073 18.0914 22.7696
      vertex 18.7662 18 18.9075
      vertex 18.7951 18.4568 18.8997
    endloop
  endfacet
  facet normal 0.188598 -0.980754 -0.0505309
    outer loop
      vertex 22.7409 21.4701 21.9835
      vertex 22.394 21.3986 22.0765
      vertex 21.7057 21.4701 18.1198
    endloop
  endfacet
  facet normal 0.258192 -0.000987936 0.966093
    outer loop
      vertex 24.5375 20.4749 17.361
      vertex 23.8373 21.0311 17.5487
      vertex 23.4407 21.2336 17.6549
    endloop
  endfacet
  facet normal 0.259533 0.00082101 0.965734
    outer loop
      vertex 24.5375 20.4749 17.361
      vertex 24.205 20.7767 17.4501
      vertex 23.8373 21.0311 17.5487
    endloop
  endfacet
  facet normal 0.0630827 -0.997865 -0.0169017
    outer loop
      vertex 21.7057 21.4701 18.1198
      vertex 23.1822 21.5 21.8653
      vertex 22.7409 21.4701 21.9835
    endloop
  endfacet
  facet normal 0.0630956 -0.997864 -0.0169068
    outer loop
      vertex 23.1822 21.5 21.8653
      vertex 21.7057 21.4701 18.1198
      vertex 22.1469 21.5 18.0016
    endloop
  endfacet
  facet normal -0.636449 -0.75223 0.17054
    outer loop
      vertex 24.205 20.7767 17.4501
      vertex 25.3068 20.7164 21.296
      vertex 25.2403 20.7767 21.3138
    endloop
  endfacet
  facet normal -0.636777 -0.751929 0.170639
    outer loop
      vertex 25.3068 20.7164 21.296
      vertex 24.205 20.7767 17.4501
      vertex 24.5375 20.4749 17.361
    endloop
  endfacet
  facet normal 0.258396 0.000561298 0.966039
    outer loop
      vertex 20.8532 21.2336 18.3483
      vertex 20.4566 21.0311 18.4545
      vertex 20.0889 20.7767 18.553
    endloop
  endfacet
  facet normal -0.636449 0.75223 0.17054
    outer loop
      vertex 25.3068 15.2836 21.296
      vertex 24.205 15.2233 17.4501
      vertex 25.2403 15.2233 21.3138
    endloop
  endfacet
  facet normal -0.636777 0.751929 0.170639
    outer loop
      vertex 24.205 15.2233 17.4501
      vertex 25.3068 15.2836 21.296
      vertex 24.5375 15.5251 17.361
    endloop
  endfacet
  facet normal -0.536684 0.831439 0.143807
    outer loop
      vertex 25.2403 15.2233 21.3138
      vertex 23.8373 14.9689 17.5487
      vertex 24.8726 14.9689 21.4124
    endloop
  endfacet
  facet normal -0.536684 0.831439 0.143807
    outer loop
      vertex 23.8373 14.9689 17.5487
      vertex 25.2403 15.2233 21.3138
      vertex 24.205 15.2233 17.4501
    endloop
  endfacet
  facet normal 0.258871 9.797e-05 0.965912
    outer loop
      vertex 25.0747 19.75 17.2171
      vertex 24.5375 20.4749 17.361
      vertex 23.0219 21.3807 17.7671
    endloop
  endfacet
  facet normal 0.536918 0.831277 -0.143866
    outer loop
      vertex 21.1977 15.1724 22.397
      vertex 20.0889 15.2233 18.553
      vertex 21.1242 15.2233 22.4168
    endloop
  endfacet
  facet normal 0.536711 0.831421 -0.143805
    outer loop
      vertex 20.0889 15.2233 18.553
      vertex 21.1977 15.1724 22.397
      vertex 20.4566 14.9689 18.4545
    endloop
  endfacet
  facet normal 0.258733 0.000150447 0.965949
    outer loop
      vertex 23.4407 14.7664 17.6549
      vertex 24.5375 15.5251 17.361
      vertex 23.0219 14.6193 17.7671
    endloop
  endfacet
  facet normal -0.914623 0.321561 0.245078
    outer loop
      vertex 25.2703 16.6606 17.1647
      vertex 26.4478 17.0941 20.9903
      vertex 25.4125 17.0941 17.1266
    endloop
  endfacet
  facet normal -0.914469 0.322078 0.244973
    outer loop
      vertex 26.4478 17.0941 20.9903
      vertex 25.2703 16.6606 17.1647
      vertex 26.4193 17.0074 20.9979
    endloop
  endfacet
  facet normal 0.258715 0 0.965954
    outer loop
      vertex 25.2703 19.3394 17.1647
      vertex 25.4988 17.5432 17.1035
      vertex 25.4988 18.4568 17.1035
    endloop
  endfacet
  facet normal 0.258715 0 0.965954
    outer loop
      vertex 25.4988 17.5432 17.1035
      vertex 25.2703 19.3394 17.1647
      vertex 25.2703 16.6606 17.1647
    endloop
  endfacet
  facet normal 0.258786 0 0.965935
    outer loop
      vertex 19.0235 19.3394 18.8385
      vertex 20.8532 14.7664 18.3483
      vertex 20.8532 21.2336 18.3483
    endloop
  endfacet
  facet normal 0.258786 0 0.965935
    outer loop
      vertex 20.8532 14.7664 18.3483
      vertex 19.0235 19.3394 18.8385
      vertex 19.0235 16.6606 18.8385
    endloop
  endfacet
  facet normal 0.963838 0.0656837 -0.258266
    outer loop
      vertex 19.8073 17.9086 22.7696
      vertex 18.7662 18 18.9075
      vertex 19.8015 18 22.7712
    endloop
  endfacet
  facet normal 0.963855 0.0653896 -0.258277
    outer loop
      vertex 18.7662 18 18.9075
      vertex 19.8073 17.9086 22.7696
      vertex 18.7951 17.5432 18.8997
    endloop
  endfacet
  facet normal -0.726202 -0.659374 0.194571
    outer loop
      vertex 25.8643 20.1307 21.1466
      vertex 24.5375 20.4749 17.361
      vertex 24.8291 20.1307 17.2829
    endloop
  endfacet
  facet normal -0.726272 -0.659286 0.194604
    outer loop
      vertex 24.5375 20.4749 17.361
      vertex 25.8643 20.1307 21.1466
      vertex 25.5728 20.4749 21.2248
    endloop
  endfacet
  facet normal 0.259137 0.000117211 0.96584
    outer loop
      vertex 25.4988 18.4568 17.1035
      vertex 25.4125 18.9059 17.1266
      vertex 25.2703 19.3394 17.1647
    endloop
  endfacet
  facet normal 0.258817 2.44839e-05 0.965926
    outer loop
      vertex 25.2703 19.3394 17.1647
      vertex 25.0747 19.75 17.2171
      vertex 23.0219 21.3807 17.7671
    endloop
  endfacet
  facet normal 0.258733 -0.000150447 0.965949
    outer loop
      vertex 24.5375 20.4749 17.361
      vertex 23.4407 21.2336 17.6549
      vertex 23.0219 21.3807 17.7671
    endloop
  endfacet
  facet normal 0.310387 -0.946965 -0.0831673
    outer loop
      vertex 21.2719 21.3807 18.236
      vertex 22.2235 21.3513 22.1222
      vertex 20.8532 21.2336 18.3483
    endloop
  endfacet
  facet normal 0.310371 -0.946971 -0.0831636
    outer loop
      vertex 22.2235 21.3513 22.1222
      vertex 21.2719 21.3807 18.236
      vertex 22.3072 21.3807 22.0998
    endloop
  endfacet
  facet normal 0.188678 -0.980737 -0.050556
    outer loop
      vertex 21.2719 21.3807 18.236
      vertex 22.394 21.3986 22.0765
      vertex 22.3072 21.3807 22.0998
    endloop
  endfacet
  facet normal 0.188585 -0.980756 -0.0505287
    outer loop
      vertex 22.394 21.3986 22.0765
      vertex 21.2719 21.3807 18.236
      vertex 21.7057 21.4701 18.1198
    endloop
  endfacet
  facet normal 0.25867 0.000119806 0.965966
    outer loop
      vertex 20.8532 21.2336 18.3483
      vertex 19.7564 20.4749 18.6421
      vertex 19.0235 19.3394 18.8385
    endloop
  endfacet
  facet normal 0.803154 -0.555544 -0.215209
    outer loop
      vertex 19.2191 19.75 18.7861
      vertex 20.5001 20.1307 22.584
      vertex 20.2544 19.75 22.6498
    endloop
  endfacet
  facet normal 0.803154 -0.555544 -0.215209
    outer loop
      vertex 20.5001 20.1307 22.584
      vertex 19.2191 19.75 18.7861
      vertex 19.4648 20.1307 18.7203
    endloop
  endfacet
  facet normal -0.914665 0.321432 0.24509
    outer loop
      vertex 26.3056 16.6606 21.0284
      vertex 26.4193 17.0074 20.9979
      vertex 25.2703 16.6606 17.1647
    endloop
  endfacet
  facet normal 0.310411 -0.946957 -0.0831763
    outer loop
      vertex 22.2235 21.3513 22.1222
      vertex 21.8885 21.2336 22.212
      vertex 20.8532 21.2336 18.3483
    endloop
  endfacet
  facet normal -0.0630823 0.997865 0.0169032
    outer loop
      vertex 23.6235 14.5299 21.7471
      vertex 22.1469 14.5 18.0016
      vertex 23.1822 14.5 21.8653
    endloop
  endfacet
  facet normal -0.0630823 0.997865 0.0169032
    outer loop
      vertex 22.1469 14.5 18.0016
      vertex 23.6235 14.5299 21.7471
      vertex 22.5882 14.5299 17.8834
    endloop
  endfacet
  facet normal 0.258856 -7.0083e-05 0.965916
    outer loop
      vertex 23.0219 14.6193 17.7671
      vertex 25.2703 16.6606 17.1647
      vertex 20.8532 14.7664 18.3483
    endloop
  endfacet
  facet normal 0.25846 -0.000446291 0.966022
    outer loop
      vertex 20.0889 15.2233 18.553
      vertex 20.8532 14.7664 18.3483
      vertex 19.7564 15.5251 18.6421
    endloop
  endfacet
  facet normal 0.258828 0 0.965924
    outer loop
      vertex 20.8532 21.2336 18.3483
      vertex 25.2703 16.6606 17.1647
      vertex 25.2703 19.3394 17.1647
    endloop
  endfacet
  facet normal 0.258828 0 0.965924
    outer loop
      vertex 25.2703 16.6606 17.1647
      vertex 20.8532 21.2336 18.3483
      vertex 20.8532 14.7664 18.3483
    endloop
  endfacet
  facet normal 0.25867 -0.000119806 0.965966
    outer loop
      vertex 19.7564 15.5251 18.6421
      vertex 20.8532 14.7664 18.3483
      vertex 19.0235 16.6606 18.8385
    endloop
  endfacet
  facet normal 0.947381 0.195006 -0.253856
    outer loop
      vertex 19.8304 17.5432 22.7634
      vertex 19.8994 17.1839 22.7449
      vertex 18.7951 17.5432 18.8997
    endloop
  endfacet
  facet normal -0.188548 0.980764 0.0505224
    outer loop
      vertex 23.7102 14.5478 21.7238
      vertex 24.0572 14.6193 21.6308
      vertex 23.0219 14.6193 17.7671
    endloop
  endfacet
  facet normal -0.188873 0.980697 0.0506095
    outer loop
      vertex 23.7102 14.5478 21.7238
      vertex 22.5882 14.5299 17.8834
      vertex 23.6235 14.5299 21.7471
    endloop
  endfacet
  facet normal -0.188614 0.98075 0.0505337
    outer loop
      vertex 22.5882 14.5299 17.8834
      vertex 23.7102 14.5478 21.7238
      vertex 23.0219 14.6193 17.7671
    endloop
  endfacet
  facet normal -0.427389 0.896785 0.114521
    outer loop
      vertex 23.8373 14.9689 17.5487
      vertex 24.7933 14.9284 21.4336
      vertex 24.8726 14.9689 21.4124
    endloop
  endfacet
  facet normal -0.427264 0.896849 0.114491
    outer loop
      vertex 24.7933 14.9284 21.4336
      vertex 23.8373 14.9689 17.5487
      vertex 23.4407 14.7664 17.6549
    endloop
  endfacet
  facet normal 0.914665 -0.321432 -0.24509
    outer loop
      vertex 20.0304 19.2527 22.7098
      vertex 19.9167 18.9059 22.7403
      vertex 18.8814 18.9059 18.8766
    endloop
  endfacet
  facet normal 0.258253 -0.000157365 0.966077
    outer loop
      vertex 18.7951 17.5432 18.8997
      vertex 19.0235 16.6606 18.8385
      vertex 18.7662 18 18.9075
    endloop
  endfacet
  facet normal -0.866301 -0.442309 0.23213
    outer loop
      vertex 26.3056 19.3394 21.0284
      vertex 25.0747 19.75 17.2171
      vertex 25.2703 19.3394 17.1647
    endloop
  endfacet
  facet normal -0.866301 -0.442309 0.23213
    outer loop
      vertex 25.0747 19.75 17.2171
      vertex 26.3056 19.3394 21.0284
      vertex 26.11 19.75 21.0808
    endloop
  endfacet
  facet normal -0.947368 -0.195104 0.253828
    outer loop
      vertex 26.534 18.4568 20.9672
      vertex 25.4125 18.9059 17.1266
      vertex 25.4988 18.4568 17.1035
    endloop
  endfacet
  facet normal -0.947401 -0.194901 0.253861
    outer loop
      vertex 25.4125 18.9059 17.1266
      vertex 26.534 18.4568 20.9672
      vertex 26.4478 18.9059 20.9903
    endloop
  endfacet
  facet normal -0.188548 -0.980764 0.0505224
    outer loop
      vertex 24.0572 21.3807 21.6308
      vertex 23.7102 21.4522 21.7238
      vertex 23.0219 21.3807 17.7671
    endloop
  endfacet
  facet normal -0.536684 -0.831439 0.143807
    outer loop
      vertex 23.8373 21.0311 17.5487
      vertex 25.2403 20.7767 21.3138
      vertex 24.8726 21.0311 21.4124
    endloop
  endfacet
  facet normal -0.536684 -0.831439 0.143807
    outer loop
      vertex 25.2403 20.7767 21.3138
      vertex 23.8373 21.0311 17.5487
      vertex 24.205 20.7767 17.4501
    endloop
  endfacet
  facet normal 0.258856 7.0083e-05 0.965916
    outer loop
      vertex 25.2703 19.3394 17.1647
      vertex 23.0219 21.3807 17.7671
      vertex 20.8532 21.2336 18.3483
    endloop
  endfacet
  facet normal 0.25846 0.000446291 0.966022
    outer loop
      vertex 20.8532 21.2336 18.3483
      vertex 20.0889 20.7767 18.553
      vertex 19.7564 20.4749 18.6421
    endloop
  endfacet
  facet normal -0.963838 0.0656837 0.258266
    outer loop
      vertex 25.5277 18 17.0957
      vertex 26.5572 17.9086 20.961
      vertex 26.563 18 20.9594
    endloop
  endfacet
  facet normal -0.963859 0.0653896 0.258264
    outer loop
      vertex 26.5572 17.9086 20.961
      vertex 25.5277 18 17.0957
      vertex 25.4988 17.5432 17.1035
    endloop
  endfacet
  facet normal 0.260572 0 0.965454
    outer loop
      vertex 25.5277 18 17.0957
      vertex 25.4988 18.4568 17.1035
      vertex 25.4988 17.5432 17.1035
    endloop
  endfacet
  facet normal 0.258817 -2.44839e-05 0.965926
    outer loop
      vertex 25.0747 16.25 17.2171
      vertex 25.2703 16.6606 17.1647
      vertex 23.0219 14.6193 17.7671
    endloop
  endfacet
  facet normal 0.310411 0.946957 -0.0831763
    outer loop
      vertex 21.8885 14.7664 22.212
      vertex 22.2235 14.6487 22.1222
      vertex 20.8532 14.7664 18.3483
    endloop
  endfacet
  facet normal -0.947368 0.195104 0.253828
    outer loop
      vertex 25.4125 17.0941 17.1266
      vertex 26.534 17.5432 20.9672
      vertex 25.4988 17.5432 17.1035
    endloop
  endfacet
  facet normal -0.947401 0.194901 0.253861
    outer loop
      vertex 26.534 17.5432 20.9672
      vertex 25.4125 17.0941 17.1266
      vertex 26.4478 17.0941 20.9903
    endloop
  endfacet
  facet normal 0.536918 -0.831277 -0.143866
    outer loop
      vertex 20.0889 20.7767 18.553
      vertex 21.1977 20.8276 22.397
      vertex 21.1242 20.7767 22.4168
    endloop
  endfacet
  facet normal 0.536711 -0.831421 -0.143805
    outer loop
      vertex 21.1977 20.8276 22.397
      vertex 20.0889 20.7767 18.553
      vertex 20.4566 21.0311 18.4545
    endloop
  endfacet
  facet normal 0.427267 -0.896849 -0.114481
    outer loop
      vertex 20.8532 21.2336 18.3483
      vertex 21.8091 21.1931 22.2332
      vertex 20.4566 21.0311 18.4545
    endloop
  endfacet
  facet normal 0.426985 -0.896991 -0.114413
    outer loop
      vertex 21.8091 21.1931 22.2332
      vertex 20.8532 21.2336 18.3483
      vertex 21.8885 21.2336 22.212
    endloop
  endfacet
  facet normal 0.914756 -0.321132 -0.245144
    outer loop
      vertex 18.8814 18.9059 18.8766
      vertex 20.0588 19.3394 22.7022
      vertex 20.0304 19.2527 22.7098
    endloop
  endfacet
  facet normal 0.914685 -0.321372 -0.245095
    outer loop
      vertex 20.0588 19.3394 22.7022
      vertex 18.8814 18.9059 18.8766
      vertex 19.0235 19.3394 18.8385
    endloop
  endfacet
  facet normal 0.726096 0.659493 -0.194561
    outer loop
      vertex 20.5001 15.8693 22.584
      vertex 20.7334 15.594 22.5215
      vertex 19.4648 15.8693 18.7203
    endloop
  endfacet
  facet normal 0.258813 -0.000737583 0.965927
    outer loop
      vertex 21.2719 14.6193 18.236
      vertex 23.0219 14.6193 17.7671
      vertex 20.8532 14.7664 18.3483
    endloop
  endfacet
  facet normal 0.258813 0.000404831 0.965927
    outer loop
      vertex 22.1469 14.5 18.0016
      vertex 23.0219 14.6193 17.7671
      vertex 21.2719 14.6193 18.236
    endloop
  endfacet
  facet normal -0.866301 0.442309 0.23213
    outer loop
      vertex 25.0747 16.25 17.2171
      vertex 26.3056 16.6606 21.0284
      vertex 25.2703 16.6606 17.1647
    endloop
  endfacet
  facet normal -0.866301 0.442309 0.23213
    outer loop
      vertex 26.3056 16.6606 21.0284
      vertex 25.0747 16.25 17.2171
      vertex 26.11 16.25 21.0808
    endloop
  endfacet
  facet normal 0.258476 0.000215995 0.966018
    outer loop
      vertex 24.8291 15.8693 17.2829
      vertex 25.0747 16.25 17.2171
      vertex 24.5375 15.5251 17.361
    endloop
  endfacet
  facet normal -0.726202 0.659374 0.194571
    outer loop
      vertex 24.5375 15.5251 17.361
      vertex 25.8643 15.8693 21.1466
      vertex 24.8291 15.8693 17.2829
    endloop
  endfacet
  facet normal -0.726272 0.659286 0.194604
    outer loop
      vertex 25.8643 15.8693 21.1466
      vertex 24.5375 15.5251 17.361
      vertex 25.5728 15.5251 21.2248
    endloop
  endfacet
  facet normal -0.427234 0.896864 0.11448
    outer loop
      vertex 24.476 14.7664 21.5186
      vertex 24.7933 14.9284 21.4336
      vertex 23.4407 14.7664 17.6549
    endloop
  endfacet
  facet normal 0.947286 -0.195497 -0.253831
    outer loop
      vertex 19.8994 18.8161 22.7449
      vertex 18.8814 18.9059 18.8766
      vertex 19.9167 18.9059 22.7403
    endloop
  endfacet
  facet normal 0.947364 -0.195104 -0.253842
    outer loop
      vertex 18.8814 18.9059 18.8766
      vertex 19.8994 18.8161 22.7449
      vertex 18.7951 18.4568 18.8997
    endloop
  endfacet
  facet normal 0.258253 0.000157365 0.966077
    outer loop
      vertex 19.0235 19.3394 18.8385
      vertex 18.7951 18.4568 18.8997
      vertex 18.7662 18 18.9075
    endloop
  endfacet
  facet normal 0.259018 -0 0.965873
    outer loop
      vertex 19.0235 16.6606 18.8385
      vertex 19.0235 19.3394 18.8385
      vertex 18.7662 18 18.9075
    endloop
  endfacet
  facet normal -0.636897 -0.751823 0.170656
    outer loop
      vertex 25.5728 20.4749 21.2248
      vertex 25.3068 20.7164 21.296
      vertex 24.5375 20.4749 17.361
    endloop
  endfacet
  facet normal 0.258587 -0.00218294 0.965986
    outer loop
      vertex 23.0219 21.3807 17.7671
      vertex 22.5882 21.4701 17.8834
      vertex 22.1469 21.5 18.0016
    endloop
  endfacet
  facet normal -0.310341 -0.946981 0.0831575
    outer loop
      vertex 23.0219 21.3807 17.7671
      vertex 24.476 21.2336 21.5186
      vertex 24.0572 21.3807 21.6308
    endloop
  endfacet
  facet normal -0.310341 -0.946981 0.0831575
    outer loop
      vertex 24.476 21.2336 21.5186
      vertex 23.0219 21.3807 17.7671
      vertex 23.4407 21.2336 17.6549
    endloop
  endfacet
  facet normal 0.258798 -0.000281687 0.965932
    outer loop
      vertex 22.1469 21.5 18.0016
      vertex 21.7057 21.4701 18.1198
      vertex 21.2719 21.3807 18.236
    endloop
  endfacet
  facet normal -0.803248 -0.555398 0.215235
    outer loop
      vertex 26.11 19.75 21.0808
      vertex 24.8291 20.1307 17.2829
      vertex 25.0747 19.75 17.2171
    endloop
  endfacet
  facet normal -0.803159 -0.555544 0.21519
    outer loop
      vertex 24.8291 20.1307 17.2829
      vertex 26.11 19.75 21.0808
      vertex 25.8643 20.1307 21.1466
    endloop
  endfacet
  facet normal 0.258476 -0.000215995 0.966018
    outer loop
      vertex 25.0747 19.75 17.2171
      vertex 24.8291 20.1307 17.2829
      vertex 24.5375 20.4749 17.361
    endloop
  endfacet
  facet normal 0.259054 -0.000145569 0.965863
    outer loop
      vertex 19.7564 20.4749 18.6421
      vertex 19.2191 19.75 18.7861
      vertex 19.0235 19.3394 18.8385
    endloop
  endfacet
  facet normal 0.866319 -0.442272 -0.232135
    outer loop
      vertex 19.0235 19.3394 18.8385
      vertex 20.0979 19.4215 22.6917
      vertex 20.0588 19.3394 22.7022
    endloop
  endfacet
  facet normal 0.866302 -0.442309 -0.232129
    outer loop
      vertex 20.0979 19.4215 22.6917
      vertex 19.0235 19.3394 18.8385
      vertex 19.2191 19.75 18.7861
    endloop
  endfacet
  facet normal -0.803248 0.555398 0.215235
    outer loop
      vertex 24.8291 15.8693 17.2829
      vertex 26.11 16.25 21.0808
      vertex 25.0747 16.25 17.2171
    endloop
  endfacet
  facet normal -0.803159 0.555544 0.21519
    outer loop
      vertex 26.11 16.25 21.0808
      vertex 24.8291 15.8693 17.2829
      vertex 25.8643 15.8693 21.1466
    endloop
  endfacet
  facet normal 0.258871 -9.797e-05 0.965912
    outer loop
      vertex 24.5375 15.5251 17.361
      vertex 25.0747 16.25 17.2171
      vertex 23.0219 14.6193 17.7671
    endloop
  endfacet
  facet normal -0.963851 0.0655787 0.258244
    outer loop
      vertex 26.534 17.5432 20.9672
      vertex 26.5572 17.9086 20.961
      vertex 25.4988 17.5432 17.1035
    endloop
  endfacet
  facet normal 0.636449 -0.75223 -0.17054
    outer loop
      vertex 19.7564 20.4749 18.6421
      vertex 20.8582 20.5352 22.488
      vertex 20.7917 20.4749 22.5058
    endloop
  endfacet
  facet normal 0.636777 -0.751929 -0.170639
    outer loop
      vertex 20.8582 20.5352 22.488
      vertex 19.7564 20.4749 18.6421
      vertex 20.0889 20.7767 18.553
    endloop
  endfacet
  facet normal 0.636897 -0.751823 -0.170656
    outer loop
      vertex 21.1242 20.7767 22.4168
      vertex 20.8582 20.5352 22.488
      vertex 20.0889 20.7767 18.553
    endloop
  endfacet
  facet normal 0.427236 -0.896864 -0.114469
    outer loop
      vertex 21.8091 21.1931 22.2332
      vertex 21.4918 21.0311 22.3182
      vertex 20.4566 21.0311 18.4545
    endloop
  endfacet
  facet normal 0.636449 0.75223 -0.17054
    outer loop
      vertex 20.8582 15.4648 22.488
      vertex 19.7564 15.5251 18.6421
      vertex 20.7917 15.5251 22.5058
    endloop
  endfacet
  facet normal 0.636777 0.751929 -0.170639
    outer loop
      vertex 19.7564 15.5251 18.6421
      vertex 20.8582 15.4648 22.488
      vertex 20.0889 15.2233 18.553
    endloop
  endfacet
  facet normal 0.803154 0.555544 -0.215209
    outer loop
      vertex 20.5001 15.8693 22.584
      vertex 19.2191 16.25 18.7861
      vertex 20.2544 16.25 22.6498
    endloop
  endfacet
  facet normal 0.803154 0.555544 -0.215209
    outer loop
      vertex 19.2191 16.25 18.7861
      vertex 20.5001 15.8693 22.584
      vertex 19.4648 15.8693 18.7203
    endloop
  endfacet
  facet normal -0.310341 0.946981 0.0831575
    outer loop
      vertex 24.476 14.7664 21.5186
      vertex 23.0219 14.6193 17.7671
      vertex 24.0572 14.6193 21.6308
    endloop
  endfacet
  facet normal -0.310341 0.946981 0.0831575
    outer loop
      vertex 23.0219 14.6193 17.7671
      vertex 24.476 14.7664 21.5186
      vertex 23.4407 14.7664 17.6549
    endloop
  endfacet
  facet normal 0.188598 0.980754 -0.0505309
    outer loop
      vertex 22.394 14.6014 22.0765
      vertex 22.7409 14.5299 21.9835
      vertex 21.7057 14.5299 18.1198
    endloop
  endfacet
  facet normal 0.947298 0.195497 -0.253786
    outer loop
      vertex 19.9167 17.0941 22.7403
      vertex 18.7951 17.5432 18.8997
      vertex 19.8994 17.1839 22.7449
    endloop
  endfacet
  facet normal 0.947362 0.195104 -0.253851
    outer loop
      vertex 18.7951 17.5432 18.8997
      vertex 19.9167 17.0941 22.7403
      vertex 18.8814 17.0941 18.8766
    endloop
  endfacet
  facet normal 0.259548 0.000201879 0.96573
    outer loop
      vertex 18.8814 17.0941 18.8766
      vertex 19.0235 16.6606 18.8385
      vertex 18.7951 17.5432 18.8997
    endloop
  endfacet
  facet normal 0.258396 -0.000561298 0.966039
    outer loop
      vertex 20.4566 14.9689 18.4545
      vertex 20.8532 14.7664 18.3483
      vertex 20.0889 15.2233 18.553
    endloop
  endfacet
  facet normal 0.426985 0.896991 -0.114413
    outer loop
      vertex 20.8532 14.7664 18.3483
      vertex 21.8091 14.8069 22.2332
      vertex 21.8885 14.7664 22.212
    endloop
  endfacet
  facet normal 0.427267 0.896849 -0.114481
    outer loop
      vertex 21.8091 14.8069 22.2332
      vertex 20.8532 14.7664 18.3483
      vertex 20.4566 14.9689 18.4545
    endloop
  endfacet
  facet normal 0.726451 0.659057 -0.194711
    outer loop
      vertex 20.7917 15.5251 22.5058
      vertex 19.4648 15.8693 18.7203
      vertex 20.7334 15.594 22.5215
    endloop
  endfacet
  facet normal 0.72617 0.659405 -0.194581
    outer loop
      vertex 19.4648 15.8693 18.7203
      vertex 20.7917 15.5251 22.5058
      vertex 19.7564 15.5251 18.6421
    endloop
  endfacet
  facet normal 0.259054 0.000145569 0.965863
    outer loop
      vertex 19.2191 16.25 18.7861
      vertex 19.7564 15.5251 18.6421
      vertex 19.0235 16.6606 18.8385
    endloop
  endfacet
  facet normal 0.258587 0.00218294 0.965986
    outer loop
      vertex 22.5882 14.5299 17.8834
      vertex 23.0219 14.6193 17.7671
      vertex 22.1469 14.5 18.0016
    endloop
  endfacet
  facet normal 0.310371 0.946971 -0.0831636
    outer loop
      vertex 21.2719 14.6193 18.236
      vertex 22.2235 14.6487 22.1222
      vertex 22.3072 14.6193 22.0998
    endloop
  endfacet
  facet normal 0.310387 0.946965 -0.0831673
    outer loop
      vertex 22.2235 14.6487 22.1222
      vertex 21.2719 14.6193 18.236
      vertex 20.8532 14.7664 18.3483
    endloop
  endfacet
  facet normal -0.636897 0.751823 0.170656
    outer loop
      vertex 25.3068 15.2836 21.296
      vertex 25.5728 15.5251 21.2248
      vertex 24.5375 15.5251 17.361
    endloop
  endfacet
  facet normal 0.259548 -0.000201879 0.96573
    outer loop
      vertex 19.0235 19.3394 18.8385
      vertex 18.8814 18.9059 18.8766
      vertex 18.7951 18.4568 18.8997
    endloop
  endfacet
  facet normal 0.963862 -0.0653161 -0.258272
    outer loop
      vertex 19.8304 18.4568 22.7634
      vertex 19.8073 18.0914 22.7696
      vertex 18.7951 18.4568 18.8997
    endloop
  endfacet
  facet normal -0.914623 -0.321561 0.245078
    outer loop
      vertex 26.4478 18.9059 20.9903
      vertex 25.2703 19.3394 17.1647
      vertex 25.4125 18.9059 17.1266
    endloop
  endfacet
  facet normal -0.914469 -0.322078 0.244973
    outer loop
      vertex 25.2703 19.3394 17.1647
      vertex 26.4478 18.9059 20.9903
      vertex 26.4193 18.9926 20.9979
    endloop
  endfacet
  facet normal -0.914665 -0.321432 0.24509
    outer loop
      vertex 26.4193 18.9926 20.9979
      vertex 26.3056 19.3394 21.0284
      vertex 25.2703 19.3394 17.1647
    endloop
  endfacet
  facet normal 0.258813 0.000737583 0.965927
    outer loop
      vertex 23.0219 21.3807 17.7671
      vertex 21.2719 21.3807 18.236
      vertex 20.8532 21.2336 18.3483
    endloop
  endfacet
  facet normal 0.258813 -0.000404831 0.965927
    outer loop
      vertex 23.0219 21.3807 17.7671
      vertex 22.1469 21.5 18.0016
      vertex 21.2719 21.3807 18.236
    endloop
  endfacet
  facet normal -0.188873 -0.980697 0.0506095
    outer loop
      vertex 22.5882 21.4701 17.8834
      vertex 23.7102 21.4522 21.7238
      vertex 23.6235 21.4701 21.7471
    endloop
  endfacet
  facet normal -0.188614 -0.98075 0.0505337
    outer loop
      vertex 23.7102 21.4522 21.7238
      vertex 22.5882 21.4701 17.8834
      vertex 23.0219 21.3807 17.7671
    endloop
  endfacet
  facet normal 0.726096 -0.659493 -0.194561
    outer loop
      vertex 20.7334 20.406 22.5215
      vertex 20.5001 20.1307 22.584
      vertex 19.4648 20.1307 18.7203
    endloop
  endfacet
  facet normal 0.866297 -0.442319 -0.232129
    outer loop
      vertex 20.2544 19.75 22.6498
      vertex 20.0979 19.4215 22.6917
      vertex 19.2191 19.75 18.7861
    endloop
  endfacet
  facet normal 0.726451 -0.659057 -0.194711
    outer loop
      vertex 19.4648 20.1307 18.7203
      vertex 20.7917 20.4749 22.5058
      vertex 20.7334 20.406 22.5215
    endloop
  endfacet
  facet normal 0.72617 -0.659405 -0.194581
    outer loop
      vertex 20.7917 20.4749 22.5058
      vertex 19.4648 20.1307 18.7203
      vertex 19.7564 20.4749 18.6421
    endloop
  endfacet
  facet normal 0.260087 -0.000966235 0.965585
    outer loop
      vertex 19.7564 20.4749 18.6421
      vertex 19.4648 20.1307 18.7203
      vertex 19.2191 19.75 18.7861
    endloop
  endfacet
  facet normal 0.259533 -0.00082101 0.965734
    outer loop
      vertex 24.205 15.2233 17.4501
      vertex 24.5375 15.5251 17.361
      vertex 23.8373 14.9689 17.5487
    endloop
  endfacet
  facet normal 0.258192 0.000987936 0.966093
    outer loop
      vertex 23.8373 14.9689 17.5487
      vertex 24.5375 15.5251 17.361
      vertex 23.4407 14.7664 17.6549
    endloop
  endfacet
  facet normal 0.536746 -0.831398 -0.14381
    outer loop
      vertex 21.4918 21.0311 22.3182
      vertex 21.1977 20.8276 22.397
      vertex 20.4566 21.0311 18.4545
    endloop
  endfacet
  facet normal 0.636897 0.751823 -0.170656
    outer loop
      vertex 20.8582 15.4648 22.488
      vertex 21.1242 15.2233 22.4168
      vertex 20.0889 15.2233 18.553
    endloop
  endfacet
  facet normal 0.260087 0.000966235 0.965585
    outer loop
      vertex 19.4648 15.8693 18.7203
      vertex 19.7564 15.5251 18.6421
      vertex 19.2191 16.25 18.7861
    endloop
  endfacet
  facet normal 0.258798 0.000281687 0.965932
    outer loop
      vertex 21.7057 14.5299 18.1198
      vertex 22.1469 14.5 18.0016
      vertex 21.2719 14.6193 18.236
    endloop
  endfacet
  facet normal 0.947381 -0.195006 -0.253856
    outer loop
      vertex 19.8994 18.8161 22.7449
      vertex 19.8304 18.4568 22.7634
      vertex 18.7951 18.4568 18.8997
    endloop
  endfacet
  facet normal -0.427264 -0.896849 0.114491
    outer loop
      vertex 23.8373 21.0311 17.5487
      vertex 24.7933 21.0716 21.4336
      vertex 23.4407 21.2336 17.6549
    endloop
  endfacet
  facet normal -0.427389 -0.896785 0.114521
    outer loop
      vertex 24.7933 21.0716 21.4336
      vertex 23.8373 21.0311 17.5487
      vertex 24.8726 21.0311 21.4124
    endloop
  endfacet
  facet normal -0.427234 -0.896864 0.11448
    outer loop
      vertex 24.7933 21.0716 21.4336
      vertex 24.476 21.2336 21.5186
      vertex 23.4407 21.2336 17.6549
    endloop
  endfacet
  facet normal -0.0630823 -0.997865 0.0169032
    outer loop
      vertex 22.1469 21.5 18.0016
      vertex 23.6235 21.4701 21.7471
      vertex 23.1822 21.5 21.8653
    endloop
  endfacet
  facet normal -0.0630823 -0.997865 0.0169032
    outer loop
      vertex 23.6235 21.4701 21.7471
      vertex 22.1469 21.5 18.0016
      vertex 22.5882 21.4701 17.8834
    endloop
  endfacet
  facet normal 0.914665 0.321432 -0.24509
    outer loop
      vertex 19.9167 17.0941 22.7403
      vertex 20.0304 16.7473 22.7098
      vertex 18.8814 17.0941 18.8766
    endloop
  endfacet
  facet normal 0.914756 0.321132 -0.245144
    outer loop
      vertex 20.0588 16.6606 22.7022
      vertex 18.8814 17.0941 18.8766
      vertex 20.0304 16.7473 22.7098
    endloop
  endfacet
  facet normal 0.914685 0.321372 -0.245095
    outer loop
      vertex 18.8814 17.0941 18.8766
      vertex 20.0588 16.6606 22.7022
      vertex 19.0235 16.6606 18.8385
    endloop
  endfacet
  facet normal 0.536746 0.831398 -0.14381
    outer loop
      vertex 21.1977 15.1724 22.397
      vertex 21.4918 14.9689 22.3182
      vertex 20.4566 14.9689 18.4545
    endloop
  endfacet
  facet normal 0.427236 0.896864 -0.114469
    outer loop
      vertex 21.4918 14.9689 22.3182
      vertex 21.8091 14.8069 22.2332
      vertex 20.4566 14.9689 18.4545
    endloop
  endfacet
  facet normal 0.866297 0.442319 -0.232129
    outer loop
      vertex 20.0979 16.5785 22.6917
      vertex 20.2544 16.25 22.6498
      vertex 19.2191 16.25 18.7861
    endloop
  endfacet
  facet normal 0.866319 0.442272 -0.232135
    outer loop
      vertex 20.0979 16.5785 22.6917
      vertex 19.0235 16.6606 18.8385
      vertex 20.0588 16.6606 22.7022
    endloop
  endfacet
  facet normal 0.866302 0.442309 -0.232129
    outer loop
      vertex 19.0235 16.6606 18.8385
      vertex 20.0979 16.5785 22.6917
      vertex 19.2191 16.25 18.7861
    endloop
  endfacet
  facet normal 0.188678 0.980737 -0.050556
    outer loop
      vertex 22.394 14.6014 22.0765
      vertex 21.2719 14.6193 18.236
      vertex 22.3072 14.6193 22.0998
    endloop
  endfacet
  facet normal 0.188585 0.980756 -0.0505287
    outer loop
      vertex 21.2719 14.6193 18.236
      vertex 22.394 14.6014 22.0765
      vertex 21.7057 14.5299 18.1198
    endloop
  endfacet
  facet normal 0.0630827 0.997865 -0.0169017
    outer loop
      vertex 23.1822 14.5 21.8653
      vertex 21.7057 14.5299 18.1198
      vertex 22.7409 14.5299 21.9835
    endloop
  endfacet
  facet normal 0.0630956 0.997864 -0.0169068
    outer loop
      vertex 21.7057 14.5299 18.1198
      vertex 23.1822 14.5 21.8653
      vertex 22.1469 14.5 18.0016
    endloop
  endfacet
  facet normal -0.963851 -0.0655787 0.258244
    outer loop
      vertex 26.5572 -17.9086 20.961
      vertex 26.534 -17.5432 20.9672
      vertex 25.4988 -17.5432 17.1035
    endloop
  endfacet
  facet normal -0.963859 -0.0653896 0.258264
    outer loop
      vertex 25.5277 -18 17.0957
      vertex 26.5572 -17.9086 20.961
      vertex 25.4988 -17.5432 17.1035
    endloop
  endfacet
  facet normal -0.963838 -0.0656837 0.258266
    outer loop
      vertex 26.5572 -17.9086 20.961
      vertex 25.5277 -18 17.0957
      vertex 26.563 -18 20.9594
    endloop
  endfacet
  facet normal 0.963862 0.0653161 -0.258272
    outer loop
      vertex 19.8073 -18.0914 22.7696
      vertex 19.8304 -18.4568 22.7634
      vertex 18.7951 -18.4568 18.8997
    endloop
  endfacet
  facet normal 0.258828 0 0.965924
    outer loop
      vertex 20.8532 -14.7664 18.3483
      vertex 25.2703 -19.3394 17.1647
      vertex 25.2703 -16.6606 17.1647
    endloop
  endfacet
  facet normal 0.258828 0 0.965924
    outer loop
      vertex 25.2703 -19.3394 17.1647
      vertex 20.8532 -14.7664 18.3483
      vertex 20.8532 -21.2336 18.3483
    endloop
  endfacet
  facet normal 0.258871 -9.797e-05 0.965912
    outer loop
      vertex 24.5375 -20.4749 17.361
      vertex 25.0747 -19.75 17.2171
      vertex 23.0219 -21.3807 17.7671
    endloop
  endfacet
  facet normal 0.963838 -0.0656837 -0.258266
    outer loop
      vertex 18.7662 -18 18.9075
      vertex 19.8073 -17.9086 22.7696
      vertex 19.8015 -18 22.7712
    endloop
  endfacet
  facet normal 0.963855 -0.0653896 -0.258277
    outer loop
      vertex 19.8073 -17.9086 22.7696
      vertex 18.7662 -18 18.9075
      vertex 18.7951 -17.5432 18.8997
    endloop
  endfacet
  facet normal 0.188598 -0.980754 -0.0505309
    outer loop
      vertex 22.7409 -14.5299 21.9835
      vertex 22.394 -14.6014 22.0765
      vertex 21.7057 -14.5299 18.1198
    endloop
  endfacet
  facet normal 0.258192 -0.000987936 0.966093
    outer loop
      vertex 24.5375 -15.5251 17.361
      vertex 23.8373 -14.9689 17.5487
      vertex 23.4407 -14.7664 17.6549
    endloop
  endfacet
  facet normal 0.259137 -0.000117211 0.96584
    outer loop
      vertex 25.4125 -18.9059 17.1266
      vertex 25.4988 -18.4568 17.1035
      vertex 25.2703 -19.3394 17.1647
    endloop
  endfacet
  facet normal 0.259533 0.00082101 0.965734
    outer loop
      vertex 24.5375 -15.5251 17.361
      vertex 24.205 -15.2233 17.4501
      vertex 23.8373 -14.9689 17.5487
    endloop
  endfacet
  facet normal 0.0630827 -0.997865 -0.0169017
    outer loop
      vertex 21.7057 -14.5299 18.1198
      vertex 23.1822 -14.5 21.8653
      vertex 22.7409 -14.5299 21.9835
    endloop
  endfacet
  facet normal 0.0630956 -0.997864 -0.0169068
    outer loop
      vertex 23.1822 -14.5 21.8653
      vertex 21.7057 -14.5299 18.1198
      vertex 22.1469 -14.5 18.0016
    endloop
  endfacet
  facet normal -0.636449 -0.75223 0.17054
    outer loop
      vertex 24.205 -15.2233 17.4501
      vertex 25.3068 -15.2836 21.296
      vertex 25.2403 -15.2233 21.3138
    endloop
  endfacet
  facet normal -0.636777 -0.751929 0.170639
    outer loop
      vertex 25.3068 -15.2836 21.296
      vertex 24.205 -15.2233 17.4501
      vertex 24.5375 -15.5251 17.361
    endloop
  endfacet
  facet normal 0.25846 -0.000446291 0.966022
    outer loop
      vertex 20.0889 -20.7767 18.553
      vertex 20.8532 -21.2336 18.3483
      vertex 19.7564 -20.4749 18.6421
    endloop
  endfacet
  facet normal 0.25846 0.000446291 0.966022
    outer loop
      vertex 20.8532 -14.7664 18.3483
      vertex 20.0889 -15.2233 18.553
      vertex 19.7564 -15.5251 18.6421
    endloop
  endfacet
  facet normal 0.258715 0 0.965954
    outer loop
      vertex 25.2703 -16.6606 17.1647
      vertex 25.4988 -18.4568 17.1035
      vertex 25.4988 -17.5432 17.1035
    endloop
  endfacet
  facet normal 0.258715 0 0.965954
    outer loop
      vertex 25.4988 -18.4568 17.1035
      vertex 25.2703 -16.6606 17.1647
      vertex 25.2703 -19.3394 17.1647
    endloop
  endfacet
  facet normal -0.914665 0.321432 0.24509
    outer loop
      vertex 26.3056 -19.3394 21.0284
      vertex 26.4193 -18.9926 20.9979
      vertex 25.2703 -19.3394 17.1647
    endloop
  endfacet
  facet normal 0.258871 9.797e-05 0.965912
    outer loop
      vertex 25.0747 -16.25 17.2171
      vertex 24.5375 -15.5251 17.361
      vertex 23.0219 -14.6193 17.7671
    endloop
  endfacet
  facet normal 0.188598 0.980754 -0.0505309
    outer loop
      vertex 22.394 -21.3986 22.0765
      vertex 22.7409 -21.4701 21.9835
      vertex 21.7057 -21.4701 18.1198
    endloop
  endfacet
  facet normal 0.260087 0.000966235 0.965585
    outer loop
      vertex 19.4648 -20.1307 18.7203
      vertex 19.7564 -20.4749 18.6421
      vertex 19.2191 -19.75 18.7861
    endloop
  endfacet
  facet normal -0.914623 0.321561 0.245078
    outer loop
      vertex 25.2703 -19.3394 17.1647
      vertex 26.4478 -18.9059 20.9903
      vertex 25.4125 -18.9059 17.1266
    endloop
  endfacet
  facet normal -0.914469 0.322078 0.244973
    outer loop
      vertex 26.4478 -18.9059 20.9903
      vertex 25.2703 -19.3394 17.1647
      vertex 26.4193 -18.9926 20.9979
    endloop
  endfacet
  facet normal -0.188548 0.980764 0.0505224
    outer loop
      vertex 23.7102 -21.4522 21.7238
      vertex 24.0572 -21.3807 21.6308
      vertex 23.0219 -21.3807 17.7671
    endloop
  endfacet
  facet normal 0.636897 0.751823 -0.170656
    outer loop
      vertex 20.8582 -20.5352 22.488
      vertex 21.1242 -20.7767 22.4168
      vertex 20.0889 -20.7767 18.553
    endloop
  endfacet
  facet normal 0.963838 0.0656837 -0.258266
    outer loop
      vertex 19.8073 -18.0914 22.7696
      vertex 18.7662 -18 18.9075
      vertex 19.8015 -18 22.7712
    endloop
  endfacet
  facet normal 0.963855 0.0653896 -0.258277
    outer loop
      vertex 18.7662 -18 18.9075
      vertex 19.8073 -18.0914 22.7696
      vertex 18.7951 -18.4568 18.8997
    endloop
  endfacet
  facet normal -0.726202 -0.659374 0.194571
    outer loop
      vertex 25.8643 -15.8693 21.1466
      vertex 24.5375 -15.5251 17.361
      vertex 24.8291 -15.8693 17.2829
    endloop
  endfacet
  facet normal -0.726272 -0.659286 0.194604
    outer loop
      vertex 24.5375 -15.5251 17.361
      vertex 25.8643 -15.8693 21.1466
      vertex 25.5728 -15.5251 21.2248
    endloop
  endfacet
  facet normal 0.259137 0.000117211 0.96584
    outer loop
      vertex 25.4988 -17.5432 17.1035
      vertex 25.4125 -17.0941 17.1266
      vertex 25.2703 -16.6606 17.1647
    endloop
  endfacet
  facet normal 0.258817 2.44839e-05 0.965926
    outer loop
      vertex 25.2703 -16.6606 17.1647
      vertex 25.0747 -16.25 17.2171
      vertex 23.0219 -14.6193 17.7671
    endloop
  endfacet
  facet normal 0.258733 -0.000150447 0.965949
    outer loop
      vertex 24.5375 -15.5251 17.361
      vertex 23.4407 -14.7664 17.6549
      vertex 23.0219 -14.6193 17.7671
    endloop
  endfacet
  facet normal 0.310387 -0.946965 -0.0831673
    outer loop
      vertex 21.2719 -14.6193 18.236
      vertex 22.2235 -14.6487 22.1222
      vertex 20.8532 -14.7664 18.3483
    endloop
  endfacet
  facet normal 0.310371 -0.946971 -0.0831636
    outer loop
      vertex 22.2235 -14.6487 22.1222
      vertex 21.2719 -14.6193 18.236
      vertex 22.3072 -14.6193 22.0998
    endloop
  endfacet
  facet normal 0.188678 -0.980737 -0.050556
    outer loop
      vertex 21.2719 -14.6193 18.236
      vertex 22.394 -14.6014 22.0765
      vertex 22.3072 -14.6193 22.0998
    endloop
  endfacet
  facet normal 0.188585 -0.980756 -0.0505287
    outer loop
      vertex 22.394 -14.6014 22.0765
      vertex 21.2719 -14.6193 18.236
      vertex 21.7057 -14.5299 18.1198
    endloop
  endfacet
  facet normal 0.25867 0.000119806 0.965966
    outer loop
      vertex 20.8532 -14.7664 18.3483
      vertex 19.7564 -15.5251 18.6421
      vertex 19.0235 -16.6606 18.8385
    endloop
  endfacet
  facet normal 0.803154 0.555544 -0.215209
    outer loop
      vertex 20.5001 -20.1307 22.584
      vertex 19.2191 -19.75 18.7861
      vertex 20.2544 -19.75 22.6498
    endloop
  endfacet
  facet normal 0.803154 0.555544 -0.215209
    outer loop
      vertex 19.2191 -19.75 18.7861
      vertex 20.5001 -20.1307 22.584
      vertex 19.4648 -20.1307 18.7203
    endloop
  endfacet
  facet normal 0.258786 0 0.965935
    outer loop
      vertex 19.0235 -16.6606 18.8385
      vertex 20.8532 -21.2336 18.3483
      vertex 20.8532 -14.7664 18.3483
    endloop
  endfacet
  facet normal 0.258786 0 0.965935
    outer loop
      vertex 20.8532 -21.2336 18.3483
      vertex 19.0235 -16.6606 18.8385
      vertex 19.0235 -19.3394 18.8385
    endloop
  endfacet
  facet normal 0.310411 -0.946957 -0.0831763
    outer loop
      vertex 22.2235 -14.6487 22.1222
      vertex 21.8885 -14.7664 22.212
      vertex 20.8532 -14.7664 18.3483
    endloop
  endfacet
  facet normal -0.636449 0.75223 0.17054
    outer loop
      vertex 25.3068 -20.7164 21.296
      vertex 24.205 -20.7767 17.4501
      vertex 25.2403 -20.7767 21.3138
    endloop
  endfacet
  facet normal -0.636777 0.751929 0.170639
    outer loop
      vertex 24.205 -20.7767 17.4501
      vertex 25.3068 -20.7164 21.296
      vertex 24.5375 -20.4749 17.361
    endloop
  endfacet
  facet normal 0.426985 0.896991 -0.114413
    outer loop
      vertex 20.8532 -21.2336 18.3483
      vertex 21.8091 -21.1931 22.2332
      vertex 21.8885 -21.2336 22.212
    endloop
  endfacet
  facet normal 0.427267 0.896849 -0.114481
    outer loop
      vertex 21.8091 -21.1931 22.2332
      vertex 20.8532 -21.2336 18.3483
      vertex 20.4566 -21.0311 18.4545
    endloop
  endfacet
  facet normal -0.0630823 0.997865 0.0169032
    outer loop
      vertex 23.6235 -21.4701 21.7471
      vertex 22.1469 -21.5 18.0016
      vertex 23.1822 -21.5 21.8653
    endloop
  endfacet
  facet normal -0.0630823 0.997865 0.0169032
    outer loop
      vertex 22.1469 -21.5 18.0016
      vertex 23.6235 -21.4701 21.7471
      vertex 22.5882 -21.4701 17.8834
    endloop
  endfacet
  facet normal 0.258856 -7.0083e-05 0.965916
    outer loop
      vertex 23.0219 -21.3807 17.7671
      vertex 25.2703 -19.3394 17.1647
      vertex 20.8532 -21.2336 18.3483
    endloop
  endfacet
  facet normal 0.947381 0.195006 -0.253856
    outer loop
      vertex 19.8304 -18.4568 22.7634
      vertex 19.8994 -18.8161 22.7449
      vertex 18.7951 -18.4568 18.8997
    endloop
  endfacet
  facet normal 0.914756 -0.321132 -0.245144
    outer loop
      vertex 18.8814 -17.0941 18.8766
      vertex 20.0588 -16.6606 22.7022
      vertex 20.0304 -16.7473 22.7098
    endloop
  endfacet
  facet normal 0.914685 -0.321372 -0.245095
    outer loop
      vertex 20.0588 -16.6606 22.7022
      vertex 18.8814 -17.0941 18.8766
      vertex 19.0235 -16.6606 18.8385
    endloop
  endfacet
  facet normal 0.258253 -0.000157365 0.966077
    outer loop
      vertex 18.7951 -18.4568 18.8997
      vertex 19.0235 -19.3394 18.8385
      vertex 18.7662 -18 18.9075
    endloop
  endfacet
  facet normal -0.866301 -0.442309 0.23213
    outer loop
      vertex 26.3056 -16.6606 21.0284
      vertex 25.0747 -16.25 17.2171
      vertex 25.2703 -16.6606 17.1647
    endloop
  endfacet
  facet normal -0.866301 -0.442309 0.23213
    outer loop
      vertex 25.0747 -16.25 17.2171
      vertex 26.3056 -16.6606 21.0284
      vertex 26.11 -16.25 21.0808
    endloop
  endfacet
  facet normal -0.947368 -0.195104 0.253828
    outer loop
      vertex 26.534 -17.5432 20.9672
      vertex 25.4125 -17.0941 17.1266
      vertex 25.4988 -17.5432 17.1035
    endloop
  endfacet
  facet normal -0.947401 -0.194901 0.253861
    outer loop
      vertex 25.4125 -17.0941 17.1266
      vertex 26.534 -17.5432 20.9672
      vertex 26.4478 -17.0941 20.9903
    endloop
  endfacet
  facet normal -0.188873 -0.980697 0.0506095
    outer loop
      vertex 22.5882 -14.5299 17.8834
      vertex 23.7102 -14.5478 21.7238
      vertex 23.6235 -14.5299 21.7471
    endloop
  endfacet
  facet normal -0.188614 -0.98075 0.0505337
    outer loop
      vertex 23.7102 -14.5478 21.7238
      vertex 22.5882 -14.5299 17.8834
      vertex 23.0219 -14.6193 17.7671
    endloop
  endfacet
  facet normal 0.258587 -0.00218294 0.965986
    outer loop
      vertex 23.0219 -14.6193 17.7671
      vertex 22.5882 -14.5299 17.8834
      vertex 22.1469 -14.5 18.0016
    endloop
  endfacet
  facet normal -0.536684 -0.831439 0.143807
    outer loop
      vertex 23.8373 -14.9689 17.5487
      vertex 25.2403 -15.2233 21.3138
      vertex 24.8726 -14.9689 21.4124
    endloop
  endfacet
  facet normal -0.536684 -0.831439 0.143807
    outer loop
      vertex 25.2403 -15.2233 21.3138
      vertex 23.8373 -14.9689 17.5487
      vertex 24.205 -15.2233 17.4501
    endloop
  endfacet
  facet normal 0.258856 7.0083e-05 0.965916
    outer loop
      vertex 25.2703 -16.6606 17.1647
      vertex 23.0219 -14.6193 17.7671
      vertex 20.8532 -14.7664 18.3483
    endloop
  endfacet
  facet normal 0.636449 -0.75223 -0.17054
    outer loop
      vertex 19.7564 -15.5251 18.6421
      vertex 20.8582 -15.4648 22.488
      vertex 20.7917 -15.5251 22.5058
    endloop
  endfacet
  facet normal 0.636777 -0.751929 -0.170639
    outer loop
      vertex 20.8582 -15.4648 22.488
      vertex 19.7564 -15.5251 18.6421
      vertex 20.0889 -15.2233 18.553
    endloop
  endfacet
  facet normal -0.963838 0.0656837 0.258266
    outer loop
      vertex 25.5277 -18 17.0957
      vertex 26.5572 -18.0914 20.961
      vertex 26.563 -18 20.9594
    endloop
  endfacet
  facet normal -0.963859 0.0653896 0.258264
    outer loop
      vertex 26.5572 -18.0914 20.961
      vertex 25.5277 -18 17.0957
      vertex 25.4988 -18.4568 17.1035
    endloop
  endfacet
  facet normal 0.260572 0 0.965454
    outer loop
      vertex 25.5277 -18 17.0957
      vertex 25.4988 -17.5432 17.1035
      vertex 25.4988 -18.4568 17.1035
    endloop
  endfacet
  facet normal -0.803248 0.555398 0.215235
    outer loop
      vertex 24.8291 -20.1307 17.2829
      vertex 26.11 -19.75 21.0808
      vertex 25.0747 -19.75 17.2171
    endloop
  endfacet
  facet normal -0.803159 0.555544 0.21519
    outer loop
      vertex 26.11 -19.75 21.0808
      vertex 24.8291 -20.1307 17.2829
      vertex 25.8643 -20.1307 21.1466
    endloop
  endfacet
  facet normal -0.866301 0.442309 0.23213
    outer loop
      vertex 25.0747 -19.75 17.2171
      vertex 26.3056 -19.3394 21.0284
      vertex 25.2703 -19.3394 17.1647
    endloop
  endfacet
  facet normal -0.866301 0.442309 0.23213
    outer loop
      vertex 26.3056 -19.3394 21.0284
      vertex 25.0747 -19.75 17.2171
      vertex 26.11 -19.75 21.0808
    endloop
  endfacet
  facet normal -0.310341 0.946981 0.0831575
    outer loop
      vertex 24.476 -21.2336 21.5186
      vertex 23.0219 -21.3807 17.7671
      vertex 24.0572 -21.3807 21.6308
    endloop
  endfacet
  facet normal -0.310341 0.946981 0.0831575
    outer loop
      vertex 23.0219 -21.3807 17.7671
      vertex 24.476 -21.2336 21.5186
      vertex 23.4407 -21.2336 17.6549
    endloop
  endfacet
  facet normal -0.947368 0.195104 0.253828
    outer loop
      vertex 25.4125 -18.9059 17.1266
      vertex 26.534 -18.4568 20.9672
      vertex 25.4988 -18.4568 17.1035
    endloop
  endfacet
  facet normal -0.947401 0.194901 0.253861
    outer loop
      vertex 26.534 -18.4568 20.9672
      vertex 25.4125 -18.9059 17.1266
      vertex 26.4478 -18.9059 20.9903
    endloop
  endfacet
  facet normal 0.636897 -0.751823 -0.170656
    outer loop
      vertex 21.1242 -15.2233 22.4168
      vertex 20.8582 -15.4648 22.488
      vertex 20.0889 -15.2233 18.553
    endloop
  endfacet
  facet normal 0.427267 -0.896849 -0.114481
    outer loop
      vertex 20.8532 -14.7664 18.3483
      vertex 21.8091 -14.8069 22.2332
      vertex 20.4566 -14.9689 18.4545
    endloop
  endfacet
  facet normal 0.426985 -0.896991 -0.114413
    outer loop
      vertex 21.8091 -14.8069 22.2332
      vertex 20.8532 -14.7664 18.3483
      vertex 21.8885 -14.7664 22.212
    endloop
  endfacet
  facet normal 0.726451 -0.659057 -0.194711
    outer loop
      vertex 19.4648 -15.8693 18.7203
      vertex 20.7917 -15.5251 22.5058
      vertex 20.7334 -15.594 22.5215
    endloop
  endfacet
  facet normal 0.72617 -0.659405 -0.194581
    outer loop
      vertex 20.7917 -15.5251 22.5058
      vertex 19.4648 -15.8693 18.7203
      vertex 19.7564 -15.5251 18.6421
    endloop
  endfacet
  facet normal 0.914665 -0.321432 -0.24509
    outer loop
      vertex 20.0304 -16.7473 22.7098
      vertex 19.9167 -17.0941 22.7403
      vertex 18.8814 -17.0941 18.8766
    endloop
  endfacet
  facet normal 0.947286 -0.195497 -0.253831
    outer loop
      vertex 19.8994 -17.1839 22.7449
      vertex 18.8814 -17.0941 18.8766
      vertex 19.9167 -17.0941 22.7403
    endloop
  endfacet
  facet normal 0.947364 -0.195104 -0.253842
    outer loop
      vertex 18.8814 -17.0941 18.8766
      vertex 19.8994 -17.1839 22.7449
      vertex 18.7951 -17.5432 18.8997
    endloop
  endfacet
  facet normal 0.258253 0.000157365 0.966077
    outer loop
      vertex 19.0235 -16.6606 18.8385
      vertex 18.7951 -17.5432 18.8997
      vertex 18.7662 -18 18.9075
    endloop
  endfacet
  facet normal 0.259018 -0 0.965873
    outer loop
      vertex 19.0235 -19.3394 18.8385
      vertex 19.0235 -16.6606 18.8385
      vertex 18.7662 -18 18.9075
    endloop
  endfacet
  facet normal -0.636897 -0.751823 0.170656
    outer loop
      vertex 25.5728 -15.5251 21.2248
      vertex 25.3068 -15.2836 21.296
      vertex 24.5375 -15.5251 17.361
    endloop
  endfacet
  facet normal -0.310341 -0.946981 0.0831575
    outer loop
      vertex 23.0219 -14.6193 17.7671
      vertex 24.476 -14.7664 21.5186
      vertex 24.0572 -14.6193 21.6308
    endloop
  endfacet
  facet normal -0.310341 -0.946981 0.0831575
    outer loop
      vertex 24.476 -14.7664 21.5186
      vertex 23.0219 -14.6193 17.7671
      vertex 23.4407 -14.7664 17.6549
    endloop
  endfacet
  facet normal 0.258798 -0.000281687 0.965932
    outer loop
      vertex 22.1469 -14.5 18.0016
      vertex 21.7057 -14.5299 18.1198
      vertex 21.2719 -14.6193 18.236
    endloop
  endfacet
  facet normal -0.803248 -0.555398 0.215235
    outer loop
      vertex 26.11 -16.25 21.0808
      vertex 24.8291 -15.8693 17.2829
      vertex 25.0747 -16.25 17.2171
    endloop
  endfacet
  facet normal -0.803159 -0.555544 0.21519
    outer loop
      vertex 24.8291 -15.8693 17.2829
      vertex 26.11 -16.25 21.0808
      vertex 25.8643 -15.8693 21.1466
    endloop
  endfacet
  facet normal 0.258476 -0.000215995 0.966018
    outer loop
      vertex 25.0747 -16.25 17.2171
      vertex 24.8291 -15.8693 17.2829
      vertex 24.5375 -15.5251 17.361
    endloop
  endfacet
  facet normal 0.803154 -0.555544 -0.215209
    outer loop
      vertex 19.2191 -16.25 18.7861
      vertex 20.5001 -15.8693 22.584
      vertex 20.2544 -16.25 22.6498
    endloop
  endfacet
  facet normal 0.803154 -0.555544 -0.215209
    outer loop
      vertex 20.5001 -15.8693 22.584
      vertex 19.2191 -16.25 18.7861
      vertex 19.4648 -15.8693 18.7203
    endloop
  endfacet
  facet normal 0.536746 0.831398 -0.14381
    outer loop
      vertex 21.1977 -20.8276 22.397
      vertex 21.4918 -21.0311 22.3182
      vertex 20.4566 -21.0311 18.4545
    endloop
  endfacet
  facet normal 0.25867 -0.000119806 0.965966
    outer loop
      vertex 19.7564 -20.4749 18.6421
      vertex 20.8532 -21.2336 18.3483
      vertex 19.0235 -19.3394 18.8385
    endloop
  endfacet
  facet normal -0.963851 0.0655787 0.258244
    outer loop
      vertex 26.534 -18.4568 20.9672
      vertex 26.5572 -18.0914 20.961
      vertex 25.4988 -18.4568 17.1035
    endloop
  endfacet
  facet normal 0.258396 0.000561298 0.966039
    outer loop
      vertex 20.8532 -14.7664 18.3483
      vertex 20.4566 -14.9689 18.4545
      vertex 20.0889 -15.2233 18.553
    endloop
  endfacet
  facet normal 0.427236 -0.896864 -0.114469
    outer loop
      vertex 21.8091 -14.8069 22.2332
      vertex 21.4918 -14.9689 22.3182
      vertex 20.4566 -14.9689 18.4545
    endloop
  endfacet
  facet normal 0.258817 -2.44839e-05 0.965926
    outer loop
      vertex 25.0747 -19.75 17.2171
      vertex 25.2703 -19.3394 17.1647
      vertex 23.0219 -21.3807 17.7671
    endloop
  endfacet
  facet normal -0.188873 0.980697 0.0506095
    outer loop
      vertex 23.7102 -21.4522 21.7238
      vertex 22.5882 -21.4701 17.8834
      vertex 23.6235 -21.4701 21.7471
    endloop
  endfacet
  facet normal -0.188614 0.98075 0.0505337
    outer loop
      vertex 22.5882 -21.4701 17.8834
      vertex 23.7102 -21.4522 21.7238
      vertex 23.0219 -21.3807 17.7671
    endloop
  endfacet
  facet normal 0.258192 0.000987936 0.966093
    outer loop
      vertex 23.8373 -21.0311 17.5487
      vertex 24.5375 -20.4749 17.361
      vertex 23.4407 -21.2336 17.6549
    endloop
  endfacet
  facet normal -0.536684 0.831439 0.143807
    outer loop
      vertex 25.2403 -20.7767 21.3138
      vertex 23.8373 -21.0311 17.5487
      vertex 24.8726 -21.0311 21.4124
    endloop
  endfacet
  facet normal -0.536684 0.831439 0.143807
    outer loop
      vertex 23.8373 -21.0311 17.5487
      vertex 25.2403 -20.7767 21.3138
      vertex 24.205 -20.7767 17.4501
    endloop
  endfacet
  facet normal 0.947298 0.195497 -0.253786
    outer loop
      vertex 19.9167 -18.9059 22.7403
      vertex 18.7951 -18.4568 18.8997
      vertex 19.8994 -18.8161 22.7449
    endloop
  endfacet
  facet normal 0.947362 0.195104 -0.253851
    outer loop
      vertex 18.7951 -18.4568 18.8997
      vertex 19.9167 -18.9059 22.7403
      vertex 18.8814 -18.9059 18.8766
    endloop
  endfacet
  facet normal 0.259548 0.000201879 0.96573
    outer loop
      vertex 18.8814 -18.9059 18.8766
      vertex 19.0235 -19.3394 18.8385
      vertex 18.7951 -18.4568 18.8997
    endloop
  endfacet
  facet normal 0.259548 -0.000201879 0.96573
    outer loop
      vertex 19.0235 -16.6606 18.8385
      vertex 18.8814 -17.0941 18.8766
      vertex 18.7951 -17.5432 18.8997
    endloop
  endfacet
  facet normal 0.963862 -0.0653161 -0.258272
    outer loop
      vertex 19.8304 -17.5432 22.7634
      vertex 19.8073 -17.9086 22.7696
      vertex 18.7951 -17.5432 18.8997
    endloop
  endfacet
  facet normal -0.914623 -0.321561 0.245078
    outer loop
      vertex 26.4478 -17.0941 20.9903
      vertex 25.2703 -16.6606 17.1647
      vertex 25.4125 -17.0941 17.1266
    endloop
  endfacet
  facet normal -0.914469 -0.322078 0.244973
    outer loop
      vertex 25.2703 -16.6606 17.1647
      vertex 26.4478 -17.0941 20.9903
      vertex 26.4193 -17.0074 20.9979
    endloop
  endfacet
  facet normal -0.914665 -0.321432 0.24509
    outer loop
      vertex 26.4193 -17.0074 20.9979
      vertex 26.3056 -16.6606 21.0284
      vertex 25.2703 -16.6606 17.1647
    endloop
  endfacet
  facet normal -0.188548 -0.980764 0.0505224
    outer loop
      vertex 24.0572 -14.6193 21.6308
      vertex 23.7102 -14.5478 21.7238
      vertex 23.0219 -14.6193 17.7671
    endloop
  endfacet
  facet normal -0.0630823 -0.997865 0.0169032
    outer loop
      vertex 22.1469 -14.5 18.0016
      vertex 23.6235 -14.5299 21.7471
      vertex 23.1822 -14.5 21.8653
    endloop
  endfacet
  facet normal -0.0630823 -0.997865 0.0169032
    outer loop
      vertex 23.6235 -14.5299 21.7471
      vertex 22.1469 -14.5 18.0016
      vertex 22.5882 -14.5299 17.8834
    endloop
  endfacet
  facet normal 0.258813 0.000737583 0.965927
    outer loop
      vertex 23.0219 -14.6193 17.7671
      vertex 21.2719 -14.6193 18.236
      vertex 20.8532 -14.7664 18.3483
    endloop
  endfacet
  facet normal 0.258813 -0.000404831 0.965927
    outer loop
      vertex 23.0219 -14.6193 17.7671
      vertex 22.1469 -14.5 18.0016
      vertex 21.2719 -14.6193 18.236
    endloop
  endfacet
  facet normal 0.726096 -0.659493 -0.194561
    outer loop
      vertex 20.7334 -15.594 22.5215
      vertex 20.5001 -15.8693 22.584
      vertex 19.4648 -15.8693 18.7203
    endloop
  endfacet
  facet normal 0.260087 -0.000966235 0.965585
    outer loop
      vertex 19.7564 -15.5251 18.6421
      vertex 19.4648 -15.8693 18.7203
      vertex 19.2191 -16.25 18.7861
    endloop
  endfacet
  facet normal 0.259054 -0.000145569 0.965863
    outer loop
      vertex 19.7564 -15.5251 18.6421
      vertex 19.2191 -16.25 18.7861
      vertex 19.0235 -16.6606 18.8385
    endloop
  endfacet
  facet normal 0.866319 -0.442272 -0.232135
    outer loop
      vertex 19.0235 -16.6606 18.8385
      vertex 20.0979 -16.5785 22.6917
      vertex 20.0588 -16.6606 22.7022
    endloop
  endfacet
  facet normal 0.866302 -0.442309 -0.232129
    outer loop
      vertex 20.0979 -16.5785 22.6917
      vertex 19.0235 -16.6606 18.8385
      vertex 19.2191 -16.25 18.7861
    endloop
  endfacet
  facet normal 0.258798 0.000281687 0.965932
    outer loop
      vertex 21.7057 -21.4701 18.1198
      vertex 22.1469 -21.5 18.0016
      vertex 21.2719 -21.3807 18.236
    endloop
  endfacet
  facet normal 0.536918 0.831277 -0.143866
    outer loop
      vertex 21.1977 -20.8276 22.397
      vertex 20.0889 -20.7767 18.553
      vertex 21.1242 -20.7767 22.4168
    endloop
  endfacet
  facet normal 0.536711 0.831421 -0.143805
    outer loop
      vertex 20.0889 -20.7767 18.553
      vertex 21.1977 -20.8276 22.397
      vertex 20.4566 -21.0311 18.4545
    endloop
  endfacet
  facet normal 0.258396 -0.000561298 0.966039
    outer loop
      vertex 20.4566 -21.0311 18.4545
      vertex 20.8532 -21.2336 18.3483
      vertex 20.0889 -20.7767 18.553
    endloop
  endfacet
  facet normal 0.636449 0.75223 -0.17054
    outer loop
      vertex 20.8582 -20.5352 22.488
      vertex 19.7564 -20.4749 18.6421
      vertex 20.7917 -20.4749 22.5058
    endloop
  endfacet
  facet normal 0.636777 0.751929 -0.170639
    outer loop
      vertex 19.7564 -20.4749 18.6421
      vertex 20.8582 -20.5352 22.488
      vertex 20.0889 -20.7767 18.553
    endloop
  endfacet
  facet normal 0.259054 0.000145569 0.965863
    outer loop
      vertex 19.2191 -19.75 18.7861
      vertex 19.7564 -20.4749 18.6421
      vertex 19.0235 -19.3394 18.8385
    endloop
  endfacet
  facet normal 0.536746 -0.831398 -0.14381
    outer loop
      vertex 21.4918 -14.9689 22.3182
      vertex 21.1977 -15.1724 22.397
      vertex 20.4566 -14.9689 18.4545
    endloop
  endfacet
  facet normal 0.536918 -0.831277 -0.143866
    outer loop
      vertex 20.0889 -15.2233 18.553
      vertex 21.1977 -15.1724 22.397
      vertex 21.1242 -15.2233 22.4168
    endloop
  endfacet
  facet normal 0.536711 -0.831421 -0.143805
    outer loop
      vertex 21.1977 -15.1724 22.397
      vertex 20.0889 -15.2233 18.553
      vertex 20.4566 -14.9689 18.4545
    endloop
  endfacet
  facet normal 0.427236 0.896864 -0.114469
    outer loop
      vertex 21.4918 -21.0311 22.3182
      vertex 21.8091 -21.1931 22.2332
      vertex 20.4566 -21.0311 18.4545
    endloop
  endfacet
  facet normal 0.914665 0.321432 -0.24509
    outer loop
      vertex 19.9167 -18.9059 22.7403
      vertex 20.0304 -19.2527 22.7098
      vertex 18.8814 -18.9059 18.8766
    endloop
  endfacet
  facet normal 0.914756 0.321132 -0.245144
    outer loop
      vertex 20.0588 -19.3394 22.7022
      vertex 18.8814 -18.9059 18.8766
      vertex 20.0304 -19.2527 22.7098
    endloop
  endfacet
  facet normal 0.914685 0.321372 -0.245095
    outer loop
      vertex 18.8814 -18.9059 18.8766
      vertex 20.0588 -19.3394 22.7022
      vertex 19.0235 -19.3394 18.8385
    endloop
  endfacet
  facet normal 0.258813 -0.000737583 0.965927
    outer loop
      vertex 21.2719 -21.3807 18.236
      vertex 23.0219 -21.3807 17.7671
      vertex 20.8532 -21.2336 18.3483
    endloop
  endfacet
  facet normal 0.258587 0.00218294 0.965986
    outer loop
      vertex 22.5882 -21.4701 17.8834
      vertex 23.0219 -21.3807 17.7671
      vertex 22.1469 -21.5 18.0016
    endloop
  endfacet
  facet normal 0.258733 0.000150447 0.965949
    outer loop
      vertex 23.4407 -21.2336 17.6549
      vertex 24.5375 -20.4749 17.361
      vertex 23.0219 -21.3807 17.7671
    endloop
  endfacet
  facet normal -0.427234 0.896864 0.11448
    outer loop
      vertex 24.476 -21.2336 21.5186
      vertex 24.7933 -21.0716 21.4336
      vertex 23.4407 -21.2336 17.6549
    endloop
  endfacet
  facet normal -0.427389 0.896785 0.114521
    outer loop
      vertex 23.8373 -21.0311 17.5487
      vertex 24.7933 -21.0716 21.4336
      vertex 24.8726 -21.0311 21.4124
    endloop
  endfacet
  facet normal -0.427264 0.896849 0.114491
    outer loop
      vertex 24.7933 -21.0716 21.4336
      vertex 23.8373 -21.0311 17.5487
      vertex 23.4407 -21.2336 17.6549
    endloop
  endfacet
  facet normal 0.947381 -0.195006 -0.253856
    outer loop
      vertex 19.8994 -17.1839 22.7449
      vertex 19.8304 -17.5432 22.7634
      vertex 18.7951 -17.5432 18.8997
    endloop
  endfacet
  facet normal -0.427264 -0.896849 0.114491
    outer loop
      vertex 23.8373 -14.9689 17.5487
      vertex 24.7933 -14.9284 21.4336
      vertex 23.4407 -14.7664 17.6549
    endloop
  endfacet
  facet normal -0.427389 -0.896785 0.114521
    outer loop
      vertex 24.7933 -14.9284 21.4336
      vertex 23.8373 -14.9689 17.5487
      vertex 24.8726 -14.9689 21.4124
    endloop
  endfacet
  facet normal -0.427234 -0.896864 0.11448
    outer loop
      vertex 24.7933 -14.9284 21.4336
      vertex 24.476 -14.7664 21.5186
      vertex 23.4407 -14.7664 17.6549
    endloop
  endfacet
  facet normal 0.866297 -0.442319 -0.232129
    outer loop
      vertex 20.2544 -16.25 22.6498
      vertex 20.0979 -16.5785 22.6917
      vertex 19.2191 -16.25 18.7861
    endloop
  endfacet
  facet normal 0.310411 0.946957 -0.0831763
    outer loop
      vertex 21.8885 -21.2336 22.212
      vertex 22.2235 -21.3513 22.1222
      vertex 20.8532 -21.2336 18.3483
    endloop
  endfacet
  facet normal 0.866319 0.442272 -0.232135
    outer loop
      vertex 20.0979 -19.4215 22.6917
      vertex 19.0235 -19.3394 18.8385
      vertex 20.0588 -19.3394 22.7022
    endloop
  endfacet
  facet normal 0.866302 0.442309 -0.232129
    outer loop
      vertex 19.0235 -19.3394 18.8385
      vertex 20.0979 -19.4215 22.6917
      vertex 19.2191 -19.75 18.7861
    endloop
  endfacet
  facet normal 0.259533 -0.00082101 0.965734
    outer loop
      vertex 24.205 -20.7767 17.4501
      vertex 24.5375 -20.4749 17.361
      vertex 23.8373 -21.0311 17.5487
    endloop
  endfacet
  facet normal 0.258813 0.000404831 0.965927
    outer loop
      vertex 22.1469 -21.5 18.0016
      vertex 23.0219 -21.3807 17.7671
      vertex 21.2719 -21.3807 18.236
    endloop
  endfacet
  facet normal 0.258476 0.000215995 0.966018
    outer loop
      vertex 24.8291 -20.1307 17.2829
      vertex 25.0747 -19.75 17.2171
      vertex 24.5375 -20.4749 17.361
    endloop
  endfacet
  facet normal 0.0630827 0.997865 -0.0169017
    outer loop
      vertex 23.1822 -21.5 21.8653
      vertex 21.7057 -21.4701 18.1198
      vertex 22.7409 -21.4701 21.9835
    endloop
  endfacet
  facet normal 0.0630956 0.997864 -0.0169068
    outer loop
      vertex 21.7057 -21.4701 18.1198
      vertex 23.1822 -21.5 21.8653
      vertex 22.1469 -21.5 18.0016
    endloop
  endfacet
  facet normal 0.726451 0.659057 -0.194711
    outer loop
      vertex 20.7917 -20.4749 22.5058
      vertex 19.4648 -20.1307 18.7203
      vertex 20.7334 -20.406 22.5215
    endloop
  endfacet
  facet normal 0.72617 0.659405 -0.194581
    outer loop
      vertex 19.4648 -20.1307 18.7203
      vertex 20.7917 -20.4749 22.5058
      vertex 19.7564 -20.4749 18.6421
    endloop
  endfacet
  facet normal 0.726096 0.659493 -0.194561
    outer loop
      vertex 20.5001 -20.1307 22.584
      vertex 20.7334 -20.406 22.5215
      vertex 19.4648 -20.1307 18.7203
    endloop
  endfacet
  facet normal 0.866297 0.442319 -0.232129
    outer loop
      vertex 20.0979 -19.4215 22.6917
      vertex 20.2544 -19.75 22.6498
      vertex 19.2191 -19.75 18.7861
    endloop
  endfacet
  facet normal -0.726202 0.659374 0.194571
    outer loop
      vertex 24.5375 -20.4749 17.361
      vertex 25.8643 -20.1307 21.1466
      vertex 24.8291 -20.1307 17.2829
    endloop
  endfacet
  facet normal -0.726272 0.659286 0.194604
    outer loop
      vertex 25.8643 -20.1307 21.1466
      vertex 24.5375 -20.4749 17.361
      vertex 25.5728 -20.4749 21.2248
    endloop
  endfacet
  facet normal -0.636897 0.751823 0.170656
    outer loop
      vertex 25.3068 -20.7164 21.296
      vertex 25.5728 -20.4749 21.2248
      vertex 24.5375 -20.4749 17.361
    endloop
  endfacet
  facet normal 0.188678 0.980737 -0.050556
    outer loop
      vertex 22.394 -21.3986 22.0765
      vertex 21.2719 -21.3807 18.236
      vertex 22.3072 -21.3807 22.0998
    endloop
  endfacet
  facet normal 0.188585 0.980756 -0.0505287
    outer loop
      vertex 21.2719 -21.3807 18.236
      vertex 22.394 -21.3986 22.0765
      vertex 21.7057 -21.4701 18.1198
    endloop
  endfacet
  facet normal 0.310371 0.946971 -0.0831636
    outer loop
      vertex 21.2719 -21.3807 18.236
      vertex 22.2235 -21.3513 22.1222
      vertex 22.3072 -21.3807 22.0998
    endloop
  endfacet
  facet normal 0.310387 0.946965 -0.0831673
    outer loop
      vertex 22.2235 -21.3513 22.1222
      vertex 21.2719 -21.3807 18.236
      vertex 20.8532 -21.2336 18.3483
    endloop
  endfacet
  facet normal -0.063018 0.99787 0.016886
    outer loop
      vertex -23.094 14.506 34.265
      vertex -22.7409 14.5299 34.1704
      vertex -23.7762 14.5299 30.3067
    endloop
  endfacet
  facet normal -0.963857 -0.0653896 0.258271
    outer loop
      vertex -19.8015 18 33.3827
      vertex -20.8657 18.4568 29.5268
      vertex -20.8368 18 29.519
    endloop
  endfacet
  facet normal -0.963857 -0.0653896 0.258271
    outer loop
      vertex -20.8657 18.4568 29.5268
      vertex -19.8015 18 33.3827
      vertex -19.8304 18.4568 33.3905
    endloop
  endfacet
  facet normal 0.258758 0 0.965942
    outer loop
      vertex -21.5354 20.1307 29.7062
      vertex -20.8657 17.5432 29.5268
      vertex -20.8657 18.4568 29.5268
    endloop
  endfacet
  facet normal 0.258758 0 0.965942
    outer loop
      vertex -20.8657 17.5432 29.5268
      vertex -21.5354 20.1307 29.7062
      vertex -21.5354 15.8693 29.7062
    endloop
  endfacet
  facet normal 0.536684 -0.831439 -0.143807
    outer loop
      vertex -26.2756 20.7767 30.9764
      vertex -24.8726 21.0311 34.7415
      vertex -25.2403 20.7767 34.8401
    endloop
  endfacet
  facet normal 0.536684 -0.831439 -0.143807
    outer loop
      vertex -24.8726 21.0311 34.7415
      vertex -26.2756 20.7767 30.9764
      vertex -25.9079 21.0311 30.8778
    endloop
  endfacet
  facet normal 0.188611 -0.98075 -0.0505459
    outer loop
      vertex -24.6588 21.4701 30.5431
      vertex -23.7102 21.4522 34.4301
      vertex -25.0925 21.3807 30.6594
    endloop
  endfacet
  facet normal 0.188873 -0.980697 -0.0506095
    outer loop
      vertex -23.7102 21.4522 34.4301
      vertex -24.6588 21.4701 30.5431
      vertex -23.6235 21.4701 34.4068
    endloop
  endfacet
  facet normal 0.803154 -0.555544 -0.215209
    outer loop
      vertex -27.1453 19.75 31.2094
      vertex -25.8643 20.1307 35.0073
      vertex -26.11 19.75 35.0731
    endloop
  endfacet
  facet normal 0.803154 -0.555544 -0.215209
    outer loop
      vertex -25.8643 20.1307 35.0073
      vertex -27.1453 19.75 31.2094
      vertex -26.8996 20.1307 31.1436
    endloop
  endfacet
  facet normal 0.0622227 -0.997923 -0.0166729
    outer loop
      vertex -24.6588 21.4701 30.5431
      vertex -23.5352 21.476 34.3832
      vertex -23.6235 21.4701 34.4068
    endloop
  endfacet
  facet normal 0.063077 -0.997865 -0.016923
    outer loop
      vertex -23.5352 21.476 34.3832
      vertex -24.6588 21.4701 30.5431
      vertex -24.2175 21.5 30.4249
    endloop
  endfacet
  facet normal 0.259364 0.00160036 0.965778
    outer loop
      vertex -25.5112 14.7664 30.7716
      vertex -25.0925 14.6193 30.6594
      vertex -25.9079 14.9689 30.8778
    endloop
  endfacet
  facet normal -0.636318 -0.752352 0.170484
    outer loop
      vertex -22.1594 20.7767 29.8734
      vertex -21.0577 20.7164 33.7193
      vertex -21.1242 20.7767 33.7372
    endloop
  endfacet
  facet normal -0.636908 -0.751813 0.170662
    outer loop
      vertex -21.0577 20.7164 33.7193
      vertex -22.1594 20.7767 29.8734
      vertex -21.827 20.4749 29.7844
    endloop
  endfacet
  facet normal 0.258317 -0.000230864 0.96606
    outer loop
      vertex -27.3409 16.6606 31.2618
      vertex -27.1453 16.25 31.2094
      vertex -27.483 17.0941 31.2999
    endloop
  endfacet
  facet normal 0.25867 0.000876228 0.965965
    outer loop
      vertex -23.7762 14.5299 30.3067
      vertex -22.9237 14.7664 30.0782
      vertex -24.2175 14.5 30.4249
    endloop
  endfacet
  facet normal 0.25912 -0.000113722 0.965845
    outer loop
      vertex -20.952 17.0941 29.5499
      vertex -20.8657 17.5432 29.5268
      vertex -21.2897 16.25 29.6404
    endloop
  endfacet
  facet normal 0.257583 -0.000202804 0.966256
    outer loop
      vertex -27.5693 17.5432 31.323
      vertex -27.483 17.0941 31.2999
      vertex -27.5982 18 31.3308
    endloop
  endfacet
  facet normal 0.636785 -0.751929 -0.170609
    outer loop
      vertex -26.608 20.4749 31.0654
      vertex -25.2403 20.7767 34.8401
      vertex -25.5728 20.4749 34.9292
    endloop
  endfacet
  facet normal 0.636908 -0.751813 -0.170663
    outer loop
      vertex -25.2403 20.7767 34.8401
      vertex -26.608 20.4749 31.0654
      vertex -26.2756 20.7767 30.9764
    endloop
  endfacet
  facet normal 0.25912 0.000113722 0.965845
    outer loop
      vertex -20.8657 18.4568 29.5268
      vertex -20.952 18.9059 29.5499
      vertex -21.2897 19.75 29.6404
    endloop
  endfacet
  facet normal 0.25867 -0.000876228 0.965965
    outer loop
      vertex -22.9237 21.2336 30.0782
      vertex -23.7762 21.4701 30.3067
      vertex -24.2175 21.5 30.4249
    endloop
  endfacet
  facet normal -0.636896 -0.751823 0.17066
    outer loop
      vertex -20.7917 20.4749 33.6481
      vertex -21.0577 20.7164 33.7193
      vertex -21.827 20.4749 29.7844
    endloop
  endfacet
  facet normal 0.258317 0.000230864 0.96606
    outer loop
      vertex -27.1453 19.75 31.2094
      vertex -27.3409 19.3394 31.2618
      vertex -27.483 18.9059 31.2999
    endloop
  endfacet
  facet normal -0.803154 -0.555544 0.215209
    outer loop
      vertex -20.2544 19.75 33.5041
      vertex -21.5354 20.1307 29.7062
      vertex -21.2897 19.75 29.6404
    endloop
  endfacet
  facet normal -0.803154 -0.555544 0.215209
    outer loop
      vertex -21.5354 20.1307 29.7062
      vertex -20.2544 19.75 33.5041
      vertex -20.5001 20.1307 33.5699
    endloop
  endfacet
  facet normal -0.914665 0.321432 0.24509
    outer loop
      vertex -20.0304 16.7473 33.4441
      vertex -19.9167 17.0941 33.4136
      vertex -20.952 17.0941 29.5499
    endloop
  endfacet
  facet normal 0.25827 -0.00113592 0.966072
    outer loop
      vertex -25.9079 14.9689 30.8778
      vertex -25.0925 14.6193 30.6594
      vertex -26.2756 15.2233 30.9764
    endloop
  endfacet
  facet normal -0.18873 0.980726 0.05057
    outer loop
      vertex -23.3425 14.6193 30.1904
      vertex -22.394 14.6014 34.0774
      vertex -22.3072 14.6193 34.0542
    endloop
  endfacet
  facet normal -0.188612 0.98075 0.0505413
    outer loop
      vertex -22.394 14.6014 34.0774
      vertex -23.3425 14.6193 30.1904
      vertex -23.7762 14.5299 30.3067
    endloop
  endfacet
  facet normal 0.188873 0.980697 -0.0506095
    outer loop
      vertex -24.6588 14.5299 30.5431
      vertex -23.7102 14.5478 34.4301
      vertex -23.6235 14.5299 34.4068
    endloop
  endfacet
  facet normal 0.188611 0.98075 -0.0505459
    outer loop
      vertex -23.7102 14.5478 34.4301
      vertex -24.6588 14.5299 30.5431
      vertex -25.0925 14.6193 30.6594
    endloop
  endfacet
  facet normal 0.258849 0 0.965918
    outer loop
      vertex -25.0925 21.3807 30.6594
      vertex -22.9237 14.7664 30.0782
      vertex -22.9237 21.2336 30.0782
    endloop
  endfacet
  facet normal 0.258849 0 0.965918
    outer loop
      vertex -22.9237 14.7664 30.0782
      vertex -25.0925 21.3807 30.6594
      vertex -25.0925 14.6193 30.6594
    endloop
  endfacet
  facet normal 0.258767 -4.15305e-05 0.96594
    outer loop
      vertex -27.483 17.0941 31.2999
      vertex -25.0925 14.6193 30.6594
      vertex -27.5982 18 31.3308
    endloop
  endfacet
  facet normal 0.258854 8.3765e-05 0.965916
    outer loop
      vertex -22.9237 21.2336 30.0782
      vertex -24.2175 21.5 30.4249
      vertex -25.0925 21.3807 30.6594
    endloop
  endfacet
  facet normal 0.258854 -8.3765e-05 0.965916
    outer loop
      vertex -24.2175 14.5 30.4249
      vertex -22.9237 14.7664 30.0782
      vertex -25.0925 14.6193 30.6594
    endloop
  endfacet
  facet normal 0.636785 0.751929 -0.170609
    outer loop
      vertex -25.2403 15.2233 34.8401
      vertex -26.608 15.5251 31.0654
      vertex -25.5728 15.5251 34.9292
    endloop
  endfacet
  facet normal 0.636908 0.751813 -0.170663
    outer loop
      vertex -26.608 15.5251 31.0654
      vertex -25.2403 15.2233 34.8401
      vertex -26.2756 15.2233 30.9764
    endloop
  endfacet
  facet normal 0.258815 8.42866e-06 0.965927
    outer loop
      vertex -26.2756 15.2233 30.9764
      vertex -25.0925 14.6193 30.6594
      vertex -27.483 17.0941 31.2999
    endloop
  endfacet
  facet normal 0.258767 4.15305e-05 0.96594
    outer loop
      vertex -25.0925 21.3807 30.6594
      vertex -27.483 18.9059 31.2999
      vertex -27.5982 18 31.3308
    endloop
  endfacet
  facet normal -0.866301 -0.442309 0.23213
    outer loop
      vertex -20.0588 19.3394 33.4517
      vertex -21.2897 19.75 29.6404
      vertex -21.0941 19.3394 29.588
    endloop
  endfacet
  facet normal -0.866318 -0.442272 0.23214
    outer loop
      vertex -21.2897 19.75 29.6404
      vertex -20.0588 19.3394 33.4517
      vertex -20.0979 19.4215 33.4622
    endloop
  endfacet
  facet normal 0.25858 -7.61311e-05 0.96599
    outer loop
      vertex -20.8657 18.4568 29.5268
      vertex -21.2897 19.75 29.6404
      vertex -21.5354 20.1307 29.7062
    endloop
  endfacet
  facet normal -0.947362 -0.195104 0.253851
    outer loop
      vertex -19.8304 18.4568 33.3905
      vertex -20.952 18.9059 29.5499
      vertex -20.8657 18.4568 29.5268
    endloop
  endfacet
  facet normal -0.947362 -0.195104 0.253851
    outer loop
      vertex -20.952 18.9059 29.5499
      vertex -19.8304 18.4568 33.3905
      vertex -19.9167 18.9059 33.4136
    endloop
  endfacet
  facet normal 0.258587 0.00218294 0.965986
    outer loop
      vertex -24.2175 21.5 30.4249
      vertex -24.6588 21.4701 30.5431
      vertex -25.0925 21.3807 30.6594
    endloop
  endfacet
  facet normal -0.310288 0.947 0.0831413
    outer loop
      vertex -22.2235 14.6487 34.0317
      vertex -23.3425 14.6193 30.1904
      vertex -22.3072 14.6193 34.0542
    endloop
  endfacet
  facet normal -0.310341 0.946981 0.0831568
    outer loop
      vertex -23.3425 14.6193 30.1904
      vertex -22.2235 14.6487 34.0317
      vertex -22.9237 14.7664 30.0782
    endloop
  endfacet
  facet normal -0.866297 -0.442319 0.232129
    outer loop
      vertex -20.0979 19.4215 33.4622
      vertex -20.2544 19.75 33.5041
      vertex -21.2897 19.75 29.6404
    endloop
  endfacet
  facet normal 0.259326 0.00165994 0.965788
    outer loop
      vertex -22.9237 21.2336 30.0782
      vertex -23.3425 21.3807 30.1904
      vertex -23.7762 21.4701 30.3067
    endloop
  endfacet
  facet normal 0.260572 0 0.965454
    outer loop
      vertex -20.8368 18 29.519
      vertex -20.8657 18.4568 29.5268
      vertex -20.8657 17.5432 29.5268
    endloop
  endfacet
  facet normal 0.25858 7.61311e-05 0.96599
    outer loop
      vertex -21.2897 16.25 29.6404
      vertex -20.8657 17.5432 29.5268
      vertex -21.5354 15.8693 29.7062
    endloop
  endfacet
  facet normal -0.310413 0.946957 0.0831688
    outer loop
      vertex -22.2235 14.6487 34.0317
      vertex -21.8885 14.7664 33.9419
      vertex -22.9237 14.7664 30.0782
    endloop
  endfacet
  facet normal 0.259326 -0.00165994 0.965788
    outer loop
      vertex -23.3425 14.6193 30.1904
      vertex -22.9237 14.7664 30.0782
      vertex -23.7762 14.5299 30.3067
    endloop
  endfacet
  facet normal 0.258717 -5.92193e-05 0.965953
    outer loop
      vertex -27.1453 16.25 31.2094
      vertex -26.2756 15.2233 30.9764
      vertex -27.483 17.0941 31.2999
    endloop
  endfacet
  facet normal 0.258819 -0 0.965926
    outer loop
      vertex -25.0925 14.6193 30.6594
      vertex -25.0925 21.3807 30.6594
      vertex -27.5982 18 31.3308
    endloop
  endfacet
  facet normal 0.188548 0.980764 -0.0505224
    outer loop
      vertex -24.0572 14.6193 34.5231
      vertex -23.7102 14.5478 34.4301
      vertex -25.0925 14.6193 30.6594
    endloop
  endfacet
  facet normal -0.0633395 0.997848 0.0169722
    outer loop
      vertex -23.094 14.506 34.265
      vertex -24.2175 14.5 30.4249
      vertex -23.1822 14.5 34.2886
    endloop
  endfacet
  facet normal -0.0630838 0.997865 0.0168973
    outer loop
      vertex -24.2175 14.5 30.4249
      vertex -23.094 14.506 34.265
      vertex -23.7762 14.5299 30.3067
    endloop
  endfacet
  facet normal 0.947401 0.194901 -0.253861
    outer loop
      vertex -26.4478 17.0941 35.1636
      vertex -27.5693 17.5432 31.323
      vertex -26.534 17.5432 35.1867
    endloop
  endfacet
  facet normal 0.947368 0.195104 -0.253828
    outer loop
      vertex -27.5693 17.5432 31.323
      vertex -26.4478 17.0941 35.1636
      vertex -27.483 17.0941 31.2999
    endloop
  endfacet
  facet normal 0.947401 -0.194901 -0.253861
    outer loop
      vertex -27.5693 18.4568 31.323
      vertex -26.4478 18.9059 35.1636
      vertex -26.534 18.4568 35.1867
    endloop
  endfacet
  facet normal 0.947368 -0.195104 -0.253828
    outer loop
      vertex -26.4478 18.9059 35.1636
      vertex -27.5693 18.4568 31.323
      vertex -27.483 18.9059 31.2999
    endloop
  endfacet
  facet normal 0.866318 -0.442272 -0.23214
    outer loop
      vertex -27.3409 19.3394 31.2618
      vertex -26.11 19.75 35.0731
      vertex -26.1491 19.6679 35.0836
    endloop
  endfacet
  facet normal 0.866301 -0.442309 -0.23213
    outer loop
      vertex -26.11 19.75 35.0731
      vertex -27.3409 19.3394 31.2618
      vertex -27.1453 19.75 31.2094
    endloop
  endfacet
  facet normal -0.914665 -0.321432 0.24509
    outer loop
      vertex -19.9167 18.9059 33.4136
      vertex -20.0304 19.2527 33.4441
      vertex -20.952 18.9059 29.5499
    endloop
  endfacet
  facet normal -0.427236 -0.896864 0.114469
    outer loop
      vertex -21.5712 21.0716 33.8569
      vertex -21.8885 21.2336 33.9419
      vertex -22.9237 21.2336 30.0782
    endloop
  endfacet
  facet normal -0.536803 -0.831356 0.143839
    outer loop
      vertex -22.5271 21.0311 29.972
      vertex -21.1242 20.7767 33.7372
      vertex -21.4918 21.0311 33.8357
    endloop
  endfacet
  facet normal -0.536688 -0.831439 0.143791
    outer loop
      vertex -21.1242 20.7767 33.7372
      vertex -22.5271 21.0311 29.972
      vertex -22.1594 20.7767 29.8734
    endloop
  endfacet
  facet normal -0.063018 -0.99787 0.016886
    outer loop
      vertex -22.7409 21.4701 34.1704
      vertex -23.094 21.494 34.265
      vertex -23.7762 21.4701 30.3067
    endloop
  endfacet
  facet normal 0.188548 -0.980764 -0.0505224
    outer loop
      vertex -23.7102 21.4522 34.4301
      vertex -24.0572 21.3807 34.5231
      vertex -25.0925 21.3807 30.6594
    endloop
  endfacet
  facet normal 0.258317 0.000230864 0.96606
    outer loop
      vertex -21.0941 16.6606 29.588
      vertex -20.952 17.0941 29.5499
      vertex -21.2897 16.25 29.6404
    endloop
  endfacet
  facet normal 0.258362 0.000631705 0.966048
    outer loop
      vertex -22.5271 14.9689 29.972
      vertex -21.827 15.5251 29.7844
      vertex -22.9237 14.7664 30.0782
    endloop
  endfacet
  facet normal -0.426985 0.896991 0.114413
    outer loop
      vertex -22.5271 14.9689 29.972
      vertex -21.5712 14.9284 33.8569
      vertex -21.4918 14.9689 33.8357
    endloop
  endfacet
  facet normal -0.427267 0.896849 0.114481
    outer loop
      vertex -21.5712 14.9284 33.8569
      vertex -22.5271 14.9689 29.972
      vertex -22.9237 14.7664 30.0782
    endloop
  endfacet
  facet normal -0.866297 0.442319 0.232129
    outer loop
      vertex -20.2544 16.25 33.5041
      vertex -20.0979 16.5785 33.4622
      vertex -21.2897 16.25 29.6404
    endloop
  endfacet
  facet normal -0.72617 -0.659405 0.194581
    outer loop
      vertex -20.5001 20.1307 33.5699
      vertex -21.827 20.4749 29.7844
      vertex -21.5354 20.1307 29.7062
    endloop
  endfacet
  facet normal -0.72617 -0.659405 0.194581
    outer loop
      vertex -21.827 20.4749 29.7844
      vertex -20.5001 20.1307 33.5699
      vertex -20.7917 20.4749 33.6481
    endloop
  endfacet
  facet normal 0.310431 0.946949 -0.0831818
    outer loop
      vertex -24.3922 14.737 34.6128
      vertex -24.0572 14.6193 34.5231
      vertex -25.0925 14.6193 30.6594
    endloop
  endfacet
  facet normal 0.0632972 0.997851 -0.0169608
    outer loop
      vertex -23.5352 14.524 34.3832
      vertex -23.1822 14.5 34.2886
      vertex -24.2175 14.5 30.4249
    endloop
  endfacet
  facet normal 0.914459 0.322078 -0.245011
    outer loop
      vertex -26.4193 17.0074 35.156
      vertex -27.483 17.0941 31.2999
      vertex -26.4478 17.0941 35.1636
    endloop
  endfacet
  facet normal 0.914686 0.321372 -0.245089
    outer loop
      vertex -27.483 17.0941 31.2999
      vertex -26.4193 17.0074 35.156
      vertex -27.3409 16.6606 31.2618
    endloop
  endfacet
  facet normal 0.803154 0.555544 -0.215209
    outer loop
      vertex -25.8643 15.8693 35.0073
      vertex -27.1453 16.25 31.2094
      vertex -26.11 16.25 35.0731
    endloop
  endfacet
  facet normal 0.803154 0.555544 -0.215209
    outer loop
      vertex -27.1453 16.25 31.2094
      vertex -25.8643 15.8693 35.0073
      vertex -26.8996 15.8693 31.1436
    endloop
  endfacet
  facet normal 0.259077 0.000267577 0.965857
    outer loop
      vertex -26.8996 15.8693 31.1436
      vertex -26.2756 15.2233 30.9764
      vertex -27.1453 16.25 31.2094
    endloop
  endfacet
  facet normal 0.25827 0.00113592 0.966072
    outer loop
      vertex -25.0925 21.3807 30.6594
      vertex -25.9079 21.0311 30.8778
      vertex -26.2756 20.7767 30.9764
    endloop
  endfacet
  facet normal 0.914459 -0.322078 -0.245011
    outer loop
      vertex -27.483 18.9059 31.2999
      vertex -26.4193 18.9926 35.156
      vertex -26.4478 18.9059 35.1636
    endloop
  endfacet
  facet normal 0.914686 -0.321372 -0.245089
    outer loop
      vertex -26.4193 18.9926 35.156
      vertex -27.483 18.9059 31.2999
      vertex -27.3409 19.3394 31.2618
    endloop
  endfacet
  facet normal 0.866297 -0.442319 -0.232129
    outer loop
      vertex -26.1491 19.6679 35.0836
      vertex -26.3056 19.3394 35.1255
      vertex -27.3409 19.3394 31.2618
    endloop
  endfacet
  facet normal 0.914665 -0.321432 -0.24509
    outer loop
      vertex -26.3056 19.3394 35.1255
      vertex -26.4193 18.9926 35.156
      vertex -27.3409 19.3394 31.2618
    endloop
  endfacet
  facet normal -0.914763 -0.321132 0.245116
    outer loop
      vertex -21.0941 19.3394 29.588
      vertex -20.0304 19.2527 33.4441
      vertex -20.0588 19.3394 33.4517
    endloop
  endfacet
  facet normal -0.914686 -0.321372 0.245089
    outer loop
      vertex -20.0304 19.2527 33.4441
      vertex -21.0941 19.3394 29.588
      vertex -20.952 18.9059 29.5499
    endloop
  endfacet
  facet normal 0.258317 -0.000230864 0.96606
    outer loop
      vertex -20.952 18.9059 29.5499
      vertex -21.0941 19.3394 29.588
      vertex -21.2897 19.75 29.6404
    endloop
  endfacet
  facet normal -0.310413 -0.946957 0.0831688
    outer loop
      vertex -21.8885 21.2336 33.9419
      vertex -22.2235 21.3513 34.0317
      vertex -22.9237 21.2336 30.0782
    endloop
  endfacet
  facet normal -0.427267 -0.896849 0.114481
    outer loop
      vertex -22.5271 21.0311 29.972
      vertex -21.5712 21.0716 33.8569
      vertex -22.9237 21.2336 30.0782
    endloop
  endfacet
  facet normal -0.426985 -0.896991 0.114413
    outer loop
      vertex -21.5712 21.0716 33.8569
      vertex -22.5271 21.0311 29.972
      vertex -21.4918 21.0311 33.8357
    endloop
  endfacet
  facet normal 0.310431 -0.946949 -0.0831818
    outer loop
      vertex -24.0572 21.3807 34.5231
      vertex -24.3922 21.263 34.6128
      vertex -25.0925 21.3807 30.6594
    endloop
  endfacet
  facet normal -0.188596 -0.980754 0.0505355
    outer loop
      vertex -22.394 21.3986 34.0774
      vertex -22.7409 21.4701 34.1704
      vertex -23.7762 21.4701 30.3067
    endloop
  endfacet
  facet normal -0.963857 0.0653896 0.258271
    outer loop
      vertex -20.8657 17.5432 29.5268
      vertex -19.8015 18 33.3827
      vertex -20.8368 18 29.519
    endloop
  endfacet
  facet normal -0.963857 0.0653896 0.258271
    outer loop
      vertex -19.8015 18 33.3827
      vertex -20.8657 17.5432 29.5268
      vertex -19.8304 17.5432 33.3905
    endloop
  endfacet
  facet normal -0.188596 0.980754 0.0505355
    outer loop
      vertex -22.7409 14.5299 34.1704
      vertex -22.394 14.6014 34.0774
      vertex -23.7762 14.5299 30.3067
    endloop
  endfacet
  facet normal 0.260167 -0.00180394 0.965562
    outer loop
      vertex -22.1594 15.2233 29.8734
      vertex -21.827 15.5251 29.7844
      vertex -22.5271 14.9689 29.972
    endloop
  endfacet
  facet normal -0.803154 0.555544 0.215209
    outer loop
      vertex -21.5354 15.8693 29.7062
      vertex -20.2544 16.25 33.5041
      vertex -21.2897 16.25 29.6404
    endloop
  endfacet
  facet normal -0.803154 0.555544 0.215209
    outer loop
      vertex -20.2544 16.25 33.5041
      vertex -21.5354 15.8693 29.7062
      vertex -20.5001 15.8693 33.5699
    endloop
  endfacet
  facet normal -0.914686 0.321372 0.245089
    outer loop
      vertex -21.0941 16.6606 29.588
      vertex -20.0304 16.7473 33.4441
      vertex -20.952 17.0941 29.5499
    endloop
  endfacet
  facet normal -0.914763 0.321132 0.245116
    outer loop
      vertex -20.0304 16.7473 33.4441
      vertex -21.0941 16.6606 29.588
      vertex -20.0588 16.6606 33.4517
    endloop
  endfacet
  facet normal -0.866301 0.442309 0.23213
    outer loop
      vertex -21.2897 16.25 29.6404
      vertex -20.0588 16.6606 33.4517
      vertex -21.0941 16.6606 29.588
    endloop
  endfacet
  facet normal -0.866318 0.442272 0.23214
    outer loop
      vertex -20.0588 16.6606 33.4517
      vertex -21.2897 16.25 29.6404
      vertex -20.0979 16.5785 33.4622
    endloop
  endfacet
  facet normal 0.258362 -0.000631705 0.966048
    outer loop
      vertex -21.827 20.4749 29.7844
      vertex -22.5271 21.0311 29.972
      vertex -22.9237 21.2336 30.0782
    endloop
  endfacet
  facet normal 0.260167 0.00180394 0.965562
    outer loop
      vertex -21.827 20.4749 29.7844
      vertex -22.1594 20.7767 29.8734
      vertex -22.5271 21.0311 29.972
    endloop
  endfacet
  facet normal 0.258587 -0.00218294 0.965986
    outer loop
      vertex -24.6588 14.5299 30.5431
      vertex -24.2175 14.5 30.4249
      vertex -25.0925 14.6193 30.6594
    endloop
  endfacet
  facet normal 0.0622227 0.997923 -0.0166729
    outer loop
      vertex -23.5352 14.524 34.3832
      vertex -24.6588 14.5299 30.5431
      vertex -23.6235 14.5299 34.4068
    endloop
  endfacet
  facet normal 0.063077 0.997865 -0.016923
    outer loop
      vertex -24.6588 14.5299 30.5431
      vertex -23.5352 14.524 34.3832
      vertex -24.2175 14.5 30.4249
    endloop
  endfacet
  facet normal 0.914665 0.321432 -0.24509
    outer loop
      vertex -26.4193 17.0074 35.156
      vertex -26.3056 16.6606 35.1255
      vertex -27.3409 16.6606 31.2618
    endloop
  endfacet
  facet normal 0.866318 0.442272 -0.23214
    outer loop
      vertex -26.11 16.25 35.0731
      vertex -27.3409 16.6606 31.2618
      vertex -26.1491 16.3321 35.0836
    endloop
  endfacet
  facet normal 0.866301 0.442309 -0.23213
    outer loop
      vertex -27.3409 16.6606 31.2618
      vertex -26.11 16.25 35.0731
      vertex -27.1453 16.25 31.2094
    endloop
  endfacet
  facet normal 0.257359 -0.00151055 0.966315
    outer loop
      vertex -26.608 15.5251 31.0654
      vertex -26.2756 15.2233 30.9764
      vertex -26.8996 15.8693 31.1436
    endloop
  endfacet
  facet normal 0.726298 -0.659254 -0.194616
    outer loop
      vertex -26.8996 20.1307 31.1436
      vertex -25.5728 20.4749 34.9292
      vertex -25.8643 20.1307 35.0073
    endloop
  endfacet
  facet normal 0.726176 -0.659405 -0.194559
    outer loop
      vertex -25.5728 20.4749 34.9292
      vertex -26.8996 20.1307 31.1436
      vertex -26.608 20.4749 31.0654
    endloop
  endfacet
  facet normal 0.259364 -0.00160036 0.965778
    outer loop
      vertex -25.0925 21.3807 30.6594
      vertex -25.5112 21.2336 30.7716
      vertex -25.9079 21.0311 30.8778
    endloop
  endfacet
  facet normal 0.96385 -0.0655997 -0.258244
    outer loop
      vertex -27.5982 18 31.3308
      vertex -26.534 18.4568 35.1867
      vertex -26.563 18 35.1945
    endloop
  endfacet
  facet normal 0.963857 -0.0653896 -0.258271
    outer loop
      vertex -26.534 18.4568 35.1867
      vertex -27.5982 18 31.3308
      vertex -27.5693 18.4568 31.323
    endloop
  endfacet
  facet normal 0.96385 0.0655997 -0.258244
    outer loop
      vertex -26.534 17.5432 35.1867
      vertex -27.5982 18 31.3308
      vertex -26.563 18 35.1945
    endloop
  endfacet
  facet normal 0.963857 0.0653896 -0.258271
    outer loop
      vertex -27.5982 18 31.3308
      vertex -26.534 17.5432 35.1867
      vertex -27.5693 17.5432 31.323
    endloop
  endfacet
  facet normal 0.258717 5.92193e-05 0.965953
    outer loop
      vertex -26.2756 20.7767 30.9764
      vertex -27.1453 19.75 31.2094
      vertex -27.483 18.9059 31.2999
    endloop
  endfacet
  facet normal 0.258815 -8.42866e-06 0.965927
    outer loop
      vertex -25.0925 21.3807 30.6594
      vertex -26.2756 20.7767 30.9764
      vertex -27.483 18.9059 31.2999
    endloop
  endfacet
  facet normal -0.0633395 -0.997848 0.0169722
    outer loop
      vertex -24.2175 21.5 30.4249
      vertex -23.094 21.494 34.265
      vertex -23.1822 21.5 34.2886
    endloop
  endfacet
  facet normal -0.0630838 -0.997865 0.0168973
    outer loop
      vertex -23.094 21.494 34.265
      vertex -24.2175 21.5 30.4249
      vertex -23.7762 21.4701 30.3067
    endloop
  endfacet
  facet normal 0.0632972 -0.997851 -0.0169608
    outer loop
      vertex -23.1822 21.5 34.2886
      vertex -23.5352 21.476 34.3832
      vertex -24.2175 21.5 30.4249
    endloop
  endfacet
  facet normal -0.188612 -0.98075 0.0505413
    outer loop
      vertex -23.3425 21.3807 30.1904
      vertex -22.394 21.3986 34.0774
      vertex -23.7762 21.4701 30.3067
    endloop
  endfacet
  facet normal -0.18873 -0.980726 0.05057
    outer loop
      vertex -22.394 21.3986 34.0774
      vertex -23.3425 21.3807 30.1904
      vertex -22.3072 21.3807 34.0542
    endloop
  endfacet
  facet normal -0.310288 -0.947 0.0831413
    outer loop
      vertex -23.3425 21.3807 30.1904
      vertex -22.2235 21.3513 34.0317
      vertex -22.3072 21.3807 34.0542
    endloop
  endfacet
  facet normal -0.310341 -0.946981 0.0831568
    outer loop
      vertex -22.2235 21.3513 34.0317
      vertex -23.3425 21.3807 30.1904
      vertex -22.9237 21.2336 30.0782
    endloop
  endfacet
  facet normal -0.947362 0.195104 0.253851
    outer loop
      vertex -20.952 17.0941 29.5499
      vertex -19.8304 17.5432 33.3905
      vertex -20.8657 17.5432 29.5268
    endloop
  endfacet
  facet normal -0.947362 0.195104 0.253851
    outer loop
      vertex -19.8304 17.5432 33.3905
      vertex -20.952 17.0941 29.5499
      vertex -19.9167 17.0941 33.4136
    endloop
  endfacet
  facet normal -0.536803 0.831356 0.143839
    outer loop
      vertex -21.1242 15.2233 33.7372
      vertex -22.5271 14.9689 29.972
      vertex -21.4918 14.9689 33.8357
    endloop
  endfacet
  facet normal -0.536688 0.831439 0.143791
    outer loop
      vertex -22.5271 14.9689 29.972
      vertex -21.1242 15.2233 33.7372
      vertex -22.1594 15.2233 29.8734
    endloop
  endfacet
  facet normal 0.25877 0 0.965939
    outer loop
      vertex -22.9237 21.2336 30.0782
      vertex -21.827 15.5251 29.7844
      vertex -21.827 20.4749 29.7844
    endloop
  endfacet
  facet normal 0.25877 0 0.965939
    outer loop
      vertex -21.827 15.5251 29.7844
      vertex -22.9237 21.2336 30.0782
      vertex -22.9237 14.7664 30.0782
    endloop
  endfacet
  facet normal 0.259023 0 0.965871
    outer loop
      vertex -21.827 20.4749 29.7844
      vertex -21.5354 15.8693 29.7062
      vertex -21.5354 20.1307 29.7062
    endloop
  endfacet
  facet normal 0.259023 0 0.965871
    outer loop
      vertex -21.5354 15.8693 29.7062
      vertex -21.827 20.4749 29.7844
      vertex -21.827 15.5251 29.7844
    endloop
  endfacet
  facet normal 0.30998 0.947109 -0.0830528
    outer loop
      vertex -24.3922 14.737 34.6128
      vertex -25.5112 14.7664 30.7716
      vertex -24.476 14.7664 34.6353
    endloop
  endfacet
  facet normal 0.310402 0.946959 -0.0831769
    outer loop
      vertex -25.5112 14.7664 30.7716
      vertex -24.3922 14.737 34.6128
      vertex -25.0925 14.6193 30.6594
    endloop
  endfacet
  facet normal 0.427265 0.896849 -0.114488
    outer loop
      vertex -24.476 14.7664 34.6353
      vertex -25.9079 14.9689 30.8778
      vertex -24.8726 14.9689 34.7415
    endloop
  endfacet
  facet normal 0.427187 0.89689 -0.114456
    outer loop
      vertex -25.9079 14.9689 30.8778
      vertex -24.476 14.7664 34.6353
      vertex -25.5112 14.7664 30.7716
    endloop
  endfacet
  facet normal 0.536684 0.831439 -0.143807
    outer loop
      vertex -24.8726 14.9689 34.7415
      vertex -26.2756 15.2233 30.9764
      vertex -25.2403 15.2233 34.8401
    endloop
  endfacet
  facet normal 0.536684 0.831439 -0.143807
    outer loop
      vertex -26.2756 15.2233 30.9764
      vertex -24.8726 14.9689 34.7415
      vertex -25.9079 14.9689 30.8778
    endloop
  endfacet
  facet normal 0.866297 0.442319 -0.232129
    outer loop
      vertex -26.3056 16.6606 35.1255
      vertex -26.1491 16.3321 35.0836
      vertex -27.3409 16.6606 31.2618
    endloop
  endfacet
  facet normal 0.257359 0.00151055 0.966315
    outer loop
      vertex -26.2756 20.7767 30.9764
      vertex -26.608 20.4749 31.0654
      vertex -26.8996 20.1307 31.1436
    endloop
  endfacet
  facet normal 0.259077 -0.000267577 0.965857
    outer loop
      vertex -26.2756 20.7767 30.9764
      vertex -26.8996 20.1307 31.1436
      vertex -27.1453 19.75 31.2094
    endloop
  endfacet
  facet normal 0.427265 -0.896849 -0.114488
    outer loop
      vertex -25.9079 21.0311 30.8778
      vertex -24.476 21.2336 34.6353
      vertex -24.8726 21.0311 34.7415
    endloop
  endfacet
  facet normal 0.427187 -0.89689 -0.114456
    outer loop
      vertex -24.476 21.2336 34.6353
      vertex -25.9079 21.0311 30.8778
      vertex -25.5112 21.2336 30.7716
    endloop
  endfacet
  facet normal 0.30998 -0.947109 -0.0830528
    outer loop
      vertex -25.5112 21.2336 30.7716
      vertex -24.3922 21.263 34.6128
      vertex -24.476 21.2336 34.6353
    endloop
  endfacet
  facet normal 0.310402 -0.946959 -0.0831769
    outer loop
      vertex -24.3922 21.263 34.6128
      vertex -25.5112 21.2336 30.7716
      vertex -25.0925 21.3807 30.6594
    endloop
  endfacet
  facet normal 0.257583 0.000202804 0.966256
    outer loop
      vertex -27.483 18.9059 31.2999
      vertex -27.5693 18.4568 31.323
      vertex -27.5982 18 31.3308
    endloop
  endfacet
  facet normal -0.427236 0.896864 0.114469
    outer loop
      vertex -21.8885 14.7664 33.9419
      vertex -21.5712 14.9284 33.8569
      vertex -22.9237 14.7664 30.0782
    endloop
  endfacet
  facet normal -0.72617 0.659405 0.194581
    outer loop
      vertex -21.827 15.5251 29.7844
      vertex -20.5001 15.8693 33.5699
      vertex -21.5354 15.8693 29.7062
    endloop
  endfacet
  facet normal -0.72617 0.659405 0.194581
    outer loop
      vertex -20.5001 15.8693 33.5699
      vertex -21.827 15.5251 29.7844
      vertex -20.7917 15.5251 33.6481
    endloop
  endfacet
  facet normal 0.726298 0.659254 -0.194616
    outer loop
      vertex -25.5728 15.5251 34.9292
      vertex -26.8996 15.8693 31.1436
      vertex -25.8643 15.8693 35.0073
    endloop
  endfacet
  facet normal 0.726176 0.659405 -0.194559
    outer loop
      vertex -26.8996 15.8693 31.1436
      vertex -25.5728 15.5251 34.9292
      vertex -26.608 15.5251 31.0654
    endloop
  endfacet
  facet normal -0.636318 0.752352 0.170484
    outer loop
      vertex -21.0577 15.2836 33.7193
      vertex -22.1594 15.2233 29.8734
      vertex -21.1242 15.2233 33.7372
    endloop
  endfacet
  facet normal -0.636908 0.751813 0.170662
    outer loop
      vertex -22.1594 15.2233 29.8734
      vertex -21.0577 15.2836 33.7193
      vertex -21.827 15.5251 29.7844
    endloop
  endfacet
  facet normal -0.636896 0.751823 0.17066
    outer loop
      vertex -21.0577 15.2836 33.7193
      vertex -20.7917 15.5251 33.6481
      vertex -21.827 15.5251 29.7844
    endloop
  endfacet
  facet normal 0.258767 -4.15305e-05 0.96594
    outer loop
      vertex -27.483 -18.9059 31.2999
      vertex -25.0925 -21.3807 30.6594
      vertex -27.5982 -18 31.3308
    endloop
  endfacet
  facet normal -0.963857 -0.0653896 0.258271
    outer loop
      vertex -19.8015 -18 33.3827
      vertex -20.8657 -17.5432 29.5268
      vertex -20.8368 -18 29.519
    endloop
  endfacet
  facet normal -0.963857 -0.0653896 0.258271
    outer loop
      vertex -20.8657 -17.5432 29.5268
      vertex -19.8015 -18 33.3827
      vertex -19.8304 -17.5432 33.3905
    endloop
  endfacet
  facet normal 0.258849 0 0.965918
    outer loop
      vertex -25.0925 -14.6193 30.6594
      vertex -22.9237 -21.2336 30.0782
      vertex -22.9237 -14.7664 30.0782
    endloop
  endfacet
  facet normal 0.258849 0 0.965918
    outer loop
      vertex -22.9237 -21.2336 30.0782
      vertex -25.0925 -14.6193 30.6594
      vertex -25.0925 -21.3807 30.6594
    endloop
  endfacet
  facet normal 0.258758 0 0.965942
    outer loop
      vertex -21.5354 -15.8693 29.7062
      vertex -20.8657 -18.4568 29.5268
      vertex -20.8657 -17.5432 29.5268
    endloop
  endfacet
  facet normal 0.258758 0 0.965942
    outer loop
      vertex -20.8657 -18.4568 29.5268
      vertex -21.5354 -15.8693 29.7062
      vertex -21.5354 -20.1307 29.7062
    endloop
  endfacet
  facet normal 0.188611 -0.98075 -0.0505459
    outer loop
      vertex -24.6588 -14.5299 30.5431
      vertex -23.7102 -14.5478 34.4301
      vertex -25.0925 -14.6193 30.6594
    endloop
  endfacet
  facet normal 0.188873 -0.980697 -0.0506095
    outer loop
      vertex -23.7102 -14.5478 34.4301
      vertex -24.6588 -14.5299 30.5431
      vertex -23.6235 -14.5299 34.4068
    endloop
  endfacet
  facet normal 0.258819 -0 0.965926
    outer loop
      vertex -25.0925 -21.3807 30.6594
      vertex -25.0925 -14.6193 30.6594
      vertex -27.5982 -18 31.3308
    endloop
  endfacet
  facet normal 0.96385 -0.0655997 -0.258244
    outer loop
      vertex -27.5982 -18 31.3308
      vertex -26.534 -17.5432 35.1867
      vertex -26.563 -18 35.1945
    endloop
  endfacet
  facet normal 0.963857 -0.0653896 -0.258271
    outer loop
      vertex -26.534 -17.5432 35.1867
      vertex -27.5982 -18 31.3308
      vertex -27.5693 -17.5432 31.323
    endloop
  endfacet
  facet normal 0.0622227 -0.997923 -0.0166729
    outer loop
      vertex -24.6588 -14.5299 30.5431
      vertex -23.5352 -14.524 34.3832
      vertex -23.6235 -14.5299 34.4068
    endloop
  endfacet
  facet normal 0.063077 -0.997865 -0.016923
    outer loop
      vertex -23.5352 -14.524 34.3832
      vertex -24.6588 -14.5299 30.5431
      vertex -24.2175 -14.5 30.4249
    endloop
  endfacet
  facet normal 0.258854 8.3765e-05 0.965916
    outer loop
      vertex -22.9237 -14.7664 30.0782
      vertex -24.2175 -14.5 30.4249
      vertex -25.0925 -14.6193 30.6594
    endloop
  endfacet
  facet normal 0.258854 -8.3765e-05 0.965916
    outer loop
      vertex -24.2175 -21.5 30.4249
      vertex -22.9237 -21.2336 30.0782
      vertex -25.0925 -21.3807 30.6594
    endloop
  endfacet
  facet normal 0.258362 -0.000631705 0.966048
    outer loop
      vertex -21.827 -15.5251 29.7844
      vertex -22.5271 -14.9689 29.972
      vertex -22.9237 -14.7664 30.0782
    endloop
  endfacet
  facet normal -0.72617 -0.659405 0.194581
    outer loop
      vertex -20.5001 -15.8693 33.5699
      vertex -21.827 -15.5251 29.7844
      vertex -21.5354 -15.8693 29.7062
    endloop
  endfacet
  facet normal -0.72617 -0.659405 0.194581
    outer loop
      vertex -21.827 -15.5251 29.7844
      vertex -20.5001 -15.8693 33.5699
      vertex -20.7917 -15.5251 33.6481
    endloop
  endfacet
  facet normal 0.0632972 0.997851 -0.0169608
    outer loop
      vertex -23.5352 -21.476 34.3832
      vertex -23.1822 -21.5 34.2886
      vertex -24.2175 -21.5 30.4249
    endloop
  endfacet
  facet normal 0.914459 0.322078 -0.245011
    outer loop
      vertex -26.4193 -18.9926 35.156
      vertex -27.483 -18.9059 31.2999
      vertex -26.4478 -18.9059 35.1636
    endloop
  endfacet
  facet normal 0.914686 0.321372 -0.245089
    outer loop
      vertex -27.483 -18.9059 31.2999
      vertex -26.4193 -18.9926 35.156
      vertex -27.3409 -19.3394 31.2618
    endloop
  endfacet
  facet normal 0.25827 0.00113592 0.966072
    outer loop
      vertex -25.0925 -14.6193 30.6594
      vertex -25.9079 -14.9689 30.8778
      vertex -26.2756 -15.2233 30.9764
    endloop
  endfacet
  facet normal 0.258767 4.15305e-05 0.96594
    outer loop
      vertex -25.0925 -14.6193 30.6594
      vertex -27.483 -17.0941 31.2999
      vertex -27.5982 -18 31.3308
    endloop
  endfacet
  facet normal 0.25912 0.000113722 0.965845
    outer loop
      vertex -20.8657 -17.5432 29.5268
      vertex -20.952 -17.0941 29.5499
      vertex -21.2897 -16.25 29.6404
    endloop
  endfacet
  facet normal 0.25867 -0.000876228 0.965965
    outer loop
      vertex -22.9237 -14.7664 30.0782
      vertex -23.7762 -14.5299 30.3067
      vertex -24.2175 -14.5 30.4249
    endloop
  endfacet
  facet normal 0.260167 0.00180394 0.965562
    outer loop
      vertex -21.827 -15.5251 29.7844
      vertex -22.1594 -15.2233 29.8734
      vertex -22.5271 -14.9689 29.972
    endloop
  endfacet
  facet normal 0.188548 0.980764 -0.0505224
    outer loop
      vertex -24.0572 -21.3807 34.5231
      vertex -23.7102 -21.4522 34.4301
      vertex -25.0925 -21.3807 30.6594
    endloop
  endfacet
  facet normal -0.803154 -0.555544 0.215209
    outer loop
      vertex -20.2544 -16.25 33.5041
      vertex -21.5354 -15.8693 29.7062
      vertex -21.2897 -16.25 29.6404
    endloop
  endfacet
  facet normal -0.803154 -0.555544 0.215209
    outer loop
      vertex -21.5354 -15.8693 29.7062
      vertex -20.2544 -16.25 33.5041
      vertex -20.5001 -15.8693 33.5699
    endloop
  endfacet
  facet normal 0.259077 -0.000267577 0.965857
    outer loop
      vertex -26.2756 -15.2233 30.9764
      vertex -26.8996 -15.8693 31.1436
      vertex -27.1453 -16.25 31.2094
    endloop
  endfacet
  facet normal -0.536803 0.831356 0.143839
    outer loop
      vertex -21.1242 -20.7767 33.7372
      vertex -22.5271 -21.0311 29.972
      vertex -21.4918 -21.0311 33.8357
    endloop
  endfacet
  facet normal -0.536688 0.831439 0.143791
    outer loop
      vertex -22.5271 -21.0311 29.972
      vertex -21.1242 -20.7767 33.7372
      vertex -22.1594 -20.7767 29.8734
    endloop
  endfacet
  facet normal 0.25877 0 0.965939
    outer loop
      vertex -22.9237 -14.7664 30.0782
      vertex -21.827 -20.4749 29.7844
      vertex -21.827 -15.5251 29.7844
    endloop
  endfacet
  facet normal 0.25877 0 0.965939
    outer loop
      vertex -21.827 -20.4749 29.7844
      vertex -22.9237 -14.7664 30.0782
      vertex -22.9237 -21.2336 30.0782
    endloop
  endfacet
  facet normal 0.636785 0.751929 -0.170609
    outer loop
      vertex -25.2403 -20.7767 34.8401
      vertex -26.608 -20.4749 31.0654
      vertex -25.5728 -20.4749 34.9292
    endloop
  endfacet
  facet normal 0.636908 0.751813 -0.170663
    outer loop
      vertex -26.608 -20.4749 31.0654
      vertex -25.2403 -20.7767 34.8401
      vertex -26.2756 -20.7767 30.9764
    endloop
  endfacet
  facet normal 0.803154 -0.555544 -0.215209
    outer loop
      vertex -27.1453 -16.25 31.2094
      vertex -25.8643 -15.8693 35.0073
      vertex -26.11 -16.25 35.0731
    endloop
  endfacet
  facet normal 0.803154 -0.555544 -0.215209
    outer loop
      vertex -25.8643 -15.8693 35.0073
      vertex -27.1453 -16.25 31.2094
      vertex -26.8996 -15.8693 31.1436
    endloop
  endfacet
  facet normal 0.258815 8.42866e-06 0.965927
    outer loop
      vertex -26.2756 -20.7767 30.9764
      vertex -25.0925 -21.3807 30.6594
      vertex -27.483 -18.9059 31.2999
    endloop
  endfacet
  facet normal -0.866301 -0.442309 0.23213
    outer loop
      vertex -20.0588 -16.6606 33.4517
      vertex -21.2897 -16.25 29.6404
      vertex -21.0941 -16.6606 29.588
    endloop
  endfacet
  facet normal -0.866318 -0.442272 0.23214
    outer loop
      vertex -21.2897 -16.25 29.6404
      vertex -20.0588 -16.6606 33.4517
      vertex -20.0979 -16.5785 33.4622
    endloop
  endfacet
  facet normal 0.25858 -7.61311e-05 0.96599
    outer loop
      vertex -20.8657 -17.5432 29.5268
      vertex -21.2897 -16.25 29.6404
      vertex -21.5354 -15.8693 29.7062
    endloop
  endfacet
  facet normal -0.947362 -0.195104 0.253851
    outer loop
      vertex -19.8304 -17.5432 33.3905
      vertex -20.952 -17.0941 29.5499
      vertex -20.8657 -17.5432 29.5268
    endloop
  endfacet
  facet normal -0.947362 -0.195104 0.253851
    outer loop
      vertex -20.952 -17.0941 29.5499
      vertex -19.8304 -17.5432 33.3905
      vertex -19.9167 -17.0941 33.4136
    endloop
  endfacet
  facet normal 0.258587 0.00218294 0.965986
    outer loop
      vertex -24.2175 -14.5 30.4249
      vertex -24.6588 -14.5299 30.5431
      vertex -25.0925 -14.6193 30.6594
    endloop
  endfacet
  facet normal -0.188596 -0.980754 0.0505355
    outer loop
      vertex -22.394 -14.6014 34.0774
      vertex -22.7409 -14.5299 34.1704
      vertex -23.7762 -14.5299 30.3067
    endloop
  endfacet
  facet normal -0.866297 -0.442319 0.232129
    outer loop
      vertex -20.0979 -16.5785 33.4622
      vertex -20.2544 -16.25 33.5041
      vertex -21.2897 -16.25 29.6404
    endloop
  endfacet
  facet normal 0.260572 0 0.965454
    outer loop
      vertex -20.8368 -18 29.519
      vertex -20.8657 -17.5432 29.5268
      vertex -20.8657 -18.4568 29.5268
    endloop
  endfacet
  facet normal 0.25858 7.61311e-05 0.96599
    outer loop
      vertex -21.2897 -19.75 29.6404
      vertex -20.8657 -18.4568 29.5268
      vertex -21.5354 -20.1307 29.7062
    endloop
  endfacet
  facet normal -0.18873 0.980726 0.05057
    outer loop
      vertex -23.3425 -21.3807 30.1904
      vertex -22.394 -21.3986 34.0774
      vertex -22.3072 -21.3807 34.0542
    endloop
  endfacet
  facet normal -0.188612 0.98075 0.0505413
    outer loop
      vertex -22.394 -21.3986 34.0774
      vertex -23.3425 -21.3807 30.1904
      vertex -23.7762 -21.4701 30.3067
    endloop
  endfacet
  facet normal 0.259326 -0.00165994 0.965788
    outer loop
      vertex -23.3425 -21.3807 30.1904
      vertex -22.9237 -21.2336 30.0782
      vertex -23.7762 -21.4701 30.3067
    endloop
  endfacet
  facet normal 0.25867 0.000876228 0.965965
    outer loop
      vertex -23.7762 -21.4701 30.3067
      vertex -22.9237 -21.2336 30.0782
      vertex -24.2175 -21.5 30.4249
    endloop
  endfacet
  facet normal -0.636896 0.751823 0.17066
    outer loop
      vertex -21.0577 -20.7164 33.7193
      vertex -20.7917 -20.4749 33.6481
      vertex -21.827 -20.4749 29.7844
    endloop
  endfacet
  facet normal 0.0622227 0.997923 -0.0166729
    outer loop
      vertex -23.5352 -21.476 34.3832
      vertex -24.6588 -21.4701 30.5431
      vertex -23.6235 -21.4701 34.4068
    endloop
  endfacet
  facet normal 0.063077 0.997865 -0.016923
    outer loop
      vertex -24.6588 -21.4701 30.5431
      vertex -23.5352 -21.476 34.3832
      vertex -24.2175 -21.5 30.4249
    endloop
  endfacet
  facet normal 0.258317 0.000230864 0.96606
    outer loop
      vertex -27.1453 -16.25 31.2094
      vertex -27.3409 -16.6606 31.2618
      vertex -27.483 -17.0941 31.2999
    endloop
  endfacet
  facet normal 0.259326 0.00165994 0.965788
    outer loop
      vertex -22.9237 -14.7664 30.0782
      vertex -23.3425 -14.6193 30.1904
      vertex -23.7762 -14.5299 30.3067
    endloop
  endfacet
  facet normal 0.258717 5.92193e-05 0.965953
    outer loop
      vertex -26.2756 -15.2233 30.9764
      vertex -27.1453 -16.25 31.2094
      vertex -27.483 -17.0941 31.2999
    endloop
  endfacet
  facet normal 0.258815 -8.42866e-06 0.965927
    outer loop
      vertex -25.0925 -14.6193 30.6594
      vertex -26.2756 -15.2233 30.9764
      vertex -27.483 -17.0941 31.2999
    endloop
  endfacet
  facet normal 0.96385 0.0655997 -0.258244
    outer loop
      vertex -26.534 -18.4568 35.1867
      vertex -27.5982 -18 31.3308
      vertex -26.563 -18 35.1945
    endloop
  endfacet
  facet normal 0.963857 0.0653896 -0.258271
    outer loop
      vertex -27.5982 -18 31.3308
      vertex -26.534 -18.4568 35.1867
      vertex -27.5693 -18.4568 31.323
    endloop
  endfacet
  facet normal -0.914665 -0.321432 0.24509
    outer loop
      vertex -19.9167 -17.0941 33.4136
      vertex -20.0304 -16.7473 33.4441
      vertex -20.952 -17.0941 29.5499
    endloop
  endfacet
  facet normal -0.427236 -0.896864 0.114469
    outer loop
      vertex -21.5712 -14.9284 33.8569
      vertex -21.8885 -14.7664 33.9419
      vertex -22.9237 -14.7664 30.0782
    endloop
  endfacet
  facet normal -0.536803 -0.831356 0.143839
    outer loop
      vertex -22.5271 -14.9689 29.972
      vertex -21.1242 -15.2233 33.7372
      vertex -21.4918 -14.9689 33.8357
    endloop
  endfacet
  facet normal -0.536688 -0.831439 0.143791
    outer loop
      vertex -21.1242 -15.2233 33.7372
      vertex -22.5271 -14.9689 29.972
      vertex -22.1594 -15.2233 29.8734
    endloop
  endfacet
  facet normal 0.0632972 -0.997851 -0.0169608
    outer loop
      vertex -23.1822 -14.5 34.2886
      vertex -23.5352 -14.524 34.3832
      vertex -24.2175 -14.5 30.4249
    endloop
  endfacet
  facet normal -0.0633395 -0.997848 0.0169722
    outer loop
      vertex -24.2175 -14.5 30.4249
      vertex -23.094 -14.506 34.265
      vertex -23.1822 -14.5 34.2886
    endloop
  endfacet
  facet normal -0.0630838 -0.997865 0.0168973
    outer loop
      vertex -23.094 -14.506 34.265
      vertex -24.2175 -14.5 30.4249
      vertex -23.7762 -14.5299 30.3067
    endloop
  endfacet
  facet normal -0.063018 -0.99787 0.016886
    outer loop
      vertex -22.7409 -14.5299 34.1704
      vertex -23.094 -14.506 34.265
      vertex -23.7762 -14.5299 30.3067
    endloop
  endfacet
  facet normal 0.188548 -0.980764 -0.0505224
    outer loop
      vertex -23.7102 -14.5478 34.4301
      vertex -24.0572 -14.6193 34.5231
      vertex -25.0925 -14.6193 30.6594
    endloop
  endfacet
  facet normal 0.25912 -0.000113722 0.965845
    outer loop
      vertex -20.952 -18.9059 29.5499
      vertex -20.8657 -18.4568 29.5268
      vertex -21.2897 -19.75 29.6404
    endloop
  endfacet
  facet normal -0.426985 0.896991 0.114413
    outer loop
      vertex -22.5271 -21.0311 29.972
      vertex -21.5712 -21.0716 33.8569
      vertex -21.4918 -21.0311 33.8357
    endloop
  endfacet
  facet normal -0.427267 0.896849 0.114481
    outer loop
      vertex -21.5712 -21.0716 33.8569
      vertex -22.5271 -21.0311 29.972
      vertex -22.9237 -21.2336 30.0782
    endloop
  endfacet
  facet normal -0.866297 0.442319 0.232129
    outer loop
      vertex -20.2544 -19.75 33.5041
      vertex -20.0979 -19.4215 33.4622
      vertex -21.2897 -19.75 29.6404
    endloop
  endfacet
  facet normal 0.258317 0.000230864 0.96606
    outer loop
      vertex -21.0941 -19.3394 29.588
      vertex -20.952 -18.9059 29.5499
      vertex -21.2897 -19.75 29.6404
    endloop
  endfacet
  facet normal -0.310288 0.947 0.0831413
    outer loop
      vertex -22.2235 -21.3513 34.0317
      vertex -23.3425 -21.3807 30.1904
      vertex -22.3072 -21.3807 34.0542
    endloop
  endfacet
  facet normal -0.310341 0.946981 0.0831568
    outer loop
      vertex -23.3425 -21.3807 30.1904
      vertex -22.2235 -21.3513 34.0317
      vertex -22.9237 -21.2336 30.0782
    endloop
  endfacet
  facet normal 0.947401 0.194901 -0.253861
    outer loop
      vertex -26.4478 -18.9059 35.1636
      vertex -27.5693 -18.4568 31.323
      vertex -26.534 -18.4568 35.1867
    endloop
  endfacet
  facet normal 0.947368 0.195104 -0.253828
    outer loop
      vertex -27.5693 -18.4568 31.323
      vertex -26.4478 -18.9059 35.1636
      vertex -27.483 -18.9059 31.2999
    endloop
  endfacet
  facet normal -0.636318 -0.752352 0.170484
    outer loop
      vertex -22.1594 -15.2233 29.8734
      vertex -21.0577 -15.2836 33.7193
      vertex -21.1242 -15.2233 33.7372
    endloop
  endfacet
  facet normal -0.636908 -0.751813 0.170662
    outer loop
      vertex -21.0577 -15.2836 33.7193
      vertex -22.1594 -15.2233 29.8734
      vertex -21.827 -15.5251 29.7844
    endloop
  endfacet
  facet normal -0.0633395 0.997848 0.0169722
    outer loop
      vertex -23.094 -21.494 34.265
      vertex -24.2175 -21.5 30.4249
      vertex -23.1822 -21.5 34.2886
    endloop
  endfacet
  facet normal -0.0630838 0.997865 0.0168973
    outer loop
      vertex -24.2175 -21.5 30.4249
      vertex -23.094 -21.494 34.265
      vertex -23.7762 -21.4701 30.3067
    endloop
  endfacet
  facet normal 0.914665 0.321432 -0.24509
    outer loop
      vertex -26.4193 -18.9926 35.156
      vertex -26.3056 -19.3394 35.1255
      vertex -27.3409 -19.3394 31.2618
    endloop
  endfacet
  facet normal 0.188873 0.980697 -0.0506095
    outer loop
      vertex -24.6588 -21.4701 30.5431
      vertex -23.7102 -21.4522 34.4301
      vertex -23.6235 -21.4701 34.4068
    endloop
  endfacet
  facet normal 0.188611 0.98075 -0.0505459
    outer loop
      vertex -23.7102 -21.4522 34.4301
      vertex -24.6588 -21.4701 30.5431
      vertex -25.0925 -21.3807 30.6594
    endloop
  endfacet
  facet normal 0.258587 -0.00218294 0.965986
    outer loop
      vertex -24.6588 -21.4701 30.5431
      vertex -24.2175 -21.5 30.4249
      vertex -25.0925 -21.3807 30.6594
    endloop
  endfacet
  facet normal 0.914459 -0.322078 -0.245011
    outer loop
      vertex -27.483 -17.0941 31.2999
      vertex -26.4193 -17.0074 35.156
      vertex -26.4478 -17.0941 35.1636
    endloop
  endfacet
  facet normal 0.914686 -0.321372 -0.245089
    outer loop
      vertex -26.4193 -17.0074 35.156
      vertex -27.483 -17.0941 31.2999
      vertex -27.3409 -16.6606 31.2618
    endloop
  endfacet
  facet normal 0.726298 -0.659254 -0.194616
    outer loop
      vertex -26.8996 -15.8693 31.1436
      vertex -25.5728 -15.5251 34.9292
      vertex -25.8643 -15.8693 35.0073
    endloop
  endfacet
  facet normal 0.726176 -0.659405 -0.194559
    outer loop
      vertex -25.5728 -15.5251 34.9292
      vertex -26.8996 -15.8693 31.1436
      vertex -26.608 -15.5251 31.0654
    endloop
  endfacet
  facet normal 0.866318 -0.442272 -0.23214
    outer loop
      vertex -27.3409 -16.6606 31.2618
      vertex -26.11 -16.25 35.0731
      vertex -26.1491 -16.3321 35.0836
    endloop
  endfacet
  facet normal 0.866301 -0.442309 -0.23213
    outer loop
      vertex -26.11 -16.25 35.0731
      vertex -27.3409 -16.6606 31.2618
      vertex -27.1453 -16.25 31.2094
    endloop
  endfacet
  facet normal -0.427236 0.896864 0.114469
    outer loop
      vertex -21.8885 -21.2336 33.9419
      vertex -21.5712 -21.0716 33.8569
      vertex -22.9237 -21.2336 30.0782
    endloop
  endfacet
  facet normal -0.914763 -0.321132 0.245116
    outer loop
      vertex -21.0941 -16.6606 29.588
      vertex -20.0304 -16.7473 33.4441
      vertex -20.0588 -16.6606 33.4517
    endloop
  endfacet
  facet normal -0.914686 -0.321372 0.245089
    outer loop
      vertex -20.0304 -16.7473 33.4441
      vertex -21.0941 -16.6606 29.588
      vertex -20.952 -17.0941 29.5499
    endloop
  endfacet
  facet normal 0.258317 -0.000230864 0.96606
    outer loop
      vertex -20.952 -17.0941 29.5499
      vertex -21.0941 -16.6606 29.588
      vertex -21.2897 -16.25 29.6404
    endloop
  endfacet
  facet normal -0.636896 -0.751823 0.17066
    outer loop
      vertex -20.7917 -15.5251 33.6481
      vertex -21.0577 -15.2836 33.7193
      vertex -21.827 -15.5251 29.7844
    endloop
  endfacet
  facet normal -0.427267 -0.896849 0.114481
    outer loop
      vertex -22.5271 -14.9689 29.972
      vertex -21.5712 -14.9284 33.8569
      vertex -22.9237 -14.7664 30.0782
    endloop
  endfacet
  facet normal -0.426985 -0.896991 0.114413
    outer loop
      vertex -21.5712 -14.9284 33.8569
      vertex -22.5271 -14.9689 29.972
      vertex -21.4918 -14.9689 33.8357
    endloop
  endfacet
  facet normal 0.310431 -0.946949 -0.0831818
    outer loop
      vertex -24.0572 -14.6193 34.5231
      vertex -24.3922 -14.737 34.6128
      vertex -25.0925 -14.6193 30.6594
    endloop
  endfacet
  facet normal 0.427265 -0.896849 -0.114488
    outer loop
      vertex -25.9079 -14.9689 30.8778
      vertex -24.476 -14.7664 34.6353
      vertex -24.8726 -14.9689 34.7415
    endloop
  endfacet
  facet normal 0.427187 -0.89689 -0.114456
    outer loop
      vertex -24.476 -14.7664 34.6353
      vertex -25.9079 -14.9689 30.8778
      vertex -25.5112 -14.7664 30.7716
    endloop
  endfacet
  facet normal 0.427265 0.896849 -0.114488
    outer loop
      vertex -24.476 -21.2336 34.6353
      vertex -25.9079 -21.0311 30.8778
      vertex -24.8726 -21.0311 34.7415
    endloop
  endfacet
  facet normal 0.427187 0.89689 -0.114456
    outer loop
      vertex -25.9079 -21.0311 30.8778
      vertex -24.476 -21.2336 34.6353
      vertex -25.5112 -21.2336 30.7716
    endloop
  endfacet
  facet normal -0.310413 -0.946957 0.0831688
    outer loop
      vertex -21.8885 -14.7664 33.9419
      vertex -22.2235 -14.6487 34.0317
      vertex -22.9237 -14.7664 30.0782
    endloop
  endfacet
  facet normal -0.947362 0.195104 0.253851
    outer loop
      vertex -20.952 -18.9059 29.5499
      vertex -19.8304 -18.4568 33.3905
      vertex -20.8657 -18.4568 29.5268
    endloop
  endfacet
  facet normal -0.947362 0.195104 0.253851
    outer loop
      vertex -19.8304 -18.4568 33.3905
      vertex -20.952 -18.9059 29.5499
      vertex -19.9167 -18.9059 33.4136
    endloop
  endfacet
  facet normal -0.963857 0.0653896 0.258271
    outer loop
      vertex -20.8657 -18.4568 29.5268
      vertex -19.8015 -18 33.3827
      vertex -20.8368 -18 29.519
    endloop
  endfacet
  facet normal -0.963857 0.0653896 0.258271
    outer loop
      vertex -19.8015 -18 33.3827
      vertex -20.8657 -18.4568 29.5268
      vertex -19.8304 -18.4568 33.3905
    endloop
  endfacet
  facet normal -0.914686 0.321372 0.245089
    outer loop
      vertex -21.0941 -19.3394 29.588
      vertex -20.0304 -19.2527 33.4441
      vertex -20.952 -18.9059 29.5499
    endloop
  endfacet
  facet normal -0.914763 0.321132 0.245116
    outer loop
      vertex -20.0304 -19.2527 33.4441
      vertex -21.0941 -19.3394 29.588
      vertex -20.0588 -19.3394 33.4517
    endloop
  endfacet
  facet normal -0.866301 0.442309 0.23213
    outer loop
      vertex -21.2897 -19.75 29.6404
      vertex -20.0588 -19.3394 33.4517
      vertex -21.0941 -19.3394 29.588
    endloop
  endfacet
  facet normal -0.866318 0.442272 0.23214
    outer loop
      vertex -20.0588 -19.3394 33.4517
      vertex -21.2897 -19.75 29.6404
      vertex -20.0979 -19.4215 33.4622
    endloop
  endfacet
  facet normal 0.866297 0.442319 -0.232129
    outer loop
      vertex -26.3056 -19.3394 35.1255
      vertex -26.1491 -19.6679 35.0836
      vertex -27.3409 -19.3394 31.2618
    endloop
  endfacet
  facet normal 0.258317 -0.000230864 0.96606
    outer loop
      vertex -27.3409 -19.3394 31.2618
      vertex -27.1453 -19.75 31.2094
      vertex -27.483 -18.9059 31.2999
    endloop
  endfacet
  facet normal 0.257583 -0.000202804 0.966256
    outer loop
      vertex -27.5693 -18.4568 31.323
      vertex -27.483 -18.9059 31.2999
      vertex -27.5982 -18 31.3308
    endloop
  endfacet
  facet normal -0.636318 0.752352 0.170484
    outer loop
      vertex -21.0577 -20.7164 33.7193
      vertex -22.1594 -20.7767 29.8734
      vertex -21.1242 -20.7767 33.7372
    endloop
  endfacet
  facet normal -0.636908 0.751813 0.170662
    outer loop
      vertex -22.1594 -20.7767 29.8734
      vertex -21.0577 -20.7164 33.7193
      vertex -21.827 -20.4749 29.7844
    endloop
  endfacet
  facet normal 0.536684 0.831439 -0.143807
    outer loop
      vertex -24.8726 -21.0311 34.7415
      vertex -26.2756 -20.7767 30.9764
      vertex -25.2403 -20.7767 34.8401
    endloop
  endfacet
  facet normal 0.536684 0.831439 -0.143807
    outer loop
      vertex -26.2756 -20.7767 30.9764
      vertex -24.8726 -21.0311 34.7415
      vertex -25.9079 -21.0311 30.8778
    endloop
  endfacet
  facet normal 0.25827 -0.00113592 0.966072
    outer loop
      vertex -25.9079 -21.0311 30.8778
      vertex -25.0925 -21.3807 30.6594
      vertex -26.2756 -20.7767 30.9764
    endloop
  endfacet
  facet normal 0.257583 0.000202804 0.966256
    outer loop
      vertex -27.483 -17.0941 31.2999
      vertex -27.5693 -17.5432 31.323
      vertex -27.5982 -18 31.3308
    endloop
  endfacet
  facet normal 0.947401 -0.194901 -0.253861
    outer loop
      vertex -27.5693 -17.5432 31.323
      vertex -26.4478 -17.0941 35.1636
      vertex -26.534 -17.5432 35.1867
    endloop
  endfacet
  facet normal 0.947368 -0.195104 -0.253828
    outer loop
      vertex -26.4478 -17.0941 35.1636
      vertex -27.5693 -17.5432 31.323
      vertex -27.483 -17.0941 31.2999
    endloop
  endfacet
  facet normal 0.257359 0.00151055 0.966315
    outer loop
      vertex -26.2756 -15.2233 30.9764
      vertex -26.608 -15.5251 31.0654
      vertex -26.8996 -15.8693 31.1436
    endloop
  endfacet
  facet normal -0.310413 0.946957 0.0831688
    outer loop
      vertex -22.2235 -21.3513 34.0317
      vertex -21.8885 -21.2336 33.9419
      vertex -22.9237 -21.2336 30.0782
    endloop
  endfacet
  facet normal -0.063018 0.99787 0.016886
    outer loop
      vertex -23.094 -21.494 34.265
      vertex -22.7409 -21.4701 34.1704
      vertex -23.7762 -21.4701 30.3067
    endloop
  endfacet
  facet normal 0.30998 -0.947109 -0.0830528
    outer loop
      vertex -25.5112 -14.7664 30.7716
      vertex -24.3922 -14.737 34.6128
      vertex -24.476 -14.7664 34.6353
    endloop
  endfacet
  facet normal 0.310402 -0.946959 -0.0831769
    outer loop
      vertex -24.3922 -14.737 34.6128
      vertex -25.5112 -14.7664 30.7716
      vertex -25.0925 -14.6193 30.6594
    endloop
  endfacet
  facet normal 0.259364 -0.00160036 0.965778
    outer loop
      vertex -25.0925 -14.6193 30.6594
      vertex -25.5112 -14.7664 30.7716
      vertex -25.9079 -14.9689 30.8778
    endloop
  endfacet
  facet normal 0.866318 0.442272 -0.23214
    outer loop
      vertex -26.11 -19.75 35.0731
      vertex -27.3409 -19.3394 31.2618
      vertex -26.1491 -19.6679 35.0836
    endloop
  endfacet
  facet normal 0.866301 0.442309 -0.23213
    outer loop
      vertex -27.3409 -19.3394 31.2618
      vertex -26.11 -19.75 35.0731
      vertex -27.1453 -19.75 31.2094
    endloop
  endfacet
  facet normal -0.188612 -0.98075 0.0505413
    outer loop
      vertex -23.3425 -14.6193 30.1904
      vertex -22.394 -14.6014 34.0774
      vertex -23.7762 -14.5299 30.3067
    endloop
  endfacet
  facet normal -0.18873 -0.980726 0.05057
    outer loop
      vertex -22.394 -14.6014 34.0774
      vertex -23.3425 -14.6193 30.1904
      vertex -22.3072 -14.6193 34.0542
    endloop
  endfacet
  facet normal -0.310288 -0.947 0.0831413
    outer loop
      vertex -23.3425 -14.6193 30.1904
      vertex -22.2235 -14.6487 34.0317
      vertex -22.3072 -14.6193 34.0542
    endloop
  endfacet
  facet normal -0.310341 -0.946981 0.0831568
    outer loop
      vertex -22.2235 -14.6487 34.0317
      vertex -23.3425 -14.6193 30.1904
      vertex -22.9237 -14.7664 30.0782
    endloop
  endfacet
  facet normal -0.914665 0.321432 0.24509
    outer loop
      vertex -20.0304 -19.2527 33.4441
      vertex -19.9167 -18.9059 33.4136
      vertex -20.952 -18.9059 29.5499
    endloop
  endfacet
  facet normal 0.260167 -0.00180394 0.965562
    outer loop
      vertex -22.1594 -20.7767 29.8734
      vertex -21.827 -20.4749 29.7844
      vertex -22.5271 -21.0311 29.972
    endloop
  endfacet
  facet normal 0.258362 0.000631705 0.966048
    outer loop
      vertex -22.5271 -21.0311 29.972
      vertex -21.827 -20.4749 29.7844
      vertex -22.9237 -21.2336 30.0782
    endloop
  endfacet
  facet normal 0.259023 0 0.965871
    outer loop
      vertex -21.827 -15.5251 29.7844
      vertex -21.5354 -20.1307 29.7062
      vertex -21.5354 -15.8693 29.7062
    endloop
  endfacet
  facet normal 0.259023 0 0.965871
    outer loop
      vertex -21.5354 -20.1307 29.7062
      vertex -21.827 -15.5251 29.7844
      vertex -21.827 -20.4749 29.7844
    endloop
  endfacet
  facet normal -0.803154 0.555544 0.215209
    outer loop
      vertex -21.5354 -20.1307 29.7062
      vertex -20.2544 -19.75 33.5041
      vertex -21.2897 -19.75 29.6404
    endloop
  endfacet
  facet normal -0.803154 0.555544 0.215209
    outer loop
      vertex -20.2544 -19.75 33.5041
      vertex -21.5354 -20.1307 29.7062
      vertex -20.5001 -20.1307 33.5699
    endloop
  endfacet
  facet normal 0.257359 -0.00151055 0.966315
    outer loop
      vertex -26.608 -20.4749 31.0654
      vertex -26.2756 -20.7767 30.9764
      vertex -26.8996 -20.1307 31.1436
    endloop
  endfacet
  facet normal -0.72617 0.659405 0.194581
    outer loop
      vertex -21.827 -20.4749 29.7844
      vertex -20.5001 -20.1307 33.5699
      vertex -21.5354 -20.1307 29.7062
    endloop
  endfacet
  facet normal -0.72617 0.659405 0.194581
    outer loop
      vertex -20.5001 -20.1307 33.5699
      vertex -21.827 -20.4749 29.7844
      vertex -20.7917 -20.4749 33.6481
    endloop
  endfacet
  facet normal 0.259077 0.000267577 0.965857
    outer loop
      vertex -26.8996 -20.1307 31.1436
      vertex -26.2756 -20.7767 30.9764
      vertex -27.1453 -19.75 31.2094
    endloop
  endfacet
  facet normal 0.258717 -5.92193e-05 0.965953
    outer loop
      vertex -27.1453 -19.75 31.2094
      vertex -26.2756 -20.7767 30.9764
      vertex -27.483 -18.9059 31.2999
    endloop
  endfacet
  facet normal 0.636785 -0.751929 -0.170609
    outer loop
      vertex -26.608 -15.5251 31.0654
      vertex -25.2403 -15.2233 34.8401
      vertex -25.5728 -15.5251 34.9292
    endloop
  endfacet
  facet normal 0.636908 -0.751813 -0.170663
    outer loop
      vertex -25.2403 -15.2233 34.8401
      vertex -26.608 -15.5251 31.0654
      vertex -26.2756 -15.2233 30.9764
    endloop
  endfacet
  facet normal 0.536684 -0.831439 -0.143807
    outer loop
      vertex -26.2756 -15.2233 30.9764
      vertex -24.8726 -14.9689 34.7415
      vertex -25.2403 -15.2233 34.8401
    endloop
  endfacet
  facet normal 0.536684 -0.831439 -0.143807
    outer loop
      vertex -24.8726 -14.9689 34.7415
      vertex -26.2756 -15.2233 30.9764
      vertex -25.9079 -14.9689 30.8778
    endloop
  endfacet
  facet normal 0.866297 -0.442319 -0.232129
    outer loop
      vertex -26.1491 -16.3321 35.0836
      vertex -26.3056 -16.6606 35.1255
      vertex -27.3409 -16.6606 31.2618
    endloop
  endfacet
  facet normal 0.914665 -0.321432 -0.24509
    outer loop
      vertex -26.3056 -16.6606 35.1255
      vertex -26.4193 -17.0074 35.156
      vertex -27.3409 -16.6606 31.2618
    endloop
  endfacet
  facet normal 0.310431 0.946949 -0.0831818
    outer loop
      vertex -24.3922 -21.263 34.6128
      vertex -24.0572 -21.3807 34.5231
      vertex -25.0925 -21.3807 30.6594
    endloop
  endfacet
  facet normal -0.188596 0.980754 0.0505355
    outer loop
      vertex -22.7409 -21.4701 34.1704
      vertex -22.394 -21.3986 34.0774
      vertex -23.7762 -21.4701 30.3067
    endloop
  endfacet
  facet normal 0.803154 0.555544 -0.215209
    outer loop
      vertex -25.8643 -20.1307 35.0073
      vertex -27.1453 -19.75 31.2094
      vertex -26.11 -19.75 35.0731
    endloop
  endfacet
  facet normal 0.803154 0.555544 -0.215209
    outer loop
      vertex -27.1453 -19.75 31.2094
      vertex -25.8643 -20.1307 35.0073
      vertex -26.8996 -20.1307 31.1436
    endloop
  endfacet
  facet normal 0.726298 0.659254 -0.194616
    outer loop
      vertex -25.5728 -20.4749 34.9292
      vertex -26.8996 -20.1307 31.1436
      vertex -25.8643 -20.1307 35.0073
    endloop
  endfacet
  facet normal 0.726176 0.659405 -0.194559
    outer loop
      vertex -26.8996 -20.1307 31.1436
      vertex -25.5728 -20.4749 34.9292
      vertex -26.608 -20.4749 31.0654
    endloop
  endfacet
  facet normal 0.259364 0.00160036 0.965778
    outer loop
      vertex -25.5112 -21.2336 30.7716
      vertex -25.0925 -21.3807 30.6594
      vertex -25.9079 -21.0311 30.8778
    endloop
  endfacet
  facet normal 0.30998 0.947109 -0.0830528
    outer loop
      vertex -24.3922 -21.263 34.6128
      vertex -25.5112 -21.2336 30.7716
      vertex -24.476 -21.2336 34.6353
    endloop
  endfacet
  facet normal 0.310402 0.946959 -0.0831769
    outer loop
      vertex -25.5112 -21.2336 30.7716
      vertex -24.3922 -21.263 34.6128
      vertex -25.0925 -21.3807 30.6594
    endloop
  endfacet
  facet normal -0.997851 -0.0655224 0
    outer loop
      vertex 37.8 35 0
      vertex 37.776 35.3655 9
      vertex 37.776 35.3655 0
    endloop
  endfacet
  facet normal -0.997851 -0.0655224 0
    outer loop
      vertex 37.776 35.3655 9
      vertex 37.8 35 0
      vertex 37.8 35 9
    endloop
  endfacet
  facet normal 0.0655224 -0.997851 0
    outer loop
      vertex 34.6345 37.776 0
      vertex 35 37.8 9
      vertex 34.6345 37.776 9
    endloop
  endfacet
  facet normal 0.0655224 -0.997851 0
    outer loop
      vertex 35 37.8 9
      vertex 34.6345 37.776 0
      vertex 35 37.8 0
    endloop
  endfacet
  facet normal -0.0655224 0.997851 0
    outer loop
      vertex 35.3655 32.224 0
      vertex 35 32.2 9
      vertex 35.3655 32.224 9
    endloop
  endfacet
  facet normal -0.0655224 0.997851 0
    outer loop
      vertex 35 32.2 9
      vertex 35.3655 32.224 0
      vertex 35 32.2 0
    endloop
  endfacet
  facet normal -0.659316 -0.751866 0
    outer loop
      vertex 36.7045 37.2214 0
      vertex 36.9799 36.9799 9
      vertex 36.7045 37.2214 9
    endloop
  endfacet
  facet normal -0.659316 -0.751866 -0
    outer loop
      vertex 36.9799 36.9799 9
      vertex 36.7045 37.2214 0
      vertex 36.9799 36.9799 0
    endloop
  endfacet
  facet normal 0.751866 -0.659316 0
    outer loop
      vertex 32.7786 36.7045 9
      vertex 33.0201 36.9799 0
      vertex 33.0201 36.9799 9
    endloop
  endfacet
  facet normal 0.751866 -0.659316 0
    outer loop
      vertex 33.0201 36.9799 0
      vertex 32.7786 36.7045 9
      vertex 32.7786 36.7045 0
    endloop
  endfacet
  facet normal 0.442292 -0.896871 0
    outer loop
      vertex 33.6 37.4249 0
      vertex 33.9285 37.5869 9
      vertex 33.6 37.4249 9
    endloop
  endfacet
  facet normal 0.442292 -0.896871 0
    outer loop
      vertex 33.9285 37.5869 9
      vertex 33.6 37.4249 0
      vertex 33.9285 37.5869 0
    endloop
  endfacet
  facet normal -0.896871 -0.442292 0
    outer loop
      vertex 37.5869 36.0715 0
      vertex 37.4249 36.4 9
      vertex 37.4249 36.4 0
    endloop
  endfacet
  facet normal -0.896871 -0.442292 0
    outer loop
      vertex 37.4249 36.4 9
      vertex 37.5869 36.0715 0
      vertex 37.5869 36.0715 9
    endloop
  endfacet
  facet normal -0.83142 -0.555645 0
    outer loop
      vertex 37.4249 36.4 0
      vertex 37.2214 36.7045 9
      vertex 37.2214 36.7045 0
    endloop
  endfacet
  facet normal -0.83142 -0.555645 0
    outer loop
      vertex 37.2214 36.7045 9
      vertex 37.4249 36.4 0
      vertex 37.4249 36.4 9
    endloop
  endfacet
  facet normal -0.321384 -0.946949 0
    outer loop
      vertex 35.7247 37.7046 0
      vertex 36.0715 37.5869 9
      vertex 35.7247 37.7046 9
    endloop
  endfacet
  facet normal -0.321384 -0.946949 -0
    outer loop
      vertex 36.0715 37.5869 9
      vertex 35.7247 37.7046 0
      vertex 36.0715 37.5869 0
    endloop
  endfacet
  facet normal -0.442292 -0.896871 0
    outer loop
      vertex 36.0715 37.5869 0
      vertex 36.4 37.4249 9
      vertex 36.0715 37.5869 9
    endloop
  endfacet
  facet normal -0.442292 -0.896871 -0
    outer loop
      vertex 36.4 37.4249 9
      vertex 36.0715 37.5869 0
      vertex 36.4 37.4249 0
    endloop
  endfacet
  facet normal 0.946949 -0.321384 0
    outer loop
      vertex 32.2954 35.7247 9
      vertex 32.4131 36.0715 0
      vertex 32.4131 36.0715 9
    endloop
  endfacet
  facet normal 0.946949 -0.321384 0
    outer loop
      vertex 32.4131 36.0715 0
      vertex 32.2954 35.7247 9
      vertex 32.2954 35.7247 0
    endloop
  endfacet
  facet normal 0.555645 -0.83142 0
    outer loop
      vertex 33.2955 37.2214 0
      vertex 33.6 37.4249 9
      vertex 33.2955 37.2214 9
    endloop
  endfacet
  facet normal 0.555645 -0.83142 0
    outer loop
      vertex 33.6 37.4249 9
      vertex 33.2955 37.2214 0
      vertex 33.6 37.4249 0
    endloop
  endfacet
  facet normal 0.321384 -0.946949 0
    outer loop
      vertex 33.9285 37.5869 0
      vertex 34.2753 37.7046 9
      vertex 33.9285 37.5869 9
    endloop
  endfacet
  facet normal 0.321384 -0.946949 0
    outer loop
      vertex 34.2753 37.7046 9
      vertex 33.9285 37.5869 0
      vertex 34.2753 37.7046 0
    endloop
  endfacet
  facet normal -0.442292 0.896871 0
    outer loop
      vertex 36.4 32.5751 0
      vertex 36.0715 32.4131 9
      vertex 36.4 32.5751 9
    endloop
  endfacet
  facet normal -0.442292 0.896871 0
    outer loop
      vertex 36.0715 32.4131 9
      vertex 36.4 32.5751 0
      vertex 36.0715 32.4131 0
    endloop
  endfacet
  facet normal -0.946949 -0.321384 0
    outer loop
      vertex 37.7046 35.7247 0
      vertex 37.5869 36.0715 9
      vertex 37.5869 36.0715 0
    endloop
  endfacet
  facet normal -0.946949 -0.321384 0
    outer loop
      vertex 37.5869 36.0715 9
      vertex 37.7046 35.7247 0
      vertex 37.7046 35.7247 9
    endloop
  endfacet
  facet normal -0.980811 -0.194961 0
    outer loop
      vertex 37.776 35.3655 0
      vertex 37.7046 35.7247 9
      vertex 37.7046 35.7247 0
    endloop
  endfacet
  facet normal -0.980811 -0.194961 0
    outer loop
      vertex 37.7046 35.7247 9
      vertex 37.776 35.3655 0
      vertex 37.776 35.3655 9
    endloop
  endfacet
  facet normal -0.751866 -0.659316 0
    outer loop
      vertex 37.2214 36.7045 0
      vertex 36.9799 36.9799 9
      vertex 36.9799 36.9799 0
    endloop
  endfacet
  facet normal -0.751866 -0.659316 0
    outer loop
      vertex 36.9799 36.9799 9
      vertex 37.2214 36.7045 0
      vertex 37.2214 36.7045 9
    endloop
  endfacet
  facet normal -0.194961 -0.980811 0
    outer loop
      vertex 35.3655 37.776 0
      vertex 35.7247 37.7046 9
      vertex 35.3655 37.776 9
    endloop
  endfacet
  facet normal -0.194961 -0.980811 -0
    outer loop
      vertex 35.7247 37.7046 9
      vertex 35.3655 37.776 0
      vertex 35.7247 37.7046 0
    endloop
  endfacet
  facet normal -0.0655224 -0.997851 0
    outer loop
      vertex 35 37.8 0
      vertex 35.3655 37.776 9
      vertex 35 37.8 9
    endloop
  endfacet
  facet normal -0.0655224 -0.997851 -0
    outer loop
      vertex 35.3655 37.776 9
      vertex 35 37.8 0
      vertex 35.3655 37.776 0
    endloop
  endfacet
  facet normal -0.555645 -0.83142 0
    outer loop
      vertex 36.4 37.4249 0
      vertex 36.7045 37.2214 9
      vertex 36.4 37.4249 9
    endloop
  endfacet
  facet normal -0.555645 -0.83142 -0
    outer loop
      vertex 36.7045 37.2214 9
      vertex 36.4 37.4249 0
      vertex 36.7045 37.2214 0
    endloop
  endfacet
  facet normal 0.896871 -0.442292 0
    outer loop
      vertex 32.4131 36.0715 9
      vertex 32.5751 36.4 0
      vertex 32.5751 36.4 9
    endloop
  endfacet
  facet normal 0.896871 -0.442292 0
    outer loop
      vertex 32.5751 36.4 0
      vertex 32.4131 36.0715 9
      vertex 32.4131 36.0715 0
    endloop
  endfacet
  facet normal 0.83142 -0.555645 0
    outer loop
      vertex 32.5751 36.4 9
      vertex 32.7786 36.7045 0
      vertex 32.7786 36.7045 9
    endloop
  endfacet
  facet normal 0.83142 -0.555645 0
    outer loop
      vertex 32.7786 36.7045 0
      vertex 32.5751 36.4 9
      vertex 32.5751 36.4 0
    endloop
  endfacet
  facet normal 0.980811 -0.194961 0
    outer loop
      vertex 32.224 35.3655 9
      vertex 32.2954 35.7247 0
      vertex 32.2954 35.7247 9
    endloop
  endfacet
  facet normal 0.980811 -0.194961 0
    outer loop
      vertex 32.2954 35.7247 0
      vertex 32.224 35.3655 9
      vertex 32.224 35.3655 0
    endloop
  endfacet
  facet normal 0.997851 -0.0655224 0
    outer loop
      vertex 32.2 35 9
      vertex 32.224 35.3655 0
      vertex 32.224 35.3655 9
    endloop
  endfacet
  facet normal 0.997851 -0.0655224 0
    outer loop
      vertex 32.224 35.3655 0
      vertex 32.2 35 9
      vertex 32.2 35 0
    endloop
  endfacet
  facet normal 0.997851 0.0655224 0
    outer loop
      vertex 32.224 34.6345 9
      vertex 32.2 35 0
      vertex 32.2 35 9
    endloop
  endfacet
  facet normal 0.997851 0.0655224 0
    outer loop
      vertex 32.2 35 0
      vertex 32.224 34.6345 9
      vertex 32.224 34.6345 0
    endloop
  endfacet
  facet normal 0.659316 -0.751866 0
    outer loop
      vertex 33.0201 36.9799 0
      vertex 33.2955 37.2214 9
      vertex 33.0201 36.9799 9
    endloop
  endfacet
  facet normal 0.659316 -0.751866 0
    outer loop
      vertex 33.2955 37.2214 9
      vertex 33.0201 36.9799 0
      vertex 33.2955 37.2214 0
    endloop
  endfacet
  facet normal 0.194961 -0.980811 0
    outer loop
      vertex 34.2753 37.7046 0
      vertex 34.6345 37.776 9
      vertex 34.2753 37.7046 9
    endloop
  endfacet
  facet normal 0.194961 -0.980811 0
    outer loop
      vertex 34.6345 37.776 9
      vertex 34.2753 37.7046 0
      vertex 34.6345 37.776 0
    endloop
  endfacet
  facet normal -0.997851 0.0655224 0
    outer loop
      vertex 37.776 34.6345 0
      vertex 37.8 35 9
      vertex 37.8 35 0
    endloop
  endfacet
  facet normal -0.997851 0.0655224 0
    outer loop
      vertex 37.8 35 9
      vertex 37.776 34.6345 0
      vertex 37.776 34.6345 9
    endloop
  endfacet
  facet normal -0.946949 0.321384 0
    outer loop
      vertex 37.5869 33.9285 0
      vertex 37.7046 34.2753 9
      vertex 37.7046 34.2753 0
    endloop
  endfacet
  facet normal -0.946949 0.321384 0
    outer loop
      vertex 37.7046 34.2753 9
      vertex 37.5869 33.9285 0
      vertex 37.5869 33.9285 9
    endloop
  endfacet
  facet normal -0.980811 0.194961 0
    outer loop
      vertex 37.7046 34.2753 0
      vertex 37.776 34.6345 9
      vertex 37.776 34.6345 0
    endloop
  endfacet
  facet normal -0.980811 0.194961 0
    outer loop
      vertex 37.776 34.6345 9
      vertex 37.7046 34.2753 0
      vertex 37.7046 34.2753 9
    endloop
  endfacet
  facet normal 0.83142 0.555645 0
    outer loop
      vertex 32.7786 33.2955 9
      vertex 32.5751 33.6 0
      vertex 32.5751 33.6 9
    endloop
  endfacet
  facet normal 0.83142 0.555645 0
    outer loop
      vertex 32.5751 33.6 0
      vertex 32.7786 33.2955 9
      vertex 32.7786 33.2955 0
    endloop
  endfacet
  facet normal 0.751866 0.659316 0
    outer loop
      vertex 33.0201 33.0201 9
      vertex 32.7786 33.2955 0
      vertex 32.7786 33.2955 9
    endloop
  endfacet
  facet normal 0.751866 0.659316 0
    outer loop
      vertex 32.7786 33.2955 0
      vertex 33.0201 33.0201 9
      vertex 33.0201 33.0201 0
    endloop
  endfacet
  facet normal -0.555645 0.83142 0
    outer loop
      vertex 36.7045 32.7786 0
      vertex 36.4 32.5751 9
      vertex 36.7045 32.7786 9
    endloop
  endfacet
  facet normal -0.555645 0.83142 0
    outer loop
      vertex 36.4 32.5751 9
      vertex 36.7045 32.7786 0
      vertex 36.4 32.5751 0
    endloop
  endfacet
  facet normal 0 0 -1
    outer loop
      vertex 37.776 34.6345 9
      vertex 37.776 35.3655 9
      vertex 37.8 35 9
    endloop
  endfacet
  facet normal 0 0 -1
    outer loop
      vertex 37.7046 34.2753 9
      vertex 37.776 35.3655 9
      vertex 37.776 34.6345 9
    endloop
  endfacet
  facet normal 0 0 -1
    outer loop
      vertex 37.7046 34.2753 9
      vertex 37.7046 35.7247 9
      vertex 37.776 35.3655 9
    endloop
  endfacet
  facet normal 0 0 -1
    outer loop
      vertex 37.5869 33.9285 9
      vertex 37.7046 35.7247 9
      vertex 37.7046 34.2753 9
    endloop
  endfacet
  facet normal 0 0 -1
    outer loop
      vertex 37.5869 33.9285 9
      vertex 37.5869 36.0715 9
      vertex 37.7046 35.7247 9
    endloop
  endfacet
  facet normal 0 0 -1
    outer loop
      vertex 37.4249 33.6 9
      vertex 37.5869 36.0715 9
      vertex 37.5869 33.9285 9
    endloop
  endfacet
  facet normal 0 0 -1
    outer loop
      vertex 37.4249 33.6 9
      vertex 37.4249 36.4 9
      vertex 37.5869 36.0715 9
    endloop
  endfacet
  facet normal 0 0 -1
    outer loop
      vertex 37.2214 33.2955 9
      vertex 37.4249 36.4 9
      vertex 37.4249 33.6 9
    endloop
  endfacet
  facet normal 0 0 -1
    outer loop
      vertex 37.2214 33.2955 9
      vertex 37.2214 36.7045 9
      vertex 37.4249 36.4 9
    endloop
  endfacet
  facet normal 0 0 -1
    outer loop
      vertex 36.9799 33.0201 9
      vertex 37.2214 36.7045 9
      vertex 37.2214 33.2955 9
    endloop
  endfacet
  facet normal 0 0 -1
    outer loop
      vertex 36.9799 33.0201 9
      vertex 36.9799 36.9799 9
      vertex 37.2214 36.7045 9
    endloop
  endfacet
  facet normal 0 0 -1
    outer loop
      vertex 36.7045 32.7786 9
      vertex 36.9799 36.9799 9
      vertex 36.9799 33.0201 9
    endloop
  endfacet
  facet normal 0 0 -1
    outer loop
      vertex 36.7045 32.7786 9
      vertex 36.7045 37.2214 9
      vertex 36.9799 36.9799 9
    endloop
  endfacet
  facet normal 0 0 -1
    outer loop
      vertex 36.4 32.5751 9
      vertex 36.7045 37.2214 9
      vertex 36.7045 32.7786 9
    endloop
  endfacet
  facet normal 0 0 -1
    outer loop
      vertex 36.4 32.5751 9
      vertex 36.4 37.4249 9
      vertex 36.7045 37.2214 9
    endloop
  endfacet
  facet normal 0 0 -1
    outer loop
      vertex 36.0715 32.4131 9
      vertex 36.4 37.4249 9
      vertex 36.4 32.5751 9
    endloop
  endfacet
  facet normal 0 0 -1
    outer loop
      vertex 36.0715 32.4131 9
      vertex 36.0715 37.5869 9
      vertex 36.4 37.4249 9
    endloop
  endfacet
  facet normal 0 0 -1
    outer loop
      vertex 35.7247 32.2954 9
      vertex 36.0715 37.5869 9
      vertex 36.0715 32.4131 9
    endloop
  endfacet
  facet normal 0 0 -1
    outer loop
      vertex 35.7247 32.2954 9
      vertex 35.7247 37.7046 9
      vertex 36.0715 37.5869 9
    endloop
  endfacet
  facet normal 0 0 -1
    outer loop
      vertex 35.3655 32.224 9
      vertex 35.7247 37.7046 9
      vertex 35.7247 32.2954 9
    endloop
  endfacet
  facet normal 0 0 -1
    outer loop
      vertex 35.3655 32.224 9
      vertex 35.3655 37.776 9
      vertex 35.7247 37.7046 9
    endloop
  endfacet
  facet normal 0 0 -1
    outer loop
      vertex 35 32.2 9
      vertex 35.3655 37.776 9
      vertex 35.3655 32.224 9
    endloop
  endfacet
  facet normal 0 0 -1
    outer loop
      vertex 35 32.2 9
      vertex 35 37.8 9
      vertex 35.3655 37.776 9
    endloop
  endfacet
  facet normal 0 0 -1
    outer loop
      vertex 34.6345 32.224 9
      vertex 35 37.8 9
      vertex 35 32.2 9
    endloop
  endfacet
  facet normal 0 0 -1
    outer loop
      vertex 34.6345 32.224 9
      vertex 34.6345 37.776 9
      vertex 35 37.8 9
    endloop
  endfacet
  facet normal 0 0 -1
    outer loop
      vertex 34.2753 32.2954 9
      vertex 34.6345 37.776 9
      vertex 34.6345 32.224 9
    endloop
  endfacet
  facet normal 0 0 -1
    outer loop
      vertex 34.2753 32.2954 9
      vertex 34.2753 37.7046 9
      vertex 34.6345 37.776 9
    endloop
  endfacet
  facet normal 0 0 -1
    outer loop
      vertex 33.9285 32.4131 9
      vertex 34.2753 37.7046 9
      vertex 34.2753 32.2954 9
    endloop
  endfacet
  facet normal 0 0 -1
    outer loop
      vertex 33.9285 32.4131 9
      vertex 33.9285 37.5869 9
      vertex 34.2753 37.7046 9
    endloop
  endfacet
  facet normal 0 0 -1
    outer loop
      vertex 33.6 32.5751 9
      vertex 33.9285 37.5869 9
      vertex 33.9285 32.4131 9
    endloop
  endfacet
  facet normal 0 0 -1
    outer loop
      vertex 33.6 32.5751 9
      vertex 33.6 37.4249 9
      vertex 33.9285 37.5869 9
    endloop
  endfacet
  facet normal 0 0 -1
    outer loop
      vertex 33.2955 32.7786 9
      vertex 33.6 37.4249 9
      vertex 33.6 32.5751 9
    endloop
  endfacet
  facet normal 0 0 -1
    outer loop
      vertex 33.2955 32.7786 9
      vertex 33.2955 37.2214 9
      vertex 33.6 37.4249 9
    endloop
  endfacet
  facet normal 0 0 -1
    outer loop
      vertex 33.0201 33.0201 9
      vertex 33.2955 37.2214 9
      vertex 33.2955 32.7786 9
    endloop
  endfacet
  facet normal 0 0 -1
    outer loop
      vertex 33.0201 33.0201 9
      vertex 33.0201 36.9799 9
      vertex 33.2955 37.2214 9
    endloop
  endfacet
  facet normal 0 0 -1
    outer loop
      vertex 32.7786 33.2955 9
      vertex 33.0201 36.9799 9
      vertex 33.0201 33.0201 9
    endloop
  endfacet
  facet normal 0 0 -1
    outer loop
      vertex 32.7786 33.2955 9
      vertex 32.7786 36.7045 9
      vertex 33.0201 36.9799 9
    endloop
  endfacet
  facet normal 0 0 -1
    outer loop
      vertex 32.5751 33.6 9
      vertex 32.7786 36.7045 9
      vertex 32.7786 33.2955 9
    endloop
  endfacet
  facet normal 0 0 -1
    outer loop
      vertex 32.5751 33.6 9
      vertex 32.5751 36.4 9
      vertex 32.7786 36.7045 9
    endloop
  endfacet
  facet normal 0 0 -1
    outer loop
      vertex 32.4131 33.9285 9
      vertex 32.5751 36.4 9
      vertex 32.5751 33.6 9
    endloop
  endfacet
  facet normal 0 0 -1
    outer loop
      vertex 32.4131 33.9285 9
      vertex 32.4131 36.0715 9
      vertex 32.5751 36.4 9
    endloop
  endfacet
  facet normal 0 0 -1
    outer loop
      vertex 32.2954 34.2753 9
      vertex 32.4131 36.0715 9
      vertex 32.4131 33.9285 9
    endloop
  endfacet
  facet normal 0 0 -1
    outer loop
      vertex 32.2954 34.2753 9
      vertex 32.2954 35.7247 9
      vertex 32.4131 36.0715 9
    endloop
  endfacet
  facet normal 0 0 -1
    outer loop
      vertex 32.224 34.6345 9
      vertex 32.2954 35.7247 9
      vertex 32.2954 34.2753 9
    endloop
  endfacet
  facet normal 0 0 -1
    outer loop
      vertex 32.224 34.6345 9
      vertex 32.224 35.3655 9
      vertex 32.2954 35.7247 9
    endloop
  endfacet
  facet normal 0 -0 -1
    outer loop
      vertex 32.224 35.3655 9
      vertex 32.224 34.6345 9
      vertex 32.2 35 9
    endloop
  endfacet
  facet normal 0.659316 0.751866 -0
    outer loop
      vertex 33.2955 32.7786 0
      vertex 33.0201 33.0201 9
      vertex 33.2955 32.7786 9
    endloop
  endfacet
  facet normal 0.659316 0.751866 0
    outer loop
      vertex 33.0201 33.0201 9
      vertex 33.2955 32.7786 0
      vertex 33.0201 33.0201 0
    endloop
  endfacet
  facet normal 0.896871 0.442292 0
    outer loop
      vertex 32.5751 33.6 9
      vertex 32.4131 33.9285 0
      vertex 32.4131 33.9285 9
    endloop
  endfacet
  facet normal 0.896871 0.442292 0
    outer loop
      vertex 32.4131 33.9285 0
      vertex 32.5751 33.6 9
      vertex 32.5751 33.6 0
    endloop
  endfacet
  facet normal -0.659316 0.751866 0
    outer loop
      vertex 36.9799 33.0201 0
      vertex 36.7045 32.7786 9
      vertex 36.9799 33.0201 9
    endloop
  endfacet
  facet normal -0.659316 0.751866 0
    outer loop
      vertex 36.7045 32.7786 9
      vertex 36.9799 33.0201 0
      vertex 36.7045 32.7786 0
    endloop
  endfacet
  facet normal -0.321384 0.946949 0
    outer loop
      vertex 36.0715 32.4131 0
      vertex 35.7247 32.2954 9
      vertex 36.0715 32.4131 9
    endloop
  endfacet
  facet normal -0.321384 0.946949 0
    outer loop
      vertex 35.7247 32.2954 9
      vertex 36.0715 32.4131 0
      vertex 35.7247 32.2954 0
    endloop
  endfacet
  facet normal -0.194961 0.980811 0
    outer loop
      vertex 35.7247 32.2954 0
      vertex 35.3655 32.224 9
      vertex 35.7247 32.2954 9
    endloop
  endfacet
  facet normal -0.194961 0.980811 0
    outer loop
      vertex 35.3655 32.224 9
      vertex 35.7247 32.2954 0
      vertex 35.3655 32.224 0
    endloop
  endfacet
  facet normal -0.896871 0.442292 0
    outer loop
      vertex 37.4249 33.6 0
      vertex 37.5869 33.9285 9
      vertex 37.5869 33.9285 0
    endloop
  endfacet
  facet normal -0.896871 0.442292 0
    outer loop
      vertex 37.5869 33.9285 9
      vertex 37.4249 33.6 0
      vertex 37.4249 33.6 9
    endloop
  endfacet
  facet normal -0.83142 0.555645 0
    outer loop
      vertex 37.2214 33.2955 0
      vertex 37.4249 33.6 9
      vertex 37.4249 33.6 0
    endloop
  endfacet
  facet normal -0.83142 0.555645 0
    outer loop
      vertex 37.4249 33.6 9
      vertex 37.2214 33.2955 0
      vertex 37.2214 33.2955 9
    endloop
  endfacet
  facet normal 0.321384 0.946949 -0
    outer loop
      vertex 34.2753 32.2954 0
      vertex 33.9285 32.4131 9
      vertex 34.2753 32.2954 9
    endloop
  endfacet
  facet normal 0.321384 0.946949 0
    outer loop
      vertex 33.9285 32.4131 9
      vertex 34.2753 32.2954 0
      vertex 33.9285 32.4131 0
    endloop
  endfacet
  facet normal 0.194961 0.980811 -0
    outer loop
      vertex 34.6345 32.224 0
      vertex 34.2753 32.2954 9
      vertex 34.6345 32.224 9
    endloop
  endfacet
  facet normal 0.194961 0.980811 0
    outer loop
      vertex 34.2753 32.2954 9
      vertex 34.6345 32.224 0
      vertex 34.2753 32.2954 0
    endloop
  endfacet
  facet normal 0.946949 0.321384 0
    outer loop
      vertex 32.4131 33.9285 9
      vertex 32.2954 34.2753 0
      vertex 32.2954 34.2753 9
    endloop
  endfacet
  facet normal 0.946949 0.321384 0
    outer loop
      vertex 32.2954 34.2753 0
      vertex 32.4131 33.9285 9
      vertex 32.4131 33.9285 0
    endloop
  endfacet
  facet normal 0.980811 0.194961 0
    outer loop
      vertex 32.2954 34.2753 9
      vertex 32.224 34.6345 0
      vertex 32.224 34.6345 9
    endloop
  endfacet
  facet normal 0.980811 0.194961 0
    outer loop
      vertex 32.224 34.6345 0
      vertex 32.2954 34.2753 9
      vertex 32.2954 34.2753 0
    endloop
  endfacet
  facet normal -0.751866 0.659316 0
    outer loop
      vertex 36.9799 33.0201 0
      vertex 37.2214 33.2955 9
      vertex 37.2214 33.2955 0
    endloop
  endfacet
  facet normal -0.751866 0.659316 0
    outer loop
      vertex 37.2214 33.2955 9
      vertex 36.9799 33.0201 0
      vertex 36.9799 33.0201 9
    endloop
  endfacet
  facet normal 0.442292 0.896871 -0
    outer loop
      vertex 33.9285 32.4131 0
      vertex 33.6 32.5751 9
      vertex 33.9285 32.4131 9
    endloop
  endfacet
  facet normal 0.442292 0.896871 0
    outer loop
      vertex 33.6 32.5751 9
      vertex 33.9285 32.4131 0
      vertex 33.6 32.5751 0
    endloop
  endfacet
  facet normal 0.555645 0.83142 -0
    outer loop
      vertex 33.6 32.5751 0
      vertex 33.2955 32.7786 9
      vertex 33.6 32.5751 9
    endloop
  endfacet
  facet normal 0.555645 0.83142 0
    outer loop
      vertex 33.2955 32.7786 9
      vertex 33.6 32.5751 0
      vertex 33.2955 32.7786 0
    endloop
  endfacet
  facet normal 0.0655224 0.997851 -0
    outer loop
      vertex 35 32.2 0
      vertex 34.6345 32.224 9
      vertex 35 32.2 9
    endloop
  endfacet
  facet normal 0.0655224 0.997851 0
    outer loop
      vertex 34.6345 32.224 9
      vertex 35 32.2 0
      vertex 34.6345 32.224 0
    endloop
  endfacet
  facet normal -0.555645 -0.83142 0
    outer loop
      vertex 36.4 -32.5751 0
      vertex 36.7045 -32.7786 9
      vertex 36.4 -32.5751 9
    endloop
  endfacet
  facet normal -0.555645 -0.83142 -0
    outer loop
      vertex 36.7045 -32.7786 9
      vertex 36.4 -32.5751 0
      vertex 36.7045 -32.7786 0
    endloop
  endfacet
  facet normal 0.946949 -0.321384 0
    outer loop
      vertex 32.2954 -34.2753 9
      vertex 32.4131 -33.9285 0
      vertex 32.4131 -33.9285 9
    endloop
  endfacet
  facet normal 0.946949 -0.321384 0
    outer loop
      vertex 32.4131 -33.9285 0
      vertex 32.2954 -34.2753 9
      vertex 32.2954 -34.2753 0
    endloop
  endfacet
  facet normal -0.997851 0.0655224 0
    outer loop
      vertex 37.776 -35.3655 0
      vertex 37.8 -35 9
      vertex 37.8 -35 0
    endloop
  endfacet
  facet normal -0.997851 0.0655224 0
    outer loop
      vertex 37.8 -35 9
      vertex 37.776 -35.3655 0
      vertex 37.776 -35.3655 9
    endloop
  endfacet
  facet normal 0.321384 0.946949 -0
    outer loop
      vertex 34.2753 -37.7046 0
      vertex 33.9285 -37.5869 9
      vertex 34.2753 -37.7046 9
    endloop
  endfacet
  facet normal 0.321384 0.946949 0
    outer loop
      vertex 33.9285 -37.5869 9
      vertex 34.2753 -37.7046 0
      vertex 33.9285 -37.5869 0
    endloop
  endfacet
  facet normal -0.442292 -0.896871 0
    outer loop
      vertex 36.0715 -32.4131 0
      vertex 36.4 -32.5751 9
      vertex 36.0715 -32.4131 9
    endloop
  endfacet
  facet normal -0.442292 -0.896871 -0
    outer loop
      vertex 36.4 -32.5751 9
      vertex 36.0715 -32.4131 0
      vertex 36.4 -32.5751 0
    endloop
  endfacet
  facet normal 0.442292 -0.896871 0
    outer loop
      vertex 33.6 -32.5751 0
      vertex 33.9285 -32.4131 9
      vertex 33.6 -32.5751 9
    endloop
  endfacet
  facet normal 0.442292 -0.896871 0
    outer loop
      vertex 33.9285 -32.4131 9
      vertex 33.6 -32.5751 0
      vertex 33.9285 -32.4131 0
    endloop
  endfacet
  facet normal 0.896871 -0.442292 0
    outer loop
      vertex 32.4131 -33.9285 9
      vertex 32.5751 -33.6 0
      vertex 32.5751 -33.6 9
    endloop
  endfacet
  facet normal 0.896871 -0.442292 0
    outer loop
      vertex 32.5751 -33.6 0
      vertex 32.4131 -33.9285 9
      vertex 32.4131 -33.9285 0
    endloop
  endfacet
  facet normal 0.896871 0.442292 0
    outer loop
      vertex 32.5751 -36.4 9
      vertex 32.4131 -36.0715 0
      vertex 32.4131 -36.0715 9
    endloop
  endfacet
  facet normal 0.896871 0.442292 0
    outer loop
      vertex 32.4131 -36.0715 0
      vertex 32.5751 -36.4 9
      vertex 32.5751 -36.4 0
    endloop
  endfacet
  facet normal -0.946949 -0.321384 0
    outer loop
      vertex 37.7046 -34.2753 0
      vertex 37.5869 -33.9285 9
      vertex 37.5869 -33.9285 0
    endloop
  endfacet
  facet normal -0.946949 -0.321384 0
    outer loop
      vertex 37.5869 -33.9285 9
      vertex 37.7046 -34.2753 0
      vertex 37.7046 -34.2753 9
    endloop
  endfacet
  facet normal -0.896871 -0.442292 0
    outer loop
      vertex 37.5869 -33.9285 0
      vertex 37.4249 -33.6 9
      vertex 37.4249 -33.6 0
    endloop
  endfacet
  facet normal -0.896871 -0.442292 0
    outer loop
      vertex 37.4249 -33.6 9
      vertex 37.5869 -33.9285 0
      vertex 37.5869 -33.9285 9
    endloop
  endfacet
  facet normal -0.83142 -0.555645 0
    outer loop
      vertex 37.4249 -33.6 0
      vertex 37.2214 -33.2955 9
      vertex 37.2214 -33.2955 0
    endloop
  endfacet
  facet normal -0.83142 -0.555645 0
    outer loop
      vertex 37.2214 -33.2955 9
      vertex 37.4249 -33.6 0
      vertex 37.4249 -33.6 9
    endloop
  endfacet
  facet normal -0.751866 -0.659316 0
    outer loop
      vertex 37.2214 -33.2955 0
      vertex 36.9799 -33.0201 9
      vertex 36.9799 -33.0201 0
    endloop
  endfacet
  facet normal -0.751866 -0.659316 0
    outer loop
      vertex 36.9799 -33.0201 9
      vertex 37.2214 -33.2955 0
      vertex 37.2214 -33.2955 9
    endloop
  endfacet
  facet normal -0.321384 -0.946949 0
    outer loop
      vertex 35.7247 -32.2954 0
      vertex 36.0715 -32.4131 9
      vertex 35.7247 -32.2954 9
    endloop
  endfacet
  facet normal -0.321384 -0.946949 -0
    outer loop
      vertex 36.0715 -32.4131 9
      vertex 35.7247 -32.2954 0
      vertex 36.0715 -32.4131 0
    endloop
  endfacet
  facet normal 0.0655224 -0.997851 0
    outer loop
      vertex 34.6345 -32.224 0
      vertex 35 -32.2 9
      vertex 34.6345 -32.224 9
    endloop
  endfacet
  facet normal 0.0655224 -0.997851 0
    outer loop
      vertex 35 -32.2 9
      vertex 34.6345 -32.224 0
      vertex 35 -32.2 0
    endloop
  endfacet
  facet normal -0.0655224 -0.997851 0
    outer loop
      vertex 35 -32.2 0
      vertex 35.3655 -32.224 9
      vertex 35 -32.2 9
    endloop
  endfacet
  facet normal -0.0655224 -0.997851 -0
    outer loop
      vertex 35.3655 -32.224 9
      vertex 35 -32.2 0
      vertex 35.3655 -32.224 0
    endloop
  endfacet
  facet normal 0.83142 -0.555645 0
    outer loop
      vertex 32.5751 -33.6 9
      vertex 32.7786 -33.2955 0
      vertex 32.7786 -33.2955 9
    endloop
  endfacet
  facet normal 0.83142 -0.555645 0
    outer loop
      vertex 32.7786 -33.2955 0
      vertex 32.5751 -33.6 9
      vertex 32.5751 -33.6 0
    endloop
  endfacet
  facet normal 0.555645 -0.83142 0
    outer loop
      vertex 33.2955 -32.7786 0
      vertex 33.6 -32.5751 9
      vertex 33.2955 -32.7786 9
    endloop
  endfacet
  facet normal 0.555645 -0.83142 0
    outer loop
      vertex 33.6 -32.5751 9
      vertex 33.2955 -32.7786 0
      vertex 33.6 -32.5751 0
    endloop
  endfacet
  facet normal 0.659316 -0.751866 0
    outer loop
      vertex 33.0201 -33.0201 0
      vertex 33.2955 -32.7786 9
      vertex 33.0201 -33.0201 9
    endloop
  endfacet
  facet normal 0.659316 -0.751866 0
    outer loop
      vertex 33.2955 -32.7786 9
      vertex 33.0201 -33.0201 0
      vertex 33.2955 -32.7786 0
    endloop
  endfacet
  facet normal -0.997851 -0.0655224 0
    outer loop
      vertex 37.8 -35 0
      vertex 37.776 -34.6345 9
      vertex 37.776 -34.6345 0
    endloop
  endfacet
  facet normal -0.997851 -0.0655224 0
    outer loop
      vertex 37.776 -34.6345 9
      vertex 37.8 -35 0
      vertex 37.8 -35 9
    endloop
  endfacet
  facet normal -0.321384 0.946949 0
    outer loop
      vertex 36.0715 -37.5869 0
      vertex 35.7247 -37.7046 9
      vertex 36.0715 -37.5869 9
    endloop
  endfacet
  facet normal -0.321384 0.946949 0
    outer loop
      vertex 35.7247 -37.7046 9
      vertex 36.0715 -37.5869 0
      vertex 35.7247 -37.7046 0
    endloop
  endfacet
  facet normal -0.83142 0.555645 0
    outer loop
      vertex 37.2214 -36.7045 0
      vertex 37.4249 -36.4 9
      vertex 37.4249 -36.4 0
    endloop
  endfacet
  facet normal -0.83142 0.555645 0
    outer loop
      vertex 37.4249 -36.4 9
      vertex 37.2214 -36.7045 0
      vertex 37.2214 -36.7045 9
    endloop
  endfacet
  facet normal -0.751866 0.659316 0
    outer loop
      vertex 36.9799 -36.9799 0
      vertex 37.2214 -36.7045 9
      vertex 37.2214 -36.7045 0
    endloop
  endfacet
  facet normal -0.751866 0.659316 0
    outer loop
      vertex 37.2214 -36.7045 9
      vertex 36.9799 -36.9799 0
      vertex 36.9799 -36.9799 9
    endloop
  endfacet
  facet normal 0.0655224 0.997851 -0
    outer loop
      vertex 35 -37.8 0
      vertex 34.6345 -37.776 9
      vertex 35 -37.8 9
    endloop
  endfacet
  facet normal 0.0655224 0.997851 0
    outer loop
      vertex 34.6345 -37.776 9
      vertex 35 -37.8 0
      vertex 34.6345 -37.776 0
    endloop
  endfacet
  facet normal 0.555645 0.83142 -0
    outer loop
      vertex 33.6 -37.4249 0
      vertex 33.2955 -37.2214 9
      vertex 33.6 -37.4249 9
    endloop
  endfacet
  facet normal 0.555645 0.83142 0
    outer loop
      vertex 33.2955 -37.2214 9
      vertex 33.6 -37.4249 0
      vertex 33.2955 -37.2214 0
    endloop
  endfacet
  facet normal 0.659316 0.751866 -0
    outer loop
      vertex 33.2955 -37.2214 0
      vertex 33.0201 -36.9799 9
      vertex 33.2955 -37.2214 9
    endloop
  endfacet
  facet normal 0.659316 0.751866 0
    outer loop
      vertex 33.0201 -36.9799 9
      vertex 33.2955 -37.2214 0
      vertex 33.0201 -36.9799 0
    endloop
  endfacet
  facet normal 0.980811 0.194961 0
    outer loop
      vertex 32.2954 -35.7247 9
      vertex 32.224 -35.3655 0
      vertex 32.224 -35.3655 9
    endloop
  endfacet
  facet normal 0.980811 0.194961 0
    outer loop
      vertex 32.224 -35.3655 0
      vertex 32.2954 -35.7247 9
      vertex 32.2954 -35.7247 0
    endloop
  endfacet
  facet normal -0.659316 -0.751866 0
    outer loop
      vertex 36.7045 -32.7786 0
      vertex 36.9799 -33.0201 9
      vertex 36.7045 -32.7786 9
    endloop
  endfacet
  facet normal -0.659316 -0.751866 -0
    outer loop
      vertex 36.9799 -33.0201 9
      vertex 36.7045 -32.7786 0
      vertex 36.9799 -33.0201 0
    endloop
  endfacet
  facet normal 0.997851 -0.0655224 0
    outer loop
      vertex 32.2 -35 9
      vertex 32.224 -34.6345 0
      vertex 32.224 -34.6345 9
    endloop
  endfacet
  facet normal 0.997851 -0.0655224 0
    outer loop
      vertex 32.224 -34.6345 0
      vertex 32.2 -35 9
      vertex 32.2 -35 0
    endloop
  endfacet
  facet normal 0.194961 -0.980811 0
    outer loop
      vertex 34.2753 -32.2954 0
      vertex 34.6345 -32.224 9
      vertex 34.2753 -32.2954 9
    endloop
  endfacet
  facet normal 0.194961 -0.980811 0
    outer loop
      vertex 34.6345 -32.224 9
      vertex 34.2753 -32.2954 0
      vertex 34.6345 -32.224 0
    endloop
  endfacet
  facet normal 0.321384 -0.946949 0
    outer loop
      vertex 33.9285 -32.4131 0
      vertex 34.2753 -32.2954 9
      vertex 33.9285 -32.4131 9
    endloop
  endfacet
  facet normal 0.321384 -0.946949 0
    outer loop
      vertex 34.2753 -32.2954 9
      vertex 33.9285 -32.4131 0
      vertex 34.2753 -32.2954 0
    endloop
  endfacet
  facet normal 0.751866 -0.659316 0
    outer loop
      vertex 32.7786 -33.2955 9
      vertex 33.0201 -33.0201 0
      vertex 33.0201 -33.0201 9
    endloop
  endfacet
  facet normal 0.751866 -0.659316 0
    outer loop
      vertex 33.0201 -33.0201 0
      vertex 32.7786 -33.2955 9
      vertex 32.7786 -33.2955 0
    endloop
  endfacet
  facet normal -0.0655224 0.997851 0
    outer loop
      vertex 35.3655 -37.776 0
      vertex 35 -37.8 9
      vertex 35.3655 -37.776 9
    endloop
  endfacet
  facet normal -0.0655224 0.997851 0
    outer loop
      vertex 35 -37.8 9
      vertex 35.3655 -37.776 0
      vertex 35 -37.8 0
    endloop
  endfacet
  facet normal -0.980811 0.194961 0
    outer loop
      vertex 37.7046 -35.7247 0
      vertex 37.776 -35.3655 9
      vertex 37.776 -35.3655 0
    endloop
  endfacet
  facet normal -0.980811 0.194961 0
    outer loop
      vertex 37.776 -35.3655 9
      vertex 37.7046 -35.7247 0
      vertex 37.7046 -35.7247 9
    endloop
  endfacet
  facet normal -0.946949 0.321384 0
    outer loop
      vertex 37.5869 -36.0715 0
      vertex 37.7046 -35.7247 9
      vertex 37.7046 -35.7247 0
    endloop
  endfacet
  facet normal -0.946949 0.321384 0
    outer loop
      vertex 37.7046 -35.7247 9
      vertex 37.5869 -36.0715 0
      vertex 37.5869 -36.0715 9
    endloop
  endfacet
  facet normal -0.194961 0.980811 0
    outer loop
      vertex 35.7247 -37.7046 0
      vertex 35.3655 -37.776 9
      vertex 35.7247 -37.7046 9
    endloop
  endfacet
  facet normal -0.194961 0.980811 0
    outer loop
      vertex 35.3655 -37.776 9
      vertex 35.7247 -37.7046 0
      vertex 35.3655 -37.776 0
    endloop
  endfacet
  facet normal -0.442292 0.896871 0
    outer loop
      vertex 36.4 -37.4249 0
      vertex 36.0715 -37.5869 9
      vertex 36.4 -37.4249 9
    endloop
  endfacet
  facet normal -0.442292 0.896871 0
    outer loop
      vertex 36.0715 -37.5869 9
      vertex 36.4 -37.4249 0
      vertex 36.0715 -37.5869 0
    endloop
  endfacet
  facet normal -0.659316 0.751866 0
    outer loop
      vertex 36.9799 -36.9799 0
      vertex 36.7045 -37.2214 9
      vertex 36.9799 -36.9799 9
    endloop
  endfacet
  facet normal -0.659316 0.751866 0
    outer loop
      vertex 36.7045 -37.2214 9
      vertex 36.9799 -36.9799 0
      vertex 36.7045 -37.2214 0
    endloop
  endfacet
  facet normal -0.555645 0.83142 0
    outer loop
      vertex 36.7045 -37.2214 0
      vertex 36.4 -37.4249 9
      vertex 36.7045 -37.2214 9
    endloop
  endfacet
  facet normal -0.555645 0.83142 0
    outer loop
      vertex 36.4 -37.4249 9
      vertex 36.7045 -37.2214 0
      vertex 36.4 -37.4249 0
    endloop
  endfacet
  facet normal 0.194961 0.980811 -0
    outer loop
      vertex 34.6345 -37.776 0
      vertex 34.2753 -37.7046 9
      vertex 34.6345 -37.776 9
    endloop
  endfacet
  facet normal 0.194961 0.980811 0
    outer loop
      vertex 34.2753 -37.7046 9
      vertex 34.6345 -37.776 0
      vertex 34.2753 -37.7046 0
    endloop
  endfacet
  facet normal 0.442292 0.896871 -0
    outer loop
      vertex 33.9285 -37.5869 0
      vertex 33.6 -37.4249 9
      vertex 33.9285 -37.5869 9
    endloop
  endfacet
  facet normal 0.442292 0.896871 0
    outer loop
      vertex 33.6 -37.4249 9
      vertex 33.9285 -37.5869 0
      vertex 33.6 -37.4249 0
    endloop
  endfacet
  facet normal 0.946949 0.321384 0
    outer loop
      vertex 32.4131 -36.0715 9
      vertex 32.2954 -35.7247 0
      vertex 32.2954 -35.7247 9
    endloop
  endfacet
  facet normal 0.946949 0.321384 0
    outer loop
      vertex 32.2954 -35.7247 0
      vertex 32.4131 -36.0715 9
      vertex 32.4131 -36.0715 0
    endloop
  endfacet
  facet normal 0.997851 0.0655224 0
    outer loop
      vertex 32.224 -35.3655 9
      vertex 32.2 -35 0
      vertex 32.2 -35 9
    endloop
  endfacet
  facet normal 0.997851 0.0655224 0
    outer loop
      vertex 32.2 -35 0
      vertex 32.224 -35.3655 9
      vertex 32.224 -35.3655 0
    endloop
  endfacet
  facet normal 0.751866 0.659316 0
    outer loop
      vertex 33.0201 -36.9799 9
      vertex 32.7786 -36.7045 0
      vertex 32.7786 -36.7045 9
    endloop
  endfacet
  facet normal 0.751866 0.659316 0
    outer loop
      vertex 32.7786 -36.7045 0
      vertex 33.0201 -36.9799 9
      vertex 33.0201 -36.9799 0
    endloop
  endfacet
  facet normal -0.980811 -0.194961 0
    outer loop
      vertex 37.776 -34.6345 0
      vertex 37.7046 -34.2753 9
      vertex 37.7046 -34.2753 0
    endloop
  endfacet
  facet normal -0.980811 -0.194961 0
    outer loop
      vertex 37.7046 -34.2753 9
      vertex 37.776 -34.6345 0
      vertex 37.776 -34.6345 9
    endloop
  endfacet
  facet normal -0.194961 -0.980811 0
    outer loop
      vertex 35.3655 -32.224 0
      vertex 35.7247 -32.2954 9
      vertex 35.3655 -32.224 9
    endloop
  endfacet
  facet normal -0.194961 -0.980811 -0
    outer loop
      vertex 35.7247 -32.2954 9
      vertex 35.3655 -32.224 0
      vertex 35.7247 -32.2954 0
    endloop
  endfacet
  facet normal 0 0 -1
    outer loop
      vertex 37.776 -35.3655 9
      vertex 37.776 -34.6345 9
      vertex 37.8 -35 9
    endloop
  endfacet
  facet normal 0 0 -1
    outer loop
      vertex 37.7046 -35.7247 9
      vertex 37.776 -34.6345 9
      vertex 37.776 -35.3655 9
    endloop
  endfacet
  facet normal 0 0 -1
    outer loop
      vertex 37.7046 -35.7247 9
      vertex 37.7046 -34.2753 9
      vertex 37.776 -34.6345 9
    endloop
  endfacet
  facet normal 0 0 -1
    outer loop
      vertex 37.5869 -36.0715 9
      vertex 37.7046 -34.2753 9
      vertex 37.7046 -35.7247 9
    endloop
  endfacet
  facet normal 0 0 -1
    outer loop
      vertex 37.5869 -36.0715 9
      vertex 37.5869 -33.9285 9
      vertex 37.7046 -34.2753 9
    endloop
  endfacet
  facet normal 0 0 -1
    outer loop
      vertex 37.4249 -36.4 9
      vertex 37.5869 -33.9285 9
      vertex 37.5869 -36.0715 9
    endloop
  endfacet
  facet normal 0 0 -1
    outer loop
      vertex 37.4249 -36.4 9
      vertex 37.4249 -33.6 9
      vertex 37.5869 -33.9285 9
    endloop
  endfacet
  facet normal 0 0 -1
    outer loop
      vertex 37.2214 -36.7045 9
      vertex 37.4249 -33.6 9
      vertex 37.4249 -36.4 9
    endloop
  endfacet
  facet normal 0 0 -1
    outer loop
      vertex 37.2214 -36.7045 9
      vertex 37.2214 -33.2955 9
      vertex 37.4249 -33.6 9
    endloop
  endfacet
  facet normal 0 0 -1
    outer loop
      vertex 36.9799 -36.9799 9
      vertex 37.2214 -33.2955 9
      vertex 37.2214 -36.7045 9
    endloop
  endfacet
  facet normal 0 0 -1
    outer loop
      vertex 36.9799 -36.9799 9
      vertex 36.9799 -33.0201 9
      vertex 37.2214 -33.2955 9
    endloop
  endfacet
  facet normal 0 0 -1
    outer loop
      vertex 36.7045 -37.2214 9
      vertex 36.9799 -33.0201 9
      vertex 36.9799 -36.9799 9
    endloop
  endfacet
  facet normal 0 0 -1
    outer loop
      vertex 36.7045 -37.2214 9
      vertex 36.7045 -32.7786 9
      vertex 36.9799 -33.0201 9
    endloop
  endfacet
  facet normal 0 0 -1
    outer loop
      vertex 36.4 -37.4249 9
      vertex 36.7045 -32.7786 9
      vertex 36.7045 -37.2214 9
    endloop
  endfacet
  facet normal 0 0 -1
    outer loop
      vertex 36.4 -37.4249 9
      vertex 36.4 -32.5751 9
      vertex 36.7045 -32.7786 9
    endloop
  endfacet
  facet normal 0 0 -1
    outer loop
      vertex 36.0715 -37.5869 9
      vertex 36.4 -32.5751 9
      vertex 36.4 -37.4249 9
    endloop
  endfacet
  facet normal 0 0 -1
    outer loop
      vertex 36.0715 -37.5869 9
      vertex 36.0715 -32.4131 9
      vertex 36.4 -32.5751 9
    endloop
  endfacet
  facet normal 0 0 -1
    outer loop
      vertex 35.7247 -37.7046 9
      vertex 36.0715 -32.4131 9
      vertex 36.0715 -37.5869 9
    endloop
  endfacet
  facet normal 0 0 -1
    outer loop
      vertex 35.7247 -37.7046 9
      vertex 35.7247 -32.2954 9
      vertex 36.0715 -32.4131 9
    endloop
  endfacet
  facet normal 0 0 -1
    outer loop
      vertex 35.3655 -37.776 9
      vertex 35.7247 -32.2954 9
      vertex 35.7247 -37.7046 9
    endloop
  endfacet
  facet normal 0 0 -1
    outer loop
      vertex 35.3655 -37.776 9
      vertex 35.3655 -32.224 9
      vertex 35.7247 -32.2954 9
    endloop
  endfacet
  facet normal 0 0 -1
    outer loop
      vertex 35 -37.8 9
      vertex 35.3655 -32.224 9
      vertex 35.3655 -37.776 9
    endloop
  endfacet
  facet normal 0 0 -1
    outer loop
      vertex 35 -37.8 9
      vertex 35 -32.2 9
      vertex 35.3655 -32.224 9
    endloop
  endfacet
  facet normal 0 0 -1
    outer loop
      vertex 34.6345 -37.776 9
      vertex 35 -32.2 9
      vertex 35 -37.8 9
    endloop
  endfacet
  facet normal 0 0 -1
    outer loop
      vertex 34.6345 -37.776 9
      vertex 34.6345 -32.224 9
      vertex 35 -32.2 9
    endloop
  endfacet
  facet normal 0 0 -1
    outer loop
      vertex 34.2753 -37.7046 9
      vertex 34.6345 -32.224 9
      vertex 34.6345 -37.776 9
    endloop
  endfacet
  facet normal 0 0 -1
    outer loop
      vertex 34.2753 -37.7046 9
      vertex 34.2753 -32.2954 9
      vertex 34.6345 -32.224 9
    endloop
  endfacet
  facet normal 0 0 -1
    outer loop
      vertex 33.9285 -37.5869 9
      vertex 34.2753 -32.2954 9
      vertex 34.2753 -37.7046 9
    endloop
  endfacet
  facet normal 0 0 -1
    outer loop
      vertex 33.9285 -37.5869 9
      vertex 33.9285 -32.4131 9
      vertex 34.2753 -32.2954 9
    endloop
  endfacet
  facet normal 0 0 -1
    outer loop
      vertex 33.6 -37.4249 9
      vertex 33.9285 -32.4131 9
      vertex 33.9285 -37.5869 9
    endloop
  endfacet
  facet normal 0 0 -1
    outer loop
      vertex 33.6 -37.4249 9
      vertex 33.6 -32.5751 9
      vertex 33.9285 -32.4131 9
    endloop
  endfacet
  facet normal 0 0 -1
    outer loop
      vertex 33.2955 -37.2214 9
      vertex 33.6 -32.5751 9
      vertex 33.6 -37.4249 9
    endloop
  endfacet
  facet normal 0 0 -1
    outer loop
      vertex 33.2955 -37.2214 9
      vertex 33.2955 -32.7786 9
      vertex 33.6 -32.5751 9
    endloop
  endfacet
  facet normal 0 0 -1
    outer loop
      vertex 33.0201 -36.9799 9
      vertex 33.2955 -32.7786 9
      vertex 33.2955 -37.2214 9
    endloop
  endfacet
  facet normal 0 0 -1
    outer loop
      vertex 33.0201 -36.9799 9
      vertex 33.0201 -33.0201 9
      vertex 33.2955 -32.7786 9
    endloop
  endfacet
  facet normal 0 0 -1
    outer loop
      vertex 32.7786 -36.7045 9
      vertex 33.0201 -33.0201 9
      vertex 33.0201 -36.9799 9
    endloop
  endfacet
  facet normal 0 0 -1
    outer loop
      vertex 32.7786 -36.7045 9
      vertex 32.7786 -33.2955 9
      vertex 33.0201 -33.0201 9
    endloop
  endfacet
  facet normal 0 0 -1
    outer loop
      vertex 32.5751 -36.4 9
      vertex 32.7786 -33.2955 9
      vertex 32.7786 -36.7045 9
    endloop
  endfacet
  facet normal 0 0 -1
    outer loop
      vertex 32.5751 -36.4 9
      vertex 32.5751 -33.6 9
      vertex 32.7786 -33.2955 9
    endloop
  endfacet
  facet normal 0 0 -1
    outer loop
      vertex 32.4131 -36.0715 9
      vertex 32.5751 -33.6 9
      vertex 32.5751 -36.4 9
    endloop
  endfacet
  facet normal 0 0 -1
    outer loop
      vertex 32.4131 -36.0715 9
      vertex 32.4131 -33.9285 9
      vertex 32.5751 -33.6 9
    endloop
  endfacet
  facet normal 0 0 -1
    outer loop
      vertex 32.2954 -35.7247 9
      vertex 32.4131 -33.9285 9
      vertex 32.4131 -36.0715 9
    endloop
  endfacet
  facet normal 0 0 -1
    outer loop
      vertex 32.2954 -35.7247 9
      vertex 32.2954 -34.2753 9
      vertex 32.4131 -33.9285 9
    endloop
  endfacet
  facet normal 0 0 -1
    outer loop
      vertex 32.224 -35.3655 9
      vertex 32.2954 -34.2753 9
      vertex 32.2954 -35.7247 9
    endloop
  endfacet
  facet normal 0 0 -1
    outer loop
      vertex 32.224 -35.3655 9
      vertex 32.224 -34.6345 9
      vertex 32.2954 -34.2753 9
    endloop
  endfacet
  facet normal 0 -0 -1
    outer loop
      vertex 32.224 -34.6345 9
      vertex 32.224 -35.3655 9
      vertex 32.2 -35 9
    endloop
  endfacet
  facet normal 0.980811 -0.194961 0
    outer loop
      vertex 32.224 -34.6345 9
      vertex 32.2954 -34.2753 0
      vertex 32.2954 -34.2753 9
    endloop
  endfacet
  facet normal 0.980811 -0.194961 0
    outer loop
      vertex 32.2954 -34.2753 0
      vertex 32.224 -34.6345 9
      vertex 32.224 -34.6345 0
    endloop
  endfacet
  facet normal -0.896871 0.442292 0
    outer loop
      vertex 37.4249 -36.4 0
      vertex 37.5869 -36.0715 9
      vertex 37.5869 -36.0715 0
    endloop
  endfacet
  facet normal -0.896871 0.442292 0
    outer loop
      vertex 37.5869 -36.0715 9
      vertex 37.4249 -36.4 0
      vertex 37.4249 -36.4 9
    endloop
  endfacet
  facet normal 0.83142 0.555645 0
    outer loop
      vertex 32.7786 -36.7045 9
      vertex 32.5751 -36.4 0
      vertex 32.5751 -36.4 9
    endloop
  endfacet
  facet normal 0.83142 0.555645 0
    outer loop
      vertex 32.5751 -36.4 0
      vertex 32.7786 -36.7045 9
      vertex 32.7786 -36.7045 0
    endloop
  endfacet
  facet normal -0.997851 -0.0655224 0
    outer loop
      vertex -32.2 35 0
      vertex -32.224 35.3655 9
      vertex -32.224 35.3655 0
    endloop
  endfacet
  facet normal -0.997851 -0.0655224 0
    outer loop
      vertex -32.224 35.3655 9
      vertex -32.2 35 0
      vertex -32.2 35 9
    endloop
  endfacet
  facet normal 0.0655224 -0.997851 0
    outer loop
      vertex -35.3655 37.776 0
      vertex -35 37.8 9
      vertex -35.3655 37.776 9
    endloop
  endfacet
  facet normal 0.0655224 -0.997851 0
    outer loop
      vertex -35 37.8 9
      vertex -35.3655 37.776 0
      vertex -35 37.8 0
    endloop
  endfacet
  facet normal -0.659316 -0.751866 0
    outer loop
      vertex -33.2955 37.2214 0
      vertex -33.0201 36.9799 9
      vertex -33.2955 37.2214 9
    endloop
  endfacet
  facet normal -0.659316 -0.751866 -0
    outer loop
      vertex -33.0201 36.9799 9
      vertex -33.2955 37.2214 0
      vertex -33.0201 36.9799 0
    endloop
  endfacet
  facet normal 0.751866 -0.659316 0
    outer loop
      vertex -37.2214 36.7045 9
      vertex -36.9799 36.9799 0
      vertex -36.9799 36.9799 9
    endloop
  endfacet
  facet normal 0.751866 -0.659316 0
    outer loop
      vertex -36.9799 36.9799 0
      vertex -37.2214 36.7045 9
      vertex -37.2214 36.7045 0
    endloop
  endfacet
  facet normal 0.442292 -0.896871 0
    outer loop
      vertex -36.4 37.4249 0
      vertex -36.0715 37.5869 9
      vertex -36.4 37.4249 9
    endloop
  endfacet
  facet normal 0.442292 -0.896871 0
    outer loop
      vertex -36.0715 37.5869 9
      vertex -36.4 37.4249 0
      vertex -36.0715 37.5869 0
    endloop
  endfacet
  facet normal -0.896871 -0.442292 0
    outer loop
      vertex -32.4131 36.0715 0
      vertex -32.5751 36.4 9
      vertex -32.5751 36.4 0
    endloop
  endfacet
  facet normal -0.896871 -0.442292 0
    outer loop
      vertex -32.5751 36.4 9
      vertex -32.4131 36.0715 0
      vertex -32.4131 36.0715 9
    endloop
  endfacet
  facet normal -0.83142 -0.555645 0
    outer loop
      vertex -32.5751 36.4 0
      vertex -32.7786 36.7045 9
      vertex -32.7786 36.7045 0
    endloop
  endfacet
  facet normal -0.83142 -0.555645 0
    outer loop
      vertex -32.7786 36.7045 9
      vertex -32.5751 36.4 0
      vertex -32.5751 36.4 9
    endloop
  endfacet
  facet normal -0.321384 -0.946949 0
    outer loop
      vertex -34.2753 37.7046 0
      vertex -33.9285 37.5869 9
      vertex -34.2753 37.7046 9
    endloop
  endfacet
  facet normal -0.321384 -0.946949 -0
    outer loop
      vertex -33.9285 37.5869 9
      vertex -34.2753 37.7046 0
      vertex -33.9285 37.5869 0
    endloop
  endfacet
  facet normal -0.442292 -0.896871 0
    outer loop
      vertex -33.9285 37.5869 0
      vertex -33.6 37.4249 9
      vertex -33.9285 37.5869 9
    endloop
  endfacet
  facet normal -0.442292 -0.896871 -0
    outer loop
      vertex -33.6 37.4249 9
      vertex -33.9285 37.5869 0
      vertex -33.6 37.4249 0
    endloop
  endfacet
  facet normal 0.946949 -0.321384 0
    outer loop
      vertex -37.7046 35.7247 9
      vertex -37.5869 36.0715 0
      vertex -37.5869 36.0715 9
    endloop
  endfacet
  facet normal 0.946949 -0.321384 0
    outer loop
      vertex -37.5869 36.0715 0
      vertex -37.7046 35.7247 9
      vertex -37.7046 35.7247 0
    endloop
  endfacet
  facet normal 0.896871 -0.442292 0
    outer loop
      vertex -37.5869 36.0715 9
      vertex -37.4249 36.4 0
      vertex -37.4249 36.4 9
    endloop
  endfacet
  facet normal 0.896871 -0.442292 0
    outer loop
      vertex -37.4249 36.4 0
      vertex -37.5869 36.0715 9
      vertex -37.5869 36.0715 0
    endloop
  endfacet
  facet normal 0.555645 -0.83142 0
    outer loop
      vertex -36.7045 37.2214 0
      vertex -36.4 37.4249 9
      vertex -36.7045 37.2214 9
    endloop
  endfacet
  facet normal 0.555645 -0.83142 0
    outer loop
      vertex -36.4 37.4249 9
      vertex -36.7045 37.2214 0
      vertex -36.4 37.4249 0
    endloop
  endfacet
  facet normal 0.321384 -0.946949 0
    outer loop
      vertex -36.0715 37.5869 0
      vertex -35.7247 37.7046 9
      vertex -36.0715 37.5869 9
    endloop
  endfacet
  facet normal 0.321384 -0.946949 0
    outer loop
      vertex -35.7247 37.7046 9
      vertex -36.0715 37.5869 0
      vertex -35.7247 37.7046 0
    endloop
  endfacet
  facet normal -0.751866 0.659316 0
    outer loop
      vertex -33.0201 33.0201 0
      vertex -32.7786 33.2955 9
      vertex -32.7786 33.2955 0
    endloop
  endfacet
  facet normal -0.751866 0.659316 0
    outer loop
      vertex -32.7786 33.2955 9
      vertex -33.0201 33.0201 0
      vertex -33.0201 33.0201 9
    endloop
  endfacet
  facet normal -0.555645 0.83142 0
    outer loop
      vertex -33.2955 32.7786 0
      vertex -33.6 32.5751 9
      vertex -33.2955 32.7786 9
    endloop
  endfacet
  facet normal -0.555645 0.83142 0
    outer loop
      vertex -33.6 32.5751 9
      vertex -33.2955 32.7786 0
      vertex -33.6 32.5751 0
    endloop
  endfacet
  facet normal -0.896871 0.442292 0
    outer loop
      vertex -32.5751 33.6 0
      vertex -32.4131 33.9285 9
      vertex -32.4131 33.9285 0
    endloop
  endfacet
  facet normal -0.896871 0.442292 0
    outer loop
      vertex -32.4131 33.9285 9
      vertex -32.5751 33.6 0
      vertex -32.5751 33.6 9
    endloop
  endfacet
  facet normal 0.194961 0.980811 -0
    outer loop
      vertex -35.3655 32.224 0
      vertex -35.7247 32.2954 9
      vertex -35.3655 32.224 9
    endloop
  endfacet
  facet normal 0.194961 0.980811 0
    outer loop
      vertex -35.7247 32.2954 9
      vertex -35.3655 32.224 0
      vertex -35.7247 32.2954 0
    endloop
  endfacet
  facet normal 0.83142 0.555645 0
    outer loop
      vertex -37.2214 33.2955 9
      vertex -37.4249 33.6 0
      vertex -37.4249 33.6 9
    endloop
  endfacet
  facet normal 0.83142 0.555645 0
    outer loop
      vertex -37.4249 33.6 0
      vertex -37.2214 33.2955 9
      vertex -37.2214 33.2955 0
    endloop
  endfacet
  facet normal 0.751866 0.659316 0
    outer loop
      vertex -36.9799 33.0201 9
      vertex -37.2214 33.2955 0
      vertex -37.2214 33.2955 9
    endloop
  endfacet
  facet normal 0.751866 0.659316 0
    outer loop
      vertex -37.2214 33.2955 0
      vertex -36.9799 33.0201 9
      vertex -36.9799 33.0201 0
    endloop
  endfacet
  facet normal -0.946949 -0.321384 0
    outer loop
      vertex -32.2954 35.7247 0
      vertex -32.4131 36.0715 9
      vertex -32.4131 36.0715 0
    endloop
  endfacet
  facet normal -0.946949 -0.321384 0
    outer loop
      vertex -32.4131 36.0715 9
      vertex -32.2954 35.7247 0
      vertex -32.2954 35.7247 9
    endloop
  endfacet
  facet normal -0.980811 -0.194961 0
    outer loop
      vertex -32.224 35.3655 0
      vertex -32.2954 35.7247 9
      vertex -32.2954 35.7247 0
    endloop
  endfacet
  facet normal -0.980811 -0.194961 0
    outer loop
      vertex -32.2954 35.7247 9
      vertex -32.224 35.3655 0
      vertex -32.224 35.3655 9
    endloop
  endfacet
  facet normal -0.751866 -0.659316 0
    outer loop
      vertex -32.7786 36.7045 0
      vertex -33.0201 36.9799 9
      vertex -33.0201 36.9799 0
    endloop
  endfacet
  facet normal -0.751866 -0.659316 0
    outer loop
      vertex -33.0201 36.9799 9
      vertex -32.7786 36.7045 0
      vertex -32.7786 36.7045 9
    endloop
  endfacet
  facet normal -0.194961 -0.980811 0
    outer loop
      vertex -34.6345 37.776 0
      vertex -34.2753 37.7046 9
      vertex -34.6345 37.776 9
    endloop
  endfacet
  facet normal -0.194961 -0.980811 -0
    outer loop
      vertex -34.2753 37.7046 9
      vertex -34.6345 37.776 0
      vertex -34.2753 37.7046 0
    endloop
  endfacet
  facet normal -0.0655224 -0.997851 0
    outer loop
      vertex -35 37.8 0
      vertex -34.6345 37.776 9
      vertex -35 37.8 9
    endloop
  endfacet
  facet normal -0.0655224 -0.997851 -0
    outer loop
      vertex -34.6345 37.776 9
      vertex -35 37.8 0
      vertex -34.6345 37.776 0
    endloop
  endfacet
  facet normal -0.555645 -0.83142 0
    outer loop
      vertex -33.6 37.4249 0
      vertex -33.2955 37.2214 9
      vertex -33.6 37.4249 9
    endloop
  endfacet
  facet normal -0.555645 -0.83142 -0
    outer loop
      vertex -33.2955 37.2214 9
      vertex -33.6 37.4249 0
      vertex -33.2955 37.2214 0
    endloop
  endfacet
  facet normal 0.83142 -0.555645 0
    outer loop
      vertex -37.4249 36.4 9
      vertex -37.2214 36.7045 0
      vertex -37.2214 36.7045 9
    endloop
  endfacet
  facet normal 0.83142 -0.555645 0
    outer loop
      vertex -37.2214 36.7045 0
      vertex -37.4249 36.4 9
      vertex -37.4249 36.4 0
    endloop
  endfacet
  facet normal 0.980811 -0.194961 0
    outer loop
      vertex -37.776 35.3655 9
      vertex -37.7046 35.7247 0
      vertex -37.7046 35.7247 9
    endloop
  endfacet
  facet normal 0.980811 -0.194961 0
    outer loop
      vertex -37.7046 35.7247 0
      vertex -37.776 35.3655 9
      vertex -37.776 35.3655 0
    endloop
  endfacet
  facet normal 0.997851 -0.0655224 0
    outer loop
      vertex -37.8 35 9
      vertex -37.776 35.3655 0
      vertex -37.776 35.3655 9
    endloop
  endfacet
  facet normal 0.997851 -0.0655224 0
    outer loop
      vertex -37.776 35.3655 0
      vertex -37.8 35 9
      vertex -37.8 35 0
    endloop
  endfacet
  facet normal 0.997851 0.0655224 0
    outer loop
      vertex -37.776 34.6345 9
      vertex -37.8 35 0
      vertex -37.8 35 9
    endloop
  endfacet
  facet normal 0.997851 0.0655224 0
    outer loop
      vertex -37.8 35 0
      vertex -37.776 34.6345 9
      vertex -37.776 34.6345 0
    endloop
  endfacet
  facet normal 0.659316 -0.751866 0
    outer loop
      vertex -36.9799 36.9799 0
      vertex -36.7045 37.2214 9
      vertex -36.9799 36.9799 9
    endloop
  endfacet
  facet normal 0.659316 -0.751866 0
    outer loop
      vertex -36.7045 37.2214 9
      vertex -36.9799 36.9799 0
      vertex -36.7045 37.2214 0
    endloop
  endfacet
  facet normal 0.194961 -0.980811 0
    outer loop
      vertex -35.7247 37.7046 0
      vertex -35.3655 37.776 9
      vertex -35.7247 37.7046 9
    endloop
  endfacet
  facet normal 0.194961 -0.980811 0
    outer loop
      vertex -35.3655 37.776 9
      vertex -35.7247 37.7046 0
      vertex -35.3655 37.776 0
    endloop
  endfacet
  facet normal -0.997851 0.0655224 0
    outer loop
      vertex -32.224 34.6345 0
      vertex -32.2 35 9
      vertex -32.2 35 0
    endloop
  endfacet
  facet normal -0.997851 0.0655224 0
    outer loop
      vertex -32.2 35 9
      vertex -32.224 34.6345 0
      vertex -32.224 34.6345 9
    endloop
  endfacet
  facet normal -0.194961 0.980811 0
    outer loop
      vertex -34.2753 32.2954 0
      vertex -34.6345 32.224 9
      vertex -34.2753 32.2954 9
    endloop
  endfacet
  facet normal -0.194961 0.980811 0
    outer loop
      vertex -34.6345 32.224 9
      vertex -34.2753 32.2954 0
      vertex -34.6345 32.224 0
    endloop
  endfacet
  facet normal -0.442292 0.896871 0
    outer loop
      vertex -33.6 32.5751 0
      vertex -33.9285 32.4131 9
      vertex -33.6 32.5751 9
    endloop
  endfacet
  facet normal -0.442292 0.896871 0
    outer loop
      vertex -33.9285 32.4131 9
      vertex -33.6 32.5751 0
      vertex -33.9285 32.4131 0
    endloop
  endfacet
  facet normal -0.659316 0.751866 0
    outer loop
      vertex -33.0201 33.0201 0
      vertex -33.2955 32.7786 9
      vertex -33.0201 33.0201 9
    endloop
  endfacet
  facet normal -0.659316 0.751866 0
    outer loop
      vertex -33.2955 32.7786 9
      vertex -33.0201 33.0201 0
      vertex -33.2955 32.7786 0
    endloop
  endfacet
  facet normal -0.946949 0.321384 0
    outer loop
      vertex -32.4131 33.9285 0
      vertex -32.2954 34.2753 9
      vertex -32.2954 34.2753 0
    endloop
  endfacet
  facet normal -0.946949 0.321384 0
    outer loop
      vertex -32.2954 34.2753 9
      vertex -32.4131 33.9285 0
      vertex -32.4131 33.9285 9
    endloop
  endfacet
  facet normal -0.83142 0.555645 0
    outer loop
      vertex -32.7786 33.2955 0
      vertex -32.5751 33.6 9
      vertex -32.5751 33.6 0
    endloop
  endfacet
  facet normal -0.83142 0.555645 0
    outer loop
      vertex -32.5751 33.6 9
      vertex -32.7786 33.2955 0
      vertex -32.7786 33.2955 9
    endloop
  endfacet
  facet normal 0.442292 0.896871 -0
    outer loop
      vertex -36.0715 32.4131 0
      vertex -36.4 32.5751 9
      vertex -36.0715 32.4131 9
    endloop
  endfacet
  facet normal 0.442292 0.896871 0
    outer loop
      vertex -36.4 32.5751 9
      vertex -36.0715 32.4131 0
      vertex -36.4 32.5751 0
    endloop
  endfacet
  facet normal 0.555645 0.83142 -0
    outer loop
      vertex -36.4 32.5751 0
      vertex -36.7045 32.7786 9
      vertex -36.4 32.5751 9
    endloop
  endfacet
  facet normal 0.555645 0.83142 0
    outer loop
      vertex -36.7045 32.7786 9
      vertex -36.4 32.5751 0
      vertex -36.7045 32.7786 0
    endloop
  endfacet
  facet normal 0.321384 0.946949 -0
    outer loop
      vertex -35.7247 32.2954 0
      vertex -36.0715 32.4131 9
      vertex -35.7247 32.2954 9
    endloop
  endfacet
  facet normal 0.321384 0.946949 0
    outer loop
      vertex -36.0715 32.4131 9
      vertex -35.7247 32.2954 0
      vertex -36.0715 32.4131 0
    endloop
  endfacet
  facet normal -0.0655224 0.997851 0
    outer loop
      vertex -34.6345 32.224 0
      vertex -35 32.2 9
      vertex -34.6345 32.224 9
    endloop
  endfacet
  facet normal -0.0655224 0.997851 0
    outer loop
      vertex -35 32.2 9
      vertex -34.6345 32.224 0
      vertex -35 32.2 0
    endloop
  endfacet
  facet normal 0.659316 0.751866 -0
    outer loop
      vertex -36.7045 32.7786 0
      vertex -36.9799 33.0201 9
      vertex -36.7045 32.7786 9
    endloop
  endfacet
  facet normal 0.659316 0.751866 0
    outer loop
      vertex -36.9799 33.0201 9
      vertex -36.7045 32.7786 0
      vertex -36.9799 33.0201 0
    endloop
  endfacet
  facet normal 0.896871 0.442292 0
    outer loop
      vertex -37.4249 33.6 9
      vertex -37.5869 33.9285 0
      vertex -37.5869 33.9285 9
    endloop
  endfacet
  facet normal 0.896871 0.442292 0
    outer loop
      vertex -37.5869 33.9285 0
      vertex -37.4249 33.6 9
      vertex -37.4249 33.6 0
    endloop
  endfacet
  facet normal 0.980811 0.194961 0
    outer loop
      vertex -37.7046 34.2753 9
      vertex -37.776 34.6345 0
      vertex -37.776 34.6345 9
    endloop
  endfacet
  facet normal 0.980811 0.194961 0
    outer loop
      vertex -37.776 34.6345 0
      vertex -37.7046 34.2753 9
      vertex -37.7046 34.2753 0
    endloop
  endfacet
  facet normal 0 0 -1
    outer loop
      vertex -32.224 34.6345 9
      vertex -32.224 35.3655 9
      vertex -32.2 35 9
    endloop
  endfacet
  facet normal 0 0 -1
    outer loop
      vertex -32.2954 34.2753 9
      vertex -32.224 35.3655 9
      vertex -32.224 34.6345 9
    endloop
  endfacet
  facet normal 0 0 -1
    outer loop
      vertex -32.2954 34.2753 9
      vertex -32.2954 35.7247 9
      vertex -32.224 35.3655 9
    endloop
  endfacet
  facet normal 0 0 -1
    outer loop
      vertex -32.4131 33.9285 9
      vertex -32.2954 35.7247 9
      vertex -32.2954 34.2753 9
    endloop
  endfacet
  facet normal 0 0 -1
    outer loop
      vertex -32.4131 33.9285 9
      vertex -32.4131 36.0715 9
      vertex -32.2954 35.7247 9
    endloop
  endfacet
  facet normal 0 0 -1
    outer loop
      vertex -32.5751 33.6 9
      vertex -32.4131 36.0715 9
      vertex -32.4131 33.9285 9
    endloop
  endfacet
  facet normal 0 0 -1
    outer loop
      vertex -32.5751 33.6 9
      vertex -32.5751 36.4 9
      vertex -32.4131 36.0715 9
    endloop
  endfacet
  facet normal 0 0 -1
    outer loop
      vertex -32.7786 33.2955 9
      vertex -32.5751 36.4 9
      vertex -32.5751 33.6 9
    endloop
  endfacet
  facet normal 0 0 -1
    outer loop
      vertex -32.7786 33.2955 9
      vertex -32.7786 36.7045 9
      vertex -32.5751 36.4 9
    endloop
  endfacet
  facet normal 0 0 -1
    outer loop
      vertex -33.0201 33.0201 9
      vertex -32.7786 36.7045 9
      vertex -32.7786 33.2955 9
    endloop
  endfacet
  facet normal 0 0 -1
    outer loop
      vertex -33.0201 33.0201 9
      vertex -33.0201 36.9799 9
      vertex -32.7786 36.7045 9
    endloop
  endfacet
  facet normal 0 0 -1
    outer loop
      vertex -33.2955 32.7786 9
      vertex -33.0201 36.9799 9
      vertex -33.0201 33.0201 9
    endloop
  endfacet
  facet normal 0 0 -1
    outer loop
      vertex -33.2955 32.7786 9
      vertex -33.2955 37.2214 9
      vertex -33.0201 36.9799 9
    endloop
  endfacet
  facet normal 0 0 -1
    outer loop
      vertex -33.6 32.5751 9
      vertex -33.2955 37.2214 9
      vertex -33.2955 32.7786 9
    endloop
  endfacet
  facet normal 0 0 -1
    outer loop
      vertex -33.6 32.5751 9
      vertex -33.6 37.4249 9
      vertex -33.2955 37.2214 9
    endloop
  endfacet
  facet normal 0 0 -1
    outer loop
      vertex -33.9285 32.4131 9
      vertex -33.6 37.4249 9
      vertex -33.6 32.5751 9
    endloop
  endfacet
  facet normal 0 0 -1
    outer loop
      vertex -33.9285 32.4131 9
      vertex -33.9285 37.5869 9
      vertex -33.6 37.4249 9
    endloop
  endfacet
  facet normal 0 0 -1
    outer loop
      vertex -34.2753 32.2954 9
      vertex -33.9285 37.5869 9
      vertex -33.9285 32.4131 9
    endloop
  endfacet
  facet normal 0 0 -1
    outer loop
      vertex -34.2753 32.2954 9
      vertex -34.2753 37.7046 9
      vertex -33.9285 37.5869 9
    endloop
  endfacet
  facet normal 0 0 -1
    outer loop
      vertex -34.6345 32.224 9
      vertex -34.2753 37.7046 9
      vertex -34.2753 32.2954 9
    endloop
  endfacet
  facet normal 0 0 -1
    outer loop
      vertex -34.6345 32.224 9
      vertex -34.6345 37.776 9
      vertex -34.2753 37.7046 9
    endloop
  endfacet
  facet normal 0 0 -1
    outer loop
      vertex -35 32.2 9
      vertex -34.6345 37.776 9
      vertex -34.6345 32.224 9
    endloop
  endfacet
  facet normal 0 0 -1
    outer loop
      vertex -35 32.2 9
      vertex -35 37.8 9
      vertex -34.6345 37.776 9
    endloop
  endfacet
  facet normal 0 0 -1
    outer loop
      vertex -35.3655 32.224 9
      vertex -35 37.8 9
      vertex -35 32.2 9
    endloop
  endfacet
  facet normal 0 0 -1
    outer loop
      vertex -35.3655 32.224 9
      vertex -35.3655 37.776 9
      vertex -35 37.8 9
    endloop
  endfacet
  facet normal 0 0 -1
    outer loop
      vertex -35.7247 32.2954 9
      vertex -35.3655 37.776 9
      vertex -35.3655 32.224 9
    endloop
  endfacet
  facet normal 0 0 -1
    outer loop
      vertex -35.7247 32.2954 9
      vertex -35.7247 37.7046 9
      vertex -35.3655 37.776 9
    endloop
  endfacet
  facet normal 0 0 -1
    outer loop
      vertex -36.0715 32.4131 9
      vertex -35.7247 37.7046 9
      vertex -35.7247 32.2954 9
    endloop
  endfacet
  facet normal 0 0 -1
    outer loop
      vertex -36.0715 32.4131 9
      vertex -36.0715 37.5869 9
      vertex -35.7247 37.7046 9
    endloop
  endfacet
  facet normal 0 0 -1
    outer loop
      vertex -36.4 32.5751 9
      vertex -36.0715 37.5869 9
      vertex -36.0715 32.4131 9
    endloop
  endfacet
  facet normal 0 0 -1
    outer loop
      vertex -36.4 32.5751 9
      vertex -36.4 37.4249 9
      vertex -36.0715 37.5869 9
    endloop
  endfacet
  facet normal 0 0 -1
    outer loop
      vertex -36.7045 32.7786 9
      vertex -36.4 37.4249 9
      vertex -36.4 32.5751 9
    endloop
  endfacet
  facet normal 0 0 -1
    outer loop
      vertex -36.7045 32.7786 9
      vertex -36.7045 37.2214 9
      vertex -36.4 37.4249 9
    endloop
  endfacet
  facet normal 0 0 -1
    outer loop
      vertex -36.9799 33.0201 9
      vertex -36.7045 37.2214 9
      vertex -36.7045 32.7786 9
    endloop
  endfacet
  facet normal 0 0 -1
    outer loop
      vertex -36.9799 33.0201 9
      vertex -36.9799 36.9799 9
      vertex -36.7045 37.2214 9
    endloop
  endfacet
  facet normal 0 0 -1
    outer loop
      vertex -37.2214 33.2955 9
      vertex -36.9799 36.9799 9
      vertex -36.9799 33.0201 9
    endloop
  endfacet
  facet normal 0 0 -1
    outer loop
      vertex -37.2214 33.2955 9
      vertex -37.2214 36.7045 9
      vertex -36.9799 36.9799 9
    endloop
  endfacet
  facet normal 0 0 -1
    outer loop
      vertex -37.4249 33.6 9
      vertex -37.2214 36.7045 9
      vertex -37.2214 33.2955 9
    endloop
  endfacet
  facet normal 0 0 -1
    outer loop
      vertex -37.4249 33.6 9
      vertex -37.4249 36.4 9
      vertex -37.2214 36.7045 9
    endloop
  endfacet
  facet normal 0 0 -1
    outer loop
      vertex -37.5869 33.9285 9
      vertex -37.4249 36.4 9
      vertex -37.4249 33.6 9
    endloop
  endfacet
  facet normal 0 0 -1
    outer loop
      vertex -37.5869 33.9285 9
      vertex -37.5869 36.0715 9
      vertex -37.4249 36.4 9
    endloop
  endfacet
  facet normal 0 0 -1
    outer loop
      vertex -37.7046 34.2753 9
      vertex -37.5869 36.0715 9
      vertex -37.5869 33.9285 9
    endloop
  endfacet
  facet normal 0 0 -1
    outer loop
      vertex -37.7046 34.2753 9
      vertex -37.7046 35.7247 9
      vertex -37.5869 36.0715 9
    endloop
  endfacet
  facet normal 0 0 -1
    outer loop
      vertex -37.776 34.6345 9
      vertex -37.7046 35.7247 9
      vertex -37.7046 34.2753 9
    endloop
  endfacet
  facet normal 0 0 -1
    outer loop
      vertex -37.776 34.6345 9
      vertex -37.776 35.3655 9
      vertex -37.7046 35.7247 9
    endloop
  endfacet
  facet normal 0 -0 -1
    outer loop
      vertex -37.776 35.3655 9
      vertex -37.776 34.6345 9
      vertex -37.8 35 9
    endloop
  endfacet
  facet normal -0.321384 0.946949 0
    outer loop
      vertex -33.9285 32.4131 0
      vertex -34.2753 32.2954 9
      vertex -33.9285 32.4131 9
    endloop
  endfacet
  facet normal -0.321384 0.946949 0
    outer loop
      vertex -34.2753 32.2954 9
      vertex -33.9285 32.4131 0
      vertex -34.2753 32.2954 0
    endloop
  endfacet
  facet normal -0.980811 0.194961 0
    outer loop
      vertex -32.2954 34.2753 0
      vertex -32.224 34.6345 9
      vertex -32.224 34.6345 0
    endloop
  endfacet
  facet normal -0.980811 0.194961 0
    outer loop
      vertex -32.224 34.6345 9
      vertex -32.2954 34.2753 0
      vertex -32.2954 34.2753 9
    endloop
  endfacet
  facet normal 0.0655224 0.997851 -0
    outer loop
      vertex -35 32.2 0
      vertex -35.3655 32.224 9
      vertex -35 32.2 9
    endloop
  endfacet
  facet normal 0.0655224 0.997851 0
    outer loop
      vertex -35.3655 32.224 9
      vertex -35 32.2 0
      vertex -35.3655 32.224 0
    endloop
  endfacet
  facet normal 0.946949 0.321384 0
    outer loop
      vertex -37.5869 33.9285 9
      vertex -37.7046 34.2753 0
      vertex -37.7046 34.2753 9
    endloop
  endfacet
  facet normal 0.946949 0.321384 0
    outer loop
      vertex -37.7046 34.2753 0
      vertex -37.5869 33.9285 9
      vertex -37.5869 33.9285 0
    endloop
  endfacet
  facet normal -0.997851 -0.0655224 0
    outer loop
      vertex -32.2 -35 0
      vertex -32.224 -34.6345 9
      vertex -32.224 -34.6345 0
    endloop
  endfacet
  facet normal -0.997851 -0.0655224 0
    outer loop
      vertex -32.224 -34.6345 9
      vertex -32.2 -35 0
      vertex -32.2 -35 9
    endloop
  endfacet
  facet normal 0.997851 -0.0655224 0
    outer loop
      vertex -37.8 -35 9
      vertex -37.776 -34.6345 0
      vertex -37.776 -34.6345 9
    endloop
  endfacet
  facet normal 0.997851 -0.0655224 0
    outer loop
      vertex -37.776 -34.6345 0
      vertex -37.8 -35 9
      vertex -37.8 -35 0
    endloop
  endfacet
  facet normal -0.0655224 -0.997851 0
    outer loop
      vertex -35 -32.2 0
      vertex -34.6345 -32.224 9
      vertex -35 -32.2 9
    endloop
  endfacet
  facet normal -0.0655224 -0.997851 -0
    outer loop
      vertex -34.6345 -32.224 9
      vertex -35 -32.2 0
      vertex -34.6345 -32.224 0
    endloop
  endfacet
  facet normal -0.0655224 0.997851 0
    outer loop
      vertex -34.6345 -37.776 0
      vertex -35 -37.8 9
      vertex -34.6345 -37.776 9
    endloop
  endfacet
  facet normal -0.0655224 0.997851 0
    outer loop
      vertex -35 -37.8 9
      vertex -34.6345 -37.776 0
      vertex -35 -37.8 0
    endloop
  endfacet
  facet normal -0.751866 0.659316 0
    outer loop
      vertex -33.0201 -36.9799 0
      vertex -32.7786 -36.7045 9
      vertex -32.7786 -36.7045 0
    endloop
  endfacet
  facet normal -0.751866 0.659316 0
    outer loop
      vertex -32.7786 -36.7045 9
      vertex -33.0201 -36.9799 0
      vertex -33.0201 -36.9799 9
    endloop
  endfacet
  facet normal -0.659316 -0.751866 0
    outer loop
      vertex -33.2955 -32.7786 0
      vertex -33.0201 -33.0201 9
      vertex -33.2955 -32.7786 9
    endloop
  endfacet
  facet normal -0.659316 -0.751866 -0
    outer loop
      vertex -33.0201 -33.0201 9
      vertex -33.2955 -32.7786 0
      vertex -33.0201 -33.0201 0
    endloop
  endfacet
  facet normal 0.659316 -0.751866 0
    outer loop
      vertex -36.9799 -33.0201 0
      vertex -36.7045 -32.7786 9
      vertex -36.9799 -33.0201 9
    endloop
  endfacet
  facet normal 0.659316 -0.751866 0
    outer loop
      vertex -36.7045 -32.7786 9
      vertex -36.9799 -33.0201 0
      vertex -36.7045 -32.7786 0
    endloop
  endfacet
  facet normal 0.321384 -0.946949 0
    outer loop
      vertex -36.0715 -32.4131 0
      vertex -35.7247 -32.2954 9
      vertex -36.0715 -32.4131 9
    endloop
  endfacet
  facet normal 0.321384 -0.946949 0
    outer loop
      vertex -35.7247 -32.2954 9
      vertex -36.0715 -32.4131 0
      vertex -35.7247 -32.2954 0
    endloop
  endfacet
  facet normal -0.896871 -0.442292 0
    outer loop
      vertex -32.4131 -33.9285 0
      vertex -32.5751 -33.6 9
      vertex -32.5751 -33.6 0
    endloop
  endfacet
  facet normal -0.896871 -0.442292 0
    outer loop
      vertex -32.5751 -33.6 9
      vertex -32.4131 -33.9285 0
      vertex -32.4131 -33.9285 9
    endloop
  endfacet
  facet normal -0.83142 -0.555645 0
    outer loop
      vertex -32.5751 -33.6 0
      vertex -32.7786 -33.2955 9
      vertex -32.7786 -33.2955 0
    endloop
  endfacet
  facet normal -0.83142 -0.555645 0
    outer loop
      vertex -32.7786 -33.2955 9
      vertex -32.5751 -33.6 0
      vertex -32.5751 -33.6 9
    endloop
  endfacet
  facet normal -0.442292 -0.896871 0
    outer loop
      vertex -33.9285 -32.4131 0
      vertex -33.6 -32.5751 9
      vertex -33.9285 -32.4131 9
    endloop
  endfacet
  facet normal -0.442292 -0.896871 -0
    outer loop
      vertex -33.6 -32.5751 9
      vertex -33.9285 -32.4131 0
      vertex -33.6 -32.5751 0
    endloop
  endfacet
  facet normal -0.321384 -0.946949 0
    outer loop
      vertex -34.2753 -32.2954 0
      vertex -33.9285 -32.4131 9
      vertex -34.2753 -32.2954 9
    endloop
  endfacet
  facet normal -0.321384 -0.946949 -0
    outer loop
      vertex -33.9285 -32.4131 9
      vertex -34.2753 -32.2954 0
      vertex -33.9285 -32.4131 0
    endloop
  endfacet
  facet normal -0.555645 -0.83142 0
    outer loop
      vertex -33.6 -32.5751 0
      vertex -33.2955 -32.7786 9
      vertex -33.6 -32.5751 9
    endloop
  endfacet
  facet normal -0.555645 -0.83142 -0
    outer loop
      vertex -33.2955 -32.7786 9
      vertex -33.6 -32.5751 0
      vertex -33.2955 -32.7786 0
    endloop
  endfacet
  facet normal 0.896871 -0.442292 0
    outer loop
      vertex -37.5869 -33.9285 9
      vertex -37.4249 -33.6 0
      vertex -37.4249 -33.6 9
    endloop
  endfacet
  facet normal 0.896871 -0.442292 0
    outer loop
      vertex -37.4249 -33.6 0
      vertex -37.5869 -33.9285 9
      vertex -37.5869 -33.9285 0
    endloop
  endfacet
  facet normal 0.751866 -0.659316 0
    outer loop
      vertex -37.2214 -33.2955 9
      vertex -36.9799 -33.0201 0
      vertex -36.9799 -33.0201 9
    endloop
  endfacet
  facet normal 0.751866 -0.659316 0
    outer loop
      vertex -36.9799 -33.0201 0
      vertex -37.2214 -33.2955 9
      vertex -37.2214 -33.2955 0
    endloop
  endfacet
  facet normal 0.946949 -0.321384 0
    outer loop
      vertex -37.7046 -34.2753 9
      vertex -37.5869 -33.9285 0
      vertex -37.5869 -33.9285 9
    endloop
  endfacet
  facet normal 0.946949 -0.321384 0
    outer loop
      vertex -37.5869 -33.9285 0
      vertex -37.7046 -34.2753 9
      vertex -37.7046 -34.2753 0
    endloop
  endfacet
  facet normal 0.194961 -0.980811 0
    outer loop
      vertex -35.7247 -32.2954 0
      vertex -35.3655 -32.224 9
      vertex -35.7247 -32.2954 9
    endloop
  endfacet
  facet normal 0.194961 -0.980811 0
    outer loop
      vertex -35.3655 -32.224 9
      vertex -35.7247 -32.2954 0
      vertex -35.3655 -32.224 0
    endloop
  endfacet
  facet normal -0.946949 -0.321384 0
    outer loop
      vertex -32.2954 -34.2753 0
      vertex -32.4131 -33.9285 9
      vertex -32.4131 -33.9285 0
    endloop
  endfacet
  facet normal -0.946949 -0.321384 0
    outer loop
      vertex -32.4131 -33.9285 9
      vertex -32.2954 -34.2753 0
      vertex -32.2954 -34.2753 9
    endloop
  endfacet
  facet normal -0.980811 -0.194961 0
    outer loop
      vertex -32.224 -34.6345 0
      vertex -32.2954 -34.2753 9
      vertex -32.2954 -34.2753 0
    endloop
  endfacet
  facet normal -0.980811 -0.194961 0
    outer loop
      vertex -32.2954 -34.2753 9
      vertex -32.224 -34.6345 0
      vertex -32.224 -34.6345 9
    endloop
  endfacet
  facet normal -0.751866 -0.659316 0
    outer loop
      vertex -32.7786 -33.2955 0
      vertex -33.0201 -33.0201 9
      vertex -33.0201 -33.0201 0
    endloop
  endfacet
  facet normal -0.751866 -0.659316 0
    outer loop
      vertex -33.0201 -33.0201 9
      vertex -32.7786 -33.2955 0
      vertex -32.7786 -33.2955 9
    endloop
  endfacet
  facet normal -0.194961 -0.980811 0
    outer loop
      vertex -34.6345 -32.224 0
      vertex -34.2753 -32.2954 9
      vertex -34.6345 -32.224 9
    endloop
  endfacet
  facet normal -0.194961 -0.980811 -0
    outer loop
      vertex -34.2753 -32.2954 9
      vertex -34.6345 -32.224 0
      vertex -34.2753 -32.2954 0
    endloop
  endfacet
  facet normal 0.83142 -0.555645 0
    outer loop
      vertex -37.4249 -33.6 9
      vertex -37.2214 -33.2955 0
      vertex -37.2214 -33.2955 9
    endloop
  endfacet
  facet normal 0.83142 -0.555645 0
    outer loop
      vertex -37.2214 -33.2955 0
      vertex -37.4249 -33.6 9
      vertex -37.4249 -33.6 0
    endloop
  endfacet
  facet normal 0.980811 -0.194961 0
    outer loop
      vertex -37.776 -34.6345 9
      vertex -37.7046 -34.2753 0
      vertex -37.7046 -34.2753 9
    endloop
  endfacet
  facet normal 0.980811 -0.194961 0
    outer loop
      vertex -37.7046 -34.2753 0
      vertex -37.776 -34.6345 9
      vertex -37.776 -34.6345 0
    endloop
  endfacet
  facet normal 0 0 -1
    outer loop
      vertex -32.224 -35.3655 9
      vertex -32.224 -34.6345 9
      vertex -32.2 -35 9
    endloop
  endfacet
  facet normal 0 0 -1
    outer loop
      vertex -32.2954 -35.7247 9
      vertex -32.224 -34.6345 9
      vertex -32.224 -35.3655 9
    endloop
  endfacet
  facet normal 0 0 -1
    outer loop
      vertex -32.2954 -35.7247 9
      vertex -32.2954 -34.2753 9
      vertex -32.224 -34.6345 9
    endloop
  endfacet
  facet normal 0 0 -1
    outer loop
      vertex -32.4131 -36.0715 9
      vertex -32.2954 -34.2753 9
      vertex -32.2954 -35.7247 9
    endloop
  endfacet
  facet normal 0 0 -1
    outer loop
      vertex -32.4131 -36.0715 9
      vertex -32.4131 -33.9285 9
      vertex -32.2954 -34.2753 9
    endloop
  endfacet
  facet normal 0 0 -1
    outer loop
      vertex -32.5751 -36.4 9
      vertex -32.4131 -33.9285 9
      vertex -32.4131 -36.0715 9
    endloop
  endfacet
  facet normal 0 0 -1
    outer loop
      vertex -32.5751 -36.4 9
      vertex -32.5751 -33.6 9
      vertex -32.4131 -33.9285 9
    endloop
  endfacet
  facet normal 0 0 -1
    outer loop
      vertex -32.7786 -36.7045 9
      vertex -32.5751 -33.6 9
      vertex -32.5751 -36.4 9
    endloop
  endfacet
  facet normal 0 0 -1
    outer loop
      vertex -32.7786 -36.7045 9
      vertex -32.7786 -33.2955 9
      vertex -32.5751 -33.6 9
    endloop
  endfacet
  facet normal 0 0 -1
    outer loop
      vertex -33.0201 -36.9799 9
      vertex -32.7786 -33.2955 9
      vertex -32.7786 -36.7045 9
    endloop
  endfacet
  facet normal 0 0 -1
    outer loop
      vertex -33.0201 -36.9799 9
      vertex -33.0201 -33.0201 9
      vertex -32.7786 -33.2955 9
    endloop
  endfacet
  facet normal 0 0 -1
    outer loop
      vertex -33.2955 -37.2214 9
      vertex -33.0201 -33.0201 9
      vertex -33.0201 -36.9799 9
    endloop
  endfacet
  facet normal 0 0 -1
    outer loop
      vertex -33.2955 -37.2214 9
      vertex -33.2955 -32.7786 9
      vertex -33.0201 -33.0201 9
    endloop
  endfacet
  facet normal 0 0 -1
    outer loop
      vertex -33.6 -37.4249 9
      vertex -33.2955 -32.7786 9
      vertex -33.2955 -37.2214 9
    endloop
  endfacet
  facet normal 0 0 -1
    outer loop
      vertex -33.6 -37.4249 9
      vertex -33.6 -32.5751 9
      vertex -33.2955 -32.7786 9
    endloop
  endfacet
  facet normal 0 0 -1
    outer loop
      vertex -33.9285 -37.5869 9
      vertex -33.6 -32.5751 9
      vertex -33.6 -37.4249 9
    endloop
  endfacet
  facet normal 0 0 -1
    outer loop
      vertex -33.9285 -37.5869 9
      vertex -33.9285 -32.4131 9
      vertex -33.6 -32.5751 9
    endloop
  endfacet
  facet normal 0 0 -1
    outer loop
      vertex -34.2753 -37.7046 9
      vertex -33.9285 -32.4131 9
      vertex -33.9285 -37.5869 9
    endloop
  endfacet
  facet normal 0 0 -1
    outer loop
      vertex -34.2753 -37.7046 9
      vertex -34.2753 -32.2954 9
      vertex -33.9285 -32.4131 9
    endloop
  endfacet
  facet normal 0 0 -1
    outer loop
      vertex -34.6345 -37.776 9
      vertex -34.2753 -32.2954 9
      vertex -34.2753 -37.7046 9
    endloop
  endfacet
  facet normal 0 0 -1
    outer loop
      vertex -34.6345 -37.776 9
      vertex -34.6345 -32.224 9
      vertex -34.2753 -32.2954 9
    endloop
  endfacet
  facet normal 0 0 -1
    outer loop
      vertex -35 -37.8 9
      vertex -34.6345 -32.224 9
      vertex -34.6345 -37.776 9
    endloop
  endfacet
  facet normal 0 0 -1
    outer loop
      vertex -35 -37.8 9
      vertex -35 -32.2 9
      vertex -34.6345 -32.224 9
    endloop
  endfacet
  facet normal 0 0 -1
    outer loop
      vertex -35.3655 -37.776 9
      vertex -35 -32.2 9
      vertex -35 -37.8 9
    endloop
  endfacet
  facet normal 0 0 -1
    outer loop
      vertex -35.3655 -37.776 9
      vertex -35.3655 -32.224 9
      vertex -35 -32.2 9
    endloop
  endfacet
  facet normal 0 0 -1
    outer loop
      vertex -35.7247 -37.7046 9
      vertex -35.3655 -32.224 9
      vertex -35.3655 -37.776 9
    endloop
  endfacet
  facet normal 0 0 -1
    outer loop
      vertex -35.7247 -37.7046 9
      vertex -35.7247 -32.2954 9
      vertex -35.3655 -32.224 9
    endloop
  endfacet
  facet normal 0 0 -1
    outer loop
      vertex -36.0715 -37.5869 9
      vertex -35.7247 -32.2954 9
      vertex -35.7247 -37.7046 9
    endloop
  endfacet
  facet normal 0 0 -1
    outer loop
      vertex -36.0715 -37.5869 9
      vertex -36.0715 -32.4131 9
      vertex -35.7247 -32.2954 9
    endloop
  endfacet
  facet normal 0 0 -1
    outer loop
      vertex -36.4 -37.4249 9
      vertex -36.0715 -32.4131 9
      vertex -36.0715 -37.5869 9
    endloop
  endfacet
  facet normal 0 0 -1
    outer loop
      vertex -36.4 -37.4249 9
      vertex -36.4 -32.5751 9
      vertex -36.0715 -32.4131 9
    endloop
  endfacet
  facet normal 0 0 -1
    outer loop
      vertex -36.7045 -37.2214 9
      vertex -36.4 -32.5751 9
      vertex -36.4 -37.4249 9
    endloop
  endfacet
  facet normal 0 0 -1
    outer loop
      vertex -36.7045 -37.2214 9
      vertex -36.7045 -32.7786 9
      vertex -36.4 -32.5751 9
    endloop
  endfacet
  facet normal 0 0 -1
    outer loop
      vertex -36.9799 -36.9799 9
      vertex -36.7045 -32.7786 9
      vertex -36.7045 -37.2214 9
    endloop
  endfacet
  facet normal 0 0 -1
    outer loop
      vertex -36.9799 -36.9799 9
      vertex -36.9799 -33.0201 9
      vertex -36.7045 -32.7786 9
    endloop
  endfacet
  facet normal 0 0 -1
    outer loop
      vertex -37.2214 -36.7045 9
      vertex -36.9799 -33.0201 9
      vertex -36.9799 -36.9799 9
    endloop
  endfacet
  facet normal 0 0 -1
    outer loop
      vertex -37.2214 -36.7045 9
      vertex -37.2214 -33.2955 9
      vertex -36.9799 -33.0201 9
    endloop
  endfacet
  facet normal 0 0 -1
    outer loop
      vertex -37.4249 -36.4 9
      vertex -37.2214 -33.2955 9
      vertex -37.2214 -36.7045 9
    endloop
  endfacet
  facet normal 0 0 -1
    outer loop
      vertex -37.4249 -36.4 9
      vertex -37.4249 -33.6 9
      vertex -37.2214 -33.2955 9
    endloop
  endfacet
  facet normal 0 0 -1
    outer loop
      vertex -37.5869 -36.0715 9
      vertex -37.4249 -33.6 9
      vertex -37.4249 -36.4 9
    endloop
  endfacet
  facet normal 0 0 -1
    outer loop
      vertex -37.5869 -36.0715 9
      vertex -37.5869 -33.9285 9
      vertex -37.4249 -33.6 9
    endloop
  endfacet
  facet normal 0 0 -1
    outer loop
      vertex -37.7046 -35.7247 9
      vertex -37.5869 -33.9285 9
      vertex -37.5869 -36.0715 9
    endloop
  endfacet
  facet normal 0 0 -1
    outer loop
      vertex -37.7046 -35.7247 9
      vertex -37.7046 -34.2753 9
      vertex -37.5869 -33.9285 9
    endloop
  endfacet
  facet normal 0 0 -1
    outer loop
      vertex -37.776 -35.3655 9
      vertex -37.7046 -34.2753 9
      vertex -37.7046 -35.7247 9
    endloop
  endfacet
  facet normal 0 0 -1
    outer loop
      vertex -37.776 -35.3655 9
      vertex -37.776 -34.6345 9
      vertex -37.7046 -34.2753 9
    endloop
  endfacet
  facet normal 0 -0 -1
    outer loop
      vertex -37.776 -34.6345 9
      vertex -37.776 -35.3655 9
      vertex -37.8 -35 9
    endloop
  endfacet
  facet normal 0.442292 -0.896871 0
    outer loop
      vertex -36.4 -32.5751 0
      vertex -36.0715 -32.4131 9
      vertex -36.4 -32.5751 9
    endloop
  endfacet
  facet normal 0.442292 -0.896871 0
    outer loop
      vertex -36.0715 -32.4131 9
      vertex -36.4 -32.5751 0
      vertex -36.0715 -32.4131 0
    endloop
  endfacet
  facet normal 0.555645 -0.83142 0
    outer loop
      vertex -36.7045 -32.7786 0
      vertex -36.4 -32.5751 9
      vertex -36.7045 -32.7786 9
    endloop
  endfacet
  facet normal 0.555645 -0.83142 0
    outer loop
      vertex -36.4 -32.5751 9
      vertex -36.7045 -32.7786 0
      vertex -36.4 -32.5751 0
    endloop
  endfacet
  facet normal 0.0655224 -0.997851 0
    outer loop
      vertex -35.3655 -32.224 0
      vertex -35 -32.2 9
      vertex -35.3655 -32.224 9
    endloop
  endfacet
  facet normal 0.0655224 -0.997851 0
    outer loop
      vertex -35 -32.2 9
      vertex -35.3655 -32.224 0
      vertex -35 -32.2 0
    endloop
  endfacet
  facet normal -0.997851 0.0655224 0
    outer loop
      vertex -32.224 -35.3655 0
      vertex -32.2 -35 9
      vertex -32.2 -35 0
    endloop
  endfacet
  facet normal -0.997851 0.0655224 0
    outer loop
      vertex -32.2 -35 9
      vertex -32.224 -35.3655 0
      vertex -32.224 -35.3655 9
    endloop
  endfacet
  facet normal -0.946949 0.321384 0
    outer loop
      vertex -32.4131 -36.0715 0
      vertex -32.2954 -35.7247 9
      vertex -32.2954 -35.7247 0
    endloop
  endfacet
  facet normal -0.946949 0.321384 0
    outer loop
      vertex -32.2954 -35.7247 9
      vertex -32.4131 -36.0715 0
      vertex -32.4131 -36.0715 9
    endloop
  endfacet
  facet normal -0.980811 0.194961 0
    outer loop
      vertex -32.2954 -35.7247 0
      vertex -32.224 -35.3655 9
      vertex -32.224 -35.3655 0
    endloop
  endfacet
  facet normal -0.980811 0.194961 0
    outer loop
      vertex -32.224 -35.3655 9
      vertex -32.2954 -35.7247 0
      vertex -32.2954 -35.7247 9
    endloop
  endfacet
  facet normal 0.896871 0.442292 0
    outer loop
      vertex -37.4249 -36.4 9
      vertex -37.5869 -36.0715 0
      vertex -37.5869 -36.0715 9
    endloop
  endfacet
  facet normal 0.896871 0.442292 0
    outer loop
      vertex -37.5869 -36.0715 0
      vertex -37.4249 -36.4 9
      vertex -37.4249 -36.4 0
    endloop
  endfacet
  facet normal -0.555645 0.83142 0
    outer loop
      vertex -33.2955 -37.2214 0
      vertex -33.6 -37.4249 9
      vertex -33.2955 -37.2214 9
    endloop
  endfacet
  facet normal -0.555645 0.83142 0
    outer loop
      vertex -33.6 -37.4249 9
      vertex -33.2955 -37.2214 0
      vertex -33.6 -37.4249 0
    endloop
  endfacet
  facet normal -0.83142 0.555645 0
    outer loop
      vertex -32.7786 -36.7045 0
      vertex -32.5751 -36.4 9
      vertex -32.5751 -36.4 0
    endloop
  endfacet
  facet normal -0.83142 0.555645 0
    outer loop
      vertex -32.5751 -36.4 9
      vertex -32.7786 -36.7045 0
      vertex -32.7786 -36.7045 9
    endloop
  endfacet
  facet normal 0.946949 0.321384 0
    outer loop
      vertex -37.5869 -36.0715 9
      vertex -37.7046 -35.7247 0
      vertex -37.7046 -35.7247 9
    endloop
  endfacet
  facet normal 0.946949 0.321384 0
    outer loop
      vertex -37.7046 -35.7247 0
      vertex -37.5869 -36.0715 9
      vertex -37.5869 -36.0715 0
    endloop
  endfacet
  facet normal 0.997851 0.0655224 0
    outer loop
      vertex -37.776 -35.3655 9
      vertex -37.8 -35 0
      vertex -37.8 -35 9
    endloop
  endfacet
  facet normal 0.997851 0.0655224 0
    outer loop
      vertex -37.8 -35 0
      vertex -37.776 -35.3655 9
      vertex -37.776 -35.3655 0
    endloop
  endfacet
  facet normal -0.659316 0.751866 0
    outer loop
      vertex -33.0201 -36.9799 0
      vertex -33.2955 -37.2214 9
      vertex -33.0201 -36.9799 9
    endloop
  endfacet
  facet normal -0.659316 0.751866 0
    outer loop
      vertex -33.2955 -37.2214 9
      vertex -33.0201 -36.9799 0
      vertex -33.2955 -37.2214 0
    endloop
  endfacet
  facet normal -0.442292 0.896871 0
    outer loop
      vertex -33.6 -37.4249 0
      vertex -33.9285 -37.5869 9
      vertex -33.6 -37.4249 9
    endloop
  endfacet
  facet normal -0.442292 0.896871 0
    outer loop
      vertex -33.9285 -37.5869 9
      vertex -33.6 -37.4249 0
      vertex -33.9285 -37.5869 0
    endloop
  endfacet
  facet normal -0.321384 0.946949 0
    outer loop
      vertex -33.9285 -37.5869 0
      vertex -34.2753 -37.7046 9
      vertex -33.9285 -37.5869 9
    endloop
  endfacet
  facet normal -0.321384 0.946949 0
    outer loop
      vertex -34.2753 -37.7046 9
      vertex -33.9285 -37.5869 0
      vertex -34.2753 -37.7046 0
    endloop
  endfacet
  facet normal -0.194961 0.980811 0
    outer loop
      vertex -34.2753 -37.7046 0
      vertex -34.6345 -37.776 9
      vertex -34.2753 -37.7046 9
    endloop
  endfacet
  facet normal -0.194961 0.980811 0
    outer loop
      vertex -34.6345 -37.776 9
      vertex -34.2753 -37.7046 0
      vertex -34.6345 -37.776 0
    endloop
  endfacet
  facet normal -0.896871 0.442292 0
    outer loop
      vertex -32.5751 -36.4 0
      vertex -32.4131 -36.0715 9
      vertex -32.4131 -36.0715 0
    endloop
  endfacet
  facet normal -0.896871 0.442292 0
    outer loop
      vertex -32.4131 -36.0715 9
      vertex -32.5751 -36.4 0
      vertex -32.5751 -36.4 9
    endloop
  endfacet
  facet normal 0.321384 0.946949 -0
    outer loop
      vertex -35.7247 -37.7046 0
      vertex -36.0715 -37.5869 9
      vertex -35.7247 -37.7046 9
    endloop
  endfacet
  facet normal 0.321384 0.946949 0
    outer loop
      vertex -36.0715 -37.5869 9
      vertex -35.7247 -37.7046 0
      vertex -36.0715 -37.5869 0
    endloop
  endfacet
  facet normal 0.194961 0.980811 -0
    outer loop
      vertex -35.3655 -37.776 0
      vertex -35.7247 -37.7046 9
      vertex -35.3655 -37.776 9
    endloop
  endfacet
  facet normal 0.194961 0.980811 0
    outer loop
      vertex -35.7247 -37.7046 9
      vertex -35.3655 -37.776 0
      vertex -35.7247 -37.7046 0
    endloop
  endfacet
  facet normal 0.751866 0.659316 0
    outer loop
      vertex -36.9799 -36.9799 9
      vertex -37.2214 -36.7045 0
      vertex -37.2214 -36.7045 9
    endloop
  endfacet
  facet normal 0.751866 0.659316 0
    outer loop
      vertex -37.2214 -36.7045 0
      vertex -36.9799 -36.9799 9
      vertex -36.9799 -36.9799 0
    endloop
  endfacet
  facet normal 0.659316 0.751866 -0
    outer loop
      vertex -36.7045 -37.2214 0
      vertex -36.9799 -36.9799 9
      vertex -36.7045 -37.2214 9
    endloop
  endfacet
  facet normal 0.659316 0.751866 0
    outer loop
      vertex -36.9799 -36.9799 9
      vertex -36.7045 -37.2214 0
      vertex -36.9799 -36.9799 0
    endloop
  endfacet
  facet normal 0.980811 0.194961 0
    outer loop
      vertex -37.7046 -35.7247 9
      vertex -37.776 -35.3655 0
      vertex -37.776 -35.3655 9
    endloop
  endfacet
  facet normal 0.980811 0.194961 0
    outer loop
      vertex -37.776 -35.3655 0
      vertex -37.7046 -35.7247 9
      vertex -37.7046 -35.7247 0
    endloop
  endfacet
  facet normal 0.555645 0.83142 -0
    outer loop
      vertex -36.4 -37.4249 0
      vertex -36.7045 -37.2214 9
      vertex -36.4 -37.4249 9
    endloop
  endfacet
  facet normal 0.555645 0.83142 0
    outer loop
      vertex -36.7045 -37.2214 9
      vertex -36.4 -37.4249 0
      vertex -36.7045 -37.2214 0
    endloop
  endfacet
  facet normal 0.0655224 0.997851 -0
    outer loop
      vertex -35 -37.8 0
      vertex -35.3655 -37.776 9
      vertex -35 -37.8 9
    endloop
  endfacet
  facet normal 0.0655224 0.997851 0
    outer loop
      vertex -35.3655 -37.776 9
      vertex -35 -37.8 0
      vertex -35.3655 -37.776 0
    endloop
  endfacet
  facet normal 0.83142 0.555645 0
    outer loop
      vertex -37.2214 -36.7045 9
      vertex -37.4249 -36.4 0
      vertex -37.4249 -36.4 9
    endloop
  endfacet
  facet normal 0.83142 0.555645 0
    outer loop
      vertex -37.4249 -36.4 0
      vertex -37.2214 -36.7045 9
      vertex -37.2214 -36.7045 0
    endloop
  endfacet
  facet normal 0.442292 0.896871 -0
    outer loop
      vertex -36.0715 -37.5869 0
      vertex -36.4 -37.4249 9
      vertex -36.0715 -37.5869 9
    endloop
  endfacet
  facet normal 0.442292 0.896871 0
    outer loop
      vertex -36.4 -37.4249 9
      vertex -36.0715 -37.5869 0
      vertex -36.4 -37.4249 0
    endloop
  endfacet
  facet normal -0.321407 0.946941 0
    outer loop
      vertex 26.9134 -24.6194 0
      vertex 26.2941 -24.8296 7
      vertex 26.9134 -24.6194 7
    endloop
  endfacet
  facet normal -0.321407 0.946941 0
    outer loop
      vertex 26.2941 -24.8296 7
      vertex 26.9134 -24.6194 0
      vertex 26.2941 -24.8296 0
    endloop
  endfacet
  facet normal -0.195087 0.980786 0
    outer loop
      vertex 26.2941 -24.8296 0
      vertex 25.6526 -24.9572 7
      vertex 26.2941 -24.8296 7
    endloop
  endfacet
  facet normal -0.195087 0.980786 0
    outer loop
      vertex 25.6526 -24.9572 7
      vertex 26.2941 -24.8296 0
      vertex 25.6526 -24.9572 0
    endloop
  endfacet
  facet normal 1 -0 0
    outer loop
      vertex -30 -20 7
      vertex -30 20 0
      vertex -30 20 7
    endloop
  endfacet
  facet normal 1 0 0
    outer loop
      vertex -30 20 0
      vertex -30 -20 7
      vertex -30 -20 0
    endloop
  endfacet
  facet normal -0.0654432 0.997856 0
    outer loop
      vertex 25.6526 -24.9572 0
      vertex 25 -25 7
      vertex 25.6526 -24.9572 7
    endloop
  endfacet
  facet normal -0.0654432 0.997856 0
    outer loop
      vertex 25 -25 7
      vertex 25.6526 -24.9572 0
      vertex 25 -25 0
    endloop
  endfacet
  facet normal -0.659424 -0.751771 0
    outer loop
      vertex 28.0438 23.9668 0
      vertex 28.5355 23.5355 7
      vertex 28.0438 23.9668 7
    endloop
  endfacet
  facet normal -0.659424 -0.751771 -0
    outer loop
      vertex 28.5355 23.5355 7
      vertex 28.0438 23.9668 0
      vertex 28.5355 23.5355 0
    endloop
  endfacet
  facet normal 0.946941 -0.321407 0
    outer loop
      vertex -29.8296 21.2941 7
      vertex -29.6194 21.9134 0
      vertex -29.6194 21.9134 7
    endloop
  endfacet
  facet normal 0.946941 -0.321407 0
    outer loop
      vertex -29.6194 21.9134 0
      vertex -29.8296 21.2941 7
      vertex -29.8296 21.2941 0
    endloop
  endfacet
  facet normal 0 1 -0
    outer loop
      vertex 25 -25 0
      vertex -25 -25 7
      vertex 25 -25 7
    endloop
  endfacet
  facet normal 0 1 0
    outer loop
      vertex -25 -25 7
      vertex 25 -25 0
      vertex -25 -25 0
    endloop
  endfacet
  facet normal 0.0654432 -0.997856 0
    outer loop
      vertex -25.6526 24.9572 0
      vertex -25 25 7
      vertex -25.6526 24.9572 7
    endloop
  endfacet
  facet normal 0.0654432 -0.997856 0
    outer loop
      vertex -25 25 7
      vertex -25.6526 24.9572 0
      vertex -25 25 0
    endloop
  endfacet
  facet normal -1 0 0
    outer loop
      vertex 30 -20 0
      vertex 30 20 7
      vertex 30 20 0
    endloop
  endfacet
  facet normal -1 -0 0
    outer loop
      vertex 30 20 7
      vertex 30 -20 0
      vertex 30 -20 7
    endloop
  endfacet
  facet normal 0 0 -1
    outer loop
      vertex 25 -25 7
      vertex 30 -20 7
      vertex 29.9572 -20.6526 7
    endloop
  endfacet
  facet normal -0 0 -1
    outer loop
      vertex 30 -20 7
      vertex 25 -25 7
      vertex 30 20 7
    endloop
  endfacet
  facet normal 0 0 -1
    outer loop
      vertex 25 -25 7
      vertex 29.9572 -20.6526 7
      vertex 29.8296 -21.2941 7
    endloop
  endfacet
  facet normal 0 0 -1
    outer loop
      vertex 25 25 7
      vertex 30 20 7
      vertex 25 -25 7
    endloop
  endfacet
  facet normal 0 0 -1
    outer loop
      vertex 25 -25 7
      vertex 29.8296 -21.2941 7
      vertex 29.6194 -21.9134 7
    endloop
  endfacet
  facet normal 0 0 -1
    outer loop
      vertex 30 20 7
      vertex 25 25 7
      vertex 29.9572 20.6526 7
    endloop
  endfacet
  facet normal 0 0 -1
    outer loop
      vertex 25 -25 7
      vertex 29.6194 -21.9134 7
      vertex 29.3301 -22.5 7
    endloop
  endfacet
  facet normal 0 0 -1
    outer loop
      vertex 29.9572 20.6526 7
      vertex 25 25 7
      vertex 29.8296 21.2941 7
    endloop
  endfacet
  facet normal 0 0 -1
    outer loop
      vertex 25 -25 7
      vertex 29.3301 -22.5 7
      vertex 28.9668 -23.0438 7
    endloop
  endfacet
  facet normal 0 0 -1
    outer loop
      vertex 29.8296 21.2941 7
      vertex 25 25 7
      vertex 29.6194 21.9134 7
    endloop
  endfacet
  facet normal 0 0 -1
    outer loop
      vertex 25 -25 7
      vertex 28.9668 -23.0438 7
      vertex 28.5355 -23.5355 7
    endloop
  endfacet
  facet normal 0 0 -1
    outer loop
      vertex 29.6194 21.9134 7
      vertex 25 25 7
      vertex 29.3301 22.5 7
    endloop
  endfacet
  facet normal 0 0 -1
    outer loop
      vertex 25 -25 7
      vertex 28.5355 -23.5355 7
      vertex 28.0438 -23.9668 7
    endloop
  endfacet
  facet normal 0 0 -1
    outer loop
      vertex 29.3301 22.5 7
      vertex 25 25 7
      vertex 28.9668 23.0438 7
    endloop
  endfacet
  facet normal 0 0 -1
    outer loop
      vertex 25 -25 7
      vertex 28.0438 -23.9668 7
      vertex 27.5 -24.3301 7
    endloop
  endfacet
  facet normal 0 0 -1
    outer loop
      vertex 28.9668 23.0438 7
      vertex 25 25 7
      vertex 28.5355 23.5355 7
    endloop
  endfacet
  facet normal 0 0 -1
    outer loop
      vertex 25 -25 7
      vertex 27.5 -24.3301 7
      vertex 26.9134 -24.6194 7
    endloop
  endfacet
  facet normal 0 0 -1
    outer loop
      vertex 28.5355 23.5355 7
      vertex 25 25 7
      vertex 28.0438 23.9668 7
    endloop
  endfacet
  facet normal 0 0 -1
    outer loop
      vertex 25 -25 7
      vertex 26.9134 -24.6194 7
      vertex 26.2941 -24.8296 7
    endloop
  endfacet
  facet normal 0 0 -1
    outer loop
      vertex 28.0438 23.9668 7
      vertex 25 25 7
      vertex 27.5 24.3301 7
    endloop
  endfacet
  facet normal 0 0 -1
    outer loop
      vertex 25 -25 7
      vertex 26.2941 -24.8296 7
      vertex 25.6526 -24.9572 7
    endloop
  endfacet
  facet normal 0 0 -1
    outer loop
      vertex 27.5 24.3301 7
      vertex 25 25 7
      vertex 26.9134 24.6194 7
    endloop
  endfacet
  facet normal 0 0 -1
    outer loop
      vertex 26.9134 24.6194 7
      vertex 25 25 7
      vertex 26.2941 24.8296 7
    endloop
  endfacet
  facet normal 0 0 -1
    outer loop
      vertex 26.2941 24.8296 7
      vertex 25 25 7
      vertex 25.6526 24.9572 7
    endloop
  endfacet
  facet normal 0 0 -1
    outer loop
      vertex -25 -25 7
      vertex 25 25 7
      vertex 25 -25 7
    endloop
  endfacet
  facet normal 0 0 -1
    outer loop
      vertex -25 -25 7
      vertex -25 25 7
      vertex 25 25 7
    endloop
  endfacet
  facet normal 0 0 -1
    outer loop
      vertex -30 -20 7
      vertex -25 -25 7
      vertex -25.6526 -24.9572 7
    endloop
  endfacet
  facet normal 0 0 -1
    outer loop
      vertex -25 -25 7
      vertex -30 -20 7
      vertex -25 25 7
    endloop
  endfacet
  facet normal 0 0 -1
    outer loop
      vertex -30 -20 7
      vertex -25.6526 -24.9572 7
      vertex -26.2941 -24.8296 7
    endloop
  endfacet
  facet normal 0 0 -1
    outer loop
      vertex -30 20 7
      vertex -25 25 7
      vertex -30 -20 7
    endloop
  endfacet
  facet normal 0 0 -1
    outer loop
      vertex -30 -20 7
      vertex -26.2941 -24.8296 7
      vertex -26.9134 -24.6194 7
    endloop
  endfacet
  facet normal 0 0 -1
    outer loop
      vertex -25 25 7
      vertex -30 20 7
      vertex -25.6526 24.9572 7
    endloop
  endfacet
  facet normal 0 0 -1
    outer loop
      vertex -30 -20 7
      vertex -26.9134 -24.6194 7
      vertex -27.5 -24.3301 7
    endloop
  endfacet
  facet normal 0 0 -1
    outer loop
      vertex -25.6526 24.9572 7
      vertex -30 20 7
      vertex -26.2941 24.8296 7
    endloop
  endfacet
  facet normal 0 0 -1
    outer loop
      vertex -30 -20 7
      vertex -27.5 -24.3301 7
      vertex -28.0438 -23.9668 7
    endloop
  endfacet
  facet normal 0 0 -1
    outer loop
      vertex -26.2941 24.8296 7
      vertex -30 20 7
      vertex -26.9134 24.6194 7
    endloop
  endfacet
  facet normal 0 0 -1
    outer loop
      vertex -30 -20 7
      vertex -28.0438 -23.9668 7
      vertex -28.5355 -23.5355 7
    endloop
  endfacet
  facet normal 0 0 -1
    outer loop
      vertex -26.9134 24.6194 7
      vertex -30 20 7
      vertex -27.5 24.3301 7
    endloop
  endfacet
  facet normal 0 0 -1
    outer loop
      vertex -30 -20 7
      vertex -28.5355 -23.5355 7
      vertex -28.9668 -23.0438 7
    endloop
  endfacet
  facet normal 0 0 -1
    outer loop
      vertex -27.5 24.3301 7
      vertex -30 20 7
      vertex -28.0438 23.9668 7
    endloop
  endfacet
  facet normal 0 0 -1
    outer loop
      vertex -30 -20 7
      vertex -28.9668 -23.0438 7
      vertex -29.3301 -22.5 7
    endloop
  endfacet
  facet normal 0 0 -1
    outer loop
      vertex -28.0438 23.9668 7
      vertex -30 20 7
      vertex -28.5355 23.5355 7
    endloop
  endfacet
  facet normal 0 0 -1
    outer loop
      vertex -30 -20 7
      vertex -29.3301 -22.5 7
      vertex -29.6194 -21.9134 7
    endloop
  endfacet
  facet normal 0 0 -1
    outer loop
      vertex -28.5355 23.5355 7
      vertex -30 20 7
      vertex -28.9668 23.0438 7
    endloop
  endfacet
  facet normal 0 0 -1
    outer loop
      vertex -30 -20 7
      vertex -29.6194 -21.9134 7
      vertex -29.8296 -21.2941 7
    endloop
  endfacet
  facet normal 0 0 -1
    outer loop
      vertex -28.9668 23.0438 7
      vertex -30 20 7
      vertex -29.3301 22.5 7
    endloop
  endfacet
  facet normal 0 0 -1
    outer loop
      vertex -30 -20 7
      vertex -29.8296 -21.2941 7
      vertex -29.9572 -20.6526 7
    endloop
  endfacet
  facet normal 0 0 -1
    outer loop
      vertex -29.3301 22.5 7
      vertex -30 20 7
      vertex -29.6194 21.9134 7
    endloop
  endfacet
  facet normal 0 0 -1
    outer loop
      vertex -29.6194 21.9134 7
      vertex -30 20 7
      vertex -29.8296 21.2941 7
    endloop
  endfacet
  facet normal 0 0 -1
    outer loop
      vertex -29.8296 21.2941 7
      vertex -30 20 7
      vertex -29.9572 20.6526 7
    endloop
  endfacet
  facet normal 0.659424 0.751771 -0
    outer loop
      vertex -28.0438 -23.9668 0
      vertex -28.5355 -23.5355 7
      vertex -28.0438 -23.9668 7
    endloop
  endfacet
  facet normal 0.659424 0.751771 0
    outer loop
      vertex -28.5355 -23.5355 7
      vertex -28.0438 -23.9668 0
      vertex -28.5355 -23.5355 0
    endloop
  endfacet
  facet normal 0.321407 0.946941 -0
    outer loop
      vertex -26.2941 -24.8296 0
      vertex -26.9134 -24.6194 7
      vertex -26.2941 -24.8296 7
    endloop
  endfacet
  facet normal 0.321407 0.946941 0
    outer loop
      vertex -26.9134 -24.6194 7
      vertex -26.2941 -24.8296 0
      vertex -26.9134 -24.6194 0
    endloop
  endfacet
  facet normal 0.195087 -0.980786 0
    outer loop
      vertex -26.2941 24.8296 0
      vertex -25.6526 24.9572 7
      vertex -26.2941 24.8296 7
    endloop
  endfacet
  facet normal 0.195087 -0.980786 0
    outer loop
      vertex -25.6526 24.9572 7
      vertex -26.2941 24.8296 0
      vertex -25.6526 24.9572 0
    endloop
  endfacet
  facet normal -0.442314 -0.89686 0
    outer loop
      vertex 26.9134 24.6194 0
      vertex 27.5 24.3301 7
      vertex 26.9134 24.6194 7
    endloop
  endfacet
  facet normal -0.442314 -0.89686 -0
    outer loop
      vertex 27.5 24.3301 7
      vertex 26.9134 24.6194 0
      vertex 27.5 24.3301 0
    endloop
  endfacet
  facet normal -0.321407 -0.946941 0
    outer loop
      vertex 26.2941 24.8296 0
      vertex 26.9134 24.6194 7
      vertex 26.2941 24.8296 7
    endloop
  endfacet
  facet normal -0.321407 -0.946941 -0
    outer loop
      vertex 26.9134 24.6194 7
      vertex 26.2941 24.8296 0
      vertex 26.9134 24.6194 0
    endloop
  endfacet
  facet normal 0 -1 0
    outer loop
      vertex -25 25 0
      vertex 25 25 7
      vertex -25 25 7
    endloop
  endfacet
  facet normal 0 -1 -0
    outer loop
      vertex 25 25 7
      vertex -25 25 0
      vertex 25 25 0
    endloop
  endfacet
  facet normal 0.659424 -0.751771 0
    outer loop
      vertex -28.5355 23.5355 0
      vertex -28.0438 23.9668 7
      vertex -28.5355 23.5355 7
    endloop
  endfacet
  facet normal 0.659424 -0.751771 0
    outer loop
      vertex -28.0438 23.9668 7
      vertex -28.5355 23.5355 0
      vertex -28.0438 23.9668 0
    endloop
  endfacet
  facet normal 0.321407 -0.946941 0
    outer loop
      vertex -26.9134 24.6194 0
      vertex -26.2941 24.8296 7
      vertex -26.9134 24.6194 7
    endloop
  endfacet
  facet normal 0.321407 -0.946941 0
    outer loop
      vertex -26.2941 24.8296 7
      vertex -26.9134 24.6194 0
      vertex -26.2941 24.8296 0
    endloop
  endfacet
  facet normal 0.997856 -0.0654432 0
    outer loop
      vertex -30 20 7
      vertex -29.9572 20.6526 0
      vertex -29.9572 20.6526 7
    endloop
  endfacet
  facet normal 0.997856 -0.0654432 0
    outer loop
      vertex -29.9572 20.6526 0
      vertex -30 20 7
      vertex -30 20 0
    endloop
  endfacet
  facet normal 0.555512 0.831509 -0
    outer loop
      vertex -27.5 -24.3301 0
      vertex -28.0438 -23.9668 7
      vertex -27.5 -24.3301 7
    endloop
  endfacet
  facet normal 0.555512 0.831509 0
    outer loop
      vertex -28.0438 -23.9668 7
      vertex -27.5 -24.3301 0
      vertex -28.0438 -23.9668 0
    endloop
  endfacet
  facet normal 0.195087 0.980786 -0
    outer loop
      vertex -25.6526 -24.9572 0
      vertex -26.2941 -24.8296 7
      vertex -25.6526 -24.9572 7
    endloop
  endfacet
  facet normal 0.195087 0.980786 0
    outer loop
      vertex -26.2941 -24.8296 7
      vertex -25.6526 -24.9572 0
      vertex -26.2941 -24.8296 0
    endloop
  endfacet
  facet normal -0.555512 -0.831509 0
    outer loop
      vertex 27.5 24.3301 0
      vertex 28.0438 23.9668 7
      vertex 27.5 24.3301 7
    endloop
  endfacet
  facet normal -0.555512 -0.831509 -0
    outer loop
      vertex 28.0438 23.9668 7
      vertex 27.5 24.3301 0
      vertex 28.0438 23.9668 0
    endloop
  endfacet
  facet normal -0.0654432 -0.997856 0
    outer loop
      vertex 25 25 0
      vertex 25.6526 24.9572 7
      vertex 25 25 7
    endloop
  endfacet
  facet normal -0.0654432 -0.997856 -0
    outer loop
      vertex 25.6526 24.9572 7
      vertex 25 25 0
      vertex 25.6526 24.9572 0
    endloop
  endfacet
  facet normal -0.195087 -0.980786 0
    outer loop
      vertex 25.6526 24.9572 0
      vertex 26.2941 24.8296 7
      vertex 25.6526 24.9572 7
    endloop
  endfacet
  facet normal -0.195087 -0.980786 -0
    outer loop
      vertex 26.2941 24.8296 7
      vertex 25.6526 24.9572 0
      vertex 26.2941 24.8296 0
    endloop
  endfacet
  facet normal -0.980786 0.195087 0
    outer loop
      vertex 29.8296 -21.2941 0
      vertex 29.9572 -20.6526 7
      vertex 29.9572 -20.6526 0
    endloop
  endfacet
  facet normal -0.980786 0.195087 0
    outer loop
      vertex 29.9572 -20.6526 7
      vertex 29.8296 -21.2941 0
      vertex 29.8296 -21.2941 7
    endloop
  endfacet
  facet normal -0.659424 0.751771 0
    outer loop
      vertex 28.5355 -23.5355 0
      vertex 28.0438 -23.9668 7
      vertex 28.5355 -23.5355 7
    endloop
  endfacet
  facet normal -0.659424 0.751771 0
    outer loop
      vertex 28.0438 -23.9668 7
      vertex 28.5355 -23.5355 0
      vertex 28.0438 -23.9668 0
    endloop
  endfacet
  facet normal -0.442314 0.89686 0
    outer loop
      vertex 27.5 -24.3301 0
      vertex 26.9134 -24.6194 7
      vertex 27.5 -24.3301 7
    endloop
  endfacet
  facet normal -0.442314 0.89686 0
    outer loop
      vertex 26.9134 -24.6194 7
      vertex 27.5 -24.3301 0
      vertex 26.9134 -24.6194 0
    endloop
  endfacet
  facet normal -0.946941 -0.321407 0
    outer loop
      vertex 29.8296 21.2941 0
      vertex 29.6194 21.9134 7
      vertex 29.6194 21.9134 0
    endloop
  endfacet
  facet normal -0.946941 -0.321407 0
    outer loop
      vertex 29.6194 21.9134 7
      vertex 29.8296 21.2941 0
      vertex 29.8296 21.2941 7
    endloop
  endfacet
  facet normal -0.980786 -0.195087 0
    outer loop
      vertex 29.9572 20.6526 0
      vertex 29.8296 21.2941 7
      vertex 29.8296 21.2941 0
    endloop
  endfacet
  facet normal -0.980786 -0.195087 0
    outer loop
      vertex 29.8296 21.2941 7
      vertex 29.9572 20.6526 0
      vertex 29.9572 20.6526 7
    endloop
  endfacet
  facet normal -0.751771 -0.659424 0
    outer loop
      vertex 28.9668 23.0438 0
      vertex 28.5355 23.5355 7
      vertex 28.5355 23.5355 0
    endloop
  endfacet
  facet normal -0.751771 -0.659424 0
    outer loop
      vertex 28.5355 23.5355 7
      vertex 28.9668 23.0438 0
      vertex 28.9668 23.0438 7
    endloop
  endfacet
  facet normal 0.751771 -0.659424 0
    outer loop
      vertex -28.9668 23.0438 7
      vertex -28.5355 23.5355 0
      vertex -28.5355 23.5355 7
    endloop
  endfacet
  facet normal 0.751771 -0.659424 0
    outer loop
      vertex -28.5355 23.5355 0
      vertex -28.9668 23.0438 7
      vertex -28.9668 23.0438 0
    endloop
  endfacet
  facet normal 0.980786 -0.195087 0
    outer loop
      vertex -29.9572 20.6526 7
      vertex -29.8296 21.2941 0
      vertex -29.8296 21.2941 7
    endloop
  endfacet
  facet normal 0.980786 -0.195087 0
    outer loop
      vertex -29.8296 21.2941 0
      vertex -29.9572 20.6526 7
      vertex -29.9572 20.6526 0
    endloop
  endfacet
  facet normal 0.997856 0.0654432 0
    outer loop
      vertex -29.9572 -20.6526 7
      vertex -30 -20 0
      vertex -30 -20 7
    endloop
  endfacet
  facet normal 0.997856 0.0654432 0
    outer loop
      vertex -30 -20 0
      vertex -29.9572 -20.6526 7
      vertex -29.9572 -20.6526 0
    endloop
  endfacet
  facet normal 0.89686 0.442314 0
    outer loop
      vertex -29.3301 -22.5 7
      vertex -29.6194 -21.9134 0
      vertex -29.6194 -21.9134 7
    endloop
  endfacet
  facet normal 0.89686 0.442314 0
    outer loop
      vertex -29.6194 -21.9134 0
      vertex -29.3301 -22.5 7
      vertex -29.3301 -22.5 0
    endloop
  endfacet
  facet normal 0.751771 0.659424 0
    outer loop
      vertex -28.5355 -23.5355 7
      vertex -28.9668 -23.0438 0
      vertex -28.9668 -23.0438 7
    endloop
  endfacet
  facet normal 0.751771 0.659424 0
    outer loop
      vertex -28.9668 -23.0438 0
      vertex -28.5355 -23.5355 7
      vertex -28.5355 -23.5355 0
    endloop
  endfacet
  facet normal 0.946941 0.321407 0
    outer loop
      vertex -29.6194 -21.9134 7
      vertex -29.8296 -21.2941 0
      vertex -29.8296 -21.2941 7
    endloop
  endfacet
  facet normal 0.946941 0.321407 0
    outer loop
      vertex -29.8296 -21.2941 0
      vertex -29.6194 -21.9134 7
      vertex -29.6194 -21.9134 0
    endloop
  endfacet
  facet normal 0.442314 0.89686 -0
    outer loop
      vertex -26.9134 -24.6194 0
      vertex -27.5 -24.3301 7
      vertex -26.9134 -24.6194 7
    endloop
  endfacet
  facet normal 0.442314 0.89686 0
    outer loop
      vertex -27.5 -24.3301 7
      vertex -26.9134 -24.6194 0
      vertex -27.5 -24.3301 0
    endloop
  endfacet
  facet normal 0.0654432 0.997856 -0
    outer loop
      vertex -25 -25 0
      vertex -25.6526 -24.9572 7
      vertex -25 -25 7
    endloop
  endfacet
  facet normal 0.0654432 0.997856 0
    outer loop
      vertex -25.6526 -24.9572 7
      vertex -25 -25 0
      vertex -25.6526 -24.9572 0
    endloop
  endfacet
  facet normal -0.831509 0.555512 0
    outer loop
      vertex 28.9668 -23.0438 0
      vertex 29.3301 -22.5 7
      vertex 29.3301 -22.5 0
    endloop
  endfacet
  facet normal -0.831509 0.555512 0
    outer loop
      vertex 29.3301 -22.5 7
      vertex 28.9668 -23.0438 0
      vertex 28.9668 -23.0438 7
    endloop
  endfacet
  facet normal -0.946941 0.321407 0
    outer loop
      vertex 29.6194 -21.9134 0
      vertex 29.8296 -21.2941 7
      vertex 29.8296 -21.2941 0
    endloop
  endfacet
  facet normal -0.946941 0.321407 0
    outer loop
      vertex 29.8296 -21.2941 7
      vertex 29.6194 -21.9134 0
      vertex 29.6194 -21.9134 7
    endloop
  endfacet
  facet normal -0.997856 0.0654432 0
    outer loop
      vertex 29.9572 -20.6526 0
      vertex 30 -20 7
      vertex 30 -20 0
    endloop
  endfacet
  facet normal -0.997856 0.0654432 0
    outer loop
      vertex 30 -20 7
      vertex 29.9572 -20.6526 0
      vertex 29.9572 -20.6526 7
    endloop
  endfacet
  facet normal -0.751771 0.659424 0
    outer loop
      vertex 28.5355 -23.5355 0
      vertex 28.9668 -23.0438 7
      vertex 28.9668 -23.0438 0
    endloop
  endfacet
  facet normal -0.751771 0.659424 0
    outer loop
      vertex 28.9668 -23.0438 7
      vertex 28.5355 -23.5355 0
      vertex 28.5355 -23.5355 7
    endloop
  endfacet
  facet normal -0.555512 0.831509 0
    outer loop
      vertex 28.0438 -23.9668 0
      vertex 27.5 -24.3301 7
      vertex 28.0438 -23.9668 7
    endloop
  endfacet
  facet normal -0.555512 0.831509 0
    outer loop
      vertex 27.5 -24.3301 7
      vertex 28.0438 -23.9668 0
      vertex 27.5 -24.3301 0
    endloop
  endfacet
  facet normal -0.997856 -0.0654432 0
    outer loop
      vertex 30 20 0
      vertex 29.9572 20.6526 7
      vertex 29.9572 20.6526 0
    endloop
  endfacet
  facet normal -0.997856 -0.0654432 0
    outer loop
      vertex 29.9572 20.6526 7
      vertex 30 20 0
      vertex 30 20 7
    endloop
  endfacet
  facet normal -0.89686 -0.442314 0
    outer loop
      vertex 29.6194 21.9134 0
      vertex 29.3301 22.5 7
      vertex 29.3301 22.5 0
    endloop
  endfacet
  facet normal -0.89686 -0.442314 0
    outer loop
      vertex 29.3301 22.5 7
      vertex 29.6194 21.9134 0
      vertex 29.6194 21.9134 7
    endloop
  endfacet
  facet normal -0.831509 -0.555512 0
    outer loop
      vertex 29.3301 22.5 0
      vertex 28.9668 23.0438 7
      vertex 28.9668 23.0438 0
    endloop
  endfacet
  facet normal -0.831509 -0.555512 0
    outer loop
      vertex 28.9668 23.0438 7
      vertex 29.3301 22.5 0
      vertex 29.3301 22.5 7
    endloop
  endfacet
  facet normal 0.555512 -0.831509 0
    outer loop
      vertex -28.0438 23.9668 0
      vertex -27.5 24.3301 7
      vertex -28.0438 23.9668 7
    endloop
  endfacet
  facet normal 0.555512 -0.831509 0
    outer loop
      vertex -27.5 24.3301 7
      vertex -28.0438 23.9668 0
      vertex -27.5 24.3301 0
    endloop
  endfacet
  facet normal 0.831509 -0.555512 0
    outer loop
      vertex -29.3301 22.5 7
      vertex -28.9668 23.0438 0
      vertex -28.9668 23.0438 7
    endloop
  endfacet
  facet normal 0.831509 -0.555512 0
    outer loop
      vertex -28.9668 23.0438 0
      vertex -29.3301 22.5 7
      vertex -29.3301 22.5 0
    endloop
  endfacet
  facet normal 0.89686 -0.442314 0
    outer loop
      vertex -29.6194 21.9134 7
      vertex -29.3301 22.5 0
      vertex -29.3301 22.5 7
    endloop
  endfacet
  facet normal 0.89686 -0.442314 0
    outer loop
      vertex -29.3301 22.5 0
      vertex -29.6194 21.9134 7
      vertex -29.6194 21.9134 0
    endloop
  endfacet
  facet normal 0.831509 0.555512 0
    outer loop
      vertex -28.9668 -23.0438 7
      vertex -29.3301 -22.5 0
      vertex -29.3301 -22.5 7
    endloop
  endfacet
  facet normal 0.831509 0.555512 0
    outer loop
      vertex -29.3301 -22.5 0
      vertex -28.9668 -23.0438 7
      vertex -28.9668 -23.0438 0
    endloop
  endfacet
  facet normal 0.980786 0.195087 0
    outer loop
      vertex -29.8296 -21.2941 7
      vertex -29.9572 -20.6526 0
      vertex -29.9572 -20.6526 7
    endloop
  endfacet
  facet normal 0.980786 0.195087 0
    outer loop
      vertex -29.9572 -20.6526 0
      vertex -29.8296 -21.2941 7
      vertex -29.8296 -21.2941 0
    endloop
  endfacet
  facet normal -0.89686 0.442314 0
    outer loop
      vertex 29.3301 -22.5 0
      vertex 29.6194 -21.9134 7
      vertex 29.6194 -21.9134 0
    endloop
  endfacet
  facet normal -0.89686 0.442314 0
    outer loop
      vertex 29.6194 -21.9134 7
      vertex 29.3301 -22.5 0
      vertex 29.3301 -22.5 7
    endloop
  endfacet
  facet normal 0.442314 -0.89686 0
    outer loop
      vertex -27.5 24.3301 0
      vertex -26.9134 24.6194 7
      vertex -27.5 24.3301 7
    endloop
  endfacet
  facet normal 0.442314 -0.89686 0
    outer loop
      vertex -26.9134 24.6194 7
      vertex -27.5 24.3301 0
      vertex -26.9134 24.6194 0
    endloop
  endfacet
endsolid OpenSCAD_Model
